ISO-10303-21;
HEADER;
FILE_DESCRIPTION(('FreeCAD Model'),'2;1');
FILE_NAME('Open CASCADE Shape Model','2026-04-24T23:39:17',(''),(''),
  'Open CASCADE STEP processor 7.8','FreeCAD','Unknown');
FILE_SCHEMA(('AUTOMOTIVE_DESIGN { 1 0 10303 214 1 1 1 1 }'));
ENDSEC;
DATA;
#1 = APPLICATION_PROTOCOL_DEFINITION('international standard',
  'automotive_design',2000,#2);
#2 = APPLICATION_CONTEXT(
  'core data for automotive mechanical design processes');
#3 = SHAPE_DEFINITION_REPRESENTATION(#4,#10);
#4 = PRODUCT_DEFINITION_SHAPE('','',#5);
#5 = PRODUCT_DEFINITION('design','',#6,#9);
#6 = PRODUCT_DEFINITION_FORMATION('','',#7);
#7 = PRODUCT('SOLID','SOLID','',(#8));
#8 = PRODUCT_CONTEXT('',#2,'mechanical');
#9 = PRODUCT_DEFINITION_CONTEXT('part definition',#2,'design');
#10 = ADVANCED_BREP_SHAPE_REPRESENTATION('',(#11,#15),#15339);
#11 = AXIS2_PLACEMENT_3D('',#12,#13,#14);
#12 = CARTESIAN_POINT('',(0.,0.,0.));
#13 = DIRECTION('',(0.,0.,1.));
#14 = DIRECTION('',(1.,0.,-0.));
#15 = MANIFOLD_SOLID_BREP('',#16);
#16 = CLOSED_SHELL('',(#17,#63,#100,#137,#169,#215,#252,#289,#326,#354,
    #400,#437,#474,#502,#548,#585,#622,#650,#696,#733,#770,#815,#852,
    #889,#926,#954,#1000,#1031,#1062,#1099,#1136,#1173,#1210,#1238,#1284
    ,#1321,#1358,#1386,#1432,#1469,#1506,#1543,#1580,#1617,#1654,#1682,
    #1728,#1765,#1802,#1839,#1867,#1913,#1950,#1987,#2024,#2052,#2098,
    #2135,#2172,#2209,#2246,#2274,#2320,#2357,#2394,#2422,#2468,#2505,
    #2542,#2579,#2616,#2655,#2683,#2729,#2766,#2803,#2831,#2877,#2914,
    #2951,#2979,#3025,#3062,#3099,#3136,#3164,#3210,#3247,#3284,#3321,
    #3349,#3395,#3432,#3469,#3506,#3534,#3580,#3617,#3654,#3691,#3731,
    #3777,#3814,#3851,#3879,#3927,#3964,#4001,#4038,#4079,#4116,#4144,
    #4190,#4227,#4264,#4301,#4329,#4375,#4412,#4449,#4477,#4523,#4560,
    #4597,#4625,#4671,#4708,#4745,#4782,#4810,#4856,#4893,#4930,#4958,
    #5004,#5041,#5082,#5123,#5160,#5197,#5225,#5271,#5308,#5349,#5377,
    #5423,#5460,#5497,#5534,#5562,#5608,#5645,#5682,#5719,#5756,#5793,
    #5821,#5867,#5904,#5941,#5978,#6006,#6052,#6089,#6126,#6163,#6191,
    #6237,#6274,#6311,#6348,#6376,#6422,#6459,#6498,#6535,#6563,#6609,
    #6646,#6683,#6720,#6756,#6812,#6849,#6886,#6923,#6951,#6997,#7034,
    #7071,#7099,#7145,#7182,#7219,#7247,#7297,#7334,#7371,#7408,#7436,
    #7482,#7519,#7556,#7593,#7630,#7658,#7704,#7741,#7778,#7806,#7852,
    #7889,#7926,#7963,#7991,#8037,#8074,#8113,#8150,#8187,#8224,#8261,
    #8289,#8335,#8372,#8409,#8446,#8474,#8520,#8557,#8594,#8631,#8668,
    #8705,#8733,#8779,#8816,#8853,#8890,#8918,#8964,#9001,#9038,#9075,
    #9103,#9149,#9186,#9223,#9260,#9288,#9334,#9381,#9418,#9455,#9492,
    #9529,#9559,#9605,#9642,#9679,#9716,#9753,#9781,#9827,#9864,#9901,
    #9929,#9975,#10012,#10049,#10086,#10114,#10160,#10197,#10234,#10270,
    #10316,#10353,#10390,#10427,#10455,#10501,#10538,#10575,#10612,
    #10640,#10686,#10723,#10760,#10799,#10827,#10873,#10910,#10947,
    #10984,#11021,#11058,#11086,#11136,#11173,#11210,#11247,#11275,
    #11321,#11358,#11395,#11432,#11469,#11506,#11534,#11580,#11617,
    #11654,#11691,#11719,#11765,#11802,#11839,#11876,#11913,#11941,
    #11987,#12024,#12061,#12089,#12135,#12172,#12200,#12246,#12283,
    #12320,#12354,#12413,#12444,#13081,#13106,#13148,#13181,#13205,
    #13229,#13254,#13295,#13319,#13353,#13386,#13427,#13444,#13470,
    #13511,#13552,#13593,#13634,#13651,#13677,#13718,#13766,#13783,
    #13809,#13851,#13941,#13976,#14007,#14032,#14072,#14097,#14135,
    #14152,#14191,#14218,#14235,#14254,#14285,#14325,#14357,#14388,
    #14412,#14436,#14462,#14487,#14504,#14537,#14563,#14580,#14597,
    #14614,#14626,#14638,#14650,#14662,#14693,#14717,#14741,#14765,
    #14782,#14799,#14818,#14842,#14859));
#17 = ADVANCED_FACE('',(#18),#54,.F.);
#18 = FACE_BOUND('',#19,.F.);
#19 = EDGE_LOOP('',(#20,#30,#39,#47));
#20 = ORIENTED_EDGE('',*,*,#21,.F.);
#21 = EDGE_CURVE('',#22,#24,#26,.T.);
#22 = VERTEX_POINT('',#23);
#23 = CARTESIAN_POINT('',(134.72835017004,-115.8985100291,-0.49));
#24 = VERTEX_POINT('',#25);
#25 = CARTESIAN_POINT('',(134.72835017004,-115.8985100291,1.51));
#26 = LINE('',#27,#28);
#27 = CARTESIAN_POINT('',(134.72835017004,-115.8985100291,-0.49));
#28 = VECTOR('',#29,1.);
#29 = DIRECTION('',(0.,0.,1.));
#30 = ORIENTED_EDGE('',*,*,#31,.T.);
#31 = EDGE_CURVE('',#22,#32,#34,.T.);
#32 = VERTEX_POINT('',#33);
#33 = CARTESIAN_POINT('',(137.74036270259,-111.3603765322,-0.49));
#34 = B_SPLINE_CURVE_WITH_KNOTS('',3,(#35,#36,#37,#38),.UNSPECIFIED.,.F.
  ,.F.,(4,4),(-1.,0.),.PIECEWISE_BEZIER_KNOTS.);
#35 = CARTESIAN_POINT('',(134.72835017004,-115.8985100291,-0.49));
#36 = CARTESIAN_POINT('',(147.63154836136,-115.7503433523,-0.49));
#37 = CARTESIAN_POINT('',(147.69081476965,-115.659326722,-0.49));
#38 = CARTESIAN_POINT('',(137.74036270259,-111.3603765322,-0.49));
#39 = ORIENTED_EDGE('',*,*,#40,.T.);
#40 = EDGE_CURVE('',#32,#41,#43,.T.);
#41 = VERTEX_POINT('',#42);
#42 = CARTESIAN_POINT('',(137.74036270259,-111.3603765322,1.51));
#43 = LINE('',#44,#45);
#44 = CARTESIAN_POINT('',(137.74036270259,-111.3603765322,-0.49));
#45 = VECTOR('',#46,1.);
#46 = DIRECTION('',(0.,0.,1.));
#47 = ORIENTED_EDGE('',*,*,#48,.T.);
#48 = EDGE_CURVE('',#41,#24,#49,.T.);
#49 = B_SPLINE_CURVE_WITH_KNOTS('',3,(#50,#51,#52,#53),.UNSPECIFIED.,.F.
  ,.F.,(4,4),(0.,3.380108989652),.PIECEWISE_BEZIER_KNOTS.);
#50 = CARTESIAN_POINT('',(137.74036270259,-111.3603765322,1.51));
#51 = CARTESIAN_POINT('',(147.69081476965,-115.659326722,1.51));
#52 = CARTESIAN_POINT('',(147.63154836136,-115.7503433523,1.51));
#53 = CARTESIAN_POINT('',(134.72835017004,-115.8985100291,1.51));
#54 = B_SPLINE_SURFACE_WITH_KNOTS('',3,1,(
    (#55,#56)
    ,(#57,#58)
    ,(#59,#60)
    ,(#61,#62)),.UNSPECIFIED.,.F.,.F.,.F.,(4,4),(2,2),(-1.,0.),(0.,0.5),
  .PIECEWISE_BEZIER_KNOTS.);
#55 = CARTESIAN_POINT('',(134.72835017004,-115.8985100291,-0.49));
#56 = CARTESIAN_POINT('',(134.72835017004,-115.8985100291,4.51));
#57 = CARTESIAN_POINT('',(147.63154836136,-115.7503433523,-0.49));
#58 = CARTESIAN_POINT('',(147.63154836136,-115.7503433523,4.51));
#59 = CARTESIAN_POINT('',(147.69081476965,-115.659326722,-0.49));
#60 = CARTESIAN_POINT('',(147.69081476965,-115.659326722,4.51));
#61 = CARTESIAN_POINT('',(137.74036270259,-111.3603765322,-0.49));
#62 = CARTESIAN_POINT('',(137.74036270259,-111.3603765322,4.51));
#63 = ADVANCED_FACE('',(#64),#91,.F.);
#64 = FACE_BOUND('',#65,.F.);
#65 = EDGE_LOOP('',(#66,#76,#83,#84));
#66 = ORIENTED_EDGE('',*,*,#67,.F.);
#67 = EDGE_CURVE('',#68,#70,#72,.T.);
#68 = VERTEX_POINT('',#69);
#69 = CARTESIAN_POINT('',(122.69932988602,-112.2599598656,-0.49));
#70 = VERTEX_POINT('',#71);
#71 = CARTESIAN_POINT('',(122.69932988602,-112.2599598656,1.51));
#72 = LINE('',#73,#74);
#73 = CARTESIAN_POINT('',(122.69932988602,-112.2599598656,-0.49));
#74 = VECTOR('',#75,1.);
#75 = DIRECTION('',(0.,0.,1.));
#76 = ORIENTED_EDGE('',*,*,#77,.T.);
#77 = EDGE_CURVE('',#68,#22,#78,.T.);
#78 = B_SPLINE_CURVE_WITH_KNOTS('',3,(#79,#80,#81,#82),.UNSPECIFIED.,.F.
  ,.F.,(4,4),(-1.,0.),.PIECEWISE_BEZIER_KNOTS.);
#79 = CARTESIAN_POINT('',(122.69932988602,-112.2599598656,-0.49));
#80 = CARTESIAN_POINT('',(121.58807988602,-115.9747100069,-0.49));
#81 = CARTESIAN_POINT('',(121.82726425288,-116.0466766554,-0.49));
#82 = CARTESIAN_POINT('',(134.72835017004,-115.8985100291,-0.49));
#83 = ORIENTED_EDGE('',*,*,#21,.T.);
#84 = ORIENTED_EDGE('',*,*,#85,.T.);
#85 = EDGE_CURVE('',#24,#70,#86,.T.);
#86 = B_SPLINE_CURVE_WITH_KNOTS('',3,(#87,#88,#89,#90),.UNSPECIFIED.,.F.
  ,.F.,(4,4),(0.,3.75632119417),.PIECEWISE_BEZIER_KNOTS.);
#87 = CARTESIAN_POINT('',(134.72835017004,-115.8985100291,1.51));
#88 = CARTESIAN_POINT('',(121.82726425288,-116.0466766554,1.51));
#89 = CARTESIAN_POINT('',(121.58807988602,-115.9747100069,1.51));
#90 = CARTESIAN_POINT('',(122.69932988602,-112.2599598656,1.51));
#91 = B_SPLINE_SURFACE_WITH_KNOTS('',3,1,(
    (#92,#93)
    ,(#94,#95)
    ,(#96,#97)
    ,(#98,#99)),.UNSPECIFIED.,.F.,.F.,.F.,(4,4),(2,2),(-1.,0.),(0.,0.5),
  .PIECEWISE_BEZIER_KNOTS.);
#92 = CARTESIAN_POINT('',(122.69932988602,-112.2599598656,-0.49));
#93 = CARTESIAN_POINT('',(122.69932988602,-112.2599598656,4.51));
#94 = CARTESIAN_POINT('',(121.58807988602,-115.9747100069,-0.49));
#95 = CARTESIAN_POINT('',(121.58807988602,-115.9747100069,4.51));
#96 = CARTESIAN_POINT('',(121.82726425288,-116.0466766554,-0.49));
#97 = CARTESIAN_POINT('',(121.82726425288,-116.0466766554,4.51));
#98 = CARTESIAN_POINT('',(134.72835017004,-115.8985100291,-0.49));
#99 = CARTESIAN_POINT('',(134.72835017004,-115.8985100291,4.51));
#100 = ADVANCED_FACE('',(#101),#128,.F.);
#101 = FACE_BOUND('',#102,.F.);
#102 = EDGE_LOOP('',(#103,#113,#120,#121));
#103 = ORIENTED_EDGE('',*,*,#104,.F.);
#104 = EDGE_CURVE('',#105,#107,#109,.T.);
#105 = VERTEX_POINT('',#106);
#106 = CARTESIAN_POINT('',(125.7092301444,-107.7218264192,-0.49));
#107 = VERTEX_POINT('',#108);
#108 = CARTESIAN_POINT('',(125.7092301444,-107.7218264192,1.51));
#109 = LINE('',#110,#111);
#110 = CARTESIAN_POINT('',(125.7092301444,-107.7218264192,-0.49));
#111 = VECTOR('',#112,1.);
#112 = DIRECTION('',(0.,0.,1.));
#113 = ORIENTED_EDGE('',*,*,#114,.T.);
#114 = EDGE_CURVE('',#105,#68,#115,.T.);
#115 = B_SPLINE_CURVE_WITH_KNOTS('',3,(#116,#117,#118,#119),
  .UNSPECIFIED.,.F.,.F.,(4,4),(-1.,0.),.PIECEWISE_BEZIER_KNOTS.);
#116 = CARTESIAN_POINT('',(125.7092301444,-107.7218264192,-0.49));
#117 = CARTESIAN_POINT('',(123.8698462943,-108.4541936995,-0.49));
#118 = CARTESIAN_POINT('',(123.8084611523,-108.5452096233,-0.49));
#119 = CARTESIAN_POINT('',(122.69932988602,-112.2599598656,-0.49));
#120 = ORIENTED_EDGE('',*,*,#67,.T.);
#121 = ORIENTED_EDGE('',*,*,#122,.T.);
#122 = EDGE_CURVE('',#70,#107,#123,.T.);
#123 = B_SPLINE_CURVE_WITH_KNOTS('',3,(#124,#125,#126,#127),
  .UNSPECIFIED.,.F.,.F.,(4,4),(0.,1.162336148363),
  .PIECEWISE_BEZIER_KNOTS.);
#124 = CARTESIAN_POINT('',(122.69932988602,-112.2599598656,1.51));
#125 = CARTESIAN_POINT('',(123.8084611523,-108.5452096233,1.51));
#126 = CARTESIAN_POINT('',(123.8698462943,-108.4541936995,1.51));
#127 = CARTESIAN_POINT('',(125.7092301444,-107.7218264192,1.51));
#128 = B_SPLINE_SURFACE_WITH_KNOTS('',3,1,(
    (#129,#130)
    ,(#131,#132)
    ,(#133,#134)
    ,(#135,#136
    )),.UNSPECIFIED.,.F.,.F.,.F.,(4,4),(2,2),(-1.,0.),(0.,0.5),
  .PIECEWISE_BEZIER_KNOTS.);
#129 = CARTESIAN_POINT('',(125.7092301444,-107.7218264192,-0.49));
#130 = CARTESIAN_POINT('',(125.7092301444,-107.7218264192,4.51));
#131 = CARTESIAN_POINT('',(123.8698462943,-108.4541936995,-0.49));
#132 = CARTESIAN_POINT('',(123.8698462943,-108.4541936995,4.51));
#133 = CARTESIAN_POINT('',(123.8084611523,-108.5452096233,-0.49));
#134 = CARTESIAN_POINT('',(123.8084611523,-108.5452096233,4.51));
#135 = CARTESIAN_POINT('',(122.69932988602,-112.2599598656,-0.49));
#136 = CARTESIAN_POINT('',(122.69932988602,-112.2599598656,4.51));
#137 = ADVANCED_FACE('',(#138),#160,.F.);
#138 = FACE_BOUND('',#139,.F.);
#139 = EDGE_LOOP('',(#140,#141,#148,#149));
#140 = ORIENTED_EDGE('',*,*,#40,.F.);
#141 = ORIENTED_EDGE('',*,*,#142,.T.);
#142 = EDGE_CURVE('',#32,#105,#143,.T.);
#143 = B_SPLINE_CURVE_WITH_KNOTS('',3,(#144,#145,#146,#147),
  .UNSPECIFIED.,.F.,.F.,(4,4),(-1.,0.),.PIECEWISE_BEZIER_KNOTS.);
#144 = CARTESIAN_POINT('',(137.74036270259,-111.3603765322,-0.49));
#145 = CARTESIAN_POINT('',(127.79202936925,-107.0593103339,-0.49));
#146 = CARTESIAN_POINT('',(127.55073272822,-106.9873436349,-0.49));
#147 = CARTESIAN_POINT('',(125.7092301444,-107.7218264192,-0.49));
#148 = ORIENTED_EDGE('',*,*,#104,.T.);
#149 = ORIENTED_EDGE('',*,*,#150,.T.);
#150 = EDGE_CURVE('',#107,#41,#151,.T.);
#151 = B_SPLINE_CURVE_WITH_KNOTS('',3,(#152,#153,#154,#155,#156,#157,
    #158,#159),.UNSPECIFIED.,.F.,.F.,(4,2,2,4),(0.,0.174943775073,
    0.297021578394,0.593450616914),.UNSPECIFIED.);
#152 = CARTESIAN_POINT('',(125.7092301444,-107.7218264192,1.51));
#153 = CARTESIAN_POINT('',(126.25088211512,-107.505788684,1.51));
#154 = CARTESIAN_POINT('',(126.65410480019,-107.359505247,1.51));
#155 = CARTESIAN_POINT('',(127.59228411345,-107.3775351343,1.51));
#156 = CARTESIAN_POINT('',(128.05029322484,-107.4611100476,1.51));
#157 = CARTESIAN_POINT('',(130.21581778319,-108.1152992553,1.51));
#158 = CARTESIAN_POINT('',(132.7610786536,-109.2076309821,1.51));
#159 = CARTESIAN_POINT('',(137.74036270259,-111.3603765322,1.51));
#160 = B_SPLINE_SURFACE_WITH_KNOTS('',3,1,(
    (#161,#162)
    ,(#163,#164)
    ,(#165,#166)
    ,(#167,#168
    )),.UNSPECIFIED.,.F.,.F.,.F.,(4,4),(2,2),(-1.,0.),(0.,0.5),
  .PIECEWISE_BEZIER_KNOTS.);
#161 = CARTESIAN_POINT('',(137.74036270259,-111.3603765322,-0.49));
#162 = CARTESIAN_POINT('',(137.74036270259,-111.3603765322,4.51));
#163 = CARTESIAN_POINT('',(127.79202936925,-107.0593103339,-0.49));
#164 = CARTESIAN_POINT('',(127.79202936925,-107.0593103339,4.51));
#165 = CARTESIAN_POINT('',(127.55073272822,-106.9873436349,-0.49));
#166 = CARTESIAN_POINT('',(127.55073272822,-106.9873436349,4.51));
#167 = CARTESIAN_POINT('',(125.7092301444,-107.7218264192,-0.49));
#168 = CARTESIAN_POINT('',(125.7092301444,-107.7218264192,4.51));
#169 = ADVANCED_FACE('',(#170),#206,.F.);
#170 = FACE_BOUND('',#171,.F.);
#171 = EDGE_LOOP('',(#172,#182,#191,#199));
#172 = ORIENTED_EDGE('',*,*,#173,.F.);
#173 = EDGE_CURVE('',#174,#176,#178,.T.);
#174 = VERTEX_POINT('',#175);
#175 = CARTESIAN_POINT('',(185.16215805171,-66.23304424863,-0.49));
#176 = VERTEX_POINT('',#177);
#177 = CARTESIAN_POINT('',(185.16215805171,-66.23304424863,1.51));
#178 = LINE('',#179,#180);
#179 = CARTESIAN_POINT('',(185.16215805171,-66.23304424863,-0.49));
#180 = VECTOR('',#181,1.);
#181 = DIRECTION('',(0.,0.,1.));
#182 = ORIENTED_EDGE('',*,*,#183,.T.);
#183 = EDGE_CURVE('',#174,#184,#186,.T.);
#184 = VERTEX_POINT('',#185);
#185 = CARTESIAN_POINT('',(192.88164810298,-73.42336117368,-0.49));
#186 = B_SPLINE_CURVE_WITH_KNOTS('',3,(#187,#188,#189,#190),
  .UNSPECIFIED.,.F.,.F.,(4,4),(-1.,0.),.PIECEWISE_BEZIER_KNOTS.);
#187 = CARTESIAN_POINT('',(185.16215805171,-66.23304424863,-0.49));
#188 = CARTESIAN_POINT('',(186.65229965327,-72.94922667762,-0.49));
#189 = CARTESIAN_POINT('',(186.80681218582,-73.09315846066,-0.49));
#190 = CARTESIAN_POINT('',(192.88164810298,-73.42336117368,-0.49));
#191 = ORIENTED_EDGE('',*,*,#192,.T.);
#192 = EDGE_CURVE('',#184,#193,#195,.T.);
#193 = VERTEX_POINT('',#194);
#194 = CARTESIAN_POINT('',(192.88164810298,-73.42336117368,1.51));
#195 = LINE('',#196,#197);
#196 = CARTESIAN_POINT('',(192.88164810298,-73.42336117368,-0.49));
#197 = VECTOR('',#198,1.);
#198 = DIRECTION('',(0.,0.,1.));
#199 = ORIENTED_EDGE('',*,*,#200,.T.);
#200 = EDGE_CURVE('',#193,#176,#201,.T.);
#201 = B_SPLINE_CURVE_WITH_KNOTS('',3,(#202,#203,#204,#205),
  .UNSPECIFIED.,.F.,.F.,(4,4),(0.,1.895098043416),
  .PIECEWISE_BEZIER_KNOTS.);
#202 = CARTESIAN_POINT('',(192.88164810298,-73.42336117368,1.51));
#203 = CARTESIAN_POINT('',(186.80681218582,-73.09315846066,1.51));
#204 = CARTESIAN_POINT('',(186.65229965327,-72.94922667762,1.51));
#205 = CARTESIAN_POINT('',(185.16215805171,-66.23304424863,1.51));
#206 = B_SPLINE_SURFACE_WITH_KNOTS('',3,1,(
    (#207,#208)
    ,(#209,#210)
    ,(#211,#212)
    ,(#213,#214
    )),.UNSPECIFIED.,.F.,.F.,.F.,(4,4),(2,2),(-1.,0.),(0.,0.5),
  .PIECEWISE_BEZIER_KNOTS.);
#207 = CARTESIAN_POINT('',(185.16215805171,-66.23304424863,-0.49));
#208 = CARTESIAN_POINT('',(185.16215805171,-66.23304424863,4.51));
#209 = CARTESIAN_POINT('',(186.65229965327,-72.94922667762,-0.49));
#210 = CARTESIAN_POINT('',(186.65229965327,-72.94922667762,4.51));
#211 = CARTESIAN_POINT('',(186.80681218582,-73.09315846066,-0.49));
#212 = CARTESIAN_POINT('',(186.80681218582,-73.09315846066,4.51));
#213 = CARTESIAN_POINT('',(192.88164810298,-73.42336117368,-0.49));
#214 = CARTESIAN_POINT('',(192.88164810298,-73.42336117368,4.51));
#215 = ADVANCED_FACE('',(#216),#243,.F.);
#216 = FACE_BOUND('',#217,.F.);
#217 = EDGE_LOOP('',(#218,#228,#235,#236));
#218 = ORIENTED_EDGE('',*,*,#219,.F.);
#219 = EDGE_CURVE('',#220,#222,#224,.T.);
#220 = VERTEX_POINT('',#221);
#221 = CARTESIAN_POINT('',(195.82381993729,-60.27250691037,-0.49));
#222 = VERTEX_POINT('',#223);
#223 = CARTESIAN_POINT('',(195.82381993729,-60.27250691037,1.51));
#224 = LINE('',#225,#226);
#225 = CARTESIAN_POINT('',(195.82381993729,-60.27250691037,-0.49));
#226 = VECTOR('',#227,1.);
#227 = DIRECTION('',(0.,0.,1.));
#228 = ORIENTED_EDGE('',*,*,#229,.T.);
#229 = EDGE_CURVE('',#220,#174,#230,.T.);
#230 = B_SPLINE_CURVE_WITH_KNOTS('',3,(#231,#232,#233,#234),
  .UNSPECIFIED.,.F.,.F.,(4,4),(-1.,0.),.PIECEWISE_BEZIER_KNOTS.);
#231 = CARTESIAN_POINT('',(195.82381993729,-60.27250691037,-0.49));
#232 = CARTESIAN_POINT('',(183.88793350337,-59.39621026934,-0.49));
#233 = CARTESIAN_POINT('',(183.67414810298,-59.51474308591,-0.49));
#234 = CARTESIAN_POINT('',(185.16215805171,-66.23304424863,-0.49));
#235 = ORIENTED_EDGE('',*,*,#173,.T.);
#236 = ORIENTED_EDGE('',*,*,#237,.T.);
#237 = EDGE_CURVE('',#176,#222,#238,.T.);
#238 = B_SPLINE_CURVE_WITH_KNOTS('',3,(#239,#240,#241,#242),
  .UNSPECIFIED.,.F.,.F.,(4,4),(0.,2.134167123154),
  .PIECEWISE_BEZIER_KNOTS.);
#239 = CARTESIAN_POINT('',(185.16215805171,-66.23304424863,1.51));
#240 = CARTESIAN_POINT('',(183.67414810298,-59.51474308591,1.51));
#241 = CARTESIAN_POINT('',(183.88793350337,-59.39621026934,1.51));
#242 = CARTESIAN_POINT('',(195.82381993729,-60.27250691037,1.51));
#243 = B_SPLINE_SURFACE_WITH_KNOTS('',3,1,(
    (#244,#245)
    ,(#246,#247)
    ,(#248,#249)
    ,(#250,#251
    )),.UNSPECIFIED.,.F.,.F.,.F.,(4,4),(2,2),(-1.,0.),(0.,0.5),
  .PIECEWISE_BEZIER_KNOTS.);
#244 = CARTESIAN_POINT('',(195.82381993729,-60.27250691037,-0.49));
#245 = CARTESIAN_POINT('',(195.82381993729,-60.27250691037,4.51));
#246 = CARTESIAN_POINT('',(183.88793350337,-59.39621026934,-0.49));
#247 = CARTESIAN_POINT('',(183.88793350337,-59.39621026934,4.51));
#248 = CARTESIAN_POINT('',(183.67414810298,-59.51474308591,-0.49));
#249 = CARTESIAN_POINT('',(183.67414810298,-59.51474308591,4.51));
#250 = CARTESIAN_POINT('',(185.16215805171,-66.23304424863,-0.49));
#251 = CARTESIAN_POINT('',(185.16215805171,-66.23304424863,4.51));
#252 = ADVANCED_FACE('',(#253),#280,.F.);
#253 = FACE_BOUND('',#254,.F.);
#254 = EDGE_LOOP('',(#255,#265,#272,#273));
#255 = ORIENTED_EDGE('',*,*,#256,.F.);
#256 = EDGE_CURVE('',#257,#259,#261,.T.);
#257 = VERTEX_POINT('',#258);
#258 = CARTESIAN_POINT('',(208.00523402013,-64.56722538571,-0.49));
#259 = VERTEX_POINT('',#260);
#260 = CARTESIAN_POINT('',(208.00523402013,-64.56722538571,1.51));
#261 = LINE('',#262,#263);
#262 = CARTESIAN_POINT('',(208.00523402013,-64.56722538571,-0.49));
#263 = VECTOR('',#264,1.);
#264 = DIRECTION('',(0.,0.,1.));
#265 = ORIENTED_EDGE('',*,*,#266,.T.);
#266 = EDGE_CURVE('',#257,#220,#267,.T.);
#267 = B_SPLINE_CURVE_WITH_KNOTS('',3,(#268,#269,#270,#271),
  .UNSPECIFIED.,.F.,.F.,(4,4),(-1.,0.),.PIECEWISE_BEZIER_KNOTS.);
#268 = CARTESIAN_POINT('',(208.00523402013,-64.56722538571,-0.49));
#269 = CARTESIAN_POINT('',(208.00523402013,-61.23559411944,-0.49));
#270 = CARTESIAN_POINT('',(207.76181218582,-61.14881001096,-0.49));
#271 = CARTESIAN_POINT('',(195.82381993729,-60.27250691037,-0.49));
#272 = ORIENTED_EDGE('',*,*,#219,.T.);
#273 = ORIENTED_EDGE('',*,*,#274,.T.);
#274 = EDGE_CURVE('',#222,#259,#275,.T.);
#275 = B_SPLINE_CURVE_WITH_KNOTS('',3,(#276,#277,#278,#279),
  .UNSPECIFIED.,.F.,.F.,(4,4),(0.,3.503204026732),
  .PIECEWISE_BEZIER_KNOTS.);
#276 = CARTESIAN_POINT('',(195.82381993729,-60.27250691037,1.51));
#277 = CARTESIAN_POINT('',(207.76181218582,-61.14881001096,1.51));
#278 = CARTESIAN_POINT('',(208.00523402013,-61.23559411944,1.51));
#279 = CARTESIAN_POINT('',(208.00523402013,-64.56722538571,1.51));
#280 = B_SPLINE_SURFACE_WITH_KNOTS('',3,1,(
    (#281,#282)
    ,(#283,#284)
    ,(#285,#286)
    ,(#287,#288
    )),.UNSPECIFIED.,.F.,.F.,.F.,(4,4),(2,2),(-1.,0.),(0.,0.5),
  .PIECEWISE_BEZIER_KNOTS.);
#281 = CARTESIAN_POINT('',(208.00523402013,-64.56722538571,-0.49));
#282 = CARTESIAN_POINT('',(208.00523402013,-64.56722538571,4.51));
#283 = CARTESIAN_POINT('',(208.00523402013,-61.23559411944,-0.49));
#284 = CARTESIAN_POINT('',(208.00523402013,-61.23559411944,4.51));
#285 = CARTESIAN_POINT('',(207.76181218582,-61.14881001096,-0.49));
#286 = CARTESIAN_POINT('',(207.76181218582,-61.14881001096,4.51));
#287 = CARTESIAN_POINT('',(195.82381993729,-60.27250691037,-0.49));
#288 = CARTESIAN_POINT('',(195.82381993729,-60.27250691037,4.51));
#289 = ADVANCED_FACE('',(#290),#317,.F.);
#290 = FACE_BOUND('',#291,.F.);
#291 = EDGE_LOOP('',(#292,#302,#309,#310));
#292 = ORIENTED_EDGE('',*,*,#293,.F.);
#293 = EDGE_CURVE('',#294,#296,#298,.T.);
#294 = VERTEX_POINT('',#295);
#295 = CARTESIAN_POINT('',(203.54329706945,-70.86430871905,-0.49));
#296 = VERTEX_POINT('',#297);
#297 = CARTESIAN_POINT('',(203.54329706945,-70.86430871905,1.51));
#298 = LINE('',#299,#300);
#299 = CARTESIAN_POINT('',(203.54329706945,-70.86430871905,-0.49));
#300 = VECTOR('',#301,1.);
#301 = DIRECTION('',(0.,0.,1.));
#302 = ORIENTED_EDGE('',*,*,#303,.T.);
#303 = EDGE_CURVE('',#294,#257,#304,.T.);
#304 = B_SPLINE_CURVE_WITH_KNOTS('',3,(#305,#306,#307,#308),
  .UNSPECIFIED.,.F.,.F.,(4,4),(-1.,0.),.PIECEWISE_BEZIER_KNOTS.);
#305 = CARTESIAN_POINT('',(203.54329706945,-70.86430871905,-0.49));
#306 = CARTESIAN_POINT('',(207.91632471838,-68.02586117368,-0.49));
#307 = CARTESIAN_POINT('',(208.00523402013,-67.89885988176,-0.49));
#308 = CARTESIAN_POINT('',(208.00523402013,-64.56722538571,-0.49));
#309 = ORIENTED_EDGE('',*,*,#256,.T.);
#310 = ORIENTED_EDGE('',*,*,#311,.T.);
#311 = EDGE_CURVE('',#259,#296,#312,.T.);
#312 = B_SPLINE_CURVE_WITH_KNOTS('',3,(#313,#314,#315,#316),
  .UNSPECIFIED.,.F.,.F.,(4,4),(0.,1.022154604538),
  .PIECEWISE_BEZIER_KNOTS.);
#313 = CARTESIAN_POINT('',(208.00523402013,-64.56722538571,1.51));
#314 = CARTESIAN_POINT('',(208.00523402013,-67.89885988176,1.51));
#315 = CARTESIAN_POINT('',(207.91632471838,-68.02586117368,1.51));
#316 = CARTESIAN_POINT('',(203.54329706945,-70.86430871905,1.51));
#317 = B_SPLINE_SURFACE_WITH_KNOTS('',3,1,(
    (#318,#319)
    ,(#320,#321)
    ,(#322,#323)
    ,(#324,#325
    )),.UNSPECIFIED.,.F.,.F.,.F.,(4,4),(2,2),(-1.,0.),(0.,0.5),
  .PIECEWISE_BEZIER_KNOTS.);
#318 = CARTESIAN_POINT('',(203.54329706945,-70.86430871905,-0.49));
#319 = CARTESIAN_POINT('',(203.54329706945,-70.86430871905,4.51));
#320 = CARTESIAN_POINT('',(207.91632471838,-68.02586117368,-0.49));
#321 = CARTESIAN_POINT('',(207.91632471838,-68.02586117368,4.51));
#322 = CARTESIAN_POINT('',(208.00523402013,-67.89885988176,-0.49));
#323 = CARTESIAN_POINT('',(208.00523402013,-67.89885988176,4.51));
#324 = CARTESIAN_POINT('',(208.00523402013,-64.56722538571,-0.49));
#325 = CARTESIAN_POINT('',(208.00523402013,-64.56722538571,4.51));
#326 = ADVANCED_FACE('',(#327),#345,.F.);
#327 = FACE_BOUND('',#328,.F.);
#328 = EDGE_LOOP('',(#329,#330,#337,#338));
#329 = ORIENTED_EDGE('',*,*,#192,.F.);
#330 = ORIENTED_EDGE('',*,*,#331,.T.);
#331 = EDGE_CURVE('',#184,#294,#332,.T.);
#332 = B_SPLINE_CURVE_WITH_KNOTS('',3,(#333,#334,#335,#336),
  .UNSPECIFIED.,.F.,.F.,(4,4),(-1.,0.),.PIECEWISE_BEZIER_KNOTS.);
#333 = CARTESIAN_POINT('',(192.88164810298,-73.42336117368,-0.49));
#334 = CARTESIAN_POINT('',(198.95648402013,-73.75567616086,-0.49));
#335 = CARTESIAN_POINT('',(199.17026942052,-73.70487822792,-0.49));
#336 = CARTESIAN_POINT('',(203.54329706945,-70.86430871905,-0.49));
#337 = ORIENTED_EDGE('',*,*,#293,.T.);
#338 = ORIENTED_EDGE('',*,*,#339,.T.);
#339 = EDGE_CURVE('',#296,#193,#340,.T.);
#340 = B_SPLINE_CURVE_WITH_KNOTS('',3,(#341,#342,#343,#344),
  .UNSPECIFIED.,.F.,.F.,(4,4),(0.,1.564725169351),
  .PIECEWISE_BEZIER_KNOTS.);
#341 = CARTESIAN_POINT('',(203.54329706945,-70.86430871905,1.51));
#342 = CARTESIAN_POINT('',(199.17026942052,-73.70487822792,1.51));
#343 = CARTESIAN_POINT('',(198.95648402013,-73.75567616086,1.51));
#344 = CARTESIAN_POINT('',(192.88164810298,-73.42336117368,1.51));
#345 = B_SPLINE_SURFACE_WITH_KNOTS('',3,1,(
    (#346,#347)
    ,(#348,#349)
    ,(#350,#351)
    ,(#352,#353
    )),.UNSPECIFIED.,.F.,.F.,.F.,(4,4),(2,2),(-1.,0.),(0.,0.5),
  .PIECEWISE_BEZIER_KNOTS.);
#346 = CARTESIAN_POINT('',(192.88164810298,-73.42336117368,-0.49));
#347 = CARTESIAN_POINT('',(192.88164810298,-73.42336117368,4.51));
#348 = CARTESIAN_POINT('',(198.95648402013,-73.75567616086,-0.49));
#349 = CARTESIAN_POINT('',(198.95648402013,-73.75567616086,4.51));
#350 = CARTESIAN_POINT('',(199.17026942052,-73.70487822792,-0.49));
#351 = CARTESIAN_POINT('',(199.17026942052,-73.70487822792,4.51));
#352 = CARTESIAN_POINT('',(203.54329706945,-70.86430871905,-0.49));
#353 = CARTESIAN_POINT('',(203.54329706945,-70.86430871905,4.51));
#354 = ADVANCED_FACE('',(#355),#391,.F.);
#355 = FACE_BOUND('',#356,.F.);
#356 = EDGE_LOOP('',(#357,#367,#376,#384));
#357 = ORIENTED_EDGE('',*,*,#358,.F.);
#358 = EDGE_CURVE('',#359,#361,#363,.T.);
#359 = VERTEX_POINT('',#360);
#360 = CARTESIAN_POINT('',(190.26333246984,-83.7209432151,-0.49));
#361 = VERTEX_POINT('',#362);
#362 = CARTESIAN_POINT('',(190.26333246984,-83.7209432151,1.51));
#363 = LINE('',#364,#365);
#364 = CARTESIAN_POINT('',(190.26333246984,-83.7209432151,-0.49));
#365 = VECTOR('',#366,1.);
#366 = DIRECTION('',(0.,0.,1.));
#367 = ORIENTED_EDGE('',*,*,#368,.T.);
#368 = EDGE_CURVE('',#359,#369,#371,.T.);
#369 = VERTEX_POINT('',#370);
#370 = CARTESIAN_POINT('',(197.21023402013,-80.59674437782,-0.49));
#371 = B_SPLINE_CURVE_WITH_KNOTS('',3,(#372,#373,#374,#375),
  .UNSPECIFIED.,.F.,.F.,(4,4),(-1.,0.),.PIECEWISE_BEZIER_KNOTS.);
#372 = CARTESIAN_POINT('',(190.26333246984,-83.7209432151,-0.49));
#373 = CARTESIAN_POINT('',(196.11590805171,-85.53069386105,-0.49));
#374 = CARTESIAN_POINT('',(196.25349655269,-85.46930871905,-0.49));
#375 = CARTESIAN_POINT('',(197.21023402013,-80.59674437782,-0.49));
#376 = ORIENTED_EDGE('',*,*,#377,.T.);
#377 = EDGE_CURVE('',#369,#378,#380,.T.);
#378 = VERTEX_POINT('',#379);
#379 = CARTESIAN_POINT('',(197.21023402013,-80.59674437782,1.51));
#380 = LINE('',#381,#382);
#381 = CARTESIAN_POINT('',(197.21023402013,-80.59674437782,-0.49));
#382 = VECTOR('',#383,1.);
#383 = DIRECTION('',(0.,0.,1.));
#384 = ORIENTED_EDGE('',*,*,#385,.T.);
#385 = EDGE_CURVE('',#378,#361,#386,.T.);
#386 = B_SPLINE_CURVE_WITH_KNOTS('',3,(#387,#388,#389,#390),
  .UNSPECIFIED.,.F.,.F.,(4,4),(0.,1.500907668103),
  .PIECEWISE_BEZIER_KNOTS.);
#387 = CARTESIAN_POINT('',(197.21023402013,-80.59674437782,1.51));
#388 = CARTESIAN_POINT('',(196.25349655269,-85.46930871905,1.51));
#389 = CARTESIAN_POINT('',(196.11590805171,-85.53069386105,1.51));
#390 = CARTESIAN_POINT('',(190.26333246984,-83.7209432151,1.51));
#391 = B_SPLINE_SURFACE_WITH_KNOTS('',3,1,(
    (#392,#393)
    ,(#394,#395)
    ,(#396,#397)
    ,(#398,#399
    )),.UNSPECIFIED.,.F.,.F.,.F.,(4,4),(2,2),(-1.,0.),(0.,0.5),
  .PIECEWISE_BEZIER_KNOTS.);
#392 = CARTESIAN_POINT('',(190.26333246984,-83.7209432151,-0.49));
#393 = CARTESIAN_POINT('',(190.26333246984,-83.7209432151,4.51));
#394 = CARTESIAN_POINT('',(196.11590805171,-85.53069386105,-0.49));
#395 = CARTESIAN_POINT('',(196.11590805171,-85.53069386105,4.51));
#396 = CARTESIAN_POINT('',(196.25349655269,-85.46930871905,-0.49));
#397 = CARTESIAN_POINT('',(196.25349655269,-85.46930871905,4.51));
#398 = CARTESIAN_POINT('',(197.21023402013,-80.59674437782,-0.49));
#399 = CARTESIAN_POINT('',(197.21023402013,-80.59674437782,4.51));
#400 = ADVANCED_FACE('',(#401),#428,.F.);
#401 = FACE_BOUND('',#402,.F.);
#402 = EDGE_LOOP('',(#403,#413,#420,#421));
#403 = ORIENTED_EDGE('',*,*,#404,.F.);
#404 = EDGE_CURVE('',#405,#407,#409,.T.);
#405 = VERTEX_POINT('',#406);
#406 = CARTESIAN_POINT('',(185.04151942052,-78.41234282752,-0.49));
#407 = VERTEX_POINT('',#408);
#408 = CARTESIAN_POINT('',(185.04151942052,-78.41234282752,1.51));
#409 = LINE('',#410,#411);
#410 = CARTESIAN_POINT('',(185.04151942052,-78.41234282752,-0.49));
#411 = VECTOR('',#412,1.);
#412 = DIRECTION('',(0.,0.,1.));
#413 = ORIENTED_EDGE('',*,*,#414,.T.);
#414 = EDGE_CURVE('',#405,#359,#415,.T.);
#415 = B_SPLINE_CURVE_WITH_KNOTS('',3,(#416,#417,#418,#419),
  .UNSPECIFIED.,.F.,.F.,(4,4),(-1.,0.),.PIECEWISE_BEZIER_KNOTS.);
#416 = CARTESIAN_POINT('',(185.04151942052,-78.41234282752,-0.49));
#417 = CARTESIAN_POINT('',(184.30702936925,-81.80535923581,-0.49));
#418 = CARTESIAN_POINT('',(184.41286270259,-81.91119256914,-0.49));
#419 = CARTESIAN_POINT('',(190.26333246984,-83.7209432151,-0.49));
#420 = ORIENTED_EDGE('',*,*,#358,.T.);
#421 = ORIENTED_EDGE('',*,*,#422,.T.);
#422 = EDGE_CURVE('',#361,#407,#423,.T.);
#423 = B_SPLINE_CURVE_WITH_KNOTS('',3,(#424,#425,#426,#427),
  .UNSPECIFIED.,.F.,.F.,(4,4),(0.,1.845041592796),
  .PIECEWISE_BEZIER_KNOTS.);
#424 = CARTESIAN_POINT('',(190.26333246984,-83.7209432151,1.51));
#425 = CARTESIAN_POINT('',(184.41286270259,-81.91119256914,1.51));
#426 = CARTESIAN_POINT('',(184.30702936925,-81.80535923581,1.51));
#427 = CARTESIAN_POINT('',(185.04151942052,-78.41234282752,1.51));
#428 = B_SPLINE_SURFACE_WITH_KNOTS('',3,1,(
    (#429,#430)
    ,(#431,#432)
    ,(#433,#434)
    ,(#435,#436
    )),.UNSPECIFIED.,.F.,.F.,.F.,(4,4),(2,2),(-1.,0.),(0.,0.5),
  .PIECEWISE_BEZIER_KNOTS.);
#429 = CARTESIAN_POINT('',(185.04151942052,-78.41234282752,-0.49));
#430 = CARTESIAN_POINT('',(185.04151942052,-78.41234282752,4.51));
#431 = CARTESIAN_POINT('',(184.30702936925,-81.80535923581,-0.49));
#432 = CARTESIAN_POINT('',(184.30702936925,-81.80535923581,4.51));
#433 = CARTESIAN_POINT('',(184.41286270259,-81.91119256914,-0.49));
#434 = CARTESIAN_POINT('',(184.41286270259,-81.91119256914,4.51));
#435 = CARTESIAN_POINT('',(190.26333246984,-83.7209432151,-0.49));
#436 = CARTESIAN_POINT('',(190.26333246984,-83.7209432151,4.51));
#437 = ADVANCED_FACE('',(#438),#465,.F.);
#438 = FACE_BOUND('',#439,.F.);
#439 = EDGE_LOOP('',(#440,#450,#457,#458));
#440 = ORIENTED_EDGE('',*,*,#441,.F.);
#441 = EDGE_CURVE('',#442,#444,#446,.T.);
#442 = VERTEX_POINT('',#443);
#443 = CARTESIAN_POINT('',(191.98840805171,-75.28814399024,-0.49));
#444 = VERTEX_POINT('',#445);
#445 = CARTESIAN_POINT('',(191.98840805171,-75.28814399024,1.51));
#446 = LINE('',#447,#448);
#447 = CARTESIAN_POINT('',(191.98840805171,-75.28814399024,-0.49));
#448 = VECTOR('',#449,1.);
#449 = DIRECTION('',(0.,0.,1.));
#450 = ORIENTED_EDGE('',*,*,#451,.T.);
#451 = EDGE_CURVE('',#442,#405,#452,.T.);
#452 = B_SPLINE_CURVE_WITH_KNOTS('',3,(#453,#454,#455,#456),
  .UNSPECIFIED.,.F.,.F.,(4,4),(-1.,0.),.PIECEWISE_BEZIER_KNOTS.);
#453 = CARTESIAN_POINT('',(191.98840805171,-75.28814399024,-0.49));
#454 = CARTESIAN_POINT('',(185.91146631994,-74.95794450701,-0.49));
#455 = CARTESIAN_POINT('',(185.77387781896,-75.02144192319,-0.49));
#456 = CARTESIAN_POINT('',(185.04151942052,-78.41234282752,-0.49));
#457 = ORIENTED_EDGE('',*,*,#404,.T.);
#458 = ORIENTED_EDGE('',*,*,#459,.T.);
#459 = EDGE_CURVE('',#407,#444,#460,.T.);
#460 = B_SPLINE_CURVE_WITH_KNOTS('',3,(#461,#462,#463,#464),
  .UNSPECIFIED.,.F.,.F.,(4,4),(0.,1.082710782187),
  .PIECEWISE_BEZIER_KNOTS.);
#461 = CARTESIAN_POINT('',(185.04151942052,-78.41234282752,1.51));
#462 = CARTESIAN_POINT('',(185.77387781896,-75.02144192319,1.51));
#463 = CARTESIAN_POINT('',(185.91146631994,-74.95794450701,1.51));
#464 = CARTESIAN_POINT('',(191.98840805171,-75.28814399024,1.51));
#465 = B_SPLINE_SURFACE_WITH_KNOTS('',3,1,(
    (#466,#467)
    ,(#468,#469)
    ,(#470,#471)
    ,(#472,#473
    )),.UNSPECIFIED.,.F.,.F.,.F.,(4,4),(2,2),(-1.,0.),(0.,0.5),
  .PIECEWISE_BEZIER_KNOTS.);
#466 = CARTESIAN_POINT('',(191.98840805171,-75.28814399024,-0.49));
#467 = CARTESIAN_POINT('',(191.98840805171,-75.28814399024,4.51));
#468 = CARTESIAN_POINT('',(185.91146631994,-74.95794450701,-0.49));
#469 = CARTESIAN_POINT('',(185.91146631994,-74.95794450701,4.51));
#470 = CARTESIAN_POINT('',(185.77387781896,-75.02144192319,-0.49));
#471 = CARTESIAN_POINT('',(185.77387781896,-75.02144192319,4.51));
#472 = CARTESIAN_POINT('',(185.04151942052,-78.41234282752,-0.49));
#473 = CARTESIAN_POINT('',(185.04151942052,-78.41234282752,4.51));
#474 = ADVANCED_FACE('',(#475),#493,.F.);
#475 = FACE_BOUND('',#476,.F.);
#476 = EDGE_LOOP('',(#477,#478,#485,#486));
#477 = ORIENTED_EDGE('',*,*,#377,.F.);
#478 = ORIENTED_EDGE('',*,*,#479,.T.);
#479 = EDGE_CURVE('',#369,#442,#480,.T.);
#480 = B_SPLINE_CURVE_WITH_KNOTS('',3,(#481,#482,#483,#484),
  .UNSPECIFIED.,.F.,.F.,(4,4),(-1.,0.),.PIECEWISE_BEZIER_KNOTS.);
#481 = CARTESIAN_POINT('',(197.21023402013,-80.59674437782,-0.49));
#482 = CARTESIAN_POINT('',(198.16695856847,-75.72629231076,-0.49));
#483 = CARTESIAN_POINT('',(198.06324396886,-75.62045897743,-0.49));
#484 = CARTESIAN_POINT('',(191.98840805171,-75.28814399024,-0.49));
#485 = ORIENTED_EDGE('',*,*,#441,.T.);
#486 = ORIENTED_EDGE('',*,*,#487,.T.);
#487 = EDGE_CURVE('',#444,#378,#488,.T.);
#488 = B_SPLINE_CURVE_WITH_KNOTS('',3,(#489,#490,#491,#492),
  .UNSPECIFIED.,.F.,.F.,(4,4),(0.,1.780991356727),
  .PIECEWISE_BEZIER_KNOTS.);
#489 = CARTESIAN_POINT('',(191.98840805171,-75.28814399024,1.51));
#490 = CARTESIAN_POINT('',(198.06324396886,-75.62045897743,1.51));
#491 = CARTESIAN_POINT('',(198.16695856847,-75.72629231076,1.51));
#492 = CARTESIAN_POINT('',(197.21023402013,-80.59674437782,1.51));
#493 = B_SPLINE_SURFACE_WITH_KNOTS('',3,1,(
    (#494,#495)
    ,(#496,#497)
    ,(#498,#499)
    ,(#500,#501
    )),.UNSPECIFIED.,.F.,.F.,.F.,(4,4),(2,2),(-1.,0.),(0.,0.5),
  .PIECEWISE_BEZIER_KNOTS.);
#494 = CARTESIAN_POINT('',(197.21023402013,-80.59674437782,-0.49));
#495 = CARTESIAN_POINT('',(197.21023402013,-80.59674437782,4.51));
#496 = CARTESIAN_POINT('',(198.16695856847,-75.72629231076,-0.49));
#497 = CARTESIAN_POINT('',(198.16695856847,-75.72629231076,4.51));
#498 = CARTESIAN_POINT('',(198.06324396886,-75.62045897743,-0.49));
#499 = CARTESIAN_POINT('',(198.06324396886,-75.62045897743,4.51));
#500 = CARTESIAN_POINT('',(191.98840805171,-75.28814399024,-0.49));
#501 = CARTESIAN_POINT('',(191.98840805171,-75.28814399024,4.51));
#502 = ADVANCED_FACE('',(#503),#539,.F.);
#503 = FACE_BOUND('',#504,.F.);
#504 = EDGE_LOOP('',(#505,#515,#524,#532));
#505 = ORIENTED_EDGE('',*,*,#506,.F.);
#506 = EDGE_CURVE('',#507,#509,#511,.T.);
#507 = VERTEX_POINT('',#508);
#508 = CARTESIAN_POINT('',(186.60572626867,-105.2008764515,-0.49));
#509 = VERTEX_POINT('',#510);
#510 = CARTESIAN_POINT('',(186.60572626867,-105.2008764515,1.51));
#511 = LINE('',#512,#513);
#512 = CARTESIAN_POINT('',(186.60572626867,-105.2008764515,-0.49));
#513 = VECTOR('',#514,1.);
#514 = DIRECTION('',(0.,0.,1.));
#515 = ORIENTED_EDGE('',*,*,#516,.T.);
#516 = EDGE_CURVE('',#507,#517,#519,.T.);
#517 = VERTEX_POINT('',#518);
#518 = CARTESIAN_POINT('',(190.03896631994,-115.1386267139,-0.49));
#519 = B_SPLINE_CURVE_WITH_KNOTS('',3,(#520,#521,#522,#523),
  .UNSPECIFIED.,.F.,.F.,(4,4),(-1.,0.),.PIECEWISE_BEZIER_KNOTS.);
#520 = CARTESIAN_POINT('',(186.60572626867,-105.2008764515,-0.49));
#521 = CARTESIAN_POINT('',(188.23979965327,-114.9396600351,-0.49));
#522 = CARTESIAN_POINT('',(188.3075345369,-115.1386267139,-0.49));
#523 = CARTESIAN_POINT('',(190.03896631994,-115.1386267139,-0.49));
#524 = ORIENTED_EDGE('',*,*,#525,.T.);
#525 = EDGE_CURVE('',#517,#526,#528,.T.);
#526 = VERTEX_POINT('',#527);
#527 = CARTESIAN_POINT('',(190.03896631994,-115.1386267139,1.51));
#528 = LINE('',#529,#530);
#529 = CARTESIAN_POINT('',(190.03896631994,-115.1386267139,-0.49));
#530 = VECTOR('',#531,1.);
#531 = DIRECTION('',(0.,0.,1.));
#532 = ORIENTED_EDGE('',*,*,#533,.T.);
#533 = EDGE_CURVE('',#526,#509,#534,.T.);
#534 = B_SPLINE_CURVE_WITH_KNOTS('',3,(#535,#536,#537,#538),
  .UNSPECIFIED.,.F.,.F.,(4,4),(0.,0.627466365756),
  .PIECEWISE_BEZIER_KNOTS.);
#535 = CARTESIAN_POINT('',(190.03896631994,-115.1386267139,1.51));
#536 = CARTESIAN_POINT('',(188.3075345369,-115.1386267139,1.51));
#537 = CARTESIAN_POINT('',(188.23979965327,-114.9396600351,1.51));
#538 = CARTESIAN_POINT('',(186.60572626867,-105.2008764515,1.51));
#539 = B_SPLINE_SURFACE_WITH_KNOTS('',3,1,(
    (#540,#541)
    ,(#542,#543)
    ,(#544,#545)
    ,(#546,#547
    )),.UNSPECIFIED.,.F.,.F.,.F.,(4,4),(2,2),(-1.,0.),(0.,0.5),
  .PIECEWISE_BEZIER_KNOTS.);
#540 = CARTESIAN_POINT('',(186.60572626867,-105.2008764515,-0.49));
#541 = CARTESIAN_POINT('',(186.60572626867,-105.2008764515,4.51));
#542 = CARTESIAN_POINT('',(188.23979965327,-114.9396600351,-0.49));
#543 = CARTESIAN_POINT('',(188.23979965327,-114.9396600351,4.51));
#544 = CARTESIAN_POINT('',(188.3075345369,-115.1386267139,-0.49));
#545 = CARTESIAN_POINT('',(188.3075345369,-115.1386267139,4.51));
#546 = CARTESIAN_POINT('',(190.03896631994,-115.1386267139,-0.49));
#547 = CARTESIAN_POINT('',(190.03896631994,-115.1386267139,4.51));
#548 = ADVANCED_FACE('',(#549),#576,.F.);
#549 = FACE_BOUND('',#550,.F.);
#550 = EDGE_LOOP('',(#551,#561,#568,#569));
#551 = ORIENTED_EDGE('',*,*,#552,.F.);
#552 = EDGE_CURVE('',#553,#555,#557,.T.);
#553 = VERTEX_POINT('',#554);
#554 = CARTESIAN_POINT('',(191.54179448563,-97.89414302131,-0.49));
#555 = VERTEX_POINT('',#556);
#556 = CARTESIAN_POINT('',(191.54179448563,-97.89414302131,1.51));
#557 = LINE('',#558,#559);
#558 = CARTESIAN_POINT('',(191.54179448563,-97.89414302131,-0.49));
#559 = VECTOR('',#560,1.);
#560 = DIRECTION('',(0.,0.,1.));
#561 = ORIENTED_EDGE('',*,*,#562,.T.);
#562 = EDGE_CURVE('',#553,#507,#563,.T.);
#563 = B_SPLINE_CURVE_WITH_KNOTS('',3,(#564,#565,#566,#567),
  .UNSPECIFIED.,.F.,.F.,(4,4),(-1.,0.),.PIECEWISE_BEZIER_KNOTS.);
#564 = CARTESIAN_POINT('',(191.54179448563,-97.89414302131,-0.49));
#565 = CARTESIAN_POINT('',(185.07114293534,-95.31604295672,-0.49));
#566 = CARTESIAN_POINT('',(184.97166580317,-95.46209347348,-0.49));
#567 = CARTESIAN_POINT('',(186.60572626867,-105.2008764515,-0.49));
#568 = ORIENTED_EDGE('',*,*,#506,.T.);
#569 = ORIENTED_EDGE('',*,*,#570,.T.);
#570 = EDGE_CURVE('',#509,#555,#571,.T.);
#571 = B_SPLINE_CURVE_WITH_KNOTS('',3,(#572,#573,#574,#575),
  .UNSPECIFIED.,.F.,.F.,(4,4),(0.,3.093617243316),
  .PIECEWISE_BEZIER_KNOTS.);
#572 = CARTESIAN_POINT('',(186.60572626867,-105.2008764515,1.51));
#573 = CARTESIAN_POINT('',(184.97166580317,-95.46209347348,1.51));
#574 = CARTESIAN_POINT('',(185.07114293534,-95.31604295672,1.51));
#575 = CARTESIAN_POINT('',(191.54179448563,-97.89414302131,1.51));
#576 = B_SPLINE_SURFACE_WITH_KNOTS('',3,1,(
    (#577,#578)
    ,(#579,#580)
    ,(#581,#582)
    ,(#583,#584
    )),.UNSPECIFIED.,.F.,.F.,.F.,(4,4),(2,2),(-1.,0.),(0.,0.5),
  .PIECEWISE_BEZIER_KNOTS.);
#577 = CARTESIAN_POINT('',(191.54179448563,-97.89414302131,-0.49));
#578 = CARTESIAN_POINT('',(191.54179448563,-97.89414302131,4.51));
#579 = CARTESIAN_POINT('',(185.07114293534,-95.31604295672,-0.49));
#580 = CARTESIAN_POINT('',(185.07114293534,-95.31604295672,4.51));
#581 = CARTESIAN_POINT('',(184.97166580317,-95.46209347348,-0.49));
#582 = CARTESIAN_POINT('',(184.97166580317,-95.46209347348,4.51));
#583 = CARTESIAN_POINT('',(186.60572626867,-105.2008764515,-0.49));
#584 = CARTESIAN_POINT('',(186.60572626867,-105.2008764515,4.51));
#585 = ADVANCED_FACE('',(#586),#613,.F.);
#586 = FACE_BOUND('',#587,.F.);
#587 = EDGE_LOOP('',(#588,#598,#605,#606));
#588 = ORIENTED_EDGE('',*,*,#589,.F.);
#589 = EDGE_CURVE('',#590,#592,#594,.T.);
#590 = VERTEX_POINT('',#591);
#591 = CARTESIAN_POINT('',(194.97715327062,-107.8318931828,-0.49));
#592 = VERTEX_POINT('',#593);
#593 = CARTESIAN_POINT('',(194.97715327062,-107.8318931828,1.51));
#594 = LINE('',#595,#596);
#595 = CARTESIAN_POINT('',(194.97715327062,-107.8318931828,-0.49));
#596 = VECTOR('',#597,1.);
#597 = DIRECTION('',(0.,0.,1.));
#598 = ORIENTED_EDGE('',*,*,#599,.T.);
#599 = EDGE_CURVE('',#590,#553,#600,.T.);
#600 = B_SPLINE_CURVE_WITH_KNOTS('',3,(#601,#602,#603,#604),
  .UNSPECIFIED.,.F.,.F.,(4,4),(-1.,0.),.PIECEWISE_BEZIER_KNOTS.);
#601 = CARTESIAN_POINT('',(194.97715327062,-107.8318931828,-0.49));
#602 = CARTESIAN_POINT('',(198.08229965327,-100.6733273881,-0.49));
#603 = CARTESIAN_POINT('',(198.01456476965,-100.4743602047,-0.49));
#604 = CARTESIAN_POINT('',(191.54179448563,-97.89414302131,-0.49));
#605 = ORIENTED_EDGE('',*,*,#552,.T.);
#606 = ORIENTED_EDGE('',*,*,#607,.T.);
#607 = EDGE_CURVE('',#555,#592,#608,.T.);
#608 = B_SPLINE_CURVE_WITH_KNOTS('',3,(#609,#610,#611,#612),
  .UNSPECIFIED.,.F.,.F.,(4,4),(0.,2.129288378201),
  .PIECEWISE_BEZIER_KNOTS.);
#609 = CARTESIAN_POINT('',(191.54179448563,-97.89414302131,1.51));
#610 = CARTESIAN_POINT('',(198.01456476965,-100.4743602047,1.51));
#611 = CARTESIAN_POINT('',(198.08229965327,-100.6733273881,1.51));
#612 = CARTESIAN_POINT('',(194.97715327062,-107.8318931828,1.51));
#613 = B_SPLINE_SURFACE_WITH_KNOTS('',3,1,(
    (#614,#615)
    ,(#616,#617)
    ,(#618,#619)
    ,(#620,#621
    )),.UNSPECIFIED.,.F.,.F.,.F.,(4,4),(2,2),(-1.,0.),(0.,0.5),
  .PIECEWISE_BEZIER_KNOTS.);
#614 = CARTESIAN_POINT('',(194.97715327062,-107.8318931828,-0.49));
#615 = CARTESIAN_POINT('',(194.97715327062,-107.8318931828,4.51));
#616 = CARTESIAN_POINT('',(198.08229965327,-100.6733273881,-0.49));
#617 = CARTESIAN_POINT('',(198.08229965327,-100.6733273881,4.51));
#618 = CARTESIAN_POINT('',(198.01456476965,-100.4743602047,-0.49));
#619 = CARTESIAN_POINT('',(198.01456476965,-100.4743602047,4.51));
#620 = CARTESIAN_POINT('',(191.54179448563,-97.89414302131,-0.49));
#621 = CARTESIAN_POINT('',(191.54179448563,-97.89414302131,4.51));
#622 = ADVANCED_FACE('',(#623),#641,.F.);
#623 = FACE_BOUND('',#624,.F.);
#624 = EDGE_LOOP('',(#625,#626,#633,#634));
#625 = ORIENTED_EDGE('',*,*,#525,.F.);
#626 = ORIENTED_EDGE('',*,*,#627,.T.);
#627 = EDGE_CURVE('',#517,#590,#628,.T.);
#628 = B_SPLINE_CURVE_WITH_KNOTS('',3,(#629,#630,#631,#632),
  .UNSPECIFIED.,.F.,.F.,(4,4),(-1.,0.),.PIECEWISE_BEZIER_KNOTS.);
#629 = CARTESIAN_POINT('',(190.03896631994,-115.1386267139,-0.49));
#630 = CARTESIAN_POINT('',(191.7725168367,-115.1386267139,-0.49));
#631 = CARTESIAN_POINT('',(191.86987523514,-114.9925767018,-0.49));
#632 = CARTESIAN_POINT('',(194.97715327062,-107.8318931828,-0.49));
#633 = ORIENTED_EDGE('',*,*,#589,.T.);
#634 = ORIENTED_EDGE('',*,*,#635,.T.);
#635 = EDGE_CURVE('',#592,#526,#636,.T.);
#636 = B_SPLINE_CURVE_WITH_KNOTS('',3,(#637,#638,#639,#640),
  .UNSPECIFIED.,.F.,.F.,(4,4),(0.,2.34724036833),
  .PIECEWISE_BEZIER_KNOTS.);
#637 = CARTESIAN_POINT('',(194.97715327062,-107.8318931828,1.51));
#638 = CARTESIAN_POINT('',(191.86987523514,-114.9925767018,1.51));
#639 = CARTESIAN_POINT('',(191.7725168367,-115.1386267139,1.51));
#640 = CARTESIAN_POINT('',(190.03896631994,-115.1386267139,1.51));
#641 = B_SPLINE_SURFACE_WITH_KNOTS('',3,1,(
    (#642,#643)
    ,(#644,#645)
    ,(#646,#647)
    ,(#648,#649
    )),.UNSPECIFIED.,.F.,.F.,.F.,(4,4),(2,2),(-1.,0.),(0.,0.5),
  .PIECEWISE_BEZIER_KNOTS.);
#642 = CARTESIAN_POINT('',(190.03896631994,-115.1386267139,-0.49));
#643 = CARTESIAN_POINT('',(190.03896631994,-115.1386267139,4.51));
#644 = CARTESIAN_POINT('',(191.7725168367,-115.1386267139,-0.49));
#645 = CARTESIAN_POINT('',(191.7725168367,-115.1386267139,4.51));
#646 = CARTESIAN_POINT('',(191.86987523514,-114.9925767018,-0.49));
#647 = CARTESIAN_POINT('',(191.86987523514,-114.9925767018,4.51));
#648 = CARTESIAN_POINT('',(194.97715327062,-107.8318931828,-0.49));
#649 = CARTESIAN_POINT('',(194.97715327062,-107.8318931828,4.51));
#650 = ADVANCED_FACE('',(#651),#687,.F.);
#651 = FACE_BOUND('',#652,.F.);
#652 = EDGE_LOOP('',(#653,#663,#672,#680));
#653 = ORIENTED_EDGE('',*,*,#654,.F.);
#654 = EDGE_CURVE('',#655,#657,#659,.T.);
#655 = VERTEX_POINT('',#656);
#656 = CARTESIAN_POINT('',(179.81335017004,-83.40979295672,-0.49));
#657 = VERTEX_POINT('',#658);
#658 = CARTESIAN_POINT('',(179.81335017004,-83.40979295672,1.51));
#659 = LINE('',#660,#661);
#660 = CARTESIAN_POINT('',(179.81335017004,-83.40979295672,-0.49));
#661 = VECTOR('',#662,1.);
#662 = DIRECTION('',(0.,0.,1.));
#663 = ORIENTED_EDGE('',*,*,#664,.T.);
#664 = EDGE_CURVE('',#655,#665,#667,.T.);
#665 = VERTEX_POINT('',#666);
#666 = CARTESIAN_POINT('',(182.75550908524,-77.65034476539,-0.49));
#667 = B_SPLINE_CURVE_WITH_KNOTS('',3,(#668,#669,#670,#671),
  .UNSPECIFIED.,.F.,.F.,(4,4),(-1.,0.),.PIECEWISE_BEZIER_KNOTS.);
#668 = CARTESIAN_POINT('',(179.81335017004,-83.40979295672,-0.49));
#669 = CARTESIAN_POINT('',(181.96387781896,-81.15765975257,-0.49));
#670 = CARTESIAN_POINT('',(182.0231506868,-81.04336117368,-0.49));
#671 = CARTESIAN_POINT('',(182.75550908524,-77.65034476539,-0.49));
#672 = ORIENTED_EDGE('',*,*,#673,.T.);
#673 = EDGE_CURVE('',#665,#674,#676,.T.);
#674 = VERTEX_POINT('',#675);
#675 = CARTESIAN_POINT('',(182.75550908524,-77.65034476539,1.51));
#676 = LINE('',#677,#678);
#677 = CARTESIAN_POINT('',(182.75550908524,-77.65034476539,-0.49));
#678 = VECTOR('',#679,1.);
#679 = DIRECTION('',(0.,0.,1.));
#680 = ORIENTED_EDGE('',*,*,#681,.T.);
#681 = EDGE_CURVE('',#674,#657,#682,.T.);
#682 = B_SPLINE_CURVE_WITH_KNOTS('',3,(#683,#684,#685,#686),
  .UNSPECIFIED.,.F.,.F.,(4,4),(0.,1.041713481306),
  .PIECEWISE_BEZIER_KNOTS.);
#683 = CARTESIAN_POINT('',(182.75550908524,-77.65034476539,1.51));
#684 = CARTESIAN_POINT('',(182.0231506868,-81.04336117368,1.51));
#685 = CARTESIAN_POINT('',(181.96387781896,-81.15765975257,1.51));
#686 = CARTESIAN_POINT('',(179.81335017004,-83.40979295672,1.51));
#687 = B_SPLINE_SURFACE_WITH_KNOTS('',3,1,(
    (#688,#689)
    ,(#690,#691)
    ,(#692,#693)
    ,(#694,#695
    )),.UNSPECIFIED.,.F.,.F.,.F.,(4,4),(2,2),(-1.,0.),(0.,0.5),
  .PIECEWISE_BEZIER_KNOTS.);
#688 = CARTESIAN_POINT('',(179.81335017004,-83.40979295672,-0.49));
#689 = CARTESIAN_POINT('',(179.81335017004,-83.40979295672,4.51));
#690 = CARTESIAN_POINT('',(181.96387781896,-81.15765975257,-0.49));
#691 = CARTESIAN_POINT('',(181.96387781896,-81.15765975257,4.51));
#692 = CARTESIAN_POINT('',(182.0231506868,-81.04336117368,-0.49));
#693 = CARTESIAN_POINT('',(182.0231506868,-81.04336117368,4.51));
#694 = CARTESIAN_POINT('',(182.75550908524,-77.65034476539,-0.49));
#695 = CARTESIAN_POINT('',(182.75550908524,-77.65034476539,4.51));
#696 = ADVANCED_FACE('',(#697),#724,.F.);
#697 = FACE_BOUND('',#698,.F.);
#698 = EDGE_LOOP('',(#699,#709,#716,#717));
#699 = ORIENTED_EDGE('',*,*,#700,.F.);
#700 = EDGE_CURVE('',#701,#703,#705,.T.);
#701 = VERTEX_POINT('',#702);
#702 = CARTESIAN_POINT('',(173.0675345369,-87.24307641924,-0.49));
#703 = VERTEX_POINT('',#704);
#704 = CARTESIAN_POINT('',(173.0675345369,-87.24307641924,1.51));
#705 = LINE('',#706,#707);
#706 = CARTESIAN_POINT('',(173.0675345369,-87.24307641924,-0.49));
#707 = VECTOR('',#708,1.);
#708 = DIRECTION('',(0.,0.,1.));
#709 = ORIENTED_EDGE('',*,*,#710,.T.);
#710 = EDGE_CURVE('',#701,#655,#711,.T.);
#711 = B_SPLINE_CURVE_WITH_KNOTS('',3,(#712,#713,#714,#715),
  .UNSPECIFIED.,.F.,.F.,(4,4),(-1.,0.),.PIECEWISE_BEZIER_KNOTS.);
#712 = CARTESIAN_POINT('',(173.0675345369,-87.24307641924,-0.49));
#713 = CARTESIAN_POINT('',(177.52945856847,-85.73812629005,-0.49));
#714 = CARTESIAN_POINT('',(177.662809602,-85.66192616086,-0.49));
#715 = CARTESIAN_POINT('',(179.81335017004,-83.40979295672,-0.49));
#716 = ORIENTED_EDGE('',*,*,#654,.T.);
#717 = ORIENTED_EDGE('',*,*,#718,.T.);
#718 = EDGE_CURVE('',#657,#703,#719,.T.);
#719 = B_SPLINE_CURVE_WITH_KNOTS('',3,(#720,#721,#722,#723),
  .UNSPECIFIED.,.F.,.F.,(4,4),(0.,0.934389263833),
  .PIECEWISE_BEZIER_KNOTS.);
#720 = CARTESIAN_POINT('',(179.81335017004,-83.40979295672,1.51));
#721 = CARTESIAN_POINT('',(177.662809602,-85.66192616086,1.51));
#722 = CARTESIAN_POINT('',(177.52945856847,-85.73812629005,1.51));
#723 = CARTESIAN_POINT('',(173.0675345369,-87.24307641924,1.51));
#724 = B_SPLINE_SURFACE_WITH_KNOTS('',3,1,(
    (#725,#726)
    ,(#727,#728)
    ,(#729,#730)
    ,(#731,#732
    )),.UNSPECIFIED.,.F.,.F.,.F.,(4,4),(2,2),(-1.,0.),(0.,0.5),
  .PIECEWISE_BEZIER_KNOTS.);
#725 = CARTESIAN_POINT('',(173.0675345369,-87.24307641924,-0.49));
#726 = CARTESIAN_POINT('',(173.0675345369,-87.24307641924,4.51));
#727 = CARTESIAN_POINT('',(177.52945856847,-85.73812629005,-0.49));
#728 = CARTESIAN_POINT('',(177.52945856847,-85.73812629005,4.51));
#729 = CARTESIAN_POINT('',(177.662809602,-85.66192616086,-0.49));
#730 = CARTESIAN_POINT('',(177.662809602,-85.66192616086,4.51));
#731 = CARTESIAN_POINT('',(179.81335017004,-83.40979295672,-0.49));
#732 = CARTESIAN_POINT('',(179.81335017004,-83.40979295672,4.51));
#733 = ADVANCED_FACE('',(#734),#761,.F.);
#734 = FACE_BOUND('',#735,.F.);
#735 = EDGE_LOOP('',(#736,#746,#753,#754));
#736 = ORIENTED_EDGE('',*,*,#737,.F.);
#737 = EDGE_CURVE('',#738,#740,#742,.T.);
#738 = VERTEX_POINT('',#739);
#739 = CARTESIAN_POINT('',(165.93648402013,-86.89805871905,-0.49));
#740 = VERTEX_POINT('',#741);
#741 = CARTESIAN_POINT('',(165.93648402013,-86.89805871905,1.51));
#742 = LINE('',#743,#744);
#743 = CARTESIAN_POINT('',(165.93648402013,-86.89805871905,-0.49));
#744 = VECTOR('',#745,1.);
#745 = DIRECTION('',(0.,0.,1.));
#746 = ORIENTED_EDGE('',*,*,#747,.T.);
#747 = EDGE_CURVE('',#738,#701,#748,.T.);
#748 = B_SPLINE_CURVE_WITH_KNOTS('',3,(#749,#750,#751,#752),
  .UNSPECIFIED.,.F.,.F.,(4,4),(-1.,0.),.PIECEWISE_BEZIER_KNOTS.);
#749 = CARTESIAN_POINT('',(165.93648402013,-86.89805871905,-0.49));
#750 = CARTESIAN_POINT('',(168.4637845369,-88.74167680681,-0.49));
#751 = CARTESIAN_POINT('',(168.60771631994,-88.75014205238,-0.49));
#752 = CARTESIAN_POINT('',(173.0675345369,-87.24307641924,-0.49));
#753 = ORIENTED_EDGE('',*,*,#700,.T.);
#754 = ORIENTED_EDGE('',*,*,#755,.T.);
#755 = EDGE_CURVE('',#703,#740,#756,.T.);
#756 = B_SPLINE_CURVE_WITH_KNOTS('',3,(#757,#758,#759,#760),
  .UNSPECIFIED.,.F.,.F.,(4,4),(0.,1.432636568581),
  .PIECEWISE_BEZIER_KNOTS.);
#757 = CARTESIAN_POINT('',(173.0675345369,-87.24307641924,1.51));
#758 = CARTESIAN_POINT('',(168.60771631994,-88.75014205238,1.51));
#759 = CARTESIAN_POINT('',(168.4637845369,-88.74167680681,1.51));
#760 = CARTESIAN_POINT('',(165.93648402013,-86.89805871905,1.51));
#761 = B_SPLINE_SURFACE_WITH_KNOTS('',3,1,(
    (#762,#763)
    ,(#764,#765)
    ,(#766,#767)
    ,(#768,#769
    )),.UNSPECIFIED.,.F.,.F.,.F.,(4,4),(2,2),(-1.,0.),(0.,0.5),
  .PIECEWISE_BEZIER_KNOTS.);
#762 = CARTESIAN_POINT('',(165.93648402013,-86.89805871905,-0.49));
#763 = CARTESIAN_POINT('',(165.93648402013,-86.89805871905,4.51));
#764 = CARTESIAN_POINT('',(168.4637845369,-88.74167680681,-0.49));
#765 = CARTESIAN_POINT('',(168.4637845369,-88.74167680681,4.51));
#766 = CARTESIAN_POINT('',(168.60771631994,-88.75014205238,-0.49));
#767 = CARTESIAN_POINT('',(168.60771631994,-88.75014205238,4.51));
#768 = CARTESIAN_POINT('',(173.0675345369,-87.24307641924,-0.49));
#769 = CARTESIAN_POINT('',(173.0675345369,-87.24307641924,4.51));
#770 = ADVANCED_FACE('',(#771),#806,.F.);
#771 = FACE_BOUND('',#772,.F.);
#772 = EDGE_LOOP('',(#773,#783,#790,#791));
#773 = ORIENTED_EDGE('',*,*,#774,.F.);
#774 = EDGE_CURVE('',#775,#777,#779,.T.);
#775 = VERTEX_POINT('',#776);
#776 = CARTESIAN_POINT('',(167.90921890376,-72.87091104448,-0.49));
#777 = VERTEX_POINT('',#778);
#778 = CARTESIAN_POINT('',(167.90921890376,-72.87091104448,1.51));
#779 = LINE('',#780,#781);
#780 = CARTESIAN_POINT('',(167.90921890376,-72.87091104448,-0.49));
#781 = VECTOR('',#782,1.);
#782 = DIRECTION('',(0.,0.,1.));
#783 = ORIENTED_EDGE('',*,*,#784,.T.);
#784 = EDGE_CURVE('',#775,#738,#785,.T.);
#785 = B_SPLINE_CURVE_WITH_KNOTS('',3,(#786,#787,#788,#789),
  .UNSPECIFIED.,.F.,.F.,(4,4),(-1.,0.),.PIECEWISE_BEZIER_KNOTS.);
#786 = CARTESIAN_POINT('',(167.90921890376,-72.87091104448,-0.49));
#787 = CARTESIAN_POINT('',(163.4494006868,-84.77292680681,-0.49));
#788 = CARTESIAN_POINT('',(163.40918350337,-85.05232512733,-0.49));
#789 = CARTESIAN_POINT('',(165.93648402013,-86.89805871905,-0.49));
#790 = ORIENTED_EDGE('',*,*,#737,.T.);
#791 = ORIENTED_EDGE('',*,*,#792,.T.);
#792 = EDGE_CURVE('',#740,#777,#793,.T.);
#793 = B_SPLINE_CURVE_WITH_KNOTS('',3,(#794,#795,#796,#797,#798,#799,
    #800,#801,#802,#803,#804,#805),.UNSPECIFIED.,.F.,.F.,(4,2,2,2,2,4),(
    0.,0.231608946021,0.346707962346,0.470777412047,0.716047714308,
    0.970480198151),.UNSPECIFIED.);
#794 = CARTESIAN_POINT('',(165.93648402013,-86.89805871905,1.51));
#795 = CARTESIAN_POINT('',(165.31302007038,-86.44273164272,1.51));
#796 = CARTESIAN_POINT('',(164.84576995237,-86.08271982784,1.51));
#797 = CARTESIAN_POINT('',(164.42186751499,-85.38997118407,1.51));
#798 = CARTESIAN_POINT('',(164.32742737628,-85.13639578865,1.51));
#799 = CARTESIAN_POINT('',(164.23078053125,-84.50809288858,1.51));
#800 = CARTESIAN_POINT('',(164.23625772614,-84.12518531461,1.51));
#801 = CARTESIAN_POINT('',(164.43615248821,-82.71196255641,1.51));
#802 = CARTESIAN_POINT('',(164.80481888482,-81.44950383857,1.51));
#803 = CARTESIAN_POINT('',(166.03371645287,-77.87755540604,1.51));
#804 = CARTESIAN_POINT('',(167.064101932,-75.12629344564,1.51));
#805 = CARTESIAN_POINT('',(167.90921890376,-72.87091104448,1.51));
#806 = B_SPLINE_SURFACE_WITH_KNOTS('',3,1,(
    (#807,#808)
    ,(#809,#810)
    ,(#811,#812)
    ,(#813,#814
    )),.UNSPECIFIED.,.F.,.F.,.F.,(4,4),(2,2),(-1.,0.),(0.,0.5),
  .PIECEWISE_BEZIER_KNOTS.);
#807 = CARTESIAN_POINT('',(167.90921890376,-72.87091104448,-0.49));
#808 = CARTESIAN_POINT('',(167.90921890376,-72.87091104448,4.51));
#809 = CARTESIAN_POINT('',(163.4494006868,-84.77292680681,-0.49));
#810 = CARTESIAN_POINT('',(163.4494006868,-84.77292680681,4.51));
#811 = CARTESIAN_POINT('',(163.40918350337,-85.05232512733,-0.49));
#812 = CARTESIAN_POINT('',(163.40918350337,-85.05232512733,4.51));
#813 = CARTESIAN_POINT('',(165.93648402013,-86.89805871905,-0.49));
#814 = CARTESIAN_POINT('',(165.93648402013,-86.89805871905,4.51));
#815 = ADVANCED_FACE('',(#816),#843,.F.);
#816 = FACE_BOUND('',#817,.F.);
#817 = EDGE_LOOP('',(#818,#828,#835,#836));
#818 = ORIENTED_EDGE('',*,*,#819,.F.);
#819 = EDGE_CURVE('',#820,#822,#824,.T.);
#820 = VERTEX_POINT('',#821);
#821 = CARTESIAN_POINT('',(175.84248143631,-60.06719644488,-0.49));
#822 = VERTEX_POINT('',#823);
#823 = CARTESIAN_POINT('',(175.84248143631,-60.06719644488,1.51));
#824 = LINE('',#825,#826);
#825 = CARTESIAN_POINT('',(175.84248143631,-60.06719644488,-0.49));
#826 = VECTOR('',#827,1.);
#827 = DIRECTION('',(0.,0.,1.));
#828 = ORIENTED_EDGE('',*,*,#829,.T.);
#829 = EDGE_CURVE('',#820,#775,#830,.T.);
#830 = B_SPLINE_CURVE_WITH_KNOTS('',3,(#831,#832,#833,#834),
  .UNSPECIFIED.,.F.,.F.,(4,4),(-1.,0.),.PIECEWISE_BEZIER_KNOTS.);
#831 = CARTESIAN_POINT('',(175.84248143631,-60.06719644488,-0.49));
#832 = CARTESIAN_POINT('',(172.52989293534,-60.71277719439,-0.49));
#833 = CARTESIAN_POINT('',(172.37114293534,-60.96889205238,-0.49));
#834 = CARTESIAN_POINT('',(167.90921890376,-72.87091104448,-0.49));
#835 = ORIENTED_EDGE('',*,*,#774,.T.);
#836 = ORIENTED_EDGE('',*,*,#837,.T.);
#837 = EDGE_CURVE('',#777,#822,#838,.T.);
#838 = B_SPLINE_CURVE_WITH_KNOTS('',3,(#839,#840,#841,#842),
  .UNSPECIFIED.,.F.,.F.,(4,4),(0.,3.848125763469),
  .PIECEWISE_BEZIER_KNOTS.);
#839 = CARTESIAN_POINT('',(167.90921890376,-72.87091104448,1.51));
#840 = CARTESIAN_POINT('',(172.37114293534,-60.96889205238,1.51));
#841 = CARTESIAN_POINT('',(172.52989293534,-60.71277719439,1.51));
#842 = CARTESIAN_POINT('',(175.84248143631,-60.06719644488,1.51));
#843 = B_SPLINE_SURFACE_WITH_KNOTS('',3,1,(
    (#844,#845)
    ,(#846,#847)
    ,(#848,#849)
    ,(#850,#851
    )),.UNSPECIFIED.,.F.,.F.,.F.,(4,4),(2,2),(-1.,0.),(0.,0.5),
  .PIECEWISE_BEZIER_KNOTS.);
#844 = CARTESIAN_POINT('',(175.84248143631,-60.06719644488,-0.49));
#845 = CARTESIAN_POINT('',(175.84248143631,-60.06719644488,4.51));
#846 = CARTESIAN_POINT('',(172.52989293534,-60.71277719439,-0.49));
#847 = CARTESIAN_POINT('',(172.52989293534,-60.71277719439,4.51));
#848 = CARTESIAN_POINT('',(172.37114293534,-60.96889205238,-0.49));
#849 = CARTESIAN_POINT('',(172.37114293534,-60.96889205238,4.51));
#850 = CARTESIAN_POINT('',(167.90921890376,-72.87091104448,-0.49));
#851 = CARTESIAN_POINT('',(167.90921890376,-72.87091104448,4.51));
#852 = ADVANCED_FACE('',(#853),#880,.F.);
#853 = FACE_BOUND('',#854,.F.);
#854 = EDGE_LOOP('',(#855,#865,#872,#873));
#855 = ORIENTED_EDGE('',*,*,#856,.F.);
#856 = EDGE_CURVE('',#857,#859,#861,.T.);
#857 = VERTEX_POINT('',#858);
#858 = CARTESIAN_POINT('',(179.84509241857,-59.94442616086,-0.49));
#859 = VERTEX_POINT('',#860);
#860 = CARTESIAN_POINT('',(179.84509241857,-59.94442616086,1.51));
#861 = LINE('',#862,#863);
#862 = CARTESIAN_POINT('',(179.84509241857,-59.94442616086,-0.49));
#863 = VECTOR('',#864,1.);
#864 = DIRECTION('',(0.,0.,1.));
#865 = ORIENTED_EDGE('',*,*,#866,.T.);
#866 = EDGE_CURVE('',#857,#820,#867,.T.);
#867 = B_SPLINE_CURVE_WITH_KNOTS('',3,(#868,#869,#870,#871),
  .UNSPECIFIED.,.F.,.F.,(4,4),(-1.,0.),.PIECEWISE_BEZIER_KNOTS.);
#868 = CARTESIAN_POINT('',(179.84509241857,-59.94442616086,-0.49));
#869 = CARTESIAN_POINT('',(179.23761011877,-59.41949050209,-0.49));
#870 = CARTESIAN_POINT('',(179.1571757519,-59.42160923581,-0.49));
#871 = CARTESIAN_POINT('',(175.84248143631,-60.06719644488,-0.49));
#872 = ORIENTED_EDGE('',*,*,#819,.T.);
#873 = ORIENTED_EDGE('',*,*,#874,.T.);
#874 = EDGE_CURVE('',#822,#859,#875,.T.);
#875 = B_SPLINE_CURVE_WITH_KNOTS('',3,(#876,#877,#878,#879),
  .UNSPECIFIED.,.F.,.F.,(4,4),(0.,1.014354956154),
  .PIECEWISE_BEZIER_KNOTS.);
#876 = CARTESIAN_POINT('',(175.84248143631,-60.06719644488,1.51));
#877 = CARTESIAN_POINT('',(179.1571757519,-59.42160923581,1.51));
#878 = CARTESIAN_POINT('',(179.23761011877,-59.41949050209,1.51));
#879 = CARTESIAN_POINT('',(179.84509241857,-59.94442616086,1.51));
#880 = B_SPLINE_SURFACE_WITH_KNOTS('',3,1,(
    (#881,#882)
    ,(#883,#884)
    ,(#885,#886)
    ,(#887,#888
    )),.UNSPECIFIED.,.F.,.F.,.F.,(4,4),(2,2),(-1.,0.),(0.,0.5),
  .PIECEWISE_BEZIER_KNOTS.);
#881 = CARTESIAN_POINT('',(179.84509241857,-59.94442616086,-0.49));
#882 = CARTESIAN_POINT('',(179.84509241857,-59.94442616086,4.51));
#883 = CARTESIAN_POINT('',(179.23761011877,-59.41949050209,-0.49));
#884 = CARTESIAN_POINT('',(179.23761011877,-59.41949050209,4.51));
#885 = CARTESIAN_POINT('',(179.1571757519,-59.42160923581,-0.49));
#886 = CARTESIAN_POINT('',(179.1571757519,-59.42160923581,4.51));
#887 = CARTESIAN_POINT('',(175.84248143631,-60.06719644488,-0.49));
#888 = CARTESIAN_POINT('',(175.84248143631,-60.06719644488,4.51));
#889 = ADVANCED_FACE('',(#890),#917,.F.);
#890 = FACE_BOUND('',#891,.F.);
#891 = EDGE_LOOP('',(#892,#902,#909,#910));
#892 = ORIENTED_EDGE('',*,*,#893,.F.);
#893 = EDGE_CURVE('',#894,#896,#898,.T.);
#894 = VERTEX_POINT('',#895);
#895 = CARTESIAN_POINT('',(181.98505223709,-67.33582577329,-0.49));
#896 = VERTEX_POINT('',#897);
#897 = CARTESIAN_POINT('',(181.98505223709,-67.33582577329,1.51));
#898 = LINE('',#899,#900);
#899 = CARTESIAN_POINT('',(181.98505223709,-67.33582577329,-0.49));
#900 = VECTOR('',#901,1.);
#901 = DIRECTION('',(0.,0.,1.));
#902 = ORIENTED_EDGE('',*,*,#903,.T.);
#903 = EDGE_CURVE('',#894,#857,#904,.T.);
#904 = B_SPLINE_CURVE_WITH_KNOTS('',3,(#905,#906,#907,#908),
  .UNSPECIFIED.,.F.,.F.,(4,4),(-1.,0.),.PIECEWISE_BEZIER_KNOTS.);
#905 = CARTESIAN_POINT('',(181.98505223709,-67.33582577329,-0.49));
#906 = CARTESIAN_POINT('',(180.49491063553,-60.61964334429,-0.49));
#907 = CARTESIAN_POINT('',(180.45257471838,-60.4714740938,-0.49));
#908 = CARTESIAN_POINT('',(179.84509241857,-59.94442616086,-0.49));
#909 = ORIENTED_EDGE('',*,*,#856,.T.);
#910 = ORIENTED_EDGE('',*,*,#911,.T.);
#911 = EDGE_CURVE('',#859,#896,#912,.T.);
#912 = B_SPLINE_CURVE_WITH_KNOTS('',3,(#913,#914,#915,#916),
  .UNSPECIFIED.,.F.,.F.,(4,4),(0.,0.246283903654),
  .PIECEWISE_BEZIER_KNOTS.);
#913 = CARTESIAN_POINT('',(179.84509241857,-59.94442616086,1.51));
#914 = CARTESIAN_POINT('',(180.45257471838,-60.4714740938,1.51));
#915 = CARTESIAN_POINT('',(180.49491063553,-60.61964334429,1.51));
#916 = CARTESIAN_POINT('',(181.98505223709,-67.33582577329,1.51));
#917 = B_SPLINE_SURFACE_WITH_KNOTS('',3,1,(
    (#918,#919)
    ,(#920,#921)
    ,(#922,#923)
    ,(#924,#925
    )),.UNSPECIFIED.,.F.,.F.,.F.,(4,4),(2,2),(-1.,0.),(0.,0.5),
  .PIECEWISE_BEZIER_KNOTS.);
#918 = CARTESIAN_POINT('',(181.98505223709,-67.33582577329,-0.49));
#919 = CARTESIAN_POINT('',(181.98505223709,-67.33582577329,4.51));
#920 = CARTESIAN_POINT('',(180.49491063553,-60.61964334429,-0.49));
#921 = CARTESIAN_POINT('',(180.49491063553,-60.61964334429,4.51));
#922 = CARTESIAN_POINT('',(180.45257471838,-60.4714740938,-0.49));
#923 = CARTESIAN_POINT('',(180.45257471838,-60.4714740938,4.51));
#924 = CARTESIAN_POINT('',(179.84509241857,-59.94442616086,-0.49));
#925 = CARTESIAN_POINT('',(179.84509241857,-59.94442616086,4.51));
#926 = ADVANCED_FACE('',(#927),#945,.F.);
#927 = FACE_BOUND('',#928,.F.);
#928 = EDGE_LOOP('',(#929,#930,#937,#938));
#929 = ORIENTED_EDGE('',*,*,#673,.F.);
#930 = ORIENTED_EDGE('',*,*,#931,.T.);
#931 = EDGE_CURVE('',#665,#894,#932,.T.);
#932 = B_SPLINE_CURVE_WITH_KNOTS('',3,(#933,#934,#935,#936),
  .UNSPECIFIED.,.F.,.F.,(4,4),(-1.,0.),.PIECEWISE_BEZIER_KNOTS.);
#933 = CARTESIAN_POINT('',(182.75550908524,-77.65034476539,-0.49));
#934 = CARTESIAN_POINT('',(183.48788040278,-74.25944386105,-0.49));
#935 = CARTESIAN_POINT('',(183.47306218582,-74.05201143206,-0.49));
#936 = CARTESIAN_POINT('',(181.98505223709,-67.33582577329,-0.49));
#937 = ORIENTED_EDGE('',*,*,#893,.T.);
#938 = ORIENTED_EDGE('',*,*,#939,.T.);
#939 = EDGE_CURVE('',#896,#674,#940,.T.);
#940 = B_SPLINE_CURVE_WITH_KNOTS('',3,(#941,#942,#943,#944),
  .UNSPECIFIED.,.F.,.F.,(4,4),(0.,2.057892528573),
  .PIECEWISE_BEZIER_KNOTS.);
#941 = CARTESIAN_POINT('',(181.98505223709,-67.33582577329,1.51));
#942 = CARTESIAN_POINT('',(183.47306218582,-74.05201143206,1.51));
#943 = CARTESIAN_POINT('',(183.48788040278,-74.25944386105,1.51));
#944 = CARTESIAN_POINT('',(182.75550908524,-77.65034476539,1.51));
#945 = B_SPLINE_SURFACE_WITH_KNOTS('',3,1,(
    (#946,#947)
    ,(#948,#949)
    ,(#950,#951)
    ,(#952,#953
    )),.UNSPECIFIED.,.F.,.F.,.F.,(4,4),(2,2),(-1.,0.),(0.,0.5),
  .PIECEWISE_BEZIER_KNOTS.);
#946 = CARTESIAN_POINT('',(182.75550908524,-77.65034476539,-0.49));
#947 = CARTESIAN_POINT('',(182.75550908524,-77.65034476539,4.51));
#948 = CARTESIAN_POINT('',(183.48788040278,-74.25944386105,-0.49));
#949 = CARTESIAN_POINT('',(183.48788040278,-74.25944386105,4.51));
#950 = CARTESIAN_POINT('',(183.47306218582,-74.05201143206,-0.49));
#951 = CARTESIAN_POINT('',(183.47306218582,-74.05201143206,4.51));
#952 = CARTESIAN_POINT('',(181.98505223709,-67.33582577329,-0.49));
#953 = CARTESIAN_POINT('',(181.98505223709,-67.33582577329,4.51));
#954 = ADVANCED_FACE('',(#955),#991,.F.);
#955 = FACE_BOUND('',#956,.F.);
#956 = EDGE_LOOP('',(#957,#967,#976,#984));
#957 = ORIENTED_EDGE('',*,*,#958,.F.);
#958 = EDGE_CURVE('',#959,#961,#963,.T.);
#959 = VERTEX_POINT('',#960);
#960 = CARTESIAN_POINT('',(110.05192897902,-89.13800420417,-0.49));
#961 = VERTEX_POINT('',#962);
#962 = CARTESIAN_POINT('',(110.05192897902,-89.13800420417,1.51));
#963 = LINE('',#964,#965);
#964 = CARTESIAN_POINT('',(110.05192897902,-89.13800420417,-0.49));
#965 = VECTOR('',#966,1.);
#966 = DIRECTION('',(0.,0.,1.));
#967 = ORIENTED_EDGE('',*,*,#968,.T.);
#968 = EDGE_CURVE('',#959,#969,#971,.T.);
#969 = VERTEX_POINT('',#970);
#970 = CARTESIAN_POINT('',(110.76556218582,-89.20946156125,-0.49));
#971 = B_SPLINE_CURVE_WITH_KNOTS('',3,(#972,#973,#974,#975),
  .UNSPECIFIED.,.F.,.F.,(4,4),(-6.844030210571E-02,0.),
  .PIECEWISE_BEZIER_KNOTS.);
#972 = CARTESIAN_POINT('',(110.05192897902,-89.13800420417,-0.49));
#973 = CARTESIAN_POINT('',(110.27397981476,-89.16146618027,-0.49));
#974 = CARTESIAN_POINT('',(110.51132375041,-89.18483428237,-0.49));
#975 = CARTESIAN_POINT('',(110.76556218582,-89.20946156125,-0.49));
#976 = ORIENTED_EDGE('',*,*,#977,.T.);
#977 = EDGE_CURVE('',#969,#978,#980,.T.);
#978 = VERTEX_POINT('',#979);
#979 = CARTESIAN_POINT('',(110.76556218582,-89.20946156125,1.51));
#980 = LINE('',#981,#982);
#981 = CARTESIAN_POINT('',(110.76556218582,-89.20946156125,-0.49));
#982 = VECTOR('',#983,1.);
#983 = DIRECTION('',(0.,0.,1.));
#984 = ORIENTED_EDGE('',*,*,#985,.T.);
#985 = EDGE_CURVE('',#978,#961,#986,.T.);
#986 = B_SPLINE_CURVE_WITH_KNOTS('',3,(#987,#988,#989,#990),
  .UNSPECIFIED.,.F.,.F.,(4,4),(0.,7.03167148804E-02),
  .PIECEWISE_BEZIER_KNOTS.);
#987 = CARTESIAN_POINT('',(110.76556218582,-89.20946156125,1.51));
#988 = CARTESIAN_POINT('',(110.51132375041,-89.18483428237,1.51));
#989 = CARTESIAN_POINT('',(110.27397981476,-89.16146618027,1.51));
#990 = CARTESIAN_POINT('',(110.05192897902,-89.13800420417,1.51));
#991 = B_SPLINE_SURFACE_WITH_KNOTS('',3,1,(
    (#992,#993)
    ,(#994,#995)
    ,(#996,#997)
    ,(#998,#999
    )),.UNSPECIFIED.,.F.,.F.,.F.,(4,4),(2,2),(-6.844030210571E-02,0.),(
    0.,0.5),.PIECEWISE_BEZIER_KNOTS.);
#992 = CARTESIAN_POINT('',(110.05192897902,-89.13800420417,-0.49));
#993 = CARTESIAN_POINT('',(110.05192897902,-89.13800420417,4.51));
#994 = CARTESIAN_POINT('',(110.27397981476,-89.16146618027,-0.49));
#995 = CARTESIAN_POINT('',(110.27397981476,-89.16146618027,4.51));
#996 = CARTESIAN_POINT('',(110.51132375041,-89.18483428237,-0.49));
#997 = CARTESIAN_POINT('',(110.51132375041,-89.18483428237,4.51));
#998 = CARTESIAN_POINT('',(110.76556218582,-89.20946156125,-0.49));
#999 = CARTESIAN_POINT('',(110.76556218582,-89.20946156125,4.51));
#1000 = ADVANCED_FACE('',(#1001),#1026,.F.);
#1001 = FACE_BOUND('',#1002,.T.);
#1002 = EDGE_LOOP('',(#1003,#1011,#1012,#1020));
#1003 = ORIENTED_EDGE('',*,*,#1004,.F.);
#1004 = EDGE_CURVE('',#961,#1005,#1007,.T.);
#1005 = VERTEX_POINT('',#1006);
#1006 = CARTESIAN_POINT('',(109.35533844713,-87.93147401085,1.51));
#1007 = LINE('',#1008,#1009);
#1008 = CARTESIAN_POINT('',(112.03420723508,-92.57141085839,1.51));
#1009 = VECTOR('',#1010,1.);
#1010 = DIRECTION('',(-0.5,0.866025403784,0.));
#1011 = ORIENTED_EDGE('',*,*,#958,.F.);
#1012 = ORIENTED_EDGE('',*,*,#1013,.F.);
#1013 = EDGE_CURVE('',#1014,#959,#1016,.T.);
#1014 = VERTEX_POINT('',#1015);
#1015 = CARTESIAN_POINT('',(109.35533844713,-87.93147401085,-0.49));
#1016 = LINE('',#1017,#1018);
#1017 = CARTESIAN_POINT('',(112.03420723508,-92.57141085839,-0.49));
#1018 = VECTOR('',#1019,1.);
#1019 = DIRECTION('',(0.5,-0.866025403784,0.));
#1020 = ORIENTED_EDGE('',*,*,#1021,.T.);
#1021 = EDGE_CURVE('',#1014,#1005,#1022,.T.);
#1022 = LINE('',#1023,#1024);
#1023 = CARTESIAN_POINT('',(109.35533844713,-87.93147401085,-0.49));
#1024 = VECTOR('',#1025,1.);
#1025 = DIRECTION('',(0.,0.,1.));
#1026 = PLANE('',#1027);
#1027 = AXIS2_PLACEMENT_3D('',#1028,#1029,#1030);
#1028 = CARTESIAN_POINT('',(109.35533844713,-87.93147401085,-0.49));
#1029 = DIRECTION('',(-0.866025403784,-0.5,0.));
#1030 = DIRECTION('',(0.5,-0.866025403784,0.));
#1031 = ADVANCED_FACE('',(#1032),#1057,.F.);
#1032 = FACE_BOUND('',#1033,.T.);
#1033 = EDGE_LOOP('',(#1034,#1042,#1043,#1051));
#1034 = ORIENTED_EDGE('',*,*,#1035,.F.);
#1035 = EDGE_CURVE('',#1005,#1036,#1038,.T.);
#1036 = VERTEX_POINT('',#1037);
#1037 = CARTESIAN_POINT('',(107.95372401337,-88.74069648148,1.51));
#1038 = LINE('',#1039,#1040);
#1039 = CARTESIAN_POINT('',(111.00011444593,-86.98186214519,1.51));
#1040 = VECTOR('',#1041,1.);
#1041 = DIRECTION('',(-0.866025403784,-0.5,0.));
#1042 = ORIENTED_EDGE('',*,*,#1021,.F.);
#1043 = ORIENTED_EDGE('',*,*,#1044,.F.);
#1044 = EDGE_CURVE('',#1045,#1014,#1047,.T.);
#1045 = VERTEX_POINT('',#1046);
#1046 = CARTESIAN_POINT('',(107.95372401337,-88.74069648148,-0.49));
#1047 = LINE('',#1048,#1049);
#1048 = CARTESIAN_POINT('',(111.00011444593,-86.98186214519,-0.49));
#1049 = VECTOR('',#1050,1.);
#1050 = DIRECTION('',(0.866025403784,0.5,0.));
#1051 = ORIENTED_EDGE('',*,*,#1052,.T.);
#1052 = EDGE_CURVE('',#1045,#1036,#1053,.T.);
#1053 = LINE('',#1054,#1055);
#1054 = CARTESIAN_POINT('',(107.95372401337,-88.74069648148,-0.49));
#1055 = VECTOR('',#1056,1.);
#1056 = DIRECTION('',(0.,0.,1.));
#1057 = PLANE('',#1058);
#1058 = AXIS2_PLACEMENT_3D('',#1059,#1060,#1061);
#1059 = CARTESIAN_POINT('',(107.95372401337,-88.74069648148,-0.49));
#1060 = DIRECTION('',(0.5,-0.866025403784,0.));
#1061 = DIRECTION('',(0.866025403784,0.5,0.));
#1062 = ADVANCED_FACE('',(#1063),#1090,.F.);
#1063 = FACE_BOUND('',#1064,.F.);
#1064 = EDGE_LOOP('',(#1065,#1075,#1082,#1083));
#1065 = ORIENTED_EDGE('',*,*,#1066,.F.);
#1066 = EDGE_CURVE('',#1067,#1069,#1071,.T.);
#1067 = VERTEX_POINT('',#1068);
#1068 = CARTESIAN_POINT('',(105.44637781896,-84.71577590248,-0.49));
#1069 = VERTEX_POINT('',#1070);
#1070 = CARTESIAN_POINT('',(105.44637781896,-84.71577590248,1.51));
#1071 = LINE('',#1072,#1073);
#1072 = CARTESIAN_POINT('',(105.44637781896,-84.71577590248,-0.49));
#1073 = VECTOR('',#1074,1.);
#1074 = DIRECTION('',(0.,0.,1.));
#1075 = ORIENTED_EDGE('',*,*,#1076,.T.);
#1076 = EDGE_CURVE('',#1067,#1045,#1077,.T.);
#1077 = B_SPLINE_CURVE_WITH_KNOTS('',3,(#1078,#1079,#1080,#1081),
  .UNSPECIFIED.,.F.,.F.,(4,4),(-1.,-0.354213022248),
  .PIECEWISE_BEZIER_KNOTS.);
#1078 = CARTESIAN_POINT('',(105.44637781896,-84.71577590248,-0.49));
#1079 = CARTESIAN_POINT('',(106.41278826921,-87.32658585666,-0.49));
#1080 = CARTESIAN_POINT('',(106.80012385416,-88.28932575987,-0.49));
#1081 = CARTESIAN_POINT('',(107.95372401337,-88.74069648148,-0.49));
#1082 = ORIENTED_EDGE('',*,*,#1052,.T.);
#1083 = ORIENTED_EDGE('',*,*,#1084,.T.);
#1084 = EDGE_CURVE('',#1036,#1069,#1085,.T.);
#1085 = B_SPLINE_CURVE_WITH_KNOTS('',3,(#1086,#1087,#1088,#1089),
  .UNSPECIFIED.,.F.,.F.,(4,4),(0.,0.370769575143),
  .PIECEWISE_BEZIER_KNOTS.);
#1086 = CARTESIAN_POINT('',(107.95372401337,-88.74069648148,1.51));
#1087 = CARTESIAN_POINT('',(106.80012385416,-88.28932575987,1.51));
#1088 = CARTESIAN_POINT('',(106.41278826921,-87.32658585666,1.51));
#1089 = CARTESIAN_POINT('',(105.44637781896,-84.71577590248,1.51));
#1090 = B_SPLINE_SURFACE_WITH_KNOTS('',3,1,(
    (#1091,#1092)
    ,(#1093,#1094)
    ,(#1095,#1096)
    ,(#1097,#1098
    )),.UNSPECIFIED.,.F.,.F.,.F.,(4,4),(2,2),(-1.,-0.354213022248),(0.,
    0.5),.PIECEWISE_BEZIER_KNOTS.);
#1091 = CARTESIAN_POINT('',(105.44637781896,-84.71577590248,-0.49));
#1092 = CARTESIAN_POINT('',(105.44637781896,-84.71577590248,4.51));
#1093 = CARTESIAN_POINT('',(106.41278826921,-87.32658585666,-0.49));
#1094 = CARTESIAN_POINT('',(106.41278826921,-87.32658585666,4.51));
#1095 = CARTESIAN_POINT('',(106.80012385416,-88.28932575987,-0.49));
#1096 = CARTESIAN_POINT('',(106.80012385416,-88.28932575987,4.51));
#1097 = CARTESIAN_POINT('',(107.95372401337,-88.74069648148,-0.49));
#1098 = CARTESIAN_POINT('',(107.95372401337,-88.74069648148,4.51));
#1099 = ADVANCED_FACE('',(#1100),#1127,.F.);
#1100 = FACE_BOUND('',#1101,.F.);
#1101 = EDGE_LOOP('',(#1102,#1112,#1119,#1120));
#1102 = ORIENTED_EDGE('',*,*,#1103,.F.);
#1103 = EDGE_CURVE('',#1104,#1106,#1108,.T.);
#1104 = VERTEX_POINT('',#1105);
#1105 = CARTESIAN_POINT('',(108.28059758621,-75.38339334429,-0.49));
#1106 = VERTEX_POINT('',#1107);
#1107 = CARTESIAN_POINT('',(108.28059758621,-75.38339334429,1.51));
#1108 = LINE('',#1109,#1110);
#1109 = CARTESIAN_POINT('',(108.28059758621,-75.38339334429,-0.49));
#1110 = VECTOR('',#1111,1.);
#1111 = DIRECTION('',(0.,0.,1.));
#1112 = ORIENTED_EDGE('',*,*,#1113,.T.);
#1113 = EDGE_CURVE('',#1104,#1067,#1114,.T.);
#1114 = B_SPLINE_CURVE_WITH_KNOTS('',3,(#1115,#1116,#1117,#1118),
  .UNSPECIFIED.,.F.,.F.,(4,4),(-1.,0.),.PIECEWISE_BEZIER_KNOTS.);
#1115 = CARTESIAN_POINT('',(108.28059758621,-75.38339334429,-0.49));
#1116 = CARTESIAN_POINT('',(104.00492833573,-80.48667680681,-0.49));
#1117 = CARTESIAN_POINT('',(103.94989939489,-80.67294450701,-0.49));
#1118 = CARTESIAN_POINT('',(105.44637781896,-84.71577590248,-0.49));
#1119 = ORIENTED_EDGE('',*,*,#1066,.T.);
#1120 = ORIENTED_EDGE('',*,*,#1121,.T.);
#1121 = EDGE_CURVE('',#1069,#1106,#1122,.T.);
#1122 = B_SPLINE_CURVE_WITH_KNOTS('',3,(#1123,#1124,#1125,#1126),
  .UNSPECIFIED.,.F.,.F.,(4,4),(0.,1.271342825074),
  .PIECEWISE_BEZIER_KNOTS.);
#1123 = CARTESIAN_POINT('',(105.44637781896,-84.71577590248,1.51));
#1124 = CARTESIAN_POINT('',(103.94989939489,-80.67294450701,1.51));
#1125 = CARTESIAN_POINT('',(104.00492833573,-80.48667680681,1.51));
#1126 = CARTESIAN_POINT('',(108.28059758621,-75.38339334429,1.51));
#1127 = B_SPLINE_SURFACE_WITH_KNOTS('',3,1,(
    (#1128,#1129)
    ,(#1130,#1131)
    ,(#1132,#1133)
    ,(#1134,#1135
    )),.UNSPECIFIED.,.F.,.F.,.F.,(4,4),(2,2),(-1.,0.),(0.,0.5),
  .PIECEWISE_BEZIER_KNOTS.);
#1128 = CARTESIAN_POINT('',(108.28059758621,-75.38339334429,-0.49));
#1129 = CARTESIAN_POINT('',(108.28059758621,-75.38339334429,4.51));
#1130 = CARTESIAN_POINT('',(104.00492833573,-80.48667680681,-0.49));
#1131 = CARTESIAN_POINT('',(104.00492833573,-80.48667680681,4.51));
#1132 = CARTESIAN_POINT('',(103.94989939489,-80.67294450701,-0.49));
#1133 = CARTESIAN_POINT('',(103.94989939489,-80.67294450701,4.51));
#1134 = CARTESIAN_POINT('',(105.44637781896,-84.71577590248,-0.49));
#1135 = CARTESIAN_POINT('',(105.44637781896,-84.71577590248,4.51));
#1136 = ADVANCED_FACE('',(#1137),#1164,.F.);
#1137 = FACE_BOUND('',#1138,.F.);
#1138 = EDGE_LOOP('',(#1139,#1149,#1156,#1157));
#1139 = ORIENTED_EDGE('',*,*,#1140,.F.);
#1140 = EDGE_CURVE('',#1141,#1143,#1145,.T.);
#1141 = VERTEX_POINT('',#1142);
#1142 = CARTESIAN_POINT('',(116.53559758621,-74.02660923581,-0.49));
#1143 = VERTEX_POINT('',#1144);
#1144 = CARTESIAN_POINT('',(116.53559758621,-74.02660923581,1.51));
#1145 = LINE('',#1146,#1147);
#1146 = CARTESIAN_POINT('',(116.53559758621,-74.02660923581,-0.49));
#1147 = VECTOR('',#1148,1.);
#1148 = DIRECTION('',(0.,0.,1.));
#1149 = ORIENTED_EDGE('',*,*,#1150,.T.);
#1150 = EDGE_CURVE('',#1141,#1104,#1151,.T.);
#1151 = B_SPLINE_CURVE_WITH_KNOTS('',3,(#1152,#1153,#1154,#1155),
  .UNSPECIFIED.,.F.,.F.,(4,4),(-1.,0.),.PIECEWISE_BEZIER_KNOTS.);
#1152 = CARTESIAN_POINT('',(116.53559758621,-74.02660923581,-0.49));
#1153 = CARTESIAN_POINT('',(112.72136657832,-70.25471091529,-0.49));
#1154 = CARTESIAN_POINT('',(112.5562668367,-70.28222538571,-0.49));
#1155 = CARTESIAN_POINT('',(108.28059758621,-75.38339334429,-0.49));
#1156 = ORIENTED_EDGE('',*,*,#1103,.T.);
#1157 = ORIENTED_EDGE('',*,*,#1158,.T.);
#1158 = EDGE_CURVE('',#1106,#1143,#1159,.T.);
#1159 = B_SPLINE_CURVE_WITH_KNOTS('',3,(#1160,#1161,#1162,#1163),
  .UNSPECIFIED.,.F.,.F.,(4,4),(0.,1.749820959671),
  .PIECEWISE_BEZIER_KNOTS.);
#1160 = CARTESIAN_POINT('',(108.28059758621,-75.38339334429,1.51));
#1161 = CARTESIAN_POINT('',(112.5562668367,-70.28222538571,1.51));
#1162 = CARTESIAN_POINT('',(112.72136657832,-70.25471091529,1.51));
#1163 = CARTESIAN_POINT('',(116.53559758621,-74.02660923581,1.51));
#1164 = B_SPLINE_SURFACE_WITH_KNOTS('',3,1,(
    (#1165,#1166)
    ,(#1167,#1168)
    ,(#1169,#1170)
    ,(#1171,#1172
    )),.UNSPECIFIED.,.F.,.F.,.F.,(4,4),(2,2),(-1.,0.),(0.,0.5),
  .PIECEWISE_BEZIER_KNOTS.);
#1165 = CARTESIAN_POINT('',(116.53559758621,-74.02660923581,-0.49));
#1166 = CARTESIAN_POINT('',(116.53559758621,-74.02660923581,4.51));
#1167 = CARTESIAN_POINT('',(112.72136657832,-70.25471091529,-0.49));
#1168 = CARTESIAN_POINT('',(112.72136657832,-70.25471091529,4.51));
#1169 = CARTESIAN_POINT('',(112.5562668367,-70.28222538571,-0.49));
#1170 = CARTESIAN_POINT('',(112.5562668367,-70.28222538571,4.51));
#1171 = CARTESIAN_POINT('',(108.28059758621,-75.38339334429,-0.49));
#1172 = CARTESIAN_POINT('',(108.28059758621,-75.38339334429,4.51));
#1173 = ADVANCED_FACE('',(#1174),#1201,.F.);
#1174 = FACE_BOUND('',#1175,.F.);
#1175 = EDGE_LOOP('',(#1176,#1186,#1193,#1194));
#1176 = ORIENTED_EDGE('',*,*,#1177,.F.);
#1177 = EDGE_CURVE('',#1178,#1180,#1182,.T.);
#1178 = VERTEX_POINT('',#1179);
#1179 = CARTESIAN_POINT('',(117.49021631994,-83.72729295672,-0.49));
#1180 = VERTEX_POINT('',#1181);
#1181 = CARTESIAN_POINT('',(117.49021631994,-83.72729295672,1.51));
#1182 = LINE('',#1183,#1184);
#1183 = CARTESIAN_POINT('',(117.49021631994,-83.72729295672,-0.49));
#1184 = VECTOR('',#1185,1.);
#1185 = DIRECTION('',(0.,0.,1.));
#1186 = ORIENTED_EDGE('',*,*,#1187,.T.);
#1187 = EDGE_CURVE('',#1178,#1141,#1188,.T.);
#1188 = B_SPLINE_CURVE_WITH_KNOTS('',3,(#1189,#1190,#1191,#1192),
  .UNSPECIFIED.,.F.,.F.,(4,4),(-1.,0.),.PIECEWISE_BEZIER_KNOTS.);
#1189 = CARTESIAN_POINT('',(117.49021631994,-83.72729295672,-0.49));
#1190 = CARTESIAN_POINT('',(120.36676554479,-77.99112822792,-0.49));
#1191 = CARTESIAN_POINT('',(120.34771631994,-77.7985107861,-0.49));
#1192 = CARTESIAN_POINT('',(116.53559758621,-74.02660923581,-0.49));
#1193 = ORIENTED_EDGE('',*,*,#1140,.T.);
#1194 = ORIENTED_EDGE('',*,*,#1195,.T.);
#1195 = EDGE_CURVE('',#1143,#1180,#1196,.T.);
#1196 = B_SPLINE_CURVE_WITH_KNOTS('',3,(#1197,#1198,#1199,#1200),
  .UNSPECIFIED.,.F.,.F.,(4,4),(0.,1.696850036165),
  .PIECEWISE_BEZIER_KNOTS.);
#1197 = CARTESIAN_POINT('',(116.53559758621,-74.02660923581,1.51));
#1198 = CARTESIAN_POINT('',(120.34771631994,-77.7985107861,1.51));
#1199 = CARTESIAN_POINT('',(120.36676554479,-77.99112822792,1.51));
#1200 = CARTESIAN_POINT('',(117.49021631994,-83.72729295672,1.51));
#1201 = B_SPLINE_SURFACE_WITH_KNOTS('',3,1,(
    (#1202,#1203)
    ,(#1204,#1205)
    ,(#1206,#1207)
    ,(#1208,#1209
    )),.UNSPECIFIED.,.F.,.F.,.F.,(4,4),(2,2),(-1.,0.),(0.,0.5),
  .PIECEWISE_BEZIER_KNOTS.);
#1202 = CARTESIAN_POINT('',(117.49021631994,-83.72729295672,-0.49));
#1203 = CARTESIAN_POINT('',(117.49021631994,-83.72729295672,4.51));
#1204 = CARTESIAN_POINT('',(120.36676554479,-77.99112822792,-0.49));
#1205 = CARTESIAN_POINT('',(120.36676554479,-77.99112822792,4.51));
#1206 = CARTESIAN_POINT('',(120.34771631994,-77.7985107861,-0.49));
#1207 = CARTESIAN_POINT('',(120.34771631994,-77.7985107861,4.51));
#1208 = CARTESIAN_POINT('',(116.53559758621,-74.02660923581,-0.49));
#1209 = CARTESIAN_POINT('',(116.53559758621,-74.02660923581,4.51));
#1210 = ADVANCED_FACE('',(#1211),#1229,.F.);
#1211 = FACE_BOUND('',#1212,.F.);
#1212 = EDGE_LOOP('',(#1213,#1214,#1221,#1222));
#1213 = ORIENTED_EDGE('',*,*,#977,.F.);
#1214 = ORIENTED_EDGE('',*,*,#1215,.T.);
#1215 = EDGE_CURVE('',#969,#1178,#1216,.T.);
#1216 = B_SPLINE_CURVE_WITH_KNOTS('',3,(#1217,#1218,#1219,#1220),
  .UNSPECIFIED.,.F.,.F.,(4,4),(-1.,0.),.PIECEWISE_BEZIER_KNOTS.);
#1217 = CARTESIAN_POINT('',(110.76556218582,-89.20946156125,-0.49));
#1218 = CARTESIAN_POINT('',(114.47819732783,-89.57140975257,-0.49));
#1219 = CARTESIAN_POINT('',(114.61366709508,-89.46134218157,-0.49));
#1220 = CARTESIAN_POINT('',(117.49021631994,-83.72729295672,-0.49));
#1221 = ORIENTED_EDGE('',*,*,#1177,.T.);
#1222 = ORIENTED_EDGE('',*,*,#1223,.T.);
#1223 = EDGE_CURVE('',#1180,#978,#1224,.T.);
#1224 = B_SPLINE_CURVE_WITH_KNOTS('',3,(#1225,#1226,#1227,#1228),
  .UNSPECIFIED.,.F.,.F.,(4,4),(0.,1.931169367658),
  .PIECEWISE_BEZIER_KNOTS.);
#1225 = CARTESIAN_POINT('',(117.49021631994,-83.72729295672,1.51));
#1226 = CARTESIAN_POINT('',(114.61366709508,-89.46134218157,1.51));
#1227 = CARTESIAN_POINT('',(114.47819732783,-89.57140975257,1.51));
#1228 = CARTESIAN_POINT('',(110.76556218582,-89.20946156125,1.51));
#1229 = B_SPLINE_SURFACE_WITH_KNOTS('',3,1,(
    (#1230,#1231)
    ,(#1232,#1233)
    ,(#1234,#1235)
    ,(#1236,#1237
    )),.UNSPECIFIED.,.F.,.F.,.F.,(4,4),(2,2),(-1.,0.),(0.,0.5),
  .PIECEWISE_BEZIER_KNOTS.);
#1230 = CARTESIAN_POINT('',(110.76556218582,-89.20946156125,-0.49));
#1231 = CARTESIAN_POINT('',(110.76556218582,-89.20946156125,4.51));
#1232 = CARTESIAN_POINT('',(114.47819732783,-89.57140975257,-0.49));
#1233 = CARTESIAN_POINT('',(114.47819732783,-89.57140975257,4.51));
#1234 = CARTESIAN_POINT('',(114.61366709508,-89.46134218157,-0.49));
#1235 = CARTESIAN_POINT('',(114.61366709508,-89.46134218157,4.51));
#1236 = CARTESIAN_POINT('',(117.49021631994,-83.72729295672,-0.49));
#1237 = CARTESIAN_POINT('',(117.49021631994,-83.72729295672,4.51));
#1238 = ADVANCED_FACE('',(#1239),#1275,.F.);
#1239 = FACE_BOUND('',#1240,.F.);
#1240 = EDGE_LOOP('',(#1241,#1251,#1260,#1268));
#1241 = ORIENTED_EDGE('',*,*,#1242,.F.);
#1242 = EDGE_CURVE('',#1243,#1245,#1247,.T.);
#1243 = VERTEX_POINT('',#1244);
#1244 = CARTESIAN_POINT('',(143.55273402013,-72.74814399024,-0.49));
#1245 = VERTEX_POINT('',#1246);
#1246 = CARTESIAN_POINT('',(143.55273402013,-72.74814399024,1.51));
#1247 = LINE('',#1248,#1249);
#1248 = CARTESIAN_POINT('',(143.55273402013,-72.74814399024,-0.49));
#1249 = VECTOR('',#1250,1.);
#1250 = DIRECTION('',(0.,0.,1.));
#1251 = ORIENTED_EDGE('',*,*,#1252,.T.);
#1252 = EDGE_CURVE('',#1243,#1253,#1255,.T.);
#1253 = VERTEX_POINT('',#1254);
#1254 = CARTESIAN_POINT('',(150.92085017004,-63.60626014015,-0.49));
#1255 = B_SPLINE_CURVE_WITH_KNOTS('',3,(#1256,#1257,#1258,#1259),
  .UNSPECIFIED.,.F.,.F.,(4,4),(-1.,0.),.PIECEWISE_BEZIER_KNOTS.);
#1256 = CARTESIAN_POINT('',(143.55273402013,-72.74814399024,-0.49));
#1257 = CARTESIAN_POINT('',(148.69835017004,-72.87091104448,-0.49));
#1258 = CARTESIAN_POINT('',(148.84651296097,-72.68675884824,-0.49));
#1259 = CARTESIAN_POINT('',(150.92085017004,-63.60626014015,-0.49));
#1260 = ORIENTED_EDGE('',*,*,#1261,.T.);
#1261 = EDGE_CURVE('',#1253,#1262,#1264,.T.);
#1262 = VERTEX_POINT('',#1263);
#1263 = CARTESIAN_POINT('',(150.92085017004,-63.60626014015,1.51));
#1264 = LINE('',#1265,#1266);
#1265 = CARTESIAN_POINT('',(150.92085017004,-63.60626014015,-0.49));
#1266 = VECTOR('',#1267,1.);
#1267 = DIRECTION('',(0.,0.,1.));
#1268 = ORIENTED_EDGE('',*,*,#1269,.T.);
#1269 = EDGE_CURVE('',#1262,#1245,#1270,.T.);
#1270 = B_SPLINE_CURVE_WITH_KNOTS('',3,(#1271,#1272,#1273,#1274),
  .UNSPECIFIED.,.F.,.F.,(4,4),(0.,2.859668353594),
  .PIECEWISE_BEZIER_KNOTS.);
#1271 = CARTESIAN_POINT('',(150.92085017004,-63.60626014015,1.51));
#1272 = CARTESIAN_POINT('',(148.84651296097,-72.68675884824,1.51));
#1273 = CARTESIAN_POINT('',(148.69835017004,-72.87091104448,1.51));
#1274 = CARTESIAN_POINT('',(143.55273402013,-72.74814399024,1.51));
#1275 = B_SPLINE_SURFACE_WITH_KNOTS('',3,1,(
    (#1276,#1277)
    ,(#1278,#1279)
    ,(#1280,#1281)
    ,(#1282,#1283
    )),.UNSPECIFIED.,.F.,.F.,.F.,(4,4),(2,2),(-1.,0.),(0.,0.5),
  .PIECEWISE_BEZIER_KNOTS.);
#1276 = CARTESIAN_POINT('',(143.55273402013,-72.74814399024,-0.49));
#1277 = CARTESIAN_POINT('',(143.55273402013,-72.74814399024,4.51));
#1278 = CARTESIAN_POINT('',(148.69835017004,-72.87091104448,-0.49));
#1279 = CARTESIAN_POINT('',(148.69835017004,-72.87091104448,4.51));
#1280 = CARTESIAN_POINT('',(148.84651296097,-72.68675884824,-0.49));
#1281 = CARTESIAN_POINT('',(148.84651296097,-72.68675884824,4.51));
#1282 = CARTESIAN_POINT('',(150.92085017004,-63.60626014015,-0.49));
#1283 = CARTESIAN_POINT('',(150.92085017004,-63.60626014015,4.51));
#1284 = ADVANCED_FACE('',(#1285),#1312,.F.);
#1285 = FACE_BOUND('',#1286,.F.);
#1286 = EDGE_LOOP('',(#1287,#1297,#1304,#1305));
#1287 = ORIENTED_EDGE('',*,*,#1288,.F.);
#1288 = EDGE_CURVE('',#1289,#1291,#1293,.T.);
#1289 = VERTEX_POINT('',#1290);
#1290 = CARTESIAN_POINT('',(142.43089681107,-63.04111052772,-0.49));
#1291 = VERTEX_POINT('',#1292);
#1292 = CARTESIAN_POINT('',(142.43089681107,-63.04111052772,1.51));
#1293 = LINE('',#1294,#1295);
#1294 = CARTESIAN_POINT('',(142.43089681107,-63.04111052772,-0.49));
#1295 = VECTOR('',#1296,1.);
#1296 = DIRECTION('',(0.,0.,1.));
#1297 = ORIENTED_EDGE('',*,*,#1298,.T.);
#1298 = EDGE_CURVE('',#1289,#1243,#1299,.T.);
#1299 = B_SPLINE_CURVE_WITH_KNOTS('',3,(#1300,#1301,#1302,#1303),
  .UNSPECIFIED.,.F.,.F.,(4,4),(-1.,0.),.PIECEWISE_BEZIER_KNOTS.);
#1300 = CARTESIAN_POINT('',(142.43089681107,-63.04111052772,-0.49));
#1301 = CARTESIAN_POINT('',(138.38383117793,-72.43064399024,-0.49));
#1302 = CARTESIAN_POINT('',(138.40711141068,-72.625376936,-0.49));
#1303 = CARTESIAN_POINT('',(143.55273402013,-72.74814399024,-0.49));
#1304 = ORIENTED_EDGE('',*,*,#1242,.T.);
#1305 = ORIENTED_EDGE('',*,*,#1306,.T.);
#1306 = EDGE_CURVE('',#1245,#1291,#1307,.T.);
#1307 = B_SPLINE_CURVE_WITH_KNOTS('',3,(#1308,#1309,#1310,#1311),
  .UNSPECIFIED.,.F.,.F.,(4,4),(0.,1.604377572261),
  .PIECEWISE_BEZIER_KNOTS.);
#1308 = CARTESIAN_POINT('',(143.55273402013,-72.74814399024,1.51));
#1309 = CARTESIAN_POINT('',(138.40711141068,-72.625376936,1.51));
#1310 = CARTESIAN_POINT('',(138.38383117793,-72.43064399024,1.51));
#1311 = CARTESIAN_POINT('',(142.43089681107,-63.04111052772,1.51));
#1312 = B_SPLINE_SURFACE_WITH_KNOTS('',3,1,(
    (#1313,#1314)
    ,(#1315,#1316)
    ,(#1317,#1318)
    ,(#1319,#1320
    )),.UNSPECIFIED.,.F.,.F.,.F.,(4,4),(2,2),(-1.,0.),(0.,0.5),
  .PIECEWISE_BEZIER_KNOTS.);
#1313 = CARTESIAN_POINT('',(142.43089681107,-63.04111052772,-0.49));
#1314 = CARTESIAN_POINT('',(142.43089681107,-63.04111052772,4.51));
#1315 = CARTESIAN_POINT('',(138.38383117793,-72.43064399024,-0.49));
#1316 = CARTESIAN_POINT('',(138.38383117793,-72.43064399024,4.51));
#1317 = CARTESIAN_POINT('',(138.40711141068,-72.625376936,-0.49));
#1318 = CARTESIAN_POINT('',(138.40711141068,-72.625376936,4.51));
#1319 = CARTESIAN_POINT('',(143.55273402013,-72.74814399024,-0.49));
#1320 = CARTESIAN_POINT('',(143.55273402013,-72.74814399024,4.51));
#1321 = ADVANCED_FACE('',(#1322),#1349,.F.);
#1322 = FACE_BOUND('',#1323,.F.);
#1323 = EDGE_LOOP('',(#1324,#1334,#1341,#1342));
#1324 = ORIENTED_EDGE('',*,*,#1325,.F.);
#1325 = EDGE_CURVE('',#1326,#1328,#1330,.T.);
#1326 = VERTEX_POINT('',#1327);
#1327 = CARTESIAN_POINT('',(149.79901942052,-53.89922667762,-0.49));
#1328 = VERTEX_POINT('',#1329);
#1329 = CARTESIAN_POINT('',(149.79901942052,-53.89922667762,1.51));
#1330 = LINE('',#1331,#1332);
#1331 = CARTESIAN_POINT('',(149.79901942052,-53.89922667762,-0.49));
#1332 = VECTOR('',#1333,1.);
#1333 = DIRECTION('',(0.,0.,1.));
#1334 = ORIENTED_EDGE('',*,*,#1335,.T.);
#1335 = EDGE_CURVE('',#1326,#1289,#1336,.T.);
#1336 = B_SPLINE_CURVE_WITH_KNOTS('',3,(#1337,#1338,#1339,#1340),
  .UNSPECIFIED.,.F.,.F.,(4,4),(-1.,0.),.PIECEWISE_BEZIER_KNOTS.);
#1337 = CARTESIAN_POINT('',(149.79901942052,-53.89922667762,-0.49));
#1338 = CARTESIAN_POINT('',(146.62401296097,-53.46954360267,-0.49));
#1339 = CARTESIAN_POINT('',(146.47585017004,-53.65157383542,-0.49));
#1340 = CARTESIAN_POINT('',(142.43089681107,-63.04111052772,-0.49));
#1341 = ORIENTED_EDGE('',*,*,#1288,.T.);
#1342 = ORIENTED_EDGE('',*,*,#1343,.T.);
#1343 = EDGE_CURVE('',#1291,#1328,#1344,.T.);
#1344 = B_SPLINE_CURVE_WITH_KNOTS('',3,(#1345,#1346,#1347,#1348),
  .UNSPECIFIED.,.F.,.F.,(4,4),(0.,3.065994574151),
  .PIECEWISE_BEZIER_KNOTS.);
#1345 = CARTESIAN_POINT('',(142.43089681107,-63.04111052772,1.51));
#1346 = CARTESIAN_POINT('',(146.47585017004,-53.65157383542,1.51));
#1347 = CARTESIAN_POINT('',(146.62401296097,-53.46954360267,1.51));
#1348 = CARTESIAN_POINT('',(149.79901942052,-53.89922667762,1.51));
#1349 = B_SPLINE_SURFACE_WITH_KNOTS('',3,1,(
    (#1350,#1351)
    ,(#1352,#1353)
    ,(#1354,#1355)
    ,(#1356,#1357
    )),.UNSPECIFIED.,.F.,.F.,.F.,(4,4),(2,2),(-1.,0.),(0.,0.5),
  .PIECEWISE_BEZIER_KNOTS.);
#1350 = CARTESIAN_POINT('',(149.79901942052,-53.89922667762,-0.49));
#1351 = CARTESIAN_POINT('',(149.79901942052,-53.89922667762,4.51));
#1352 = CARTESIAN_POINT('',(146.62401296097,-53.46954360267,-0.49));
#1353 = CARTESIAN_POINT('',(146.62401296097,-53.46954360267,4.51));
#1354 = CARTESIAN_POINT('',(146.47585017004,-53.65157383542,-0.49));
#1355 = CARTESIAN_POINT('',(146.47585017004,-53.65157383542,4.51));
#1356 = CARTESIAN_POINT('',(142.43089681107,-63.04111052772,-0.49));
#1357 = CARTESIAN_POINT('',(142.43089681107,-63.04111052772,4.51));
#1358 = ADVANCED_FACE('',(#1359),#1377,.F.);
#1359 = FACE_BOUND('',#1360,.F.);
#1360 = EDGE_LOOP('',(#1361,#1362,#1369,#1370));
#1361 = ORIENTED_EDGE('',*,*,#1261,.F.);
#1362 = ORIENTED_EDGE('',*,*,#1363,.T.);
#1363 = EDGE_CURVE('',#1253,#1326,#1364,.T.);
#1364 = B_SPLINE_CURVE_WITH_KNOTS('',3,(#1365,#1366,#1367,#1368),
  .UNSPECIFIED.,.F.,.F.,(4,4),(-1.,0.),.PIECEWISE_BEZIER_KNOTS.);
#1365 = CARTESIAN_POINT('',(150.92085017004,-63.60626014015,-0.49));
#1366 = CARTESIAN_POINT('',(152.99729965327,-54.52575820228,-0.49));
#1367 = CARTESIAN_POINT('',(152.97401942052,-54.3310284863,-0.49));
#1368 = CARTESIAN_POINT('',(149.79901942052,-53.89922667762,-0.49));
#1369 = ORIENTED_EDGE('',*,*,#1325,.T.);
#1370 = ORIENTED_EDGE('',*,*,#1371,.T.);
#1371 = EDGE_CURVE('',#1328,#1262,#1372,.T.);
#1372 = B_SPLINE_CURVE_WITH_KNOTS('',3,(#1373,#1374,#1375,#1376),
  .UNSPECIFIED.,.F.,.F.,(4,4),(0.,0.995683981317),
  .PIECEWISE_BEZIER_KNOTS.);
#1373 = CARTESIAN_POINT('',(149.79901942052,-53.89922667762,1.51));
#1374 = CARTESIAN_POINT('',(152.97401942052,-54.3310284863,1.51));
#1375 = CARTESIAN_POINT('',(152.99729965327,-54.52575820228,1.51));
#1376 = CARTESIAN_POINT('',(150.92085017004,-63.60626014015,1.51));
#1377 = B_SPLINE_SURFACE_WITH_KNOTS('',3,1,(
    (#1378,#1379)
    ,(#1380,#1381)
    ,(#1382,#1383)
    ,(#1384,#1385
    )),.UNSPECIFIED.,.F.,.F.,.F.,(4,4),(2,2),(-1.,0.),(0.,0.5),
  .PIECEWISE_BEZIER_KNOTS.);
#1378 = CARTESIAN_POINT('',(150.92085017004,-63.60626014015,-0.49));
#1379 = CARTESIAN_POINT('',(150.92085017004,-63.60626014015,4.51));
#1380 = CARTESIAN_POINT('',(152.99729965327,-54.52575820228,-0.49));
#1381 = CARTESIAN_POINT('',(152.99729965327,-54.52575820228,4.51));
#1382 = CARTESIAN_POINT('',(152.97401942052,-54.3310284863,-0.49));
#1383 = CARTESIAN_POINT('',(152.97401942052,-54.3310284863,4.51));
#1384 = CARTESIAN_POINT('',(149.79901942052,-53.89922667762,-0.49));
#1385 = CARTESIAN_POINT('',(149.79901942052,-53.89922667762,4.51));
#1386 = ADVANCED_FACE('',(#1387),#1423,.F.);
#1387 = FACE_BOUND('',#1388,.F.);
#1388 = EDGE_LOOP('',(#1389,#1399,#1408,#1416));
#1389 = ORIENTED_EDGE('',*,*,#1390,.F.);
#1390 = EDGE_CURVE('',#1391,#1393,#1395,.T.);
#1391 = VERTEX_POINT('',#1392);
#1392 = CARTESIAN_POINT('',(142.72722885249,-48.04875691037,-0.49));
#1393 = VERTEX_POINT('',#1394);
#1394 = CARTESIAN_POINT('',(142.72722885249,-48.04875691037,1.51));
#1395 = LINE('',#1396,#1397);
#1396 = CARTESIAN_POINT('',(142.72722885249,-48.04875691037,-0.49));
#1397 = VECTOR('',#1398,1.);
#1398 = DIRECTION('',(0.,0.,1.));
#1399 = ORIENTED_EDGE('',*,*,#1400,.T.);
#1400 = EDGE_CURVE('',#1391,#1401,#1403,.T.);
#1401 = VERTEX_POINT('',#1402);
#1402 = CARTESIAN_POINT('',(150.19695378739,-50.34746026934,-0.49));
#1403 = B_SPLINE_CURVE_WITH_KNOTS('',3,(#1404,#1405,#1406,#1407),
  .UNSPECIFIED.,.F.,.F.,(4,4),(-1.,0.),.PIECEWISE_BEZIER_KNOTS.);
#1404 = CARTESIAN_POINT('',(142.72722885249,-48.04875691037,-0.49));
#1405 = CARTESIAN_POINT('',(146.86531606156,-49.87121026934,-0.49));
#1406 = CARTESIAN_POINT('',(147.01559758621,-49.91777719439,-0.49));
#1407 = CARTESIAN_POINT('',(150.19695378739,-50.34746026934,-0.49));
#1408 = ORIENTED_EDGE('',*,*,#1409,.T.);
#1409 = EDGE_CURVE('',#1401,#1410,#1412,.T.);
#1410 = VERTEX_POINT('',#1411);
#1411 = CARTESIAN_POINT('',(150.19695378739,-50.34746026934,1.51));
#1412 = LINE('',#1413,#1414);
#1413 = CARTESIAN_POINT('',(150.19695378739,-50.34746026934,-0.49));
#1414 = VECTOR('',#1415,1.);
#1415 = DIRECTION('',(0.,0.,1.));
#1416 = ORIENTED_EDGE('',*,*,#1417,.T.);
#1417 = EDGE_CURVE('',#1410,#1393,#1418,.T.);
#1418 = B_SPLINE_CURVE_WITH_KNOTS('',3,(#1419,#1420,#1421,#1422),
  .UNSPECIFIED.,.F.,.F.,(4,4),(0.,0.963232786884),
  .PIECEWISE_BEZIER_KNOTS.);
#1419 = CARTESIAN_POINT('',(150.19695378739,-50.34746026934,1.51));
#1420 = CARTESIAN_POINT('',(147.01559758621,-49.91777719439,1.51));
#1421 = CARTESIAN_POINT('',(146.86531606156,-49.87121026934,1.51));
#1422 = CARTESIAN_POINT('',(142.72722885249,-48.04875691037,1.51));
#1423 = B_SPLINE_SURFACE_WITH_KNOTS('',3,1,(
    (#1424,#1425)
    ,(#1426,#1427)
    ,(#1428,#1429)
    ,(#1430,#1431
    )),.UNSPECIFIED.,.F.,.F.,.F.,(4,4),(2,2),(-1.,0.),(0.,0.5),
  .PIECEWISE_BEZIER_KNOTS.);
#1424 = CARTESIAN_POINT('',(142.72722885249,-48.04875691037,-0.49));
#1425 = CARTESIAN_POINT('',(142.72722885249,-48.04875691037,4.51));
#1426 = CARTESIAN_POINT('',(146.86531606156,-49.87121026934,-0.49));
#1427 = CARTESIAN_POINT('',(146.86531606156,-49.87121026934,4.51));
#1428 = CARTESIAN_POINT('',(147.01559758621,-49.91777719439,-0.49));
#1429 = CARTESIAN_POINT('',(147.01559758621,-49.91777719439,4.51));
#1430 = CARTESIAN_POINT('',(150.19695378739,-50.34746026934,-0.49));
#1431 = CARTESIAN_POINT('',(150.19695378739,-50.34746026934,4.51));
#1432 = ADVANCED_FACE('',(#1433),#1460,.F.);
#1433 = FACE_BOUND('',#1434,.F.);
#1434 = EDGE_LOOP('',(#1435,#1445,#1452,#1453));
#1435 = ORIENTED_EDGE('',*,*,#1436,.F.);
#1436 = EDGE_CURVE('',#1437,#1439,#1441,.T.);
#1437 = VERTEX_POINT('',#1438);
#1438 = CARTESIAN_POINT('',(137.98801554479,-45.53204360267,-0.49));
#1439 = VERTEX_POINT('',#1440);
#1440 = CARTESIAN_POINT('',(137.98801554479,-45.53204360267,1.51));
#1441 = LINE('',#1442,#1443);
#1442 = CARTESIAN_POINT('',(137.98801554479,-45.53204360267,-0.49));
#1443 = VECTOR('',#1444,1.);
#1444 = DIRECTION('',(0.,0.,1.));
#1445 = ORIENTED_EDGE('',*,*,#1446,.T.);
#1446 = EDGE_CURVE('',#1437,#1391,#1447,.T.);
#1447 = B_SPLINE_CURVE_WITH_KNOTS('',3,(#1448,#1449,#1450,#1451),
  .UNSPECIFIED.,.F.,.F.,(4,4),(-1.,0.),.PIECEWISE_BEZIER_KNOTS.);
#1448 = CARTESIAN_POINT('',(137.98801554479,-45.53204360267,-0.49));
#1449 = CARTESIAN_POINT('',(138.49178324499,-46.17551207801,-0.49));
#1450 = CARTESIAN_POINT('',(138.58702936925,-46.22631001096,-0.49));
#1451 = CARTESIAN_POINT('',(142.72722885249,-48.04875691037,-0.49));
#1452 = ORIENTED_EDGE('',*,*,#1390,.T.);
#1453 = ORIENTED_EDGE('',*,*,#1454,.T.);
#1454 = EDGE_CURVE('',#1393,#1439,#1455,.T.);
#1455 = B_SPLINE_CURVE_WITH_KNOTS('',3,(#1456,#1457,#1458,#1459),
  .UNSPECIFIED.,.F.,.F.,(4,4),(0.,1.357639290764),
  .PIECEWISE_BEZIER_KNOTS.);
#1456 = CARTESIAN_POINT('',(142.72722885249,-48.04875691037,1.51));
#1457 = CARTESIAN_POINT('',(138.58702936925,-46.22631001096,1.51));
#1458 = CARTESIAN_POINT('',(138.49178324499,-46.17551207801,1.51));
#1459 = CARTESIAN_POINT('',(137.98801554479,-45.53204360267,1.51));
#1460 = B_SPLINE_SURFACE_WITH_KNOTS('',3,1,(
    (#1461,#1462)
    ,(#1463,#1464)
    ,(#1465,#1466)
    ,(#1467,#1468
    )),.UNSPECIFIED.,.F.,.F.,.F.,(4,4),(2,2),(-1.,0.),(0.,0.5),
  .PIECEWISE_BEZIER_KNOTS.);
#1461 = CARTESIAN_POINT('',(137.98801554479,-45.53204360267,-0.49));
#1462 = CARTESIAN_POINT('',(137.98801554479,-45.53204360267,4.51));
#1463 = CARTESIAN_POINT('',(138.49178324499,-46.17551207801,-0.49));
#1464 = CARTESIAN_POINT('',(138.49178324499,-46.17551207801,4.51));
#1465 = CARTESIAN_POINT('',(138.58702936925,-46.22631001096,-0.49));
#1466 = CARTESIAN_POINT('',(138.58702936925,-46.22631001096,4.51));
#1467 = CARTESIAN_POINT('',(142.72722885249,-48.04875691037,-0.49));
#1468 = CARTESIAN_POINT('',(142.72722885249,-48.04875691037,4.51));
#1469 = ADVANCED_FACE('',(#1470),#1497,.F.);
#1470 = FACE_BOUND('',#1471,.F.);
#1471 = EDGE_LOOP('',(#1472,#1482,#1489,#1490));
#1472 = ORIENTED_EDGE('',*,*,#1473,.F.);
#1473 = EDGE_CURVE('',#1474,#1476,#1478,.T.);
#1474 = VERTEX_POINT('',#1475);
#1475 = CARTESIAN_POINT('',(137.28528066117,-42.32529489458,-0.49));
#1476 = VERTEX_POINT('',#1477);
#1477 = CARTESIAN_POINT('',(137.28528066117,-42.32529489458,1.51));
#1478 = LINE('',#1479,#1480);
#1479 = CARTESIAN_POINT('',(137.28528066117,-42.32529489458,-0.49));
#1480 = VECTOR('',#1481,1.);
#1481 = DIRECTION('',(0.,0.,1.));
#1482 = ORIENTED_EDGE('',*,*,#1483,.T.);
#1483 = EDGE_CURVE('',#1474,#1437,#1484,.T.);
#1484 = B_SPLINE_CURVE_WITH_KNOTS('',3,(#1485,#1486,#1487,#1488),
  .UNSPECIFIED.,.F.,.F.,(4,4),(-1.,0.),.PIECEWISE_BEZIER_KNOTS.);
#1485 = CARTESIAN_POINT('',(137.28528066117,-42.32529489458,-0.49));
#1486 = CARTESIAN_POINT('',(137.46731735347,-44.82719644488,-0.49));
#1487 = CARTESIAN_POINT('',(137.48212911087,-44.89069386105,-0.49));
#1488 = CARTESIAN_POINT('',(137.98801554479,-45.53204360267,-0.49));
#1489 = ORIENTED_EDGE('',*,*,#1436,.T.);
#1490 = ORIENTED_EDGE('',*,*,#1491,.T.);
#1491 = EDGE_CURVE('',#1439,#1476,#1492,.T.);
#1492 = B_SPLINE_CURVE_WITH_KNOTS('',3,(#1493,#1494,#1495,#1496),
  .UNSPECIFIED.,.F.,.F.,(4,4),(0.,0.245051780692),
  .PIECEWISE_BEZIER_KNOTS.);
#1493 = CARTESIAN_POINT('',(137.98801554479,-45.53204360267,1.51));
#1494 = CARTESIAN_POINT('',(137.48212911087,-44.89069386105,1.51));
#1495 = CARTESIAN_POINT('',(137.46731735347,-44.82719644488,1.51));
#1496 = CARTESIAN_POINT('',(137.28528066117,-42.32529489458,1.51));
#1497 = B_SPLINE_SURFACE_WITH_KNOTS('',3,1,(
    (#1498,#1499)
    ,(#1500,#1501)
    ,(#1502,#1503)
    ,(#1504,#1505
    )),.UNSPECIFIED.,.F.,.F.,.F.,(4,4),(2,2),(-1.,0.),(0.,0.5),
  .PIECEWISE_BEZIER_KNOTS.);
#1498 = CARTESIAN_POINT('',(137.28528066117,-42.32529489458,-0.49));
#1499 = CARTESIAN_POINT('',(137.28528066117,-42.32529489458,4.51));
#1500 = CARTESIAN_POINT('',(137.46731735347,-44.82719644488,-0.49));
#1501 = CARTESIAN_POINT('',(137.46731735347,-44.82719644488,4.51));
#1502 = CARTESIAN_POINT('',(137.48212911087,-44.89069386105,-0.49));
#1503 = CARTESIAN_POINT('',(137.48212911087,-44.89069386105,4.51));
#1504 = CARTESIAN_POINT('',(137.98801554479,-45.53204360267,-0.49));
#1505 = CARTESIAN_POINT('',(137.98801554479,-45.53204360267,4.51));
#1506 = ADVANCED_FACE('',(#1507),#1534,.F.);
#1507 = FACE_BOUND('',#1508,.F.);
#1508 = EDGE_LOOP('',(#1509,#1519,#1526,#1527));
#1509 = ORIENTED_EDGE('',*,*,#1510,.F.);
#1510 = EDGE_CURVE('',#1511,#1513,#1515,.T.);
#1511 = VERTEX_POINT('',#1512);
#1512 = CARTESIAN_POINT('',(146.60496373612,-31.95785923581,-0.49));
#1513 = VERTEX_POINT('',#1514);
#1514 = CARTESIAN_POINT('',(146.60496373612,-31.95785923581,1.51));
#1515 = LINE('',#1516,#1517);
#1516 = CARTESIAN_POINT('',(146.60496373612,-31.95785923581,-0.49));
#1517 = VECTOR('',#1518,1.);
#1518 = DIRECTION('',(0.,0.,1.));
#1519 = ORIENTED_EDGE('',*,*,#1520,.T.);
#1520 = EDGE_CURVE('',#1511,#1474,#1521,.T.);
#1521 = B_SPLINE_CURVE_WITH_KNOTS('',3,(#1522,#1523,#1524,#1525),
  .UNSPECIFIED.,.F.,.F.,(4,4),(-1.,0.),.PIECEWISE_BEZIER_KNOTS.);
#1522 = CARTESIAN_POINT('',(146.60496373612,-31.95785923581,-0.49));
#1523 = CARTESIAN_POINT('',(137.28951166906,-39.61595768552,-0.49));
#1524 = CARTESIAN_POINT('',(137.10325042842,-39.82339334429,-0.49));
#1525 = CARTESIAN_POINT('',(137.28528066117,-42.32529489458,-0.49));
#1526 = ORIENTED_EDGE('',*,*,#1473,.T.);
#1527 = ORIENTED_EDGE('',*,*,#1528,.T.);
#1528 = EDGE_CURVE('',#1476,#1513,#1529,.T.);
#1529 = B_SPLINE_CURVE_WITH_KNOTS('',3,(#1530,#1531,#1532,#1533),
  .UNSPECIFIED.,.F.,.F.,(4,4),(0.,0.791435856396),
  .PIECEWISE_BEZIER_KNOTS.);
#1530 = CARTESIAN_POINT('',(137.28528066117,-42.32529489458,1.51));
#1531 = CARTESIAN_POINT('',(137.10325042842,-39.82339334429,1.51));
#1532 = CARTESIAN_POINT('',(137.28951166906,-39.61595768552,1.51));
#1533 = CARTESIAN_POINT('',(146.60496373612,-31.95785923581,1.51));
#1534 = B_SPLINE_SURFACE_WITH_KNOTS('',3,1,(
    (#1535,#1536)
    ,(#1537,#1538)
    ,(#1539,#1540)
    ,(#1541,#1542
    )),.UNSPECIFIED.,.F.,.F.,.F.,(4,4),(2,2),(-1.,0.),(0.,0.5),
  .PIECEWISE_BEZIER_KNOTS.);
#1535 = CARTESIAN_POINT('',(146.60496373612,-31.95785923581,-0.49));
#1536 = CARTESIAN_POINT('',(146.60496373612,-31.95785923581,4.51));
#1537 = CARTESIAN_POINT('',(137.28951166906,-39.61595768552,-0.49));
#1538 = CARTESIAN_POINT('',(137.28951166906,-39.61595768552,4.51));
#1539 = CARTESIAN_POINT('',(137.10325042842,-39.82339334429,-0.49));
#1540 = CARTESIAN_POINT('',(137.10325042842,-39.82339334429,4.51));
#1541 = CARTESIAN_POINT('',(137.28528066117,-42.32529489458,-0.49));
#1542 = CARTESIAN_POINT('',(137.28528066117,-42.32529489458,4.51));
#1543 = ADVANCED_FACE('',(#1544),#1571,.F.);
#1544 = FACE_BOUND('',#1545,.F.);
#1545 = EDGE_LOOP('',(#1546,#1556,#1563,#1564));
#1546 = ORIENTED_EDGE('',*,*,#1547,.F.);
#1547 = EDGE_CURVE('',#1548,#1550,#1552,.T.);
#1548 = VERTEX_POINT('',#1549);
#1549 = CARTESIAN_POINT('',(158.0243829866,-24.145241794,-0.49));
#1550 = VERTEX_POINT('',#1551);
#1551 = CARTESIAN_POINT('',(158.0243829866,-24.145241794,1.51));
#1552 = LINE('',#1553,#1554);
#1553 = CARTESIAN_POINT('',(158.0243829866,-24.145241794,-0.49));
#1554 = VECTOR('',#1555,1.);
#1555 = DIRECTION('',(0.,0.,1.));
#1556 = ORIENTED_EDGE('',*,*,#1557,.T.);
#1557 = EDGE_CURVE('',#1548,#1511,#1558,.T.);
#1558 = B_SPLINE_CURVE_WITH_KNOTS('',3,(#1559,#1560,#1561,#1562),
  .UNSPECIFIED.,.F.,.F.,(4,4),(-1.,0.),.PIECEWISE_BEZIER_KNOTS.);
#1559 = CARTESIAN_POINT('',(158.0243829866,-24.145241794,-0.49));
#1560 = CARTESIAN_POINT('',(156.14901942052,-24.145241794,-0.49));
#1561 = CARTESIAN_POINT('',(155.92041580317,-24.2997607861,-0.49));
#1562 = CARTESIAN_POINT('',(146.60496373612,-31.95785923581,-0.49));
#1563 = ORIENTED_EDGE('',*,*,#1510,.T.);
#1564 = ORIENTED_EDGE('',*,*,#1565,.T.);
#1565 = EDGE_CURVE('',#1513,#1550,#1566,.T.);
#1566 = B_SPLINE_CURVE_WITH_KNOTS('',3,(#1567,#1568,#1569,#1570),
  .UNSPECIFIED.,.F.,.F.,(4,4),(0.,3.6237130893),
  .PIECEWISE_BEZIER_KNOTS.);
#1567 = CARTESIAN_POINT('',(146.60496373612,-31.95785923581,1.51));
#1568 = CARTESIAN_POINT('',(155.92041580317,-24.2997607861,1.51));
#1569 = CARTESIAN_POINT('',(156.14901942052,-24.145241794,1.51));
#1570 = CARTESIAN_POINT('',(158.0243829866,-24.145241794,1.51));
#1571 = B_SPLINE_SURFACE_WITH_KNOTS('',3,1,(
    (#1572,#1573)
    ,(#1574,#1575)
    ,(#1576,#1577)
    ,(#1578,#1579
    )),.UNSPECIFIED.,.F.,.F.,.F.,(4,4),(2,2),(-1.,0.),(0.,0.5),
  .PIECEWISE_BEZIER_KNOTS.);
#1572 = CARTESIAN_POINT('',(158.0243829866,-24.145241794,-0.49));
#1573 = CARTESIAN_POINT('',(158.0243829866,-24.145241794,4.51));
#1574 = CARTESIAN_POINT('',(156.14901942052,-24.145241794,-0.49));
#1575 = CARTESIAN_POINT('',(156.14901942052,-24.145241794,4.51));
#1576 = CARTESIAN_POINT('',(155.92041580317,-24.2997607861,-0.49));
#1577 = CARTESIAN_POINT('',(155.92041580317,-24.2997607861,4.51));
#1578 = CARTESIAN_POINT('',(146.60496373612,-31.95785923581,-0.49));
#1579 = CARTESIAN_POINT('',(146.60496373612,-31.95785923581,4.51));
#1580 = ADVANCED_FACE('',(#1581),#1608,.F.);
#1581 = FACE_BOUND('',#1582,.F.);
#1582 = EDGE_LOOP('',(#1583,#1593,#1600,#1601));
#1583 = ORIENTED_EDGE('',*,*,#1584,.F.);
#1584 = EDGE_CURVE('',#1585,#1587,#1589,.T.);
#1585 = VERTEX_POINT('',#1586);
#1586 = CARTESIAN_POINT('',(160.29132471838,-25.1633579439,-0.49));
#1587 = VERTEX_POINT('',#1588);
#1588 = CARTESIAN_POINT('',(160.29132471838,-25.1633579439,1.51));
#1589 = LINE('',#1590,#1591);
#1590 = CARTESIAN_POINT('',(160.29132471838,-25.1633579439,-0.49));
#1591 = VECTOR('',#1592,1.);
#1592 = DIRECTION('',(0.,0.,1.));
#1593 = ORIENTED_EDGE('',*,*,#1594,.T.);
#1594 = EDGE_CURVE('',#1585,#1548,#1595,.T.);
#1595 = B_SPLINE_CURVE_WITH_KNOTS('',3,(#1596,#1597,#1598,#1599),
  .UNSPECIFIED.,.F.,.F.,(4,4),(-1.,0.),.PIECEWISE_BEZIER_KNOTS.);
#1596 = CARTESIAN_POINT('',(160.29132471838,-25.1633579439,-0.49));
#1597 = CARTESIAN_POINT('',(159.94420120356,-24.16429101885,-0.49));
#1598 = CARTESIAN_POINT('',(159.89974655269,-24.145241794,-0.49));
#1599 = CARTESIAN_POINT('',(158.0243829866,-24.145241794,-0.49));
#1600 = ORIENTED_EDGE('',*,*,#1547,.T.);
#1601 = ORIENTED_EDGE('',*,*,#1602,.T.);
#1602 = EDGE_CURVE('',#1550,#1587,#1603,.T.);
#1603 = B_SPLINE_CURVE_WITH_KNOTS('',3,(#1604,#1605,#1606,#1607),
  .UNSPECIFIED.,.F.,.F.,(4,4),(0.,0.562788410987),
  .PIECEWISE_BEZIER_KNOTS.);
#1604 = CARTESIAN_POINT('',(158.0243829866,-24.145241794,1.51));
#1605 = CARTESIAN_POINT('',(159.89974655269,-24.145241794,1.51));
#1606 = CARTESIAN_POINT('',(159.94420120356,-24.16429101885,1.51));
#1607 = CARTESIAN_POINT('',(160.29132471838,-25.1633579439,1.51));
#1608 = B_SPLINE_SURFACE_WITH_KNOTS('',3,1,(
    (#1609,#1610)
    ,(#1611,#1612)
    ,(#1613,#1614)
    ,(#1615,#1616
    )),.UNSPECIFIED.,.F.,.F.,.F.,(4,4),(2,2),(-1.,0.),(0.,0.5),
  .PIECEWISE_BEZIER_KNOTS.);
#1609 = CARTESIAN_POINT('',(160.29132471838,-25.1633579439,-0.49));
#1610 = CARTESIAN_POINT('',(160.29132471838,-25.1633579439,4.51));
#1611 = CARTESIAN_POINT('',(159.94420120356,-24.16429101885,-0.49));
#1612 = CARTESIAN_POINT('',(159.94420120356,-24.16429101885,4.51));
#1613 = CARTESIAN_POINT('',(159.89974655269,-24.145241794,-0.49));
#1614 = CARTESIAN_POINT('',(159.89974655269,-24.145241794,4.51));
#1615 = CARTESIAN_POINT('',(158.0243829866,-24.145241794,-0.49));
#1616 = CARTESIAN_POINT('',(158.0243829866,-24.145241794,4.51));
#1617 = ADVANCED_FACE('',(#1618),#1645,.F.);
#1618 = FACE_BOUND('',#1619,.F.);
#1619 = EDGE_LOOP('',(#1620,#1630,#1637,#1638));
#1620 = ORIENTED_EDGE('',*,*,#1621,.F.);
#1621 = EDGE_CURVE('',#1622,#1624,#1626,.T.);
#1622 = VERTEX_POINT('',#1623);
#1623 = CARTESIAN_POINT('',(157.04436528641,-38.48354618649,-0.49));
#1624 = VERTEX_POINT('',#1625);
#1625 = CARTESIAN_POINT('',(157.04436528641,-38.48354618649,1.51));
#1626 = LINE('',#1627,#1628);
#1627 = CARTESIAN_POINT('',(157.04436528641,-38.48354618649,-0.49));
#1628 = VECTOR('',#1629,1.);
#1629 = DIRECTION('',(0.,0.,1.));
#1630 = ORIENTED_EDGE('',*,*,#1631,.T.);
#1631 = EDGE_CURVE('',#1622,#1585,#1632,.T.);
#1632 = B_SPLINE_CURVE_WITH_KNOTS('',3,(#1633,#1634,#1635,#1636),
  .UNSPECIFIED.,.F.,.F.,(4,4),(-1.,0.),.PIECEWISE_BEZIER_KNOTS.);
#1633 = CARTESIAN_POINT('',(157.04436528641,-38.48354618649,-0.49));
#1634 = CARTESIAN_POINT('',(160.57496373612,-26.429126936,-0.49));
#1635 = CARTESIAN_POINT('',(160.6384611523,-26.16242486895,-0.49));
#1636 = CARTESIAN_POINT('',(160.29132471838,-25.1633579439,-0.49));
#1637 = ORIENTED_EDGE('',*,*,#1584,.T.);
#1638 = ORIENTED_EDGE('',*,*,#1639,.T.);
#1639 = EDGE_CURVE('',#1587,#1624,#1640,.T.);
#1640 = B_SPLINE_CURVE_WITH_KNOTS('',3,(#1641,#1642,#1643,#1644),
  .UNSPECIFIED.,.F.,.F.,(4,4),(0.,0.317442807981),
  .PIECEWISE_BEZIER_KNOTS.);
#1641 = CARTESIAN_POINT('',(160.29132471838,-25.1633579439,1.51));
#1642 = CARTESIAN_POINT('',(160.6384611523,-26.16242486895,1.51));
#1643 = CARTESIAN_POINT('',(160.57496373612,-26.429126936,1.51));
#1644 = CARTESIAN_POINT('',(157.04436528641,-38.48354618649,1.51));
#1645 = B_SPLINE_SURFACE_WITH_KNOTS('',3,1,(
    (#1646,#1647)
    ,(#1648,#1649)
    ,(#1650,#1651)
    ,(#1652,#1653
    )),.UNSPECIFIED.,.F.,.F.,.F.,(4,4),(2,2),(-1.,0.),(0.,0.5),
  .PIECEWISE_BEZIER_KNOTS.);
#1646 = CARTESIAN_POINT('',(157.04436528641,-38.48354618649,-0.49));
#1647 = CARTESIAN_POINT('',(157.04436528641,-38.48354618649,4.51));
#1648 = CARTESIAN_POINT('',(160.57496373612,-26.429126936,-0.49));
#1649 = CARTESIAN_POINT('',(160.57496373612,-26.429126936,4.51));
#1650 = CARTESIAN_POINT('',(160.6384611523,-26.16242486895,-0.49));
#1651 = CARTESIAN_POINT('',(160.6384611523,-26.16242486895,4.51));
#1652 = CARTESIAN_POINT('',(160.29132471838,-25.1633579439,-0.49));
#1653 = CARTESIAN_POINT('',(160.29132471838,-25.1633579439,4.51));
#1654 = ADVANCED_FACE('',(#1655),#1673,.F.);
#1655 = FACE_BOUND('',#1656,.F.);
#1656 = EDGE_LOOP('',(#1657,#1658,#1665,#1666));
#1657 = ORIENTED_EDGE('',*,*,#1409,.F.);
#1658 = ORIENTED_EDGE('',*,*,#1659,.T.);
#1659 = EDGE_CURVE('',#1401,#1622,#1660,.T.);
#1660 = B_SPLINE_CURVE_WITH_KNOTS('',3,(#1661,#1662,#1663,#1664),
  .UNSPECIFIED.,.F.,.F.,(4,4),(-1.,0.),.PIECEWISE_BEZIER_KNOTS.);
#1661 = CARTESIAN_POINT('',(150.19695378739,-50.34746026934,-0.49));
#1662 = CARTESIAN_POINT('',(153.37829706945,-50.77502461057,-0.49));
#1663 = CARTESIAN_POINT('',(153.51588557043,-50.53795897743,-0.49));
#1664 = CARTESIAN_POINT('',(157.04436528641,-38.48354618649,-0.49));
#1665 = ORIENTED_EDGE('',*,*,#1621,.T.);
#1666 = ORIENTED_EDGE('',*,*,#1667,.T.);
#1667 = EDGE_CURVE('',#1624,#1410,#1668,.T.);
#1668 = B_SPLINE_CURVE_WITH_KNOTS('',3,(#1669,#1670,#1671,#1672),
  .UNSPECIFIED.,.F.,.F.,(4,4),(0.,3.772790855334),
  .PIECEWISE_BEZIER_KNOTS.);
#1669 = CARTESIAN_POINT('',(157.04436528641,-38.48354618649,1.51));
#1670 = CARTESIAN_POINT('',(153.51588557043,-50.53795897743,1.51));
#1671 = CARTESIAN_POINT('',(153.37829706945,-50.77502461057,1.51));
#1672 = CARTESIAN_POINT('',(150.19695378739,-50.34746026934,1.51));
#1673 = B_SPLINE_SURFACE_WITH_KNOTS('',3,1,(
    (#1674,#1675)
    ,(#1676,#1677)
    ,(#1678,#1679)
    ,(#1680,#1681
    )),.UNSPECIFIED.,.F.,.F.,.F.,(4,4),(2,2),(-1.,0.),(0.,0.5),
  .PIECEWISE_BEZIER_KNOTS.);
#1674 = CARTESIAN_POINT('',(150.19695378739,-50.34746026934,-0.49));
#1675 = CARTESIAN_POINT('',(150.19695378739,-50.34746026934,4.51));
#1676 = CARTESIAN_POINT('',(153.37829706945,-50.77502461057,-0.49));
#1677 = CARTESIAN_POINT('',(153.37829706945,-50.77502461057,4.51));
#1678 = CARTESIAN_POINT('',(153.51588557043,-50.53795897743,-0.49));
#1679 = CARTESIAN_POINT('',(153.51588557043,-50.53795897743,4.51));
#1680 = CARTESIAN_POINT('',(157.04436528641,-38.48354618649,-0.49));
#1681 = CARTESIAN_POINT('',(157.04436528641,-38.48354618649,4.51));
#1682 = ADVANCED_FACE('',(#1683),#1719,.F.);
#1683 = FACE_BOUND('',#1684,.F.);
#1684 = EDGE_LOOP('',(#1685,#1695,#1704,#1712));
#1685 = ORIENTED_EDGE('',*,*,#1686,.F.);
#1686 = EDGE_CURVE('',#1687,#1689,#1691,.T.);
#1687 = VERTEX_POINT('',#1688);
#1688 = CARTESIAN_POINT('',(107.19474655269,-23.571626936,-0.49));
#1689 = VERTEX_POINT('',#1690);
#1690 = CARTESIAN_POINT('',(107.19474655269,-23.571626936,1.51));
#1691 = LINE('',#1692,#1693);
#1692 = CARTESIAN_POINT('',(107.19474655269,-23.571626936,-0.49));
#1693 = VECTOR('',#1694,1.);
#1694 = DIRECTION('',(0.,0.,1.));
#1695 = ORIENTED_EDGE('',*,*,#1696,.T.);
#1696 = EDGE_CURVE('',#1687,#1697,#1699,.T.);
#1697 = VERTEX_POINT('',#1698);
#1698 = CARTESIAN_POINT('',(102.59946502803,-35.1878946362,-0.49));
#1699 = B_SPLINE_CURVE_WITH_KNOTS('',3,(#1700,#1701,#1702,#1703),
  .UNSPECIFIED.,.F.,.F.,(4,4),(-1.,0.),.PIECEWISE_BEZIER_KNOTS.);
#1700 = CARTESIAN_POINT('',(107.19474655269,-23.571626936,-0.49));
#1701 = CARTESIAN_POINT('',(101.24691192744,-23.571626936,-0.49));
#1702 = CARTESIAN_POINT('',(101.15589681107,-23.80446156125,-0.49));
#1703 = CARTESIAN_POINT('',(102.59946502803,-35.1878946362,-0.49));
#1704 = ORIENTED_EDGE('',*,*,#1705,.T.);
#1705 = EDGE_CURVE('',#1697,#1706,#1708,.T.);
#1706 = VERTEX_POINT('',#1707);
#1707 = CARTESIAN_POINT('',(102.59946502803,-35.1878946362,1.51));
#1708 = LINE('',#1709,#1710);
#1709 = CARTESIAN_POINT('',(102.59946502803,-35.1878946362,-0.49));
#1710 = VECTOR('',#1711,1.);
#1711 = DIRECTION('',(0.,0.,1.));
#1712 = ORIENTED_EDGE('',*,*,#1713,.T.);
#1713 = EDGE_CURVE('',#1706,#1689,#1714,.T.);
#1714 = B_SPLINE_CURVE_WITH_KNOTS('',3,(#1715,#1716,#1717,#1718),
  .UNSPECIFIED.,.F.,.F.,(4,4),(0.,3.363938098484),
  .PIECEWISE_BEZIER_KNOTS.);
#1715 = CARTESIAN_POINT('',(102.59946502803,-35.1878946362,1.51));
#1716 = CARTESIAN_POINT('',(101.15589681107,-23.80446156125,1.51));
#1717 = CARTESIAN_POINT('',(101.24691192744,-23.571626936,1.51));
#1718 = CARTESIAN_POINT('',(107.19474655269,-23.571626936,1.51));
#1719 = B_SPLINE_SURFACE_WITH_KNOTS('',3,1,(
    (#1720,#1721)
    ,(#1722,#1723)
    ,(#1724,#1725)
    ,(#1726,#1727
    )),.UNSPECIFIED.,.F.,.F.,.F.,(4,4),(2,2),(-1.,0.),(0.,0.5),
  .PIECEWISE_BEZIER_KNOTS.);
#1720 = CARTESIAN_POINT('',(107.19474655269,-23.571626936,-0.49));
#1721 = CARTESIAN_POINT('',(107.19474655269,-23.571626936,4.51));
#1722 = CARTESIAN_POINT('',(101.24691192744,-23.571626936,-0.49));
#1723 = CARTESIAN_POINT('',(101.24691192744,-23.571626936,4.51));
#1724 = CARTESIAN_POINT('',(101.15589681107,-23.80446156125,-0.49));
#1725 = CARTESIAN_POINT('',(101.15589681107,-23.80446156125,4.51));
#1726 = CARTESIAN_POINT('',(102.59946502803,-35.1878946362,-0.49));
#1727 = CARTESIAN_POINT('',(102.59946502803,-35.1878946362,4.51));
#1728 = ADVANCED_FACE('',(#1729),#1756,.F.);
#1729 = FACE_BOUND('',#1730,.F.);
#1730 = EDGE_LOOP('',(#1731,#1741,#1748,#1749));
#1731 = ORIENTED_EDGE('',*,*,#1732,.F.);
#1732 = EDGE_CURVE('',#1733,#1735,#1737,.T.);
#1733 = VERTEX_POINT('',#1734);
#1734 = CARTESIAN_POINT('',(113.1912668367,-29.61894515296,-0.49));
#1735 = VERTEX_POINT('',#1736);
#1736 = CARTESIAN_POINT('',(113.1912668367,-29.61894515296,1.51));
#1737 = LINE('',#1738,#1739);
#1738 = CARTESIAN_POINT('',(113.1912668367,-29.61894515296,-0.49));
#1739 = VECTOR('',#1740,1.);
#1740 = DIRECTION('',(0.,0.,1.));
#1741 = ORIENTED_EDGE('',*,*,#1742,.T.);
#1742 = EDGE_CURVE('',#1733,#1687,#1743,.T.);
#1743 = B_SPLINE_CURVE_WITH_KNOTS('',3,(#1744,#1745,#1746,#1747),
  .UNSPECIFIED.,.F.,.F.,(4,4),(-1.,0.),.PIECEWISE_BEZIER_KNOTS.);
#1744 = CARTESIAN_POINT('',(113.1912668367,-29.61894515296,-0.49));
#1745 = CARTESIAN_POINT('',(113.2611139945,-23.69439076047,-0.49));
#1746 = CARTESIAN_POINT('',(113.14046244421,-23.571626936,-0.49));
#1747 = CARTESIAN_POINT('',(107.19474655269,-23.571626936,-0.49));
#1748 = ORIENTED_EDGE('',*,*,#1686,.T.);
#1749 = ORIENTED_EDGE('',*,*,#1750,.T.);
#1750 = EDGE_CURVE('',#1689,#1735,#1751,.T.);
#1751 = B_SPLINE_CURVE_WITH_KNOTS('',3,(#1752,#1753,#1754,#1755),
  .UNSPECIFIED.,.F.,.F.,(4,4),(0.,1.807468323578),
  .PIECEWISE_BEZIER_KNOTS.);
#1752 = CARTESIAN_POINT('',(107.19474655269,-23.571626936,1.51));
#1753 = CARTESIAN_POINT('',(113.14046244421,-23.571626936,1.51));
#1754 = CARTESIAN_POINT('',(113.2611139945,-23.69439076047,1.51));
#1755 = CARTESIAN_POINT('',(113.1912668367,-29.61894515296,1.51));
#1756 = B_SPLINE_SURFACE_WITH_KNOTS('',3,1,(
    (#1757,#1758)
    ,(#1759,#1760)
    ,(#1761,#1762)
    ,(#1763,#1764
    )),.UNSPECIFIED.,.F.,.F.,.F.,(4,4),(2,2),(-1.,0.),(0.,0.5),
  .PIECEWISE_BEZIER_KNOTS.);
#1757 = CARTESIAN_POINT('',(113.1912668367,-29.61894515296,-0.49));
#1758 = CARTESIAN_POINT('',(113.1912668367,-29.61894515296,4.51));
#1759 = CARTESIAN_POINT('',(113.2611139945,-23.69439076047,-0.49));
#1760 = CARTESIAN_POINT('',(113.2611139945,-23.69439076047,4.51));
#1761 = CARTESIAN_POINT('',(113.14046244421,-23.571626936,-0.49));
#1762 = CARTESIAN_POINT('',(113.14046244421,-23.571626936,4.51));
#1763 = CARTESIAN_POINT('',(107.19474655269,-23.571626936,-0.49));
#1764 = CARTESIAN_POINT('',(107.19474655269,-23.571626936,4.51));
#1765 = ADVANCED_FACE('',(#1766),#1793,.F.);
#1766 = FACE_BOUND('',#1767,.F.);
#1767 = EDGE_LOOP('',(#1768,#1778,#1785,#1786));
#1768 = ORIENTED_EDGE('',*,*,#1769,.F.);
#1769 = EDGE_CURVE('',#1770,#1772,#1774,.T.);
#1770 = VERTEX_POINT('',#1771);
#1771 = CARTESIAN_POINT('',(110.11998143631,-42.60257771115,-0.49));
#1772 = VERTEX_POINT('',#1773);
#1773 = CARTESIAN_POINT('',(110.11998143631,-42.60257771115,1.51));
#1774 = LINE('',#1775,#1776);
#1775 = CARTESIAN_POINT('',(110.11998143631,-42.60257771115,-0.49));
#1776 = VECTOR('',#1777,1.);
#1777 = DIRECTION('',(0.,0.,1.));
#1778 = ORIENTED_EDGE('',*,*,#1779,.T.);
#1779 = EDGE_CURVE('',#1770,#1733,#1780,.T.);
#1780 = B_SPLINE_CURVE_WITH_KNOTS('',3,(#1781,#1782,#1783,#1784),
  .UNSPECIFIED.,.F.,.F.,(4,4),(-1.,0.),.PIECEWISE_BEZIER_KNOTS.);
#1781 = CARTESIAN_POINT('',(110.11998143631,-42.60257771115,-0.49));
#1782 = CARTESIAN_POINT('',(113.06002807734,-35.80384541135,-0.49));
#1783 = CARTESIAN_POINT('',(113.12141321935,-35.54349308591,-0.49));
#1784 = CARTESIAN_POINT('',(113.1912668367,-29.61894515296,-0.49));
#1785 = ORIENTED_EDGE('',*,*,#1732,.T.);
#1786 = ORIENTED_EDGE('',*,*,#1787,.T.);
#1787 = EDGE_CURVE('',#1735,#1772,#1788,.T.);
#1788 = B_SPLINE_CURVE_WITH_KNOTS('',3,(#1789,#1790,#1791,#1792),
  .UNSPECIFIED.,.F.,.F.,(4,4),(0.,1.777765594355),
  .PIECEWISE_BEZIER_KNOTS.);
#1789 = CARTESIAN_POINT('',(113.1912668367,-29.61894515296,1.51));
#1790 = CARTESIAN_POINT('',(113.12141321935,-35.54349308591,1.51));
#1791 = CARTESIAN_POINT('',(113.06002807734,-35.80384541135,1.51));
#1792 = CARTESIAN_POINT('',(110.11998143631,-42.60257771115,1.51));
#1793 = B_SPLINE_SURFACE_WITH_KNOTS('',3,1,(
    (#1794,#1795)
    ,(#1796,#1797)
    ,(#1798,#1799)
    ,(#1800,#1801
    )),.UNSPECIFIED.,.F.,.F.,.F.,(4,4),(2,2),(-1.,0.),(0.,0.5),
  .PIECEWISE_BEZIER_KNOTS.);
#1794 = CARTESIAN_POINT('',(110.11998143631,-42.60257771115,-0.49));
#1795 = CARTESIAN_POINT('',(110.11998143631,-42.60257771115,4.51));
#1796 = CARTESIAN_POINT('',(113.06002807734,-35.80384541135,-0.49));
#1797 = CARTESIAN_POINT('',(113.06002807734,-35.80384541135,4.51));
#1798 = CARTESIAN_POINT('',(113.12141321935,-35.54349308591,-0.49));
#1799 = CARTESIAN_POINT('',(113.12141321935,-35.54349308591,4.51));
#1800 = CARTESIAN_POINT('',(113.1912668367,-29.61894515296,-0.49));
#1801 = CARTESIAN_POINT('',(113.1912668367,-29.61894515296,4.51));
#1802 = ADVANCED_FACE('',(#1803),#1830,.F.);
#1803 = FACE_BOUND('',#1804,.F.);
#1804 = EDGE_LOOP('',(#1805,#1815,#1822,#1823));
#1805 = ORIENTED_EDGE('',*,*,#1806,.F.);
#1806 = EDGE_CURVE('',#1807,#1809,#1811,.T.);
#1807 = VERTEX_POINT('',#1808);
#1808 = CARTESIAN_POINT('',(105.59877807734,-48.17152719439,-0.49));
#1809 = VERTEX_POINT('',#1810);
#1810 = CARTESIAN_POINT('',(105.59877807734,-48.17152719439,1.51));
#1811 = LINE('',#1812,#1813);
#1812 = CARTESIAN_POINT('',(105.59877807734,-48.17152719439,-0.49));
#1813 = VECTOR('',#1814,1.);
#1814 = DIRECTION('',(0.,0.,1.));
#1815 = ORIENTED_EDGE('',*,*,#1816,.T.);
#1816 = EDGE_CURVE('',#1807,#1770,#1817,.T.);
#1817 = B_SPLINE_CURVE_WITH_KNOTS('',3,(#1818,#1819,#1820,#1821),
  .UNSPECIFIED.,.F.,.F.,(4,4),(-1.,0.),.PIECEWISE_BEZIER_KNOTS.);
#1818 = CARTESIAN_POINT('',(105.59877807734,-48.17152719439,-0.49));
#1819 = CARTESIAN_POINT('',(107.09103195308,-49.51137435218,-0.49));
#1820 = CARTESIAN_POINT('',(107.18204706945,-49.39919127723,-0.49));
#1821 = CARTESIAN_POINT('',(110.11998143631,-42.60257771115,-0.49));
#1822 = ORIENTED_EDGE('',*,*,#1769,.T.);
#1823 = ORIENTED_EDGE('',*,*,#1824,.T.);
#1824 = EDGE_CURVE('',#1772,#1809,#1825,.T.);
#1825 = B_SPLINE_CURVE_WITH_KNOTS('',3,(#1826,#1827,#1828,#1829),
  .UNSPECIFIED.,.F.,.F.,(4,4),(0.,2.098204784455),
  .PIECEWISE_BEZIER_KNOTS.);
#1826 = CARTESIAN_POINT('',(110.11998143631,-42.60257771115,1.51));
#1827 = CARTESIAN_POINT('',(107.18204706945,-49.39919127723,1.51));
#1828 = CARTESIAN_POINT('',(107.09103195308,-49.51137435218,1.51));
#1829 = CARTESIAN_POINT('',(105.59877807734,-48.17152719439,1.51));
#1830 = B_SPLINE_SURFACE_WITH_KNOTS('',3,1,(
    (#1831,#1832)
    ,(#1833,#1834)
    ,(#1835,#1836)
    ,(#1837,#1838
    )),.UNSPECIFIED.,.F.,.F.,.F.,(4,4),(2,2),(-1.,0.),(0.,0.5),
  .PIECEWISE_BEZIER_KNOTS.);
#1831 = CARTESIAN_POINT('',(105.59877807734,-48.17152719439,-0.49));
#1832 = CARTESIAN_POINT('',(105.59877807734,-48.17152719439,4.51));
#1833 = CARTESIAN_POINT('',(107.09103195308,-49.51137435218,-0.49));
#1834 = CARTESIAN_POINT('',(107.09103195308,-49.51137435218,4.51));
#1835 = CARTESIAN_POINT('',(107.18204706945,-49.39919127723,-0.49));
#1836 = CARTESIAN_POINT('',(107.18204706945,-49.39919127723,4.51));
#1837 = CARTESIAN_POINT('',(110.11998143631,-42.60257771115,-0.49));
#1838 = CARTESIAN_POINT('',(110.11998143631,-42.60257771115,4.51));
#1839 = ADVANCED_FACE('',(#1840),#1858,.F.);
#1840 = FACE_BOUND('',#1841,.F.);
#1841 = EDGE_LOOP('',(#1842,#1843,#1850,#1851));
#1842 = ORIENTED_EDGE('',*,*,#1705,.F.);
#1843 = ORIENTED_EDGE('',*,*,#1844,.T.);
#1844 = EDGE_CURVE('',#1697,#1807,#1845,.T.);
#1845 = B_SPLINE_CURVE_WITH_KNOTS('',3,(#1846,#1847,#1848,#1849),
  .UNSPECIFIED.,.F.,.F.,(4,4),(-1.,0.),.PIECEWISE_BEZIER_KNOTS.);
#1846 = CARTESIAN_POINT('',(102.59946502803,-35.1878946362,-0.49));
#1847 = CARTESIAN_POINT('',(104.04514551916,-46.56920897743,-0.49));
#1848 = CARTESIAN_POINT('',(104.10441192744,-46.82956130287,-0.49));
#1849 = CARTESIAN_POINT('',(105.59877807734,-48.17152719439,-0.49));
#1850 = ORIENTED_EDGE('',*,*,#1806,.T.);
#1851 = ORIENTED_EDGE('',*,*,#1852,.T.);
#1852 = EDGE_CURVE('',#1809,#1706,#1853,.T.);
#1853 = B_SPLINE_CURVE_WITH_KNOTS('',3,(#1854,#1855,#1856,#1857),
  .UNSPECIFIED.,.F.,.F.,(4,4),(0.,0.603041585247),
  .PIECEWISE_BEZIER_KNOTS.);
#1854 = CARTESIAN_POINT('',(105.59877807734,-48.17152719439,1.51));
#1855 = CARTESIAN_POINT('',(104.10441192744,-46.82956130287,1.51));
#1856 = CARTESIAN_POINT('',(104.04514551916,-46.56920897743,1.51));
#1857 = CARTESIAN_POINT('',(102.59946502803,-35.1878946362,1.51));
#1858 = B_SPLINE_SURFACE_WITH_KNOTS('',3,1,(
    (#1859,#1860)
    ,(#1861,#1862)
    ,(#1863,#1864)
    ,(#1865,#1866
    )),.UNSPECIFIED.,.F.,.F.,.F.,(4,4),(2,2),(-1.,0.),(0.,0.5),
  .PIECEWISE_BEZIER_KNOTS.);
#1859 = CARTESIAN_POINT('',(102.59946502803,-35.1878946362,-0.49));
#1860 = CARTESIAN_POINT('',(102.59946502803,-35.1878946362,4.51));
#1861 = CARTESIAN_POINT('',(104.04514551916,-46.56920897743,-0.49));
#1862 = CARTESIAN_POINT('',(104.04514551916,-46.56920897743,4.51));
#1863 = CARTESIAN_POINT('',(104.10441192744,-46.82956130287,-0.49));
#1864 = CARTESIAN_POINT('',(104.10441192744,-46.82956130287,4.51));
#1865 = CARTESIAN_POINT('',(105.59877807734,-48.17152719439,-0.49));
#1866 = CARTESIAN_POINT('',(105.59877807734,-48.17152719439,4.51));
#1867 = ADVANCED_FACE('',(#1868),#1904,.F.);
#1868 = FACE_BOUND('',#1869,.F.);
#1869 = EDGE_LOOP('',(#1870,#1880,#1889,#1897));
#1870 = ORIENTED_EDGE('',*,*,#1871,.F.);
#1871 = EDGE_CURVE('',#1872,#1874,#1876,.T.);
#1872 = VERTEX_POINT('',#1873);
#1873 = CARTESIAN_POINT('',(83.526181565508,-23.04881001096,-0.49));
#1874 = VERTEX_POINT('',#1875);
#1875 = CARTESIAN_POINT('',(83.526181565508,-23.04881001096,1.51));
#1876 = LINE('',#1877,#1878);
#1877 = CARTESIAN_POINT('',(83.526181565508,-23.04881001096,-0.49));
#1878 = VECTOR('',#1879,1.);
#1879 = DIRECTION('',(0.,0.,1.));
#1880 = ORIENTED_EDGE('',*,*,#1881,.T.);
#1881 = EDGE_CURVE('',#1872,#1882,#1884,.T.);
#1882 = VERTEX_POINT('',#1883);
#1883 = CARTESIAN_POINT('',(71.372281953081,-29.94279489458,-0.49));
#1884 = B_SPLINE_CURVE_WITH_KNOTS('',3,(#1885,#1886,#1887,#1888),
  .UNSPECIFIED.,.F.,.F.,(4,4),(-1.,0.),.PIECEWISE_BEZIER_KNOTS.);
#1885 = CARTESIAN_POINT('',(83.526181565508,-23.04881001096,-0.49));
#1886 = CARTESIAN_POINT('',(71.380747198646,-23.04881001096,-0.49));
#1887 = CARTESIAN_POINT('',(71.13733182389,-23.18639205238,-0.49));
#1888 = CARTESIAN_POINT('',(71.372281953081,-29.94279489458,-0.49));
#1889 = ORIENTED_EDGE('',*,*,#1890,.T.);
#1890 = EDGE_CURVE('',#1882,#1891,#1893,.T.);
#1891 = VERTEX_POINT('',#1892);
#1892 = CARTESIAN_POINT('',(71.372281953081,-29.94279489458,1.51));
#1893 = LINE('',#1894,#1895);
#1894 = CARTESIAN_POINT('',(71.372281953081,-29.94279489458,-0.49));
#1895 = VECTOR('',#1896,1.);
#1896 = DIRECTION('',(0.,0.,1.));
#1897 = ORIENTED_EDGE('',*,*,#1898,.T.);
#1898 = EDGE_CURVE('',#1891,#1874,#1899,.T.);
#1899 = B_SPLINE_CURVE_WITH_KNOTS('',3,(#1900,#1901,#1902,#1903),
  .UNSPECIFIED.,.F.,.F.,(4,4),(0.,2.071382848049),
  .PIECEWISE_BEZIER_KNOTS.);
#1900 = CARTESIAN_POINT('',(71.372281953081,-29.94279489458,1.51));
#1901 = CARTESIAN_POINT('',(71.13733182389,-23.18639205238,1.51));
#1902 = CARTESIAN_POINT('',(71.380747198646,-23.04881001096,1.51));
#1903 = CARTESIAN_POINT('',(83.526181565508,-23.04881001096,1.51));
#1904 = B_SPLINE_SURFACE_WITH_KNOTS('',3,1,(
    (#1905,#1906)
    ,(#1907,#1908)
    ,(#1909,#1910)
    ,(#1911,#1912
    )),.UNSPECIFIED.,.F.,.F.,.F.,(4,4),(2,2),(-1.,0.),(0.,0.5),
  .PIECEWISE_BEZIER_KNOTS.);
#1905 = CARTESIAN_POINT('',(83.526181565508,-23.04881001096,-0.49));
#1906 = CARTESIAN_POINT('',(83.526181565508,-23.04881001096,4.51));
#1907 = CARTESIAN_POINT('',(71.380747198646,-23.04881001096,-0.49));
#1908 = CARTESIAN_POINT('',(71.380747198646,-23.04881001096,4.51));
#1909 = CARTESIAN_POINT('',(71.13733182389,-23.18639205238,-0.49));
#1910 = CARTESIAN_POINT('',(71.13733182389,-23.18639205238,4.51));
#1911 = CARTESIAN_POINT('',(71.372281953081,-29.94279489458,-0.49));
#1912 = CARTESIAN_POINT('',(71.372281953081,-29.94279489458,4.51));
#1913 = ADVANCED_FACE('',(#1914),#1941,.F.);
#1914 = FACE_BOUND('',#1915,.F.);
#1915 = EDGE_LOOP('',(#1916,#1926,#1933,#1934));
#1916 = ORIENTED_EDGE('',*,*,#1917,.F.);
#1917 = EDGE_CURVE('',#1918,#1920,#1922,.T.);
#1918 = VERTEX_POINT('',#1919);
#1919 = CARTESIAN_POINT('',(88.034682211463,-31.37577590248,-0.49));
#1920 = VERTEX_POINT('',#1921);
#1921 = CARTESIAN_POINT('',(88.034682211463,-31.37577590248,1.51));
#1922 = LINE('',#1923,#1924);
#1923 = CARTESIAN_POINT('',(88.034682211463,-31.37577590248,-0.49));
#1924 = VECTOR('',#1925,1.);
#1925 = DIRECTION('',(0.,0.,1.));
#1926 = ORIENTED_EDGE('',*,*,#1927,.T.);
#1927 = EDGE_CURVE('',#1918,#1872,#1928,.T.);
#1928 = B_SPLINE_CURVE_WITH_KNOTS('',3,(#1929,#1930,#1931,#1932),
  .UNSPECIFIED.,.F.,.F.,(4,4),(-1.,0.),.PIECEWISE_BEZIER_KNOTS.);
#1929 = CARTESIAN_POINT('',(88.034682211463,-31.37577590248,-0.49));
#1930 = CARTESIAN_POINT('',(95.760515544796,-23.2160284863,-0.49));
#1931 = CARTESIAN_POINT('',(95.669500428423,-23.04881001096,-0.49));
#1932 = CARTESIAN_POINT('',(83.526181565508,-23.04881001096,-0.49));
#1933 = ORIENTED_EDGE('',*,*,#1871,.T.);
#1934 = ORIENTED_EDGE('',*,*,#1935,.T.);
#1935 = EDGE_CURVE('',#1874,#1920,#1936,.T.);
#1936 = B_SPLINE_CURVE_WITH_KNOTS('',3,(#1937,#1938,#1939,#1940),
  .UNSPECIFIED.,.F.,.F.,(4,4),(0.,3.791918607368),
  .PIECEWISE_BEZIER_KNOTS.);
#1937 = CARTESIAN_POINT('',(83.526181565508,-23.04881001096,1.51));
#1938 = CARTESIAN_POINT('',(95.669500428423,-23.04881001096,1.51));
#1939 = CARTESIAN_POINT('',(95.760515544796,-23.2160284863,1.51));
#1940 = CARTESIAN_POINT('',(88.034682211463,-31.37577590248,1.51));
#1941 = B_SPLINE_SURFACE_WITH_KNOTS('',3,1,(
    (#1942,#1943)
    ,(#1944,#1945)
    ,(#1946,#1947)
    ,(#1948,#1949
    )),.UNSPECIFIED.,.F.,.F.,.F.,(4,4),(2,2),(-1.,0.),(0.,0.5),
  .PIECEWISE_BEZIER_KNOTS.);
#1942 = CARTESIAN_POINT('',(88.034682211463,-31.37577590248,-0.49));
#1943 = CARTESIAN_POINT('',(88.034682211463,-31.37577590248,4.51));
#1944 = CARTESIAN_POINT('',(95.760515544796,-23.2160284863,-0.49));
#1945 = CARTESIAN_POINT('',(95.760515544796,-23.2160284863,4.51));
#1946 = CARTESIAN_POINT('',(95.669500428423,-23.04881001096,-0.49));
#1947 = CARTESIAN_POINT('',(95.669500428423,-23.04881001096,4.51));
#1948 = CARTESIAN_POINT('',(83.526181565508,-23.04881001096,-0.49));
#1949 = CARTESIAN_POINT('',(83.526181565508,-23.04881001096,4.51));
#1950 = ADVANCED_FACE('',(#1951),#1978,.F.);
#1951 = FACE_BOUND('',#1952,.F.);
#1952 = EDGE_LOOP('',(#1953,#1963,#1970,#1971));
#1953 = ORIENTED_EDGE('',*,*,#1954,.F.);
#1954 = EDGE_CURVE('',#1955,#1957,#1959,.T.);
#1955 = VERTEX_POINT('',#1956);
#1956 = CARTESIAN_POINT('',(77.366680273597,-39.38736052772,-0.49));
#1957 = VERTEX_POINT('',#1958);
#1958 = CARTESIAN_POINT('',(77.366680273597,-39.38736052772,1.51));
#1959 = LINE('',#1960,#1961);
#1960 = CARTESIAN_POINT('',(77.366680273597,-39.38736052772,-0.49));
#1961 = VECTOR('',#1962,1.);
#1962 = DIRECTION('',(0.,0.,1.));
#1963 = ORIENTED_EDGE('',*,*,#1964,.T.);
#1964 = EDGE_CURVE('',#1955,#1918,#1965,.T.);
#1965 = B_SPLINE_CURVE_WITH_KNOTS('',3,(#1966,#1967,#1968,#1969),
  .UNSPECIFIED.,.F.,.F.,(4,4),(-1.,0.),.PIECEWISE_BEZIER_KNOTS.);
#1966 = CARTESIAN_POINT('',(77.366680273597,-39.38736052772,-0.49));
#1967 = CARTESIAN_POINT('',(80.097182211463,-39.6985107861,-0.49));
#1968 = CARTESIAN_POINT('',(80.310964382077,-39.53764205238,-0.49));
#1969 = CARTESIAN_POINT('',(88.034682211463,-31.37577590248,-0.49));
#1970 = ORIENTED_EDGE('',*,*,#1917,.T.);
#1971 = ORIENTED_EDGE('',*,*,#1972,.T.);
#1972 = EDGE_CURVE('',#1920,#1957,#1973,.T.);
#1973 = B_SPLINE_CURVE_WITH_KNOTS('',3,(#1974,#1975,#1976,#1977),
  .UNSPECIFIED.,.F.,.F.,(4,4),(0.,3.373001092912),
  .PIECEWISE_BEZIER_KNOTS.);
#1974 = CARTESIAN_POINT('',(88.034682211463,-31.37577590248,1.51));
#1975 = CARTESIAN_POINT('',(80.310964382077,-39.53764205238,1.51));
#1976 = CARTESIAN_POINT('',(80.097182211463,-39.6985107861,1.51));
#1977 = CARTESIAN_POINT('',(77.366680273597,-39.38736052772,1.51));
#1978 = B_SPLINE_SURFACE_WITH_KNOTS('',3,1,(
    (#1979,#1980)
    ,(#1981,#1982)
    ,(#1983,#1984)
    ,(#1985,#1986
    )),.UNSPECIFIED.,.F.,.F.,.F.,(4,4),(2,2),(-1.,0.),(0.,0.5),
  .PIECEWISE_BEZIER_KNOTS.);
#1979 = CARTESIAN_POINT('',(77.366680273597,-39.38736052772,-0.49));
#1980 = CARTESIAN_POINT('',(77.366680273597,-39.38736052772,4.51));
#1981 = CARTESIAN_POINT('',(80.097182211463,-39.6985107861,-0.49));
#1982 = CARTESIAN_POINT('',(80.097182211463,-39.6985107861,4.51));
#1983 = CARTESIAN_POINT('',(80.310964382077,-39.53764205238,-0.49));
#1984 = CARTESIAN_POINT('',(80.310964382077,-39.53764205238,4.51));
#1985 = CARTESIAN_POINT('',(88.034682211463,-31.37577590248,-0.49));
#1986 = CARTESIAN_POINT('',(88.034682211463,-31.37577590248,4.51));
#1987 = ADVANCED_FACE('',(#1988),#2015,.F.);
#1988 = FACE_BOUND('',#1989,.F.);
#1989 = EDGE_LOOP('',(#1990,#2000,#2007,#2008));
#1990 = ORIENTED_EDGE('',*,*,#1991,.F.);
#1991 = EDGE_CURVE('',#1992,#1994,#1996,.T.);
#1992 = VERTEX_POINT('',#1993);
#1993 = CARTESIAN_POINT('',(73.095248490556,-37.95437951983,-0.49));
#1994 = VERTEX_POINT('',#1995);
#1995 = CARTESIAN_POINT('',(73.095248490556,-37.95437951983,1.51));
#1996 = LINE('',#1997,#1998);
#1997 = CARTESIAN_POINT('',(73.095248490556,-37.95437951983,-0.49));
#1998 = VECTOR('',#1999,1.);
#1999 = DIRECTION('',(0.,0.,1.));
#2000 = ORIENTED_EDGE('',*,*,#2001,.T.);
#2001 = EDGE_CURVE('',#1992,#1955,#2002,.T.);
#2002 = B_SPLINE_CURVE_WITH_KNOTS('',3,(#2003,#2004,#2005,#2006),
  .UNSPECIFIED.,.F.,.F.,(4,4),(-1.,0.),.PIECEWISE_BEZIER_KNOTS.);
#2003 = CARTESIAN_POINT('',(73.095248490556,-37.95437951983,-0.49));
#2004 = CARTESIAN_POINT('',(74.549397457028,-39.04869256914,-0.49));
#2005 = CARTESIAN_POINT('',(74.636181565508,-39.07621026934,-0.49));
#2006 = CARTESIAN_POINT('',(77.366680273597,-39.38736052772,-0.49));
#2007 = ORIENTED_EDGE('',*,*,#1954,.T.);
#2008 = ORIENTED_EDGE('',*,*,#2009,.T.);
#2009 = EDGE_CURVE('',#1957,#1994,#2010,.T.);
#2010 = B_SPLINE_CURVE_WITH_KNOTS('',3,(#2011,#2012,#2013,#2014),
  .UNSPECIFIED.,.F.,.F.,(4,4),(0.,0.825139871895),
  .PIECEWISE_BEZIER_KNOTS.);
#2011 = CARTESIAN_POINT('',(77.366680273597,-39.38736052772,1.51));
#2012 = CARTESIAN_POINT('',(74.636181565508,-39.07621026934,1.51));
#2013 = CARTESIAN_POINT('',(74.549397457028,-39.04869256914,1.51));
#2014 = CARTESIAN_POINT('',(73.095248490556,-37.95437951983,1.51));
#2015 = B_SPLINE_SURFACE_WITH_KNOTS('',3,1,(
    (#2016,#2017)
    ,(#2018,#2019)
    ,(#2020,#2021)
    ,(#2022,#2023
    )),.UNSPECIFIED.,.F.,.F.,.F.,(4,4),(2,2),(-1.,0.),(0.,0.5),
  .PIECEWISE_BEZIER_KNOTS.);
#2016 = CARTESIAN_POINT('',(73.095248490556,-37.95437951983,-0.49));
#2017 = CARTESIAN_POINT('',(73.095248490556,-37.95437951983,4.51));
#2018 = CARTESIAN_POINT('',(74.549397457028,-39.04869256914,-0.49));
#2019 = CARTESIAN_POINT('',(74.549397457028,-39.04869256914,4.51));
#2020 = CARTESIAN_POINT('',(74.636181565508,-39.07621026934,-0.49));
#2021 = CARTESIAN_POINT('',(74.636181565508,-39.07621026934,4.51));
#2022 = CARTESIAN_POINT('',(77.366680273597,-39.38736052772,-0.49));
#2023 = CARTESIAN_POINT('',(77.366680273597,-39.38736052772,4.51));
#2024 = ADVANCED_FACE('',(#2025),#2043,.F.);
#2025 = FACE_BOUND('',#2026,.F.);
#2026 = EDGE_LOOP('',(#2027,#2028,#2035,#2036));
#2027 = ORIENTED_EDGE('',*,*,#1890,.F.);
#2028 = ORIENTED_EDGE('',*,*,#2029,.T.);
#2029 = EDGE_CURVE('',#1882,#1992,#2030,.T.);
#2030 = B_SPLINE_CURVE_WITH_KNOTS('',3,(#2031,#2032,#2033,#2034),
  .UNSPECIFIED.,.F.,.F.,(4,4),(-1.,0.),.PIECEWISE_BEZIER_KNOTS.);
#2031 = CARTESIAN_POINT('',(71.372281953081,-29.94279489458,-0.49));
#2032 = CARTESIAN_POINT('',(71.607232082272,-36.69919127723,-0.49));
#2033 = CARTESIAN_POINT('',(71.641096294308,-36.86006001096,-0.49));
#2034 = CARTESIAN_POINT('',(73.095248490556,-37.95437951983,-0.49));
#2035 = ORIENTED_EDGE('',*,*,#1991,.T.);
#2036 = ORIENTED_EDGE('',*,*,#2037,.T.);
#2037 = EDGE_CURVE('',#1994,#1891,#2038,.T.);
#2038 = B_SPLINE_CURVE_WITH_KNOTS('',3,(#2039,#2040,#2041,#2042),
  .UNSPECIFIED.,.F.,.F.,(4,4),(0.,0.544448095439),
  .PIECEWISE_BEZIER_KNOTS.);
#2039 = CARTESIAN_POINT('',(73.095248490556,-37.95437951983,1.51));
#2040 = CARTESIAN_POINT('',(71.641096294308,-36.86006001096,1.51));
#2041 = CARTESIAN_POINT('',(71.607232082272,-36.69919127723,1.51));
#2042 = CARTESIAN_POINT('',(71.372281953081,-29.94279489458,1.51));
#2043 = B_SPLINE_SURFACE_WITH_KNOTS('',3,1,(
    (#2044,#2045)
    ,(#2046,#2047)
    ,(#2048,#2049)
    ,(#2050,#2051
    )),.UNSPECIFIED.,.F.,.F.,.F.,(4,4),(2,2),(-1.,0.),(0.,0.5),
  .PIECEWISE_BEZIER_KNOTS.);
#2044 = CARTESIAN_POINT('',(71.372281953081,-29.94279489458,-0.49));
#2045 = CARTESIAN_POINT('',(71.372281953081,-29.94279489458,4.51));
#2046 = CARTESIAN_POINT('',(71.607232082272,-36.69919127723,-0.49));
#2047 = CARTESIAN_POINT('',(71.607232082272,-36.69919127723,4.51));
#2048 = CARTESIAN_POINT('',(71.641096294308,-36.86006001096,-0.49));
#2049 = CARTESIAN_POINT('',(71.641096294308,-36.86006001096,4.51));
#2050 = CARTESIAN_POINT('',(73.095248490556,-37.95437951983,-0.49));
#2051 = CARTESIAN_POINT('',(73.095248490556,-37.95437951983,4.51));
#2052 = ADVANCED_FACE('',(#2053),#2089,.F.);
#2053 = FACE_BOUND('',#2054,.F.);
#2054 = EDGE_LOOP('',(#2055,#2065,#2074,#2082));
#2055 = ORIENTED_EDGE('',*,*,#2056,.F.);
#2056 = EDGE_CURVE('',#2057,#2059,#2061,.T.);
#2057 = VERTEX_POINT('',#2058);
#2058 = CARTESIAN_POINT('',(68.476680273597,-51.30842874468,-0.49));
#2059 = VERTEX_POINT('',#2060);
#2060 = CARTESIAN_POINT('',(68.476680273597,-51.30842874468,1.51));
#2061 = LINE('',#2062,#2063);
#2062 = CARTESIAN_POINT('',(68.476680273597,-51.30842874468,-0.49));
#2063 = VECTOR('',#2064,1.);
#2064 = DIRECTION('',(0.,0.,1.));
#2065 = ORIENTED_EDGE('',*,*,#2066,.T.);
#2066 = EDGE_CURVE('',#2057,#2067,#2069,.T.);
#2067 = VERTEX_POINT('',#2068);
#2068 = CARTESIAN_POINT('',(70.845230790361,-40.15571156125,-0.49));
#2069 = B_SPLINE_CURVE_WITH_KNOTS('',3,(#2070,#2071,#2072,#2073),
  .UNSPECIFIED.,.F.,.F.,(4,4),(-1.,0.),.PIECEWISE_BEZIER_KNOTS.);
#2070 = CARTESIAN_POINT('',(68.476680273597,-51.30842874468,-0.49));
#2071 = CARTESIAN_POINT('',(72.252812831784,-41.47439076047,-0.49));
#2072 = CARTESIAN_POINT('',(72.299379756832,-41.25002461057,-0.49));
#2073 = CARTESIAN_POINT('',(70.845230790361,-40.15571156125,-0.49));
#2074 = ORIENTED_EDGE('',*,*,#2075,.T.);
#2075 = EDGE_CURVE('',#2067,#2076,#2078,.T.);
#2076 = VERTEX_POINT('',#2077);
#2077 = CARTESIAN_POINT('',(70.845230790361,-40.15571156125,1.51));
#2078 = LINE('',#2079,#2080);
#2079 = CARTESIAN_POINT('',(70.845230790361,-40.15571156125,-0.49));
#2080 = VECTOR('',#2081,1.);
#2081 = DIRECTION('',(0.,0.,1.));
#2082 = ORIENTED_EDGE('',*,*,#2083,.T.);
#2083 = EDGE_CURVE('',#2076,#2059,#2084,.T.);
#2084 = B_SPLINE_CURVE_WITH_KNOTS('',3,(#2085,#2086,#2087,#2088),
  .UNSPECIFIED.,.F.,.F.,(4,4),(0.,0.539779820811),
  .PIECEWISE_BEZIER_KNOTS.);
#2085 = CARTESIAN_POINT('',(70.845230790361,-40.15571156125,1.51));
#2086 = CARTESIAN_POINT('',(72.299379756832,-41.25002461057,1.51));
#2087 = CARTESIAN_POINT('',(72.252812831784,-41.47439076047,1.51));
#2088 = CARTESIAN_POINT('',(68.476680273597,-51.30842874468,1.51));
#2089 = B_SPLINE_SURFACE_WITH_KNOTS('',3,1,(
    (#2090,#2091)
    ,(#2092,#2093)
    ,(#2094,#2095)
    ,(#2096,#2097
    )),.UNSPECIFIED.,.F.,.F.,.F.,(4,4),(2,2),(-1.,0.),(0.,0.5),
  .PIECEWISE_BEZIER_KNOTS.);
#2090 = CARTESIAN_POINT('',(68.476680273597,-51.30842874468,-0.49));
#2091 = CARTESIAN_POINT('',(68.476680273597,-51.30842874468,4.51));
#2092 = CARTESIAN_POINT('',(72.252812831784,-41.47439076047,-0.49));
#2093 = CARTESIAN_POINT('',(72.252812831784,-41.47439076047,4.51));
#2094 = CARTESIAN_POINT('',(72.299379756832,-41.25002461057,-0.49));
#2095 = CARTESIAN_POINT('',(72.299379756832,-41.25002461057,4.51));
#2096 = CARTESIAN_POINT('',(70.845230790361,-40.15571156125,-0.49));
#2097 = CARTESIAN_POINT('',(70.845230790361,-40.15571156125,4.51));
#2098 = ADVANCED_FACE('',(#2099),#2126,.F.);
#2099 = FACE_BOUND('',#2100,.F.);
#2100 = EDGE_LOOP('',(#2101,#2111,#2118,#2119));
#2101 = ORIENTED_EDGE('',*,*,#2102,.F.);
#2102 = EDGE_CURVE('',#2103,#2105,#2107,.T.);
#2103 = VERTEX_POINT('',#2104);
#2104 = CARTESIAN_POINT('',(59.984614640459,-60.86940846066,-0.49));
#2105 = VERTEX_POINT('',#2106);
#2106 = CARTESIAN_POINT('',(59.984614640459,-60.86940846066,1.51));
#2107 = LINE('',#2108,#2109);
#2108 = CARTESIAN_POINT('',(59.984614640459,-60.86940846066,-0.49));
#2109 = VECTOR('',#2110,1.);
#2110 = DIRECTION('',(0.,0.,1.));
#2111 = ORIENTED_EDGE('',*,*,#2112,.T.);
#2112 = EDGE_CURVE('',#2103,#2057,#2113,.T.);
#2113 = B_SPLINE_CURVE_WITH_KNOTS('',3,(#2114,#2115,#2116,#2117),
  .UNSPECIFIED.,.F.,.F.,(4,4),(-1.,0.),.PIECEWISE_BEZIER_KNOTS.);
#2114 = CARTESIAN_POINT('',(59.984614640459,-60.86940846066,-0.49));
#2115 = CARTESIAN_POINT('',(64.529098232174,-61.33295897743,-0.49));
#2116 = CARTESIAN_POINT('',(64.698430596574,-61.14246026934,-0.49));
#2117 = CARTESIAN_POINT('',(68.476680273597,-51.30842874468,-0.49));
#2118 = ORIENTED_EDGE('',*,*,#2056,.T.);
#2119 = ORIENTED_EDGE('',*,*,#2120,.T.);
#2120 = EDGE_CURVE('',#2059,#2105,#2121,.T.);
#2121 = B_SPLINE_CURVE_WITH_KNOTS('',3,(#2122,#2123,#2124,#2125),
  .UNSPECIFIED.,.F.,.F.,(4,4),(0.,3.168950846091),
  .PIECEWISE_BEZIER_KNOTS.);
#2122 = CARTESIAN_POINT('',(68.476680273597,-51.30842874468,1.51));
#2123 = CARTESIAN_POINT('',(64.698430596574,-61.14246026934,1.51));
#2124 = CARTESIAN_POINT('',(64.529098232174,-61.33295897743,1.51));
#2125 = CARTESIAN_POINT('',(59.984614640459,-60.86940846066,1.51));
#2126 = B_SPLINE_SURFACE_WITH_KNOTS('',3,1,(
    (#2127,#2128)
    ,(#2129,#2130)
    ,(#2131,#2132)
    ,(#2133,#2134
    )),.UNSPECIFIED.,.F.,.F.,.F.,(4,4),(2,2),(-1.,0.),(0.,0.5),
  .PIECEWISE_BEZIER_KNOTS.);
#2127 = CARTESIAN_POINT('',(59.984614640459,-60.86940846066,-0.49));
#2128 = CARTESIAN_POINT('',(59.984614640459,-60.86940846066,4.51));
#2129 = CARTESIAN_POINT('',(64.529098232174,-61.33295897743,-0.49));
#2130 = CARTESIAN_POINT('',(64.529098232174,-61.33295897743,4.51));
#2131 = CARTESIAN_POINT('',(64.698430596574,-61.14246026934,-0.49));
#2132 = CARTESIAN_POINT('',(64.698430596574,-61.14246026934,4.51));
#2133 = CARTESIAN_POINT('',(68.476680273597,-51.30842874468,-0.49));
#2134 = CARTESIAN_POINT('',(68.476680273597,-51.30842874468,4.51));
#2135 = ADVANCED_FACE('',(#2136),#2163,.F.);
#2136 = FACE_BOUND('',#2137,.F.);
#2137 = EDGE_LOOP('',(#2138,#2148,#2155,#2156));
#2138 = ORIENTED_EDGE('',*,*,#2139,.F.);
#2139 = EDGE_CURVE('',#2140,#2142,#2144,.T.);
#2140 = VERTEX_POINT('',#2141);
#2141 = CARTESIAN_POINT('',(56.212714705054,-50.62474308591,-0.49));
#2142 = VERTEX_POINT('',#2143);
#2143 = CARTESIAN_POINT('',(56.212714705054,-50.62474308591,1.51));
#2144 = LINE('',#2145,#2146);
#2145 = CARTESIAN_POINT('',(56.212714705054,-50.62474308591,-0.49));
#2146 = VECTOR('',#2147,1.);
#2147 = DIRECTION('',(0.,0.,1.));
#2148 = ORIENTED_EDGE('',*,*,#2149,.T.);
#2149 = EDGE_CURVE('',#2140,#2103,#2150,.T.);
#2150 = B_SPLINE_CURVE_WITH_KNOTS('',3,(#2151,#2152,#2153,#2154),
  .UNSPECIFIED.,.F.,.F.,(4,4),(-1.,0.),.PIECEWISE_BEZIER_KNOTS.);
#2151 = CARTESIAN_POINT('',(56.212714705054,-50.62474308591,-0.49));
#2152 = CARTESIAN_POINT('',(55.361813800717,-60.20265975257,-0.49));
#2153 = CARTESIAN_POINT('',(55.438013929908,-60.40797667762,-0.49));
#2154 = CARTESIAN_POINT('',(59.984614640459,-60.86940846066,-0.49));
#2155 = ORIENTED_EDGE('',*,*,#2102,.T.);
#2156 = ORIENTED_EDGE('',*,*,#2157,.T.);
#2157 = EDGE_CURVE('',#2105,#2142,#2158,.T.);
#2158 = B_SPLINE_CURVE_WITH_KNOTS('',3,(#2159,#2160,#2161,#2162),
  .UNSPECIFIED.,.F.,.F.,(4,4),(0.,1.438565689296),
  .PIECEWISE_BEZIER_KNOTS.);
#2159 = CARTESIAN_POINT('',(59.984614640459,-60.86940846066,1.51));
#2160 = CARTESIAN_POINT('',(55.438013929908,-60.40797667762,1.51));
#2161 = CARTESIAN_POINT('',(55.361813800717,-60.20265975257,1.51));
#2162 = CARTESIAN_POINT('',(56.212714705054,-50.62474308591,1.51));
#2163 = B_SPLINE_SURFACE_WITH_KNOTS('',3,1,(
    (#2164,#2165)
    ,(#2166,#2167)
    ,(#2168,#2169)
    ,(#2170,#2171
    )),.UNSPECIFIED.,.F.,.F.,.F.,(4,4),(2,2),(-1.,0.),(0.,0.5),
  .PIECEWISE_BEZIER_KNOTS.);
#2164 = CARTESIAN_POINT('',(56.212714705054,-50.62474308591,-0.49));
#2165 = CARTESIAN_POINT('',(56.212714705054,-50.62474308591,4.51));
#2166 = CARTESIAN_POINT('',(55.361813800717,-60.20265975257,-0.49));
#2167 = CARTESIAN_POINT('',(55.361813800717,-60.20265975257,4.51));
#2168 = CARTESIAN_POINT('',(55.438013929908,-60.40797667762,-0.49));
#2169 = CARTESIAN_POINT('',(55.438013929908,-60.40797667762,4.51));
#2170 = CARTESIAN_POINT('',(59.984614640459,-60.86940846066,-0.49));
#2171 = CARTESIAN_POINT('',(59.984614640459,-60.86940846066,4.51));
#2172 = ADVANCED_FACE('',(#2173),#2200,.F.);
#2173 = FACE_BOUND('',#2174,.F.);
#2174 = EDGE_LOOP('',(#2175,#2185,#2192,#2193));
#2175 = ORIENTED_EDGE('',*,*,#2176,.F.);
#2176 = EDGE_CURVE('',#2177,#2179,#2181,.T.);
#2177 = VERTEX_POINT('',#2178);
#2178 = CARTESIAN_POINT('',(60.204748167579,-40.04564076047,-0.49));
#2179 = VERTEX_POINT('',#2180);
#2180 = CARTESIAN_POINT('',(60.204748167579,-40.04564076047,1.51));
#2181 = LINE('',#2182,#2183);
#2182 = CARTESIAN_POINT('',(60.204748167579,-40.04564076047,-0.49));
#2183 = VECTOR('',#2184,1.);
#2184 = DIRECTION('',(0.,0.,1.));
#2185 = ORIENTED_EDGE('',*,*,#2186,.T.);
#2186 = EDGE_CURVE('',#2177,#2140,#2187,.T.);
#2187 = B_SPLINE_CURVE_WITH_KNOTS('',3,(#2188,#2189,#2190,#2191),
  .UNSPECIFIED.,.F.,.F.,(4,4),(-1.,0.),.PIECEWISE_BEZIER_KNOTS.);
#2188 = CARTESIAN_POINT('',(60.204748167579,-40.04564076047,-0.49));
#2189 = CARTESIAN_POINT('',(57.14193124253,-40.83515975257,-0.49));
#2190 = CARTESIAN_POINT('',(57.061496875668,-41.04682641924,-0.49));
#2191 = CARTESIAN_POINT('',(56.212714705054,-50.62474308591,-0.49));
#2192 = ORIENTED_EDGE('',*,*,#2139,.T.);
#2193 = ORIENTED_EDGE('',*,*,#2194,.T.);
#2194 = EDGE_CURVE('',#2142,#2179,#2195,.T.);
#2195 = B_SPLINE_CURVE_WITH_KNOTS('',3,(#2196,#2197,#2198,#2199),
  .UNSPECIFIED.,.F.,.F.,(4,4),(0.,2.910527064728),
  .PIECEWISE_BEZIER_KNOTS.);
#2196 = CARTESIAN_POINT('',(56.212714705054,-50.62474308591,1.51));
#2197 = CARTESIAN_POINT('',(57.061496875668,-41.04682641924,1.51));
#2198 = CARTESIAN_POINT('',(57.14193124253,-40.83515975257,1.51));
#2199 = CARTESIAN_POINT('',(60.204748167579,-40.04564076047,1.51));
#2200 = B_SPLINE_SURFACE_WITH_KNOTS('',3,1,(
    (#2201,#2202)
    ,(#2203,#2204)
    ,(#2205,#2206)
    ,(#2207,#2208
    )),.UNSPECIFIED.,.F.,.F.,.F.,(4,4),(2,2),(-1.,0.),(0.,0.5),
  .PIECEWISE_BEZIER_KNOTS.);
#2201 = CARTESIAN_POINT('',(60.204748167579,-40.04564076047,-0.49));
#2202 = CARTESIAN_POINT('',(60.204748167579,-40.04564076047,4.51));
#2203 = CARTESIAN_POINT('',(57.14193124253,-40.83515975257,-0.49));
#2204 = CARTESIAN_POINT('',(57.14193124253,-40.83515975257,4.51));
#2205 = CARTESIAN_POINT('',(57.061496875668,-41.04682641924,-0.49));
#2206 = CARTESIAN_POINT('',(57.061496875668,-41.04682641924,4.51));
#2207 = CARTESIAN_POINT('',(56.212714705054,-50.62474308591,-0.49));
#2208 = CARTESIAN_POINT('',(56.212714705054,-50.62474308591,4.51));
#2209 = ADVANCED_FACE('',(#2210),#2237,.F.);
#2210 = FACE_BOUND('',#2211,.F.);
#2211 = EDGE_LOOP('',(#2212,#2222,#2229,#2230));
#2212 = ORIENTED_EDGE('',*,*,#2213,.F.);
#2213 = EDGE_CURVE('',#2214,#2216,#2218,.T.);
#2214 = VERTEX_POINT('',#2215);
#2215 = CARTESIAN_POINT('',(66.347314123694,-39.13970768552,-0.49));
#2216 = VERTEX_POINT('',#2217);
#2217 = CARTESIAN_POINT('',(66.347314123694,-39.13970768552,1.51));
#2218 = LINE('',#2219,#2220);
#2219 = CARTESIAN_POINT('',(66.347314123694,-39.13970768552,-0.49));
#2220 = VECTOR('',#2221,1.);
#2221 = DIRECTION('',(0.,0.,1.));
#2222 = ORIENTED_EDGE('',*,*,#2223,.T.);
#2223 = EDGE_CURVE('',#2214,#2177,#2224,.T.);
#2224 = B_SPLINE_CURVE_WITH_KNOTS('',3,(#2225,#2226,#2227,#2228),
  .UNSPECIFIED.,.F.,.F.,(4,4),(-1.,0.),.PIECEWISE_BEZIER_KNOTS.);
#2225 = CARTESIAN_POINT('',(66.347314123694,-39.13970768552,-0.49));
#2226 = CARTESIAN_POINT('',(63.392447650814,-39.23707900306,-0.49));
#2227 = CARTESIAN_POINT('',(63.269680596575,-39.25612822792,-0.49));
#2228 = CARTESIAN_POINT('',(60.204748167579,-40.04564076047,-0.49));
#2229 = ORIENTED_EDGE('',*,*,#2176,.T.);
#2230 = ORIENTED_EDGE('',*,*,#2231,.T.);
#2231 = EDGE_CURVE('',#2179,#2216,#2232,.T.);
#2232 = B_SPLINE_CURVE_WITH_KNOTS('',3,(#2233,#2234,#2235,#2236),
  .UNSPECIFIED.,.F.,.F.,(4,4),(0.,0.949699060011),
  .PIECEWISE_BEZIER_KNOTS.);
#2233 = CARTESIAN_POINT('',(60.204748167579,-40.04564076047,1.51));
#2234 = CARTESIAN_POINT('',(63.269680596575,-39.25612822792,1.51));
#2235 = CARTESIAN_POINT('',(63.392447650814,-39.23707900306,1.51));
#2236 = CARTESIAN_POINT('',(66.347314123694,-39.13970768552,1.51));
#2237 = B_SPLINE_SURFACE_WITH_KNOTS('',3,1,(
    (#2238,#2239)
    ,(#2240,#2241)
    ,(#2242,#2243)
    ,(#2244,#2245
    )),.UNSPECIFIED.,.F.,.F.,.F.,(4,4),(2,2),(-1.,0.),(0.,0.5),
  .PIECEWISE_BEZIER_KNOTS.);
#2238 = CARTESIAN_POINT('',(66.347314123694,-39.13970768552,-0.49));
#2239 = CARTESIAN_POINT('',(66.347314123694,-39.13970768552,4.51));
#2240 = CARTESIAN_POINT('',(63.392447650814,-39.23707900306,-0.49));
#2241 = CARTESIAN_POINT('',(63.392447650814,-39.23707900306,4.51));
#2242 = CARTESIAN_POINT('',(63.269680596575,-39.25612822792,-0.49));
#2243 = CARTESIAN_POINT('',(63.269680596575,-39.25612822792,4.51));
#2244 = CARTESIAN_POINT('',(60.204748167579,-40.04564076047,-0.49));
#2245 = CARTESIAN_POINT('',(60.204748167579,-40.04564076047,4.51));
#2246 = ADVANCED_FACE('',(#2247),#2265,.F.);
#2247 = FACE_BOUND('',#2248,.F.);
#2248 = EDGE_LOOP('',(#2249,#2250,#2257,#2258));
#2249 = ORIENTED_EDGE('',*,*,#2075,.F.);
#2250 = ORIENTED_EDGE('',*,*,#2251,.T.);
#2251 = EDGE_CURVE('',#2067,#2214,#2252,.T.);
#2252 = B_SPLINE_CURVE_WITH_KNOTS('',3,(#2253,#2254,#2255,#2256),
  .UNSPECIFIED.,.F.,.F.,(4,4),(-1.,0.),.PIECEWISE_BEZIER_KNOTS.);
#2253 = CARTESIAN_POINT('',(70.845230790361,-40.15571156125,-0.49));
#2254 = CARTESIAN_POINT('',(69.39108182389,-39.06139205238,-0.49));
#2255 = CARTESIAN_POINT('',(69.300063477739,-39.0402240938,-0.49));
#2256 = CARTESIAN_POINT('',(66.347314123694,-39.13970768552,-0.49));
#2257 = ORIENTED_EDGE('',*,*,#2213,.T.);
#2258 = ORIENTED_EDGE('',*,*,#2259,.T.);
#2259 = EDGE_CURVE('',#2216,#2076,#2260,.T.);
#2260 = B_SPLINE_CURVE_WITH_KNOTS('',3,(#2261,#2262,#2263,#2264),
  .UNSPECIFIED.,.F.,.F.,(4,4),(0.,0.896228790714),
  .PIECEWISE_BEZIER_KNOTS.);
#2261 = CARTESIAN_POINT('',(66.347314123694,-39.13970768552,1.51));
#2262 = CARTESIAN_POINT('',(69.300063477739,-39.0402240938,1.51));
#2263 = CARTESIAN_POINT('',(69.39108182389,-39.06139205238,1.51));
#2264 = CARTESIAN_POINT('',(70.845230790361,-40.15571156125,1.51));
#2265 = B_SPLINE_SURFACE_WITH_KNOTS('',3,1,(
    (#2266,#2267)
    ,(#2268,#2269)
    ,(#2270,#2271)
    ,(#2272,#2273
    )),.UNSPECIFIED.,.F.,.F.,.F.,(4,4),(2,2),(-1.,0.),(0.,0.5),
  .PIECEWISE_BEZIER_KNOTS.);
#2266 = CARTESIAN_POINT('',(70.845230790361,-40.15571156125,-0.49));
#2267 = CARTESIAN_POINT('',(70.845230790361,-40.15571156125,4.51));
#2268 = CARTESIAN_POINT('',(69.39108182389,-39.06139205238,-0.49));
#2269 = CARTESIAN_POINT('',(69.39108182389,-39.06139205238,4.51));
#2270 = CARTESIAN_POINT('',(69.300063477739,-39.0402240938,-0.49));
#2271 = CARTESIAN_POINT('',(69.300063477739,-39.0402240938,4.51));
#2272 = CARTESIAN_POINT('',(66.347314123694,-39.13970768552,-0.49));
#2273 = CARTESIAN_POINT('',(66.347314123694,-39.13970768552,4.51));
#2274 = ADVANCED_FACE('',(#2275),#2311,.F.);
#2275 = FACE_BOUND('',#2276,.F.);
#2276 = EDGE_LOOP('',(#2277,#2287,#2296,#2304));
#2277 = ORIENTED_EDGE('',*,*,#2278,.F.);
#2278 = EDGE_CURVE('',#2279,#2281,#2283,.T.);
#2279 = VERTEX_POINT('',#2280);
#2280 = CARTESIAN_POINT('',(55.744931565508,-91.98652719439,-0.49));
#2281 = VERTEX_POINT('',#2282);
#2282 = CARTESIAN_POINT('',(55.744931565508,-91.98652719439,1.51));
#2283 = LINE('',#2284,#2285);
#2284 = CARTESIAN_POINT('',(55.744931565508,-91.98652719439,-0.49));
#2285 = VECTOR('',#2286,1.);
#2286 = DIRECTION('',(0.,0.,1.));
#2287 = ORIENTED_EDGE('',*,*,#2288,.T.);
#2288 = EDGE_CURVE('',#2279,#2289,#2291,.T.);
#2289 = VERTEX_POINT('',#2290);
#2290 = CARTESIAN_POINT('',(60.941347263241,-84.37499243995,-0.49));
#2291 = B_SPLINE_CURVE_WITH_KNOTS('',3,(#2292,#2293,#2294,#2295),
  .UNSPECIFIED.,.F.,.F.,(4,4),(-1.,0.),.PIECEWISE_BEZIER_KNOTS.);
#2292 = CARTESIAN_POINT('',(55.744931565508,-91.98652719439,-0.49));
#2293 = CARTESIAN_POINT('',(59.038464382077,-87.99449373186,-0.49));
#2294 = CARTESIAN_POINT('',(59.14429771541,-87.84209347348,-0.49));
#2295 = CARTESIAN_POINT('',(60.941347263241,-84.37499243995,-0.49));
#2296 = ORIENTED_EDGE('',*,*,#2297,.T.);
#2297 = EDGE_CURVE('',#2289,#2298,#2300,.T.);
#2298 = VERTEX_POINT('',#2299);
#2299 = CARTESIAN_POINT('',(60.941347263241,-84.37499243995,1.51));
#2300 = LINE('',#2301,#2302);
#2301 = CARTESIAN_POINT('',(60.941347263241,-84.37499243995,-0.49));
#2302 = VECTOR('',#2303,1.);
#2303 = DIRECTION('',(0.,0.,1.));
#2304 = ORIENTED_EDGE('',*,*,#2305,.T.);
#2305 = EDGE_CURVE('',#2298,#2281,#2306,.T.);
#2306 = B_SPLINE_CURVE_WITH_KNOTS('',3,(#2307,#2308,#2309,#2310),
  .UNSPECIFIED.,.F.,.F.,(4,4),(0.,1.17170273119),
  .PIECEWISE_BEZIER_KNOTS.);
#2307 = CARTESIAN_POINT('',(60.941347263241,-84.37499243995,1.51));
#2308 = CARTESIAN_POINT('',(59.14429771541,-87.84209347348,1.51));
#2309 = CARTESIAN_POINT('',(59.038464382077,-87.99449373186,1.51));
#2310 = CARTESIAN_POINT('',(55.744931565508,-91.98652719439,1.51));
#2311 = B_SPLINE_SURFACE_WITH_KNOTS('',3,1,(
    (#2312,#2313)
    ,(#2314,#2315)
    ,(#2316,#2317)
    ,(#2318,#2319
    )),.UNSPECIFIED.,.F.,.F.,.F.,(4,4),(2,2),(-1.,0.),(0.,0.5),
  .PIECEWISE_BEZIER_KNOTS.);
#2312 = CARTESIAN_POINT('',(55.744931565508,-91.98652719439,-0.49));
#2313 = CARTESIAN_POINT('',(55.744931565508,-91.98652719439,4.51));
#2314 = CARTESIAN_POINT('',(59.038464382077,-87.99449373186,-0.49));
#2315 = CARTESIAN_POINT('',(59.038464382077,-87.99449373186,4.51));
#2316 = CARTESIAN_POINT('',(59.14429771541,-87.84209347348,-0.49));
#2317 = CARTESIAN_POINT('',(59.14429771541,-87.84209347348,4.51));
#2318 = CARTESIAN_POINT('',(60.941347263241,-84.37499243995,-0.49));
#2319 = CARTESIAN_POINT('',(60.941347263241,-84.37499243995,4.51));
#2320 = ADVANCED_FACE('',(#2321),#2348,.F.);
#2321 = FACE_BOUND('',#2322,.F.);
#2322 = EDGE_LOOP('',(#2323,#2333,#2340,#2341));
#2323 = ORIENTED_EDGE('',*,*,#2324,.F.);
#2324 = EDGE_CURVE('',#2325,#2327,#2329,.T.);
#2325 = VERTEX_POINT('',#2326);
#2326 = CARTESIAN_POINT('',(54.233631694699,-88.20192616086,-0.49));
#2327 = VERTEX_POINT('',#2328);
#2328 = CARTESIAN_POINT('',(54.233631694699,-88.20192616086,1.51));
#2329 = LINE('',#2330,#2331);
#2330 = CARTESIAN_POINT('',(54.233631694699,-88.20192616086,-0.49));
#2331 = VECTOR('',#2332,1.);
#2332 = DIRECTION('',(0.,0.,1.));
#2333 = ORIENTED_EDGE('',*,*,#2334,.T.);
#2334 = EDGE_CURVE('',#2325,#2279,#2335,.T.);
#2335 = B_SPLINE_CURVE_WITH_KNOTS('',3,(#2336,#2337,#2338,#2339),
  .UNSPECIFIED.,.F.,.F.,(4,4),(-1.,0.),.PIECEWISE_BEZIER_KNOTS.);
#2336 = CARTESIAN_POINT('',(54.233631694699,-88.20192616086,-0.49));
#2337 = CARTESIAN_POINT('',(52.419647618517,-95.90236052772,-0.49));
#2338 = CARTESIAN_POINT('',(52.449280822659,-95.97644353808,-0.49));
#2339 = CARTESIAN_POINT('',(55.744931565508,-91.98652719439,-0.49));
#2340 = ORIENTED_EDGE('',*,*,#2278,.T.);
#2341 = ORIENTED_EDGE('',*,*,#2342,.T.);
#2342 = EDGE_CURVE('',#2281,#2327,#2343,.T.);
#2343 = B_SPLINE_CURVE_WITH_KNOTS('',3,(#2344,#2345,#2346,#2347),
  .UNSPECIFIED.,.F.,.F.,(4,4),(0.,1.420778303033),
  .PIECEWISE_BEZIER_KNOTS.);
#2344 = CARTESIAN_POINT('',(55.744931565508,-91.98652719439,1.51));
#2345 = CARTESIAN_POINT('',(52.449280822659,-95.97644353808,1.51));
#2346 = CARTESIAN_POINT('',(52.419647618517,-95.90236052772,1.51));
#2347 = CARTESIAN_POINT('',(54.233631694699,-88.20192616086,1.51));
#2348 = B_SPLINE_SURFACE_WITH_KNOTS('',3,1,(
    (#2349,#2350)
    ,(#2351,#2352)
    ,(#2353,#2354)
    ,(#2355,#2356
    )),.UNSPECIFIED.,.F.,.F.,.F.,(4,4),(2,2),(-1.,0.),(0.,0.5),
  .PIECEWISE_BEZIER_KNOTS.);
#2349 = CARTESIAN_POINT('',(54.233631694699,-88.20192616086,-0.49));
#2350 = CARTESIAN_POINT('',(54.233631694699,-88.20192616086,4.51));
#2351 = CARTESIAN_POINT('',(52.419647618517,-95.90236052772,-0.49));
#2352 = CARTESIAN_POINT('',(52.419647618517,-95.90236052772,4.51));
#2353 = CARTESIAN_POINT('',(52.449280822659,-95.97644353808,-0.49));
#2354 = CARTESIAN_POINT('',(52.449280822659,-95.97644353808,4.51));
#2355 = CARTESIAN_POINT('',(55.744931565508,-91.98652719439,-0.49));
#2356 = CARTESIAN_POINT('',(55.744931565508,-91.98652719439,4.51));
#2357 = ADVANCED_FACE('',(#2358),#2385,.F.);
#2358 = FACE_BOUND('',#2359,.F.);
#2359 = EDGE_LOOP('',(#2360,#2370,#2377,#2378));
#2360 = ORIENTED_EDGE('',*,*,#2361,.F.);
#2361 = EDGE_CURVE('',#2362,#2364,#2366,.T.);
#2362 = VERTEX_POINT('',#2363);
#2363 = CARTESIAN_POINT('',(59.432164511268,-80.5903946362,-0.49));
#2364 = VERTEX_POINT('',#2365);
#2365 = CARTESIAN_POINT('',(59.432164511268,-80.5903946362,1.51));
#2366 = LINE('',#2367,#2368);
#2367 = CARTESIAN_POINT('',(59.432164511268,-80.5903946362,-0.49));
#2368 = VECTOR('',#2369,1.);
#2369 = DIRECTION('',(0.,0.,1.));
#2370 = ORIENTED_EDGE('',*,*,#2371,.T.);
#2371 = EDGE_CURVE('',#2362,#2325,#2372,.T.);
#2372 = B_SPLINE_CURVE_WITH_KNOTS('',3,(#2373,#2374,#2375,#2376),
  .UNSPECIFIED.,.F.,.F.,(4,4),(-1.,0.),.PIECEWISE_BEZIER_KNOTS.);
#2373 = CARTESIAN_POINT('',(59.432164511268,-80.5903946362,-0.49));
#2374 = CARTESIAN_POINT('',(56.15344829677,-80.34909476539,-0.49));
#2375 = CARTESIAN_POINT('',(56.049730467383,-80.501491794,-0.49));
#2376 = CARTESIAN_POINT('',(54.233631694699,-88.20192616086,-0.49));
#2377 = ORIENTED_EDGE('',*,*,#2324,.T.);
#2378 = ORIENTED_EDGE('',*,*,#2379,.T.);
#2379 = EDGE_CURVE('',#2327,#2364,#2380,.T.);
#2380 = B_SPLINE_CURVE_WITH_KNOTS('',3,(#2381,#2382,#2383,#2384),
  .UNSPECIFIED.,.F.,.F.,(4,4),(0.,2.416796838853),
  .PIECEWISE_BEZIER_KNOTS.);
#2381 = CARTESIAN_POINT('',(54.233631694699,-88.20192616086,1.51));
#2382 = CARTESIAN_POINT('',(56.049730467383,-80.501491794,1.51));
#2383 = CARTESIAN_POINT('',(56.15344829677,-80.34909476539,1.51));
#2384 = CARTESIAN_POINT('',(59.432164511268,-80.5903946362,1.51));
#2385 = B_SPLINE_SURFACE_WITH_KNOTS('',3,1,(
    (#2386,#2387)
    ,(#2388,#2389)
    ,(#2390,#2391)
    ,(#2392,#2393
    )),.UNSPECIFIED.,.F.,.F.,.F.,(4,4),(2,2),(-1.,0.),(0.,0.5),
  .PIECEWISE_BEZIER_KNOTS.);
#2386 = CARTESIAN_POINT('',(59.432164511268,-80.5903946362,-0.49));
#2387 = CARTESIAN_POINT('',(59.432164511268,-80.5903946362,4.51));
#2388 = CARTESIAN_POINT('',(56.15344829677,-80.34909476539,-0.49));
#2389 = CARTESIAN_POINT('',(56.15344829677,-80.34909476539,4.51));
#2390 = CARTESIAN_POINT('',(56.049730467383,-80.501491794,-0.49));
#2391 = CARTESIAN_POINT('',(56.049730467383,-80.501491794,4.51));
#2392 = CARTESIAN_POINT('',(54.233631694699,-88.20192616086,-0.49));
#2393 = CARTESIAN_POINT('',(54.233631694699,-88.20192616086,4.51));
#2394 = ADVANCED_FACE('',(#2395),#2413,.F.);
#2395 = FACE_BOUND('',#2396,.F.);
#2396 = EDGE_LOOP('',(#2397,#2398,#2405,#2406));
#2397 = ORIENTED_EDGE('',*,*,#2297,.F.);
#2398 = ORIENTED_EDGE('',*,*,#2399,.T.);
#2399 = EDGE_CURVE('',#2289,#2362,#2400,.T.);
#2400 = B_SPLINE_CURVE_WITH_KNOTS('',3,(#2401,#2402,#2403,#2404),
  .UNSPECIFIED.,.F.,.F.,(4,4),(-1.,0.),.PIECEWISE_BEZIER_KNOTS.);
#2401 = CARTESIAN_POINT('',(60.941347263241,-84.37499243995,-0.49));
#2402 = CARTESIAN_POINT('',(62.740513929908,-80.90577590248,-0.49));
#2403 = CARTESIAN_POINT('',(62.710880725766,-80.83169450701,-0.49));
#2404 = CARTESIAN_POINT('',(59.432164511268,-80.5903946362,-0.49));
#2405 = ORIENTED_EDGE('',*,*,#2361,.T.);
#2406 = ORIENTED_EDGE('',*,*,#2407,.T.);
#2407 = EDGE_CURVE('',#2364,#2298,#2408,.T.);
#2408 = B_SPLINE_CURVE_WITH_KNOTS('',3,(#2409,#2410,#2411,#2412),
  .UNSPECIFIED.,.F.,.F.,(4,4),(0.,1.018386727667),
  .PIECEWISE_BEZIER_KNOTS.);
#2409 = CARTESIAN_POINT('',(59.432164511268,-80.5903946362,1.51));
#2410 = CARTESIAN_POINT('',(62.710880725766,-80.83169450701,1.51));
#2411 = CARTESIAN_POINT('',(62.740513929908,-80.90577590248,1.51));
#2412 = CARTESIAN_POINT('',(60.941347263241,-84.37499243995,1.51));
#2413 = B_SPLINE_SURFACE_WITH_KNOTS('',3,1,(
    (#2414,#2415)
    ,(#2416,#2417)
    ,(#2418,#2419)
    ,(#2420,#2421
    )),.UNSPECIFIED.,.F.,.F.,.F.,(4,4),(2,2),(-1.,0.),(0.,0.5),
  .PIECEWISE_BEZIER_KNOTS.);
#2414 = CARTESIAN_POINT('',(60.941347263241,-84.37499243995,-0.49));
#2415 = CARTESIAN_POINT('',(60.941347263241,-84.37499243995,4.51));
#2416 = CARTESIAN_POINT('',(62.740513929908,-80.90577590248,-0.49));
#2417 = CARTESIAN_POINT('',(62.740513929908,-80.90577590248,4.51));
#2418 = CARTESIAN_POINT('',(62.710880725766,-80.83169450701,-0.49));
#2419 = CARTESIAN_POINT('',(62.710880725766,-80.83169450701,4.51));
#2420 = CARTESIAN_POINT('',(59.432164511268,-80.5903946362,-0.49));
#2421 = CARTESIAN_POINT('',(59.432164511268,-80.5903946362,4.51));
#2422 = ADVANCED_FACE('',(#2423),#2459,.F.);
#2423 = FACE_BOUND('',#2424,.F.);
#2424 = EDGE_LOOP('',(#2425,#2435,#2444,#2452));
#2425 = ORIENTED_EDGE('',*,*,#2426,.F.);
#2426 = EDGE_CURVE('',#2427,#2429,#2431,.T.);
#2427 = VERTEX_POINT('',#2428);
#2428 = CARTESIAN_POINT('',(81.659280015215,-99.3885107861,-0.49));
#2429 = VERTEX_POINT('',#2430);
#2430 = CARTESIAN_POINT('',(81.659280015215,-99.3885107861,1.51));
#2431 = LINE('',#2432,#2433);
#2432 = CARTESIAN_POINT('',(81.659280015215,-99.3885107861,-0.49));
#2433 = VECTOR('',#2434,1.);
#2434 = DIRECTION('',(0.,0.,1.));
#2435 = ORIENTED_EDGE('',*,*,#2436,.T.);
#2436 = EDGE_CURVE('',#2427,#2437,#2439,.T.);
#2437 = VERTEX_POINT('',#2438);
#2438 = CARTESIAN_POINT('',(83.913531953081,-91.66267745277,-0.49));
#2439 = B_SPLINE_CURVE_WITH_KNOTS('',3,(#2440,#2441,#2442,#2443),
  .UNSPECIFIED.,.F.,.F.,(4,4),(-1.,0.),.PIECEWISE_BEZIER_KNOTS.);
#2440 = CARTESIAN_POINT('',(81.659280015215,-99.3885107861,-0.49));
#2441 = CARTESIAN_POINT('',(83.953749136512,-96.56487661303,-0.49));
#2442 = CARTESIAN_POINT('',(83.998197327837,-96.41035923581,-0.49));
#2443 = CARTESIAN_POINT('',(83.913531953081,-91.66267745277,-0.49));
#2444 = ORIENTED_EDGE('',*,*,#2445,.T.);
#2445 = EDGE_CURVE('',#2437,#2446,#2448,.T.);
#2446 = VERTEX_POINT('',#2447);
#2447 = CARTESIAN_POINT('',(83.913531953081,-91.66267745277,1.51));
#2448 = LINE('',#2449,#2450);
#2449 = CARTESIAN_POINT('',(83.913531953081,-91.66267745277,-0.49));
#2450 = VECTOR('',#2451,1.);
#2451 = DIRECTION('',(0.,0.,1.));
#2452 = ORIENTED_EDGE('',*,*,#2453,.T.);
#2453 = EDGE_CURVE('',#2446,#2429,#2454,.T.);
#2454 = B_SPLINE_CURVE_WITH_KNOTS('',3,(#2455,#2456,#2457,#2458),
  .UNSPECIFIED.,.F.,.F.,(4,4),(0.,1.42460695209),
  .PIECEWISE_BEZIER_KNOTS.);
#2455 = CARTESIAN_POINT('',(83.913531953081,-91.66267745277,1.51));
#2456 = CARTESIAN_POINT('',(83.998197327837,-96.41035923581,1.51));
#2457 = CARTESIAN_POINT('',(83.953749136512,-96.56487661303,1.51));
#2458 = CARTESIAN_POINT('',(81.659280015215,-99.3885107861,1.51));
#2459 = B_SPLINE_SURFACE_WITH_KNOTS('',3,1,(
    (#2460,#2461)
    ,(#2462,#2463)
    ,(#2464,#2465)
    ,(#2466,#2467
    )),.UNSPECIFIED.,.F.,.F.,.F.,(4,4),(2,2),(-1.,0.),(0.,0.5),
  .PIECEWISE_BEZIER_KNOTS.);
#2460 = CARTESIAN_POINT('',(81.659280015215,-99.3885107861,-0.49));
#2461 = CARTESIAN_POINT('',(81.659280015215,-99.3885107861,4.51));
#2462 = CARTESIAN_POINT('',(83.953749136512,-96.56487661303,-0.49));
#2463 = CARTESIAN_POINT('',(83.953749136512,-96.56487661303,4.51));
#2464 = CARTESIAN_POINT('',(83.998197327837,-96.41035923581,-0.49));
#2465 = CARTESIAN_POINT('',(83.998197327837,-96.41035923581,4.51));
#2466 = CARTESIAN_POINT('',(83.913531953081,-91.66267745277,-0.49));
#2467 = CARTESIAN_POINT('',(83.913531953081,-91.66267745277,4.51));
#2468 = ADVANCED_FACE('',(#2469),#2496,.F.);
#2469 = FACE_BOUND('',#2470,.F.);
#2470 = EDGE_LOOP('',(#2471,#2481,#2488,#2489));
#2471 = ORIENTED_EDGE('',*,*,#2472,.F.);
#2472 = EDGE_CURVE('',#2473,#2475,#2477,.T.);
#2473 = VERTEX_POINT('',#2474);
#2474 = CARTESIAN_POINT('',(75.324098232174,-98.32806033393,-0.49));
#2475 = VERTEX_POINT('',#2476);
#2476 = CARTESIAN_POINT('',(75.324098232174,-98.32806033393,1.51));
#2477 = LINE('',#2478,#2479);
#2478 = CARTESIAN_POINT('',(75.324098232174,-98.32806033393,-0.49));
#2479 = VECTOR('',#2480,1.);
#2480 = DIRECTION('',(0.,0.,1.));
#2481 = ORIENTED_EDGE('',*,*,#2482,.T.);
#2482 = EDGE_CURVE('',#2473,#2427,#2483,.T.);
#2483 = B_SPLINE_CURVE_WITH_KNOTS('',3,(#2484,#2485,#2486,#2487),
  .UNSPECIFIED.,.F.,.F.,(4,4),(-1.,0.),.PIECEWISE_BEZIER_KNOTS.);
#2484 = CARTESIAN_POINT('',(75.324098232174,-98.32806033393,-0.49));
#2485 = CARTESIAN_POINT('',(79.239931565508,-102.1930941194,-0.49));
#2486 = CARTESIAN_POINT('',(79.366929627641,-102.2142604631,-0.49));
#2487 = CARTESIAN_POINT('',(81.659280015215,-99.3885107861,-0.49));
#2488 = ORIENTED_EDGE('',*,*,#2426,.T.);
#2489 = ORIENTED_EDGE('',*,*,#2490,.T.);
#2490 = EDGE_CURVE('',#2429,#2475,#2491,.T.);
#2491 = B_SPLINE_CURVE_WITH_KNOTS('',3,(#2492,#2493,#2494,#2495),
  .UNSPECIFIED.,.F.,.F.,(4,4),(0.,1.163389756291),
  .PIECEWISE_BEZIER_KNOTS.);
#2492 = CARTESIAN_POINT('',(81.659280015215,-99.3885107861,1.51));
#2493 = CARTESIAN_POINT('',(79.366929627641,-102.2142604631,1.51));
#2494 = CARTESIAN_POINT('',(79.239931565508,-102.1930941194,1.51));
#2495 = CARTESIAN_POINT('',(75.324098232174,-98.32806033393,1.51));
#2496 = B_SPLINE_SURFACE_WITH_KNOTS('',3,1,(
    (#2497,#2498)
    ,(#2499,#2500)
    ,(#2501,#2502)
    ,(#2503,#2504
    )),.UNSPECIFIED.,.F.,.F.,.F.,(4,4),(2,2),(-1.,0.),(0.,0.5),
  .PIECEWISE_BEZIER_KNOTS.);
#2497 = CARTESIAN_POINT('',(75.324098232174,-98.32806033393,-0.49));
#2498 = CARTESIAN_POINT('',(75.324098232174,-98.32806033393,4.51));
#2499 = CARTESIAN_POINT('',(79.239931565508,-102.1930941194,-0.49));
#2500 = CARTESIAN_POINT('',(79.239931565508,-102.1930941194,4.51));
#2501 = CARTESIAN_POINT('',(79.366929627641,-102.2142604631,-0.49));
#2502 = CARTESIAN_POINT('',(79.366929627641,-102.2142604631,4.51));
#2503 = CARTESIAN_POINT('',(81.659280015215,-99.3885107861,-0.49));
#2504 = CARTESIAN_POINT('',(81.659280015215,-99.3885107861,4.51));
#2505 = ADVANCED_FACE('',(#2506),#2533,.F.);
#2506 = FACE_BOUND('',#2507,.F.);
#2507 = EDGE_LOOP('',(#2508,#2518,#2525,#2526));
#2508 = ORIENTED_EDGE('',*,*,#2509,.F.);
#2509 = EDGE_CURVE('',#2510,#2512,#2514,.T.);
#2510 = VERTEX_POINT('',#2511);
#2511 = CARTESIAN_POINT('',(72.589365286414,-91.85952590248,-0.49));
#2512 = VERTEX_POINT('',#2513);
#2513 = CARTESIAN_POINT('',(72.589365286414,-91.85952590248,1.51));
#2514 = LINE('',#2515,#2516);
#2515 = CARTESIAN_POINT('',(72.589365286414,-91.85952590248,-0.49));
#2516 = VECTOR('',#2517,1.);
#2517 = DIRECTION('',(0.,0.,1.));
#2518 = ORIENTED_EDGE('',*,*,#2519,.T.);
#2519 = EDGE_CURVE('',#2510,#2473,#2520,.T.);
#2520 = B_SPLINE_CURVE_WITH_KNOTS('',3,(#2521,#2522,#2523,#2524),
  .UNSPECIFIED.,.F.,.F.,(4,4),(-1.,0.),.PIECEWISE_BEZIER_KNOTS.);
#2521 = CARTESIAN_POINT('',(72.589365286414,-91.85952590248,-0.49));
#2522 = CARTESIAN_POINT('',(71.355348232174,-94.33602687141,-0.49));
#2523 = CARTESIAN_POINT('',(71.408264898841,-94.46514366727,-0.49));
#2524 = CARTESIAN_POINT('',(75.324098232174,-98.32806033393,-0.49));
#2525 = ORIENTED_EDGE('',*,*,#2472,.T.);
#2526 = ORIENTED_EDGE('',*,*,#2527,.T.);
#2527 = EDGE_CURVE('',#2475,#2512,#2528,.T.);
#2528 = B_SPLINE_CURVE_WITH_KNOTS('',3,(#2529,#2530,#2531,#2532),
  .UNSPECIFIED.,.F.,.F.,(4,4),(0.,1.654041023896),
  .PIECEWISE_BEZIER_KNOTS.);
#2529 = CARTESIAN_POINT('',(75.324098232174,-98.32806033393,1.51));
#2530 = CARTESIAN_POINT('',(71.408264898841,-94.46514366727,1.51));
#2531 = CARTESIAN_POINT('',(71.355348232174,-94.33602687141,1.51));
#2532 = CARTESIAN_POINT('',(72.589365286414,-91.85952590248,1.51));
#2533 = B_SPLINE_SURFACE_WITH_KNOTS('',3,1,(
    (#2534,#2535)
    ,(#2536,#2537)
    ,(#2538,#2539)
    ,(#2540,#2541
    )),.UNSPECIFIED.,.F.,.F.,.F.,(4,4),(2,2),(-1.,0.),(0.,0.5),
  .PIECEWISE_BEZIER_KNOTS.);
#2534 = CARTESIAN_POINT('',(72.589365286414,-91.85952590248,-0.49));
#2535 = CARTESIAN_POINT('',(72.589365286414,-91.85952590248,4.51));
#2536 = CARTESIAN_POINT('',(71.355348232174,-94.33602687141,-0.49));
#2537 = CARTESIAN_POINT('',(71.355348232174,-94.33602687141,4.51));
#2538 = CARTESIAN_POINT('',(71.408264898841,-94.46514366727,-0.49));
#2539 = CARTESIAN_POINT('',(71.408264898841,-94.46514366727,4.51));
#2540 = CARTESIAN_POINT('',(75.324098232174,-98.32806033393,-0.49));
#2541 = CARTESIAN_POINT('',(75.324098232174,-98.32806033393,4.51));
#2542 = ADVANCED_FACE('',(#2543),#2570,.F.);
#2543 = FACE_BOUND('',#2544,.F.);
#2544 = EDGE_LOOP('',(#2545,#2555,#2562,#2563));
#2545 = ORIENTED_EDGE('',*,*,#2546,.F.);
#2546 = EDGE_CURVE('',#2547,#2549,#2551,.T.);
#2547 = VERTEX_POINT('',#2548);
#2548 = CARTESIAN_POINT('',(74.248831177934,-88.74167680681,-0.49));
#2549 = VERTEX_POINT('',#2550);
#2550 = CARTESIAN_POINT('',(74.248831177934,-88.74167680681,1.51));
#2551 = LINE('',#2552,#2553);
#2552 = CARTESIAN_POINT('',(74.248831177934,-88.74167680681,-0.49));
#2553 = VECTOR('',#2554,1.);
#2554 = DIRECTION('',(0.,0.,1.));
#2555 = ORIENTED_EDGE('',*,*,#2556,.T.);
#2556 = EDGE_CURVE('',#2547,#2510,#2557,.T.);
#2557 = B_SPLINE_CURVE_WITH_KNOTS('',3,(#2558,#2559,#2560,#2561),
  .UNSPECIFIED.,.F.,.F.,(4,4),(-1.,0.),.PIECEWISE_BEZIER_KNOTS.);
#2558 = CARTESIAN_POINT('',(74.248831177934,-88.74167680681,-0.49));
#2559 = CARTESIAN_POINT('',(73.85724655269,-89.3216446362,-0.49));
#2560 = CARTESIAN_POINT('',(73.825497844601,-89.38514205238,-0.49));
#2561 = CARTESIAN_POINT('',(72.589365286414,-91.85952590248,-0.49));
#2562 = ORIENTED_EDGE('',*,*,#2509,.T.);
#2563 = ORIENTED_EDGE('',*,*,#2564,.T.);
#2564 = EDGE_CURVE('',#2512,#2549,#2565,.T.);
#2565 = B_SPLINE_CURVE_WITH_KNOTS('',3,(#2566,#2567,#2568,#2569),
  .UNSPECIFIED.,.F.,.F.,(4,4),(0.,0.677701903831),
  .PIECEWISE_BEZIER_KNOTS.);
#2566 = CARTESIAN_POINT('',(72.589365286414,-91.85952590248,1.51));
#2567 = CARTESIAN_POINT('',(73.825497844601,-89.38514205238,1.51));
#2568 = CARTESIAN_POINT('',(73.85724655269,-89.3216446362,1.51));
#2569 = CARTESIAN_POINT('',(74.248831177934,-88.74167680681,1.51));
#2570 = B_SPLINE_SURFACE_WITH_KNOTS('',3,1,(
    (#2571,#2572)
    ,(#2573,#2574)
    ,(#2575,#2576)
    ,(#2577,#2578
    )),.UNSPECIFIED.,.F.,.F.,.F.,(4,4),(2,2),(-1.,0.),(0.,0.5),
  .PIECEWISE_BEZIER_KNOTS.);
#2571 = CARTESIAN_POINT('',(74.248831177934,-88.74167680681,-0.49));
#2572 = CARTESIAN_POINT('',(74.248831177934,-88.74167680681,4.51));
#2573 = CARTESIAN_POINT('',(73.85724655269,-89.3216446362,-0.49));
#2574 = CARTESIAN_POINT('',(73.85724655269,-89.3216446362,4.51));
#2575 = CARTESIAN_POINT('',(73.825497844601,-89.38514205238,-0.49));
#2576 = CARTESIAN_POINT('',(73.825497844601,-89.38514205238,4.51));
#2577 = CARTESIAN_POINT('',(72.589365286414,-91.85952590248,-0.49));
#2578 = CARTESIAN_POINT('',(72.589365286414,-91.85952590248,4.51));
#2579 = ADVANCED_FACE('',(#2580),#2607,.F.);
#2580 = FACE_BOUND('',#2581,.F.);
#2581 = EDGE_LOOP('',(#2582,#2592,#2599,#2600));
#2582 = ORIENTED_EDGE('',*,*,#2583,.F.);
#2583 = EDGE_CURVE('',#2584,#2586,#2588,.T.);
#2584 = VERTEX_POINT('',#2585);
#2585 = CARTESIAN_POINT('',(76.699931565508,-87.56057641924,-0.49));
#2586 = VERTEX_POINT('',#2587);
#2587 = CARTESIAN_POINT('',(76.699931565508,-87.56057641924,1.51));
#2588 = LINE('',#2589,#2590);
#2589 = CARTESIAN_POINT('',(76.699931565508,-87.56057641924,-0.49));
#2590 = VECTOR('',#2591,1.);
#2591 = DIRECTION('',(0.,0.,1.));
#2592 = ORIENTED_EDGE('',*,*,#2593,.T.);
#2593 = EDGE_CURVE('',#2584,#2547,#2594,.T.);
#2594 = B_SPLINE_CURVE_WITH_KNOTS('',3,(#2595,#2596,#2597,#2598),
  .UNSPECIFIED.,.F.,.F.,(4,4),(-1.,0.),.PIECEWISE_BEZIER_KNOTS.);
#2595 = CARTESIAN_POINT('',(76.699931565508,-87.56057641924,-0.49));
#2596 = CARTESIAN_POINT('',(74.68697949845,-88.13631001096,-0.49));
#2597 = CARTESIAN_POINT('',(74.638297069454,-88.15959347348,-0.49));
#2598 = CARTESIAN_POINT('',(74.248831177934,-88.74167680681,-0.49));
#2599 = ORIENTED_EDGE('',*,*,#2546,.T.);
#2600 = ORIENTED_EDGE('',*,*,#2601,.T.);
#2601 = EDGE_CURVE('',#2549,#2586,#2602,.T.);
#2602 = B_SPLINE_CURVE_WITH_KNOTS('',3,(#2603,#2604,#2605,#2606),
  .UNSPECIFIED.,.F.,.F.,(4,4),(0.,0.211468682628),
  .PIECEWISE_BEZIER_KNOTS.);
#2603 = CARTESIAN_POINT('',(74.248831177934,-88.74167680681,1.51));
#2604 = CARTESIAN_POINT('',(74.638297069454,-88.15959347348,1.51));
#2605 = CARTESIAN_POINT('',(74.68697949845,-88.13631001096,1.51));
#2606 = CARTESIAN_POINT('',(76.699931565508,-87.56057641924,1.51));
#2607 = B_SPLINE_SURFACE_WITH_KNOTS('',3,1,(
    (#2608,#2609)
    ,(#2610,#2611)
    ,(#2612,#2613)
    ,(#2614,#2615
    )),.UNSPECIFIED.,.F.,.F.,.F.,(4,4),(2,2),(-1.,0.),(0.,0.5),
  .PIECEWISE_BEZIER_KNOTS.);
#2608 = CARTESIAN_POINT('',(76.699931565508,-87.56057641924,-0.49));
#2609 = CARTESIAN_POINT('',(76.699931565508,-87.56057641924,4.51));
#2610 = CARTESIAN_POINT('',(74.68697949845,-88.13631001096,-0.49));
#2611 = CARTESIAN_POINT('',(74.68697949845,-88.13631001096,4.51));
#2612 = CARTESIAN_POINT('',(74.638297069454,-88.15959347348,-0.49));
#2613 = CARTESIAN_POINT('',(74.638297069454,-88.15959347348,4.51));
#2614 = CARTESIAN_POINT('',(74.248831177934,-88.74167680681,-0.49));
#2615 = CARTESIAN_POINT('',(74.248831177934,-88.74167680681,4.51));
#2616 = ADVANCED_FACE('',(#2617),#2646,.F.);
#2617 = FACE_BOUND('',#2618,.F.);
#2618 = EDGE_LOOP('',(#2619,#2629,#2636,#2637));
#2619 = ORIENTED_EDGE('',*,*,#2620,.F.);
#2620 = EDGE_CURVE('',#2621,#2623,#2625,.T.);
#2621 = VERTEX_POINT('',#2622);
#2622 = CARTESIAN_POINT('',(81.288863348548,-86.89805871905,-0.49));
#2623 = VERTEX_POINT('',#2624);
#2624 = CARTESIAN_POINT('',(81.288863348548,-86.89805871905,1.51));
#2625 = LINE('',#2626,#2627);
#2626 = CARTESIAN_POINT('',(81.288863348548,-86.89805871905,-0.49));
#2627 = VECTOR('',#2628,1.);
#2628 = DIRECTION('',(0.,0.,1.));
#2629 = ORIENTED_EDGE('',*,*,#2630,.T.);
#2630 = EDGE_CURVE('',#2621,#2584,#2631,.T.);
#2631 = B_SPLINE_CURVE_WITH_KNOTS('',3,(#2632,#2633,#2634,#2635),
  .UNSPECIFIED.,.F.,.F.,(4,4),(-1.,0.),.PIECEWISE_BEZIER_KNOTS.);
#2632 = CARTESIAN_POINT('',(81.288863348548,-86.89805871905,-0.49));
#2633 = CARTESIAN_POINT('',(78.803898748939,-86.97425884824,-0.49));
#2634 = CARTESIAN_POINT('',(78.710764898841,-86.98696156125,-0.49));
#2635 = CARTESIAN_POINT('',(76.699931565508,-87.56057641924,-0.49));
#2636 = ORIENTED_EDGE('',*,*,#2583,.T.);
#2637 = ORIENTED_EDGE('',*,*,#2638,.T.);
#2638 = EDGE_CURVE('',#2586,#2623,#2639,.T.);
#2639 = B_SPLINE_CURVE_WITH_KNOTS('',3,(#2640,#2641,#2642,#2643,#2644,
    #2645),.UNSPECIFIED.,.F.,.F.,(4,2,4),(0.,0.313670069421,
    0.627391078525),.UNSPECIFIED.);
#2640 = CARTESIAN_POINT('',(76.699931565508,-87.56057641924,1.51));
#2641 = CARTESIAN_POINT('',(77.705389144139,-87.27375731961,1.51));
#2642 = CARTESIAN_POINT('',(78.231304844481,-87.12719467146,1.51));
#2643 = CARTESIAN_POINT('',(79.401986670884,-86.95836571252,1.51));
#2644 = CARTESIAN_POINT('',(80.045901181661,-86.93617349851,1.51));
#2645 = CARTESIAN_POINT('',(81.288863348548,-86.89805871905,1.51));
#2646 = B_SPLINE_SURFACE_WITH_KNOTS('',3,1,(
    (#2647,#2648)
    ,(#2649,#2650)
    ,(#2651,#2652)
    ,(#2653,#2654
    )),.UNSPECIFIED.,.F.,.F.,.F.,(4,4),(2,2),(-1.,0.),(0.,0.5),
  .PIECEWISE_BEZIER_KNOTS.);
#2647 = CARTESIAN_POINT('',(81.288863348548,-86.89805871905,-0.49));
#2648 = CARTESIAN_POINT('',(81.288863348548,-86.89805871905,4.51));
#2649 = CARTESIAN_POINT('',(78.803898748939,-86.97425884824,-0.49));
#2650 = CARTESIAN_POINT('',(78.803898748939,-86.97425884824,4.51));
#2651 = CARTESIAN_POINT('',(78.710764898841,-86.98696156125,-0.49));
#2652 = CARTESIAN_POINT('',(78.710764898841,-86.98696156125,4.51));
#2653 = CARTESIAN_POINT('',(76.699931565508,-87.56057641924,-0.49));
#2654 = CARTESIAN_POINT('',(76.699931565508,-87.56057641924,4.51));
#2655 = ADVANCED_FACE('',(#2656),#2674,.F.);
#2656 = FACE_BOUND('',#2657,.F.);
#2657 = EDGE_LOOP('',(#2658,#2659,#2666,#2667));
#2658 = ORIENTED_EDGE('',*,*,#2445,.F.);
#2659 = ORIENTED_EDGE('',*,*,#2660,.T.);
#2660 = EDGE_CURVE('',#2437,#2621,#2661,.T.);
#2661 = B_SPLINE_CURVE_WITH_KNOTS('',3,(#2662,#2663,#2664,#2665),
  .UNSPECIFIED.,.F.,.F.,(4,4),(-1.,0.),.PIECEWISE_BEZIER_KNOTS.);
#2662 = CARTESIAN_POINT('',(83.913531953081,-91.66267745277,-0.49));
#2663 = CARTESIAN_POINT('',(83.828863348548,-86.91499243995,-0.49));
#2664 = CARTESIAN_POINT('',(83.775946681881,-86.81974308591,-0.49));
#2665 = CARTESIAN_POINT('',(81.288863348548,-86.89805871905,-0.49));
#2666 = ORIENTED_EDGE('',*,*,#2620,.T.);
#2667 = ORIENTED_EDGE('',*,*,#2668,.T.);
#2668 = EDGE_CURVE('',#2623,#2446,#2669,.T.);
#2669 = B_SPLINE_CURVE_WITH_KNOTS('',3,(#2670,#2671,#2672,#2673),
  .UNSPECIFIED.,.F.,.F.,(4,4),(0.,0.773552686375),
  .PIECEWISE_BEZIER_KNOTS.);
#2670 = CARTESIAN_POINT('',(81.288863348548,-86.89805871905,1.51));
#2671 = CARTESIAN_POINT('',(83.775946681881,-86.81974308591,1.51));
#2672 = CARTESIAN_POINT('',(83.828863348548,-86.91499243995,1.51));
#2673 = CARTESIAN_POINT('',(83.913531953081,-91.66267745277,1.51));
#2674 = B_SPLINE_SURFACE_WITH_KNOTS('',3,1,(
    (#2675,#2676)
    ,(#2677,#2678)
    ,(#2679,#2680)
    ,(#2681,#2682
    )),.UNSPECIFIED.,.F.,.F.,.F.,(4,4),(2,2),(-1.,0.),(0.,0.5),
  .PIECEWISE_BEZIER_KNOTS.);
#2675 = CARTESIAN_POINT('',(83.913531953081,-91.66267745277,-0.49));
#2676 = CARTESIAN_POINT('',(83.913531953081,-91.66267745277,4.51));
#2677 = CARTESIAN_POINT('',(83.828863348548,-86.91499243995,-0.49));
#2678 = CARTESIAN_POINT('',(83.828863348548,-86.91499243995,4.51));
#2679 = CARTESIAN_POINT('',(83.775946681881,-86.81974308591,-0.49));
#2680 = CARTESIAN_POINT('',(83.775946681881,-86.81974308591,4.51));
#2681 = CARTESIAN_POINT('',(81.288863348548,-86.89805871905,-0.49));
#2682 = CARTESIAN_POINT('',(81.288863348548,-86.89805871905,4.51));
#2683 = ADVANCED_FACE('',(#2684),#2720,.F.);
#2684 = FACE_BOUND('',#2685,.F.);
#2685 = EDGE_LOOP('',(#2686,#2696,#2705,#2713));
#2686 = ORIENTED_EDGE('',*,*,#2687,.F.);
#2687 = EDGE_CURVE('',#2688,#2690,#2692,.T.);
#2688 = VERTEX_POINT('',#2689);
#2689 = CARTESIAN_POINT('',(89.909276201604,-126.4618063092,-0.49));
#2690 = VERTEX_POINT('',#2691);
#2691 = CARTESIAN_POINT('',(89.909276201604,-126.4618063092,1.51));
#2692 = LINE('',#2693,#2694);
#2693 = CARTESIAN_POINT('',(89.909276201604,-126.4618063092,-0.49));
#2694 = VECTOR('',#2695,1.);
#2695 = DIRECTION('',(0.,0.,1.));
#2696 = ORIENTED_EDGE('',*,*,#2697,.T.);
#2697 = EDGE_CURVE('',#2688,#2698,#2700,.T.);
#2698 = VERTEX_POINT('',#2699);
#2699 = CARTESIAN_POINT('',(86.595153152389,-115.7027874785,-0.49));
#2700 = B_SPLINE_CURVE_WITH_KNOTS('',3,(#2701,#2702,#2703,#2704),
  .UNSPECIFIED.,.F.,.F.,(4,4),(0.,1.),.PIECEWISE_BEZIER_KNOTS.);
#2701 = CARTESIAN_POINT('',(89.909276201604,-126.4618063092,-0.49));
#2702 = CARTESIAN_POINT('',(93.588987718208,-118.5952323913,-0.49));
#2703 = CARTESIAN_POINT('',(93.523128323638,-118.3776846319,-0.49));
#2704 = CARTESIAN_POINT('',(86.595153152389,-115.7027874785,-0.49));
#2705 = ORIENTED_EDGE('',*,*,#2706,.T.);
#2706 = EDGE_CURVE('',#2698,#2707,#2709,.T.);
#2707 = VERTEX_POINT('',#2708);
#2708 = CARTESIAN_POINT('',(86.595153152389,-115.7027874785,1.51));
#2709 = LINE('',#2710,#2711);
#2710 = CARTESIAN_POINT('',(86.595153152389,-115.7027874785,-0.49));
#2711 = VECTOR('',#2712,1.);
#2712 = DIRECTION('',(0.,0.,1.));
#2713 = ORIENTED_EDGE('',*,*,#2714,.T.);
#2714 = EDGE_CURVE('',#2707,#2690,#2715,.T.);
#2715 = B_SPLINE_CURVE_WITH_KNOTS('',3,(#2716,#2717,#2718,#2719),
  .UNSPECIFIED.,.F.,.F.,(4,4),(0.,2.254960512557),
  .PIECEWISE_BEZIER_KNOTS.);
#2716 = CARTESIAN_POINT('',(86.595153152389,-115.7027874785,1.51));
#2717 = CARTESIAN_POINT('',(93.523128323638,-118.3776846319,1.51));
#2718 = CARTESIAN_POINT('',(93.588987718208,-118.5952323913,1.51));
#2719 = CARTESIAN_POINT('',(89.909276201604,-126.4618063092,1.51));
#2720 = B_SPLINE_SURFACE_WITH_KNOTS('',3,1,(
    (#2721,#2722)
    ,(#2723,#2724)
    ,(#2725,#2726)
    ,(#2727,#2728
    )),.UNSPECIFIED.,.F.,.F.,.F.,(4,4),(2,2),(0.,1.),(0.,0.5),
  .PIECEWISE_BEZIER_KNOTS.);
#2721 = CARTESIAN_POINT('',(89.909276201604,-126.4618063092,-0.49));
#2722 = CARTESIAN_POINT('',(89.909276201604,-126.4618063092,4.51));
#2723 = CARTESIAN_POINT('',(93.588987718208,-118.5952323913,-0.49));
#2724 = CARTESIAN_POINT('',(93.588987718208,-118.5952323913,4.51));
#2725 = CARTESIAN_POINT('',(93.523128323638,-118.3776846319,-0.49));
#2726 = CARTESIAN_POINT('',(93.523128323638,-118.3776846319,4.51));
#2727 = CARTESIAN_POINT('',(86.595153152389,-115.7027874785,-0.49));
#2728 = CARTESIAN_POINT('',(86.595153152389,-115.7027874785,4.51));
#2729 = ADVANCED_FACE('',(#2730),#2757,.F.);
#2730 = FACE_BOUND('',#2731,.F.);
#2731 = EDGE_LOOP('',(#2732,#2742,#2749,#2750));
#2732 = ORIENTED_EDGE('',*,*,#2733,.F.);
#2733 = EDGE_CURVE('',#2734,#2736,#2738,.T.);
#2734 = VERTEX_POINT('',#2735);
#2735 = CARTESIAN_POINT('',(80.938149730909,-128.9461561995,-0.49));
#2736 = VERTEX_POINT('',#2737);
#2737 = CARTESIAN_POINT('',(80.938149730909,-128.9461561995,1.51));
#2738 = LINE('',#2739,#2740);
#2739 = CARTESIAN_POINT('',(80.938149730909,-128.9461561995,-0.49));
#2740 = VECTOR('',#2741,1.);
#2741 = DIRECTION('',(0.,0.,1.));
#2742 = ORIENTED_EDGE('',*,*,#2743,.T.);
#2743 = EDGE_CURVE('',#2734,#2688,#2744,.T.);
#2744 = B_SPLINE_CURVE_WITH_KNOTS('',3,(#2745,#2746,#2747,#2748),
  .UNSPECIFIED.,.F.,.F.,(4,4),(0.,1.),.PIECEWISE_BEZIER_KNOTS.);
#2745 = CARTESIAN_POINT('',(80.938149730909,-128.9461561995,-0.49));
#2746 = CARTESIAN_POINT('',(86.051179363757,-134.3815823561,-0.49));
#2747 = CARTESIAN_POINT('',(86.231001119851,-134.3308682052,-0.49));
#2748 = CARTESIAN_POINT('',(89.909276201604,-126.4618063092,-0.49));
#2749 = ORIENTED_EDGE('',*,*,#2687,.T.);
#2750 = ORIENTED_EDGE('',*,*,#2751,.T.);
#2751 = EDGE_CURVE('',#2690,#2736,#2752,.T.);
#2752 = B_SPLINE_CURVE_WITH_KNOTS('',3,(#2753,#2754,#2755,#2756),
  .UNSPECIFIED.,.F.,.F.,(4,4),(0.,2.786311584549),
  .PIECEWISE_BEZIER_KNOTS.);
#2753 = CARTESIAN_POINT('',(89.909276201604,-126.4618063092,1.51));
#2754 = CARTESIAN_POINT('',(86.231001119851,-134.3308682052,1.51));
#2755 = CARTESIAN_POINT('',(86.051179363757,-134.3815823561,1.51));
#2756 = CARTESIAN_POINT('',(80.938149730909,-128.9461561995,1.51));
#2757 = B_SPLINE_SURFACE_WITH_KNOTS('',3,1,(
    (#2758,#2759)
    ,(#2760,#2761)
    ,(#2762,#2763)
    ,(#2764,#2765
    )),.UNSPECIFIED.,.F.,.F.,.F.,(4,4),(2,2),(0.,1.),(0.,0.5),
  .PIECEWISE_BEZIER_KNOTS.);
#2758 = CARTESIAN_POINT('',(80.938149730909,-128.9461561995,-0.49));
#2759 = CARTESIAN_POINT('',(80.938149730909,-128.9461561995,4.51));
#2760 = CARTESIAN_POINT('',(86.051179363757,-134.3815823561,-0.49));
#2761 = CARTESIAN_POINT('',(86.051179363757,-134.3815823561,4.51));
#2762 = CARTESIAN_POINT('',(86.231001119851,-134.3308682052,-0.49));
#2763 = CARTESIAN_POINT('',(86.231001119851,-134.3308682052,4.51));
#2764 = CARTESIAN_POINT('',(89.909276201604,-126.4618063092,-0.49));
#2765 = CARTESIAN_POINT('',(89.909276201604,-126.4618063092,4.51));
#2766 = ADVANCED_FACE('',(#2767),#2794,.F.);
#2767 = FACE_BOUND('',#2768,.F.);
#2768 = EDGE_LOOP('',(#2769,#2779,#2786,#2787));
#2769 = ORIENTED_EDGE('',*,*,#2770,.F.);
#2770 = EDGE_CURVE('',#2771,#2773,#2775,.T.);
#2771 = VERTEX_POINT('',#2772);
#2772 = CARTESIAN_POINT('',(77.621536804332,-118.1885749002,-0.49));
#2773 = VERTEX_POINT('',#2774);
#2774 = CARTESIAN_POINT('',(77.621536804332,-118.1885749002,1.51));
#2775 = LINE('',#2776,#2777);
#2776 = CARTESIAN_POINT('',(77.621536804332,-118.1885749002,-0.49));
#2777 = VECTOR('',#2778,1.);
#2778 = DIRECTION('',(0.,0.,1.));
#2779 = ORIENTED_EDGE('',*,*,#2780,.T.);
#2780 = EDGE_CURVE('',#2771,#2734,#2781,.T.);
#2781 = B_SPLINE_CURVE_WITH_KNOTS('',3,(#2782,#2783,#2784,#2785),
  .UNSPECIFIED.,.F.,.F.,(4,4),(0.,1.),.PIECEWISE_BEZIER_KNOTS.);
#2782 = CARTESIAN_POINT('',(77.621536804332,-118.1885749002,-0.49));
#2783 = CARTESIAN_POINT('',(75.758213506898,-123.297105453,-0.49));
#2784 = CARTESIAN_POINT('',(75.822636466618,-123.5121652343,-0.49));
#2785 = CARTESIAN_POINT('',(80.938149730909,-128.9461561995,-0.49));
#2786 = ORIENTED_EDGE('',*,*,#2733,.T.);
#2787 = ORIENTED_EDGE('',*,*,#2788,.T.);
#2788 = EDGE_CURVE('',#2736,#2773,#2789,.T.);
#2789 = B_SPLINE_CURVE_WITH_KNOTS('',3,(#2790,#2791,#2792,#2793),
  .UNSPECIFIED.,.F.,.F.,(4,4),(0.,2.234286223198),
  .PIECEWISE_BEZIER_KNOTS.);
#2790 = CARTESIAN_POINT('',(80.938149730909,-128.9461561995,1.51));
#2791 = CARTESIAN_POINT('',(75.822636466618,-123.5121652343,1.51));
#2792 = CARTESIAN_POINT('',(75.758213506898,-123.297105453,1.51));
#2793 = CARTESIAN_POINT('',(77.621536804332,-118.1885749002,1.51));
#2794 = B_SPLINE_SURFACE_WITH_KNOTS('',3,1,(
    (#2795,#2796)
    ,(#2797,#2798)
    ,(#2799,#2800)
    ,(#2801,#2802
    )),.UNSPECIFIED.,.F.,.F.,.F.,(4,4),(2,2),(0.,1.),(0.,0.5),
  .PIECEWISE_BEZIER_KNOTS.);
#2795 = CARTESIAN_POINT('',(77.621536804332,-118.1885749002,-0.49));
#2796 = CARTESIAN_POINT('',(77.621536804332,-118.1885749002,4.51));
#2797 = CARTESIAN_POINT('',(75.758213506898,-123.297105453,-0.49));
#2798 = CARTESIAN_POINT('',(75.758213506898,-123.297105453,4.51));
#2799 = CARTESIAN_POINT('',(75.822636466618,-123.5121652343,-0.49));
#2800 = CARTESIAN_POINT('',(75.822636466618,-123.5121652343,4.51));
#2801 = CARTESIAN_POINT('',(80.938149730909,-128.9461561995,-0.49));
#2802 = CARTESIAN_POINT('',(80.938149730909,-128.9461561995,4.51));
#2803 = ADVANCED_FACE('',(#2804),#2822,.F.);
#2804 = FACE_BOUND('',#2805,.F.);
#2805 = EDGE_LOOP('',(#2806,#2807,#2814,#2815));
#2806 = ORIENTED_EDGE('',*,*,#2706,.F.);
#2807 = ORIENTED_EDGE('',*,*,#2808,.T.);
#2808 = EDGE_CURVE('',#2698,#2771,#2809,.T.);
#2809 = B_SPLINE_CURVE_WITH_KNOTS('',3,(#2810,#2811,#2812,#2813),
  .UNSPECIFIED.,.F.,.F.,(4,4),(0.,1.),.PIECEWISE_BEZIER_KNOTS.);
#2810 = CARTESIAN_POINT('',(86.595153152389,-115.7027874785,-0.49));
#2811 = CARTESIAN_POINT('',(79.6671741827,-113.0278925182,-0.49));
#2812 = CARTESIAN_POINT('',(79.485915443498,-113.0761177414,-0.49));
#2813 = CARTESIAN_POINT('',(77.621536804332,-118.1885749002,-0.49));
#2814 = ORIENTED_EDGE('',*,*,#2770,.T.);
#2815 = ORIENTED_EDGE('',*,*,#2816,.T.);
#2816 = EDGE_CURVE('',#2773,#2707,#2817,.T.);
#2817 = B_SPLINE_CURVE_WITH_KNOTS('',3,(#2818,#2819,#2820,#2821),
  .UNSPECIFIED.,.F.,.F.,(4,4),(0.,1.62386385243),
  .PIECEWISE_BEZIER_KNOTS.);
#2818 = CARTESIAN_POINT('',(77.621536804332,-118.1885749002,1.51));
#2819 = CARTESIAN_POINT('',(79.485915443498,-113.0761177414,1.51));
#2820 = CARTESIAN_POINT('',(79.6671741827,-113.0278925182,1.51));
#2821 = CARTESIAN_POINT('',(86.595153152389,-115.7027874785,1.51));
#2822 = B_SPLINE_SURFACE_WITH_KNOTS('',3,1,(
    (#2823,#2824)
    ,(#2825,#2826)
    ,(#2827,#2828)
    ,(#2829,#2830
    )),.UNSPECIFIED.,.F.,.F.,.F.,(4,4),(2,2),(0.,1.),(0.,0.5),
  .PIECEWISE_BEZIER_KNOTS.);
#2823 = CARTESIAN_POINT('',(86.595153152389,-115.7027874785,-0.49));
#2824 = CARTESIAN_POINT('',(86.595153152389,-115.7027874785,4.51));
#2825 = CARTESIAN_POINT('',(79.6671741827,-113.0278925182,-0.49));
#2826 = CARTESIAN_POINT('',(79.6671741827,-113.0278925182,4.51));
#2827 = CARTESIAN_POINT('',(79.485915443498,-113.0761177414,-0.49));
#2828 = CARTESIAN_POINT('',(79.485915443498,-113.0761177414,4.51));
#2829 = CARTESIAN_POINT('',(77.621536804332,-118.1885749002,-0.49));
#2830 = CARTESIAN_POINT('',(77.621536804332,-118.1885749002,4.51));
#2831 = ADVANCED_FACE('',(#2832),#2868,.F.);
#2832 = FACE_BOUND('',#2833,.F.);
#2833 = EDGE_LOOP('',(#2834,#2844,#2853,#2861));
#2834 = ORIENTED_EDGE('',*,*,#2835,.F.);
#2835 = EDGE_CURVE('',#2836,#2838,#2840,.T.);
#2836 = VERTEX_POINT('',#2837);
#2837 = CARTESIAN_POINT('',(49.234582387638,-144.7741505734,-0.49));
#2838 = VERTEX_POINT('',#2839);
#2839 = CARTESIAN_POINT('',(49.234582387638,-144.7741505734,1.51));
#2840 = LINE('',#2841,#2842);
#2841 = CARTESIAN_POINT('',(49.234582387638,-144.7741505734,-0.49));
#2842 = VECTOR('',#2843,1.);
#2843 = DIRECTION('',(0.,0.,1.));
#2844 = ORIENTED_EDGE('',*,*,#2845,.T.);
#2845 = EDGE_CURVE('',#2836,#2846,#2848,.T.);
#2846 = VERTEX_POINT('',#2847);
#2847 = CARTESIAN_POINT('',(51.131737595008,-140.9372275297,-0.49));
#2848 = B_SPLINE_CURVE_WITH_KNOTS('',3,(#2849,#2850,#2851,#2852),
  .UNSPECIFIED.,.F.,.F.,(4,4),(0.,1.),.PIECEWISE_BEZIER_KNOTS.);
#2849 = CARTESIAN_POINT('',(49.234582387638,-144.7741505734,-0.49));
#2850 = CARTESIAN_POINT('',(54.091280052162,-143.4073176585,-0.49));
#2851 = CARTESIAN_POINT('',(54.130517575877,-143.3315566091,-0.49));
#2852 = CARTESIAN_POINT('',(51.131737595008,-140.9372275297,-0.49));
#2853 = ORIENTED_EDGE('',*,*,#2854,.T.);
#2854 = EDGE_CURVE('',#2846,#2855,#2857,.T.);
#2855 = VERTEX_POINT('',#2856);
#2856 = CARTESIAN_POINT('',(51.131737595008,-140.9372275297,1.51));
#2857 = LINE('',#2858,#2859);
#2858 = CARTESIAN_POINT('',(51.131737595008,-140.9372275297,-0.49));
#2859 = VECTOR('',#2860,1.);
#2860 = DIRECTION('',(0.,0.,1.));
#2861 = ORIENTED_EDGE('',*,*,#2862,.T.);
#2862 = EDGE_CURVE('',#2855,#2838,#2863,.T.);
#2863 = B_SPLINE_CURVE_WITH_KNOTS('',3,(#2864,#2865,#2866,#2867),
  .UNSPECIFIED.,.F.,.F.,(4,4),(0.,1.013769944624),
  .PIECEWISE_BEZIER_KNOTS.);
#2864 = CARTESIAN_POINT('',(51.131737595008,-140.9372275297,1.51));
#2865 = CARTESIAN_POINT('',(54.130517575877,-143.3315566091,1.51));
#2866 = CARTESIAN_POINT('',(54.091280052162,-143.4073176585,1.51));
#2867 = CARTESIAN_POINT('',(49.234582387638,-144.7741505734,1.51));
#2868 = B_SPLINE_SURFACE_WITH_KNOTS('',3,1,(
    (#2869,#2870)
    ,(#2871,#2872)
    ,(#2873,#2874)
    ,(#2875,#2876
    )),.UNSPECIFIED.,.F.,.F.,.F.,(4,4),(2,2),(0.,1.),(0.,0.5),
  .PIECEWISE_BEZIER_KNOTS.);
#2869 = CARTESIAN_POINT('',(49.234582387638,-144.7741505734,-0.49));
#2870 = CARTESIAN_POINT('',(49.234582387638,-144.7741505734,4.51));
#2871 = CARTESIAN_POINT('',(54.091280052162,-143.4073176585,-0.49));
#2872 = CARTESIAN_POINT('',(54.091280052162,-143.4073176585,4.51));
#2873 = CARTESIAN_POINT('',(54.130517575877,-143.3315566091,-0.49));
#2874 = CARTESIAN_POINT('',(54.130517575877,-143.3315566091,4.51));
#2875 = CARTESIAN_POINT('',(51.131737595008,-140.9372275297,-0.49));
#2876 = CARTESIAN_POINT('',(51.131737595008,-140.9372275297,4.51));
#2877 = ADVANCED_FACE('',(#2878),#2905,.F.);
#2878 = FACE_BOUND('',#2879,.F.);
#2879 = EDGE_LOOP('',(#2880,#2890,#2897,#2898));
#2880 = ORIENTED_EDGE('',*,*,#2881,.F.);
#2881 = EDGE_CURVE('',#2882,#2884,#2886,.T.);
#2882 = VERTEX_POINT('',#2883);
#2883 = CARTESIAN_POINT('',(42.833418311789,-143.6670865656,-0.49));
#2884 = VERTEX_POINT('',#2885);
#2885 = CARTESIAN_POINT('',(42.833418311789,-143.6670865656,1.51));
#2886 = LINE('',#2887,#2888);
#2887 = CARTESIAN_POINT('',(42.833418311789,-143.6670865656,-0.49));
#2888 = VECTOR('',#2889,1.);
#2889 = DIRECTION('',(0.,0.,1.));
#2890 = ORIENTED_EDGE('',*,*,#2891,.T.);
#2891 = EDGE_CURVE('',#2882,#2836,#2892,.T.);
#2892 = B_SPLINE_CURVE_WITH_KNOTS('',3,(#2893,#2894,#2895,#2896),
  .UNSPECIFIED.,.F.,.F.,(4,4),(0.,1.),.PIECEWISE_BEZIER_KNOTS.);
#2893 = CARTESIAN_POINT('',(42.833418311789,-143.6670865656,-0.49));
#2894 = CARTESIAN_POINT('',(44.249084067875,-146.1190915817,-0.49));
#2895 = CARTESIAN_POINT('',(44.377892319994,-146.1409791023,-0.49));
#2896 = CARTESIAN_POINT('',(49.234582387638,-144.7741505734,-0.49));
#2897 = ORIENTED_EDGE('',*,*,#2835,.T.);
#2898 = ORIENTED_EDGE('',*,*,#2899,.T.);
#2899 = EDGE_CURVE('',#2838,#2884,#2900,.T.);
#2900 = B_SPLINE_CURVE_WITH_KNOTS('',3,(#2901,#2902,#2903,#2904),
  .UNSPECIFIED.,.F.,.F.,(4,4),(0.,1.561528207214),
  .PIECEWISE_BEZIER_KNOTS.);
#2901 = CARTESIAN_POINT('',(49.234582387638,-144.7741505734,1.51));
#2902 = CARTESIAN_POINT('',(44.377892319994,-146.1409791023,1.51));
#2903 = CARTESIAN_POINT('',(44.249084067875,-146.1190915817,1.51));
#2904 = CARTESIAN_POINT('',(42.833418311789,-143.6670865656,1.51));
#2905 = B_SPLINE_SURFACE_WITH_KNOTS('',3,1,(
    (#2906,#2907)
    ,(#2908,#2909)
    ,(#2910,#2911)
    ,(#2912,#2913
    )),.UNSPECIFIED.,.F.,.F.,.F.,(4,4),(2,2),(0.,1.),(0.,0.5),
  .PIECEWISE_BEZIER_KNOTS.);
#2906 = CARTESIAN_POINT('',(42.833418311789,-143.6670865656,-0.49));
#2907 = CARTESIAN_POINT('',(42.833418311789,-143.6670865656,4.51));
#2908 = CARTESIAN_POINT('',(44.249084067875,-146.1190915817,-0.49));
#2909 = CARTESIAN_POINT('',(44.249084067875,-146.1190915817,4.51));
#2910 = CARTESIAN_POINT('',(44.377892319994,-146.1409791023,-0.49));
#2911 = CARTESIAN_POINT('',(44.377892319994,-146.1409791023,4.51));
#2912 = CARTESIAN_POINT('',(49.234582387638,-144.7741505734,-0.49));
#2913 = CARTESIAN_POINT('',(49.234582387638,-144.7741505734,4.51));
#2914 = ADVANCED_FACE('',(#2915),#2942,.F.);
#2915 = FACE_BOUND('',#2916,.F.);
#2916 = EDGE_LOOP('',(#2917,#2927,#2934,#2935));
#2917 = ORIENTED_EDGE('',*,*,#2918,.F.);
#2918 = EDGE_CURVE('',#2919,#2921,#2923,.T.);
#2919 = VERTEX_POINT('',#2920);
#2920 = CARTESIAN_POINT('',(44.72912948743,-139.8276799298,-0.49));
#2921 = VERTEX_POINT('',#2922);
#2922 = CARTESIAN_POINT('',(44.72912948743,-139.8276799298,1.51));
#2923 = LINE('',#2924,#2925);
#2924 = CARTESIAN_POINT('',(44.72912948743,-139.8276799298,-0.49));
#2925 = VECTOR('',#2926,1.);
#2926 = DIRECTION('',(0.,0.,1.));
#2927 = ORIENTED_EDGE('',*,*,#2928,.T.);
#2928 = EDGE_CURVE('',#2919,#2882,#2929,.T.);
#2929 = B_SPLINE_CURVE_WITH_KNOTS('',3,(#2930,#2931,#2932,#2933),
  .UNSPECIFIED.,.F.,.F.,(4,4),(0.,1.),.PIECEWISE_BEZIER_KNOTS.);
#2930 = CARTESIAN_POINT('',(44.72912948743,-139.8276799298,-0.49));
#2931 = CARTESIAN_POINT('',(41.455553644569,-141.136832522,-0.49));
#2932 = CARTESIAN_POINT('',(41.416315024339,-141.2125916722,-0.49));
#2933 = CARTESIAN_POINT('',(42.833418311789,-143.6670865656,-0.49));
#2934 = ORIENTED_EDGE('',*,*,#2881,.T.);
#2935 = ORIENTED_EDGE('',*,*,#2936,.T.);
#2936 = EDGE_CURVE('',#2884,#2921,#2937,.T.);
#2937 = B_SPLINE_CURVE_WITH_KNOTS('',3,(#2938,#2939,#2940,#2941),
  .UNSPECIFIED.,.F.,.F.,(4,4),(0.,0.848875344688),
  .PIECEWISE_BEZIER_KNOTS.);
#2938 = CARTESIAN_POINT('',(42.833418311789,-143.6670865656,1.51));
#2939 = CARTESIAN_POINT('',(41.416315024339,-141.2125916722,1.51));
#2940 = CARTESIAN_POINT('',(41.455553644569,-141.136832522,1.51));
#2941 = CARTESIAN_POINT('',(44.72912948743,-139.8276799298,1.51));
#2942 = B_SPLINE_SURFACE_WITH_KNOTS('',3,1,(
    (#2943,#2944)
    ,(#2945,#2946)
    ,(#2947,#2948)
    ,(#2949,#2950
    )),.UNSPECIFIED.,.F.,.F.,.F.,(4,4),(2,2),(0.,1.),(0.,0.5),
  .PIECEWISE_BEZIER_KNOTS.);
#2943 = CARTESIAN_POINT('',(44.72912948743,-139.8276799298,-0.49));
#2944 = CARTESIAN_POINT('',(44.72912948743,-139.8276799298,4.51));
#2945 = CARTESIAN_POINT('',(41.455553644569,-141.136832522,-0.49));
#2946 = CARTESIAN_POINT('',(41.455553644569,-141.136832522,4.51));
#2947 = CARTESIAN_POINT('',(41.416315024339,-141.2125916722,-0.49));
#2948 = CARTESIAN_POINT('',(41.416315024339,-141.2125916722,4.51));
#2949 = CARTESIAN_POINT('',(42.833418311789,-143.6670865656,-0.49));
#2950 = CARTESIAN_POINT('',(42.833418311789,-143.6670865656,4.51));
#2951 = ADVANCED_FACE('',(#2952),#2970,.F.);
#2952 = FACE_BOUND('',#2953,.F.);
#2953 = EDGE_LOOP('',(#2954,#2955,#2962,#2963));
#2954 = ORIENTED_EDGE('',*,*,#2854,.F.);
#2955 = ORIENTED_EDGE('',*,*,#2956,.T.);
#2956 = EDGE_CURVE('',#2846,#2919,#2957,.T.);
#2957 = B_SPLINE_CURVE_WITH_KNOTS('',3,(#2958,#2959,#2960,#2961),
  .UNSPECIFIED.,.F.,.F.,(4,4),(0.,1.),.PIECEWISE_BEZIER_KNOTS.);
#2958 = CARTESIAN_POINT('',(51.131737595008,-140.9372275297,-0.49));
#2959 = CARTESIAN_POINT('',(48.129029402709,-138.5418491001,-0.49));
#2960 = CARTESIAN_POINT('',(48.002712927171,-138.5185229516,-0.49));
#2961 = CARTESIAN_POINT('',(44.72912948743,-139.8276799298,-0.49));
#2962 = ORIENTED_EDGE('',*,*,#2918,.T.);
#2963 = ORIENTED_EDGE('',*,*,#2964,.T.);
#2964 = EDGE_CURVE('',#2921,#2855,#2965,.T.);
#2965 = B_SPLINE_CURVE_WITH_KNOTS('',3,(#2966,#2967,#2968,#2969),
  .UNSPECIFIED.,.F.,.F.,(4,4),(0.,1.056112565983),
  .PIECEWISE_BEZIER_KNOTS.);
#2966 = CARTESIAN_POINT('',(44.72912948743,-139.8276799298,1.51));
#2967 = CARTESIAN_POINT('',(48.002712927171,-138.5185229516,1.51));
#2968 = CARTESIAN_POINT('',(48.129029402709,-138.5418491001,1.51));
#2969 = CARTESIAN_POINT('',(51.131737595008,-140.9372275297,1.51));
#2970 = B_SPLINE_SURFACE_WITH_KNOTS('',3,1,(
    (#2971,#2972)
    ,(#2973,#2974)
    ,(#2975,#2976)
    ,(#2977,#2978
    )),.UNSPECIFIED.,.F.,.F.,.F.,(4,4),(2,2),(0.,1.),(0.,0.5),
  .PIECEWISE_BEZIER_KNOTS.);
#2971 = CARTESIAN_POINT('',(51.131737595008,-140.9372275297,-0.49));
#2972 = CARTESIAN_POINT('',(51.131737595008,-140.9372275297,4.51));
#2973 = CARTESIAN_POINT('',(48.129029402709,-138.5418491001,-0.49));
#2974 = CARTESIAN_POINT('',(48.129029402709,-138.5418491001,4.51));
#2975 = CARTESIAN_POINT('',(48.002712927171,-138.5185229516,-0.49));
#2976 = CARTESIAN_POINT('',(48.002712927171,-138.5185229516,4.51));
#2977 = CARTESIAN_POINT('',(44.72912948743,-139.8276799298,-0.49));
#2978 = CARTESIAN_POINT('',(44.72912948743,-139.8276799298,4.51));
#2979 = ADVANCED_FACE('',(#2980),#3016,.F.);
#2980 = FACE_BOUND('',#2981,.F.);
#2981 = EDGE_LOOP('',(#2982,#2992,#3001,#3009));
#2982 = ORIENTED_EDGE('',*,*,#2983,.F.);
#2983 = EDGE_CURVE('',#2984,#2986,#2988,.T.);
#2984 = VERTEX_POINT('',#2985);
#2985 = CARTESIAN_POINT('',(87.276546983831,-145.7424636034,-0.49));
#2986 = VERTEX_POINT('',#2987);
#2987 = CARTESIAN_POINT('',(87.276546983831,-145.7424636034,1.51));
#2988 = LINE('',#2989,#2990);
#2989 = CARTESIAN_POINT('',(87.276546983831,-145.7424636034,-0.49));
#2990 = VECTOR('',#2991,1.);
#2991 = DIRECTION('',(0.,0.,1.));
#2992 = ORIENTED_EDGE('',*,*,#2993,.T.);
#2993 = EDGE_CURVE('',#2984,#2994,#2996,.T.);
#2994 = VERTEX_POINT('',#2995);
#2995 = CARTESIAN_POINT('',(80.377379969993,-140.329249299,-0.49));
#2996 = B_SPLINE_CURVE_WITH_KNOTS('',3,(#2997,#2998,#2999,#3000),
  .UNSPECIFIED.,.F.,.F.,(4,4),(0.,1.),.PIECEWISE_BEZIER_KNOTS.);
#2997 = CARTESIAN_POINT('',(87.276546983831,-145.7424636034,-0.49));
#2998 = CARTESIAN_POINT('',(86.029154119971,-143.04726377,-0.49));
#2999 = CARTESIAN_POINT('',(85.891411950452,-142.9409182893,-0.49));
#3000 = CARTESIAN_POINT('',(80.377379969993,-140.329249299,-0.49));
#3001 = ORIENTED_EDGE('',*,*,#3002,.T.);
#3002 = EDGE_CURVE('',#2994,#3003,#3005,.T.);
#3003 = VERTEX_POINT('',#3004);
#3004 = CARTESIAN_POINT('',(80.377379969993,-140.329249299,1.51));
#3005 = LINE('',#3006,#3007);
#3006 = CARTESIAN_POINT('',(80.377379969993,-140.329249299,-0.49));
#3007 = VECTOR('',#3008,1.);
#3008 = DIRECTION('',(0.,0.,1.));
#3009 = ORIENTED_EDGE('',*,*,#3010,.T.);
#3010 = EDGE_CURVE('',#3003,#2986,#3011,.T.);
#3011 = B_SPLINE_CURVE_WITH_KNOTS('',3,(#3012,#3013,#3014,#3015),
  .UNSPECIFIED.,.F.,.F.,(4,4),(0.,1.828940077509),
  .PIECEWISE_BEZIER_KNOTS.);
#3012 = CARTESIAN_POINT('',(80.377379969993,-140.329249299,1.51));
#3013 = CARTESIAN_POINT('',(85.891411950452,-142.9409182893,1.51));
#3014 = CARTESIAN_POINT('',(86.029154119971,-143.04726377,1.51));
#3015 = CARTESIAN_POINT('',(87.276546983831,-145.7424636034,1.51));
#3016 = B_SPLINE_SURFACE_WITH_KNOTS('',3,1,(
    (#3017,#3018)
    ,(#3019,#3020)
    ,(#3021,#3022)
    ,(#3023,#3024
    )),.UNSPECIFIED.,.F.,.F.,.F.,(4,4),(2,2),(0.,1.),(0.,0.5),
  .PIECEWISE_BEZIER_KNOTS.);
#3017 = CARTESIAN_POINT('',(87.276546983831,-145.7424636034,-0.49));
#3018 = CARTESIAN_POINT('',(87.276546983831,-145.7424636034,4.51));
#3019 = CARTESIAN_POINT('',(86.029154119971,-143.04726377,-0.49));
#3020 = CARTESIAN_POINT('',(86.029154119971,-143.04726377,4.51));
#3021 = CARTESIAN_POINT('',(85.891411950452,-142.9409182893,-0.49));
#3022 = CARTESIAN_POINT('',(85.891411950452,-142.9409182893,4.51));
#3023 = CARTESIAN_POINT('',(80.377379969993,-140.329249299,-0.49));
#3024 = CARTESIAN_POINT('',(80.377379969993,-140.329249299,4.51));
#3025 = ADVANCED_FACE('',(#3026),#3053,.F.);
#3026 = FACE_BOUND('',#3027,.F.);
#3027 = EDGE_LOOP('',(#3028,#3038,#3045,#3046));
#3028 = ORIENTED_EDGE('',*,*,#3029,.F.);
#3029 = EDGE_CURVE('',#3030,#3032,#3034,.T.);
#3030 = VERTEX_POINT('',#3031);
#3031 = CARTESIAN_POINT('',(82.495055129571,-151.9881428657,-0.49));
#3032 = VERTEX_POINT('',#3033);
#3033 = CARTESIAN_POINT('',(82.495055129571,-151.9881428657,1.51));
#3034 = LINE('',#3035,#3036);
#3035 = CARTESIAN_POINT('',(82.495055129571,-151.9881428657,-0.49));
#3036 = VECTOR('',#3037,1.);
#3037 = DIRECTION('',(0.,0.,1.));
#3038 = ORIENTED_EDGE('',*,*,#3039,.T.);
#3039 = EDGE_CURVE('',#3030,#2984,#3040,.T.);
#3040 = B_SPLINE_CURVE_WITH_KNOTS('',3,(#3041,#3042,#3043,#3044),
  .UNSPECIFIED.,.F.,.F.,(4,4),(0.,1.),.PIECEWISE_BEZIER_KNOTS.);
#3041 = CARTESIAN_POINT('',(82.495055129571,-151.9881428657,-0.49));
#3042 = CARTESIAN_POINT('',(88.427166101605,-148.5632369992,-0.49));
#3043 = CARTESIAN_POINT('',(88.523943440534,-148.4376608876,-0.49));
#3044 = CARTESIAN_POINT('',(87.276546983831,-145.7424636034,-0.49));
#3045 = ORIENTED_EDGE('',*,*,#2983,.T.);
#3046 = ORIENTED_EDGE('',*,*,#3047,.T.);
#3047 = EDGE_CURVE('',#2986,#3032,#3048,.T.);
#3048 = B_SPLINE_CURVE_WITH_KNOTS('',3,(#3049,#3050,#3051,#3052),
  .UNSPECIFIED.,.F.,.F.,(4,4),(0.,0.892379510952),
  .PIECEWISE_BEZIER_KNOTS.);
#3049 = CARTESIAN_POINT('',(87.276546983831,-145.7424636034,1.51));
#3050 = CARTESIAN_POINT('',(88.523943440534,-148.4376608876,1.51));
#3051 = CARTESIAN_POINT('',(88.427166101605,-148.5632369992,1.51));
#3052 = CARTESIAN_POINT('',(82.495055129571,-151.9881428657,1.51));
#3053 = B_SPLINE_SURFACE_WITH_KNOTS('',3,1,(
    (#3054,#3055)
    ,(#3056,#3057)
    ,(#3058,#3059)
    ,(#3060,#3061
    )),.UNSPECIFIED.,.F.,.F.,.F.,(4,4),(2,2),(0.,1.),(0.,0.5),
  .PIECEWISE_BEZIER_KNOTS.);
#3054 = CARTESIAN_POINT('',(82.495055129571,-151.9881428657,-0.49));
#3055 = CARTESIAN_POINT('',(82.495055129571,-151.9881428657,4.51));
#3056 = CARTESIAN_POINT('',(88.427166101605,-148.5632369992,-0.49));
#3057 = CARTESIAN_POINT('',(88.427166101605,-148.5632369992,4.51));
#3058 = CARTESIAN_POINT('',(88.523943440534,-148.4376608876,-0.49));
#3059 = CARTESIAN_POINT('',(88.523943440534,-148.4376608876,4.51));
#3060 = CARTESIAN_POINT('',(87.276546983831,-145.7424636034,-0.49));
#3061 = CARTESIAN_POINT('',(87.276546983831,-145.7424636034,4.51));
#3062 = ADVANCED_FACE('',(#3063),#3090,.F.);
#3063 = FACE_BOUND('',#3064,.F.);
#3064 = EDGE_LOOP('',(#3065,#3075,#3082,#3083));
#3065 = ORIENTED_EDGE('',*,*,#3066,.F.);
#3066 = EDGE_CURVE('',#3067,#3069,#3071,.T.);
#3067 = VERTEX_POINT('',#3068);
#3068 = CARTESIAN_POINT('',(72.780804273254,-152.9266561648,-0.49));
#3069 = VERTEX_POINT('',#3070);
#3070 = CARTESIAN_POINT('',(72.780804273254,-152.9266561648,1.51));
#3071 = LINE('',#3072,#3073);
#3072 = CARTESIAN_POINT('',(72.780804273254,-152.9266561648,-0.49));
#3073 = VECTOR('',#3074,1.);
#3074 = DIRECTION('',(0.,0.,1.));
#3075 = ORIENTED_EDGE('',*,*,#3076,.T.);
#3076 = EDGE_CURVE('',#3067,#3030,#3077,.T.);
#3077 = B_SPLINE_CURVE_WITH_KNOTS('',3,(#3078,#3079,#3080,#3081),
  .UNSPECIFIED.,.F.,.F.,(4,4),(0.,1.),.PIECEWISE_BEZIER_KNOTS.);
#3078 = CARTESIAN_POINT('',(72.780804273254,-152.9266561648,-0.49));
#3079 = CARTESIAN_POINT('',(76.370855411996,-155.4310155833,-0.49));
#3080 = CARTESIAN_POINT('',(76.562947955978,-155.4130465393,-0.49));
#3081 = CARTESIAN_POINT('',(82.495055129571,-151.9881428657,-0.49));
#3082 = ORIENTED_EDGE('',*,*,#3029,.T.);
#3083 = ORIENTED_EDGE('',*,*,#3084,.T.);
#3084 = EDGE_CURVE('',#3032,#3069,#3085,.T.);
#3085 = B_SPLINE_CURVE_WITH_KNOTS('',3,(#3086,#3087,#3088,#3089),
  .UNSPECIFIED.,.F.,.F.,(4,4),(0.,2.053335734354),
  .PIECEWISE_BEZIER_KNOTS.);
#3086 = CARTESIAN_POINT('',(82.495055129571,-151.9881428657,1.51));
#3087 = CARTESIAN_POINT('',(76.562947955978,-155.4130465393,1.51));
#3088 = CARTESIAN_POINT('',(76.370855411996,-155.4310155833,1.51));
#3089 = CARTESIAN_POINT('',(72.780804273254,-152.9266561648,1.51));
#3090 = B_SPLINE_SURFACE_WITH_KNOTS('',3,1,(
    (#3091,#3092)
    ,(#3093,#3094)
    ,(#3095,#3096)
    ,(#3097,#3098
    )),.UNSPECIFIED.,.F.,.F.,.F.,(4,4),(2,2),(0.,1.),(0.,0.5),
  .PIECEWISE_BEZIER_KNOTS.);
#3091 = CARTESIAN_POINT('',(72.780804273254,-152.9266561648,-0.49));
#3092 = CARTESIAN_POINT('',(72.780804273254,-152.9266561648,4.51));
#3093 = CARTESIAN_POINT('',(76.370855411996,-155.4310155833,-0.49));
#3094 = CARTESIAN_POINT('',(76.370855411996,-155.4310155833,4.51));
#3095 = CARTESIAN_POINT('',(76.562947955978,-155.4130465393,-0.49));
#3096 = CARTESIAN_POINT('',(76.562947955978,-155.4130465393,4.51));
#3097 = CARTESIAN_POINT('',(82.495055129571,-151.9881428657,-0.49));
#3098 = CARTESIAN_POINT('',(82.495055129571,-151.9881428657,4.51));
#3099 = ADVANCED_FACE('',(#3100),#3127,.F.);
#3100 = FACE_BOUND('',#3101,.F.);
#3101 = EDGE_LOOP('',(#3102,#3112,#3119,#3120));
#3102 = ORIENTED_EDGE('',*,*,#3103,.F.);
#3103 = EDGE_CURVE('',#3104,#3106,#3108,.T.);
#3104 = VERTEX_POINT('',#3105);
#3105 = CARTESIAN_POINT('',(71.935723733848,-144.0181134047,-0.49));
#3106 = VERTEX_POINT('',#3107);
#3107 = CARTESIAN_POINT('',(71.935723733848,-144.0181134047,1.51));
#3108 = LINE('',#3109,#3110);
#3109 = CARTESIAN_POINT('',(71.935723733848,-144.0181134047,-0.49));
#3110 = VECTOR('',#3111,1.);
#3111 = DIRECTION('',(0.,0.,1.));
#3112 = ORIENTED_EDGE('',*,*,#3113,.T.);
#3113 = EDGE_CURVE('',#3104,#3067,#3114,.T.);
#3114 = B_SPLINE_CURVE_WITH_KNOTS('',3,(#3115,#3116,#3117,#3118),
  .UNSPECIFIED.,.F.,.F.,(4,4),(0.,1.),.PIECEWISE_BEZIER_KNOTS.);
#3115 = CARTESIAN_POINT('',(71.935723733848,-144.0181134047,-0.49));
#3116 = CARTESIAN_POINT('',(69.177481494155,-150.244086906,-0.49));
#3117 = CARTESIAN_POINT('',(69.193244636964,-150.4208576436,-0.49));
#3118 = CARTESIAN_POINT('',(72.780804273254,-152.9266561648,-0.49));
#3119 = ORIENTED_EDGE('',*,*,#3066,.T.);
#3120 = ORIENTED_EDGE('',*,*,#3121,.T.);
#3121 = EDGE_CURVE('',#3069,#3106,#3122,.T.);
#3122 = B_SPLINE_CURVE_WITH_KNOTS('',3,(#3123,#3124,#3125,#3126),
  .UNSPECIFIED.,.F.,.F.,(4,4),(0.,1.374582603591),
  .PIECEWISE_BEZIER_KNOTS.);
#3123 = CARTESIAN_POINT('',(72.780804273254,-152.9266561648,1.51));
#3124 = CARTESIAN_POINT('',(69.193244636964,-150.4208576436,1.51));
#3125 = CARTESIAN_POINT('',(69.177481494155,-150.244086906,1.51));
#3126 = CARTESIAN_POINT('',(71.935723733848,-144.0181134047,1.51));
#3127 = B_SPLINE_SURFACE_WITH_KNOTS('',3,1,(
    (#3128,#3129)
    ,(#3130,#3131)
    ,(#3132,#3133)
    ,(#3134,#3135
    )),.UNSPECIFIED.,.F.,.F.,.F.,(4,4),(2,2),(0.,1.),(0.,0.5),
  .PIECEWISE_BEZIER_KNOTS.);
#3128 = CARTESIAN_POINT('',(71.935723733848,-144.0181134047,-0.49));
#3129 = CARTESIAN_POINT('',(71.935723733848,-144.0181134047,4.51));
#3130 = CARTESIAN_POINT('',(69.177481494155,-150.244086906,-0.49));
#3131 = CARTESIAN_POINT('',(69.177481494155,-150.244086906,4.51));
#3132 = CARTESIAN_POINT('',(69.193244636964,-150.4208576436,-0.49));
#3133 = CARTESIAN_POINT('',(69.193244636964,-150.4208576436,4.51));
#3134 = CARTESIAN_POINT('',(72.780804273254,-152.9266561648,-0.49));
#3135 = CARTESIAN_POINT('',(72.780804273254,-152.9266561648,4.51));
#3136 = ADVANCED_FACE('',(#3137),#3155,.F.);
#3137 = FACE_BOUND('',#3138,.F.);
#3138 = EDGE_LOOP('',(#3139,#3140,#3147,#3148));
#3139 = ORIENTED_EDGE('',*,*,#3002,.F.);
#3140 = ORIENTED_EDGE('',*,*,#3141,.T.);
#3141 = EDGE_CURVE('',#2994,#3104,#3142,.T.);
#3142 = B_SPLINE_CURVE_WITH_KNOTS('',3,(#3143,#3144,#3145,#3146),
  .UNSPECIFIED.,.F.,.F.,(4,4),(0.,1.),.PIECEWISE_BEZIER_KNOTS.);
#3143 = CARTESIAN_POINT('',(80.377379969993,-140.329249299,-0.49));
#3144 = CARTESIAN_POINT('',(74.860856487081,-137.7190194114,-0.49));
#3145 = CARTESIAN_POINT('',(74.6914779954,-137.7935763384,-0.49));
#3146 = CARTESIAN_POINT('',(71.935723733848,-144.0181134047,-0.49));
#3147 = ORIENTED_EDGE('',*,*,#3103,.T.);
#3148 = ORIENTED_EDGE('',*,*,#3149,.T.);
#3149 = EDGE_CURVE('',#3106,#3003,#3150,.T.);
#3150 = B_SPLINE_CURVE_WITH_KNOTS('',3,(#3151,#3152,#3153,#3154),
  .UNSPECIFIED.,.F.,.F.,(4,4),(0.,2.046993729044),
  .PIECEWISE_BEZIER_KNOTS.);
#3151 = CARTESIAN_POINT('',(71.935723733848,-144.0181134047,1.51));
#3152 = CARTESIAN_POINT('',(74.6914779954,-137.7935763384,1.51));
#3153 = CARTESIAN_POINT('',(74.860856487081,-137.7190194114,1.51));
#3154 = CARTESIAN_POINT('',(80.377379969993,-140.329249299,1.51));
#3155 = B_SPLINE_SURFACE_WITH_KNOTS('',3,1,(
    (#3156,#3157)
    ,(#3158,#3159)
    ,(#3160,#3161)
    ,(#3162,#3163
    )),.UNSPECIFIED.,.F.,.F.,.F.,(4,4),(2,2),(0.,1.),(0.,0.5),
  .PIECEWISE_BEZIER_KNOTS.);
#3156 = CARTESIAN_POINT('',(80.377379969993,-140.329249299,-0.49));
#3157 = CARTESIAN_POINT('',(80.377379969993,-140.329249299,4.51));
#3158 = CARTESIAN_POINT('',(74.860856487081,-137.7190194114,-0.49));
#3159 = CARTESIAN_POINT('',(74.860856487081,-137.7190194114,4.51));
#3160 = CARTESIAN_POINT('',(74.6914779954,-137.7935763384,-0.49));
#3161 = CARTESIAN_POINT('',(74.6914779954,-137.7935763384,4.51));
#3162 = CARTESIAN_POINT('',(71.935723733848,-144.0181134047,-0.49));
#3163 = CARTESIAN_POINT('',(71.935723733848,-144.0181134047,4.51));
#3164 = ADVANCED_FACE('',(#3165),#3201,.F.);
#3165 = FACE_BOUND('',#3166,.F.);
#3166 = EDGE_LOOP('',(#3167,#3177,#3186,#3194));
#3167 = ORIENTED_EDGE('',*,*,#3168,.F.);
#3168 = EDGE_CURVE('',#3169,#3171,#3173,.T.);
#3169 = VERTEX_POINT('',#3170);
#3170 = CARTESIAN_POINT('',(67.473113526229,-160.7042135889,-0.49));
#3171 = VERTEX_POINT('',#3172);
#3172 = CARTESIAN_POINT('',(67.473113526229,-160.7042135889,1.51));
#3173 = LINE('',#3174,#3175);
#3174 = CARTESIAN_POINT('',(67.473113526229,-160.7042135889,-0.49));
#3175 = VECTOR('',#3176,1.);
#3176 = DIRECTION('',(0.,0.,1.));
#3177 = ORIENTED_EDGE('',*,*,#3178,.T.);
#3178 = EDGE_CURVE('',#3169,#3179,#3181,.T.);
#3179 = VERTEX_POINT('',#3180);
#3180 = CARTESIAN_POINT('',(70.461992721743,-154.3085710164,-0.49));
#3181 = B_SPLINE_CURVE_WITH_KNOTS('',3,(#3182,#3183,#3184,#3185),
  .UNSPECIFIED.,.F.,.F.,(4,4),(0.,1.),.PIECEWISE_BEZIER_KNOTS.);
#3182 = CARTESIAN_POINT('',(67.473113526229,-160.7042135889,-0.49));
#3183 = CARTESIAN_POINT('',(73.992710206989,-156.9401226902,-0.49));
#3184 = CARTESIAN_POINT('',(74.05060677458,-156.8104413291,-0.49));
#3185 = CARTESIAN_POINT('',(70.461992721743,-154.3085710164,-0.49));
#3186 = ORIENTED_EDGE('',*,*,#3187,.T.);
#3187 = EDGE_CURVE('',#3179,#3188,#3190,.T.);
#3188 = VERTEX_POINT('',#3189);
#3189 = CARTESIAN_POINT('',(70.461992721743,-154.3085710164,1.51));
#3190 = LINE('',#3191,#3192);
#3191 = CARTESIAN_POINT('',(70.461992721743,-154.3085710164,-0.49));
#3192 = VECTOR('',#3193,1.);
#3193 = DIRECTION('',(0.,0.,1.));
#3194 = ORIENTED_EDGE('',*,*,#3195,.T.);
#3195 = EDGE_CURVE('',#3188,#3171,#3196,.T.);
#3196 = B_SPLINE_CURVE_WITH_KNOTS('',3,(#3197,#3198,#3199,#3200),
  .UNSPECIFIED.,.F.,.F.,(4,4),(0.,1.420508864492),
  .PIECEWISE_BEZIER_KNOTS.);
#3197 = CARTESIAN_POINT('',(70.461992721743,-154.3085710164,1.51));
#3198 = CARTESIAN_POINT('',(74.05060677458,-156.8104413291,1.51));
#3199 = CARTESIAN_POINT('',(73.992710206989,-156.9401226902,1.51));
#3200 = CARTESIAN_POINT('',(67.473113526229,-160.7042135889,1.51));
#3201 = B_SPLINE_SURFACE_WITH_KNOTS('',3,1,(
    (#3202,#3203)
    ,(#3204,#3205)
    ,(#3206,#3207)
    ,(#3208,#3209
    )),.UNSPECIFIED.,.F.,.F.,.F.,(4,4),(2,2),(0.,1.),(0.,0.5),
  .PIECEWISE_BEZIER_KNOTS.);
#3202 = CARTESIAN_POINT('',(67.473113526229,-160.7042135889,-0.49));
#3203 = CARTESIAN_POINT('',(67.473113526229,-160.7042135889,4.51));
#3204 = CARTESIAN_POINT('',(73.992710206989,-156.9401226902,-0.49));
#3205 = CARTESIAN_POINT('',(73.992710206989,-156.9401226902,4.51));
#3206 = CARTESIAN_POINT('',(74.05060677458,-156.8104413291,-0.49));
#3207 = CARTESIAN_POINT('',(74.05060677458,-156.8104413291,4.51));
#3208 = CARTESIAN_POINT('',(70.461992721743,-154.3085710164,-0.49));
#3209 = CARTESIAN_POINT('',(70.461992721743,-154.3085710164,4.51));
#3210 = ADVANCED_FACE('',(#3211),#3238,.F.);
#3211 = FACE_BOUND('',#3212,.F.);
#3212 = EDGE_LOOP('',(#3213,#3223,#3230,#3231));
#3213 = ORIENTED_EDGE('',*,*,#3214,.F.);
#3214 = EDGE_CURVE('',#3215,#3217,#3219,.T.);
#3215 = VERTEX_POINT('',#3216);
#3216 = CARTESIAN_POINT('',(57.445262337634,-161.1168099416,-0.49));
#3217 = VERTEX_POINT('',#3218);
#3218 = CARTESIAN_POINT('',(57.445262337634,-161.1168099416,1.51));
#3219 = LINE('',#3220,#3221);
#3220 = CARTESIAN_POINT('',(57.445262337634,-161.1168099416,-0.49));
#3221 = VECTOR('',#3222,1.);
#3222 = DIRECTION('',(0.,0.,1.));
#3223 = ORIENTED_EDGE('',*,*,#3224,.T.);
#3224 = EDGE_CURVE('',#3215,#3169,#3225,.T.);
#3225 = B_SPLINE_CURVE_WITH_KNOTS('',3,(#3226,#3227,#3228,#3229),
  .UNSPECIFIED.,.F.,.F.,(4,4),(0.,1.),.PIECEWISE_BEZIER_KNOTS.);
#3226 = CARTESIAN_POINT('',(57.445262337634,-161.1168099416,-0.49));
#3227 = CARTESIAN_POINT('',(60.754238186637,-164.4738268155,-0.49));
#3228 = CARTESIAN_POINT('',(60.953520643908,-164.4683022945,-0.49));
#3229 = CARTESIAN_POINT('',(67.473113526229,-160.7042135889,-0.49));
#3230 = ORIENTED_EDGE('',*,*,#3168,.T.);
#3231 = ORIENTED_EDGE('',*,*,#3232,.T.);
#3232 = EDGE_CURVE('',#3171,#3217,#3233,.T.);
#3233 = B_SPLINE_CURVE_WITH_KNOTS('',3,(#3234,#3235,#3236,#3237),
  .UNSPECIFIED.,.F.,.F.,(4,4),(0.,2.324006700626),
  .PIECEWISE_BEZIER_KNOTS.);
#3234 = CARTESIAN_POINT('',(67.473113526229,-160.7042135889,1.51));
#3235 = CARTESIAN_POINT('',(60.953520643908,-164.4683022945,1.51));
#3236 = CARTESIAN_POINT('',(60.754238186637,-164.4738268155,1.51));
#3237 = CARTESIAN_POINT('',(57.445262337634,-161.1168099416,1.51));
#3238 = B_SPLINE_SURFACE_WITH_KNOTS('',3,1,(
    (#3239,#3240)
    ,(#3241,#3242)
    ,(#3243,#3244)
    ,(#3245,#3246
    )),.UNSPECIFIED.,.F.,.F.,.F.,(4,4),(2,2),(0.,1.),(0.,0.5),
  .PIECEWISE_BEZIER_KNOTS.);
#3239 = CARTESIAN_POINT('',(57.445262337634,-161.1168099416,-0.49));
#3240 = CARTESIAN_POINT('',(57.445262337634,-161.1168099416,4.51));
#3241 = CARTESIAN_POINT('',(60.754238186637,-164.4738268155,-0.49));
#3242 = CARTESIAN_POINT('',(60.754238186637,-164.4738268155,4.51));
#3243 = CARTESIAN_POINT('',(60.953520643908,-164.4683022945,-0.49));
#3244 = CARTESIAN_POINT('',(60.953520643908,-164.4683022945,4.51));
#3245 = CARTESIAN_POINT('',(67.473113526229,-160.7042135889,-0.49));
#3246 = CARTESIAN_POINT('',(67.473113526229,-160.7042135889,4.51));
#3247 = ADVANCED_FACE('',(#3248),#3275,.F.);
#3248 = FACE_BOUND('',#3249,.F.);
#3249 = EDGE_LOOP('',(#3250,#3260,#3267,#3268));
#3250 = ORIENTED_EDGE('',*,*,#3251,.F.);
#3251 = EDGE_CURVE('',#3252,#3254,#3256,.T.);
#3252 = VERTEX_POINT('',#3253);
#3253 = CARTESIAN_POINT('',(57.904916932224,-153.9277281963,-0.49));
#3254 = VERTEX_POINT('',#3255);
#3255 = CARTESIAN_POINT('',(57.904916932224,-153.9277281963,1.51));
#3256 = LINE('',#3257,#3258);
#3257 = CARTESIAN_POINT('',(57.904916932224,-153.9277281963,-0.49));
#3258 = VECTOR('',#3259,1.);
#3259 = DIRECTION('',(0.,0.,1.));
#3260 = ORIENTED_EDGE('',*,*,#3261,.T.);
#3261 = EDGE_CURVE('',#3252,#3215,#3262,.T.);
#3262 = B_SPLINE_CURVE_WITH_KNOTS('',3,(#3263,#3264,#3265,#3266),
  .UNSPECIFIED.,.F.,.F.,(4,4),(0.,1.),.PIECEWISE_BEZIER_KNOTS.);
#3263 = CARTESIAN_POINT('',(57.904916932224,-153.9277281963,-0.49));
#3264 = CARTESIAN_POINT('',(54.147068767843,-157.6174825545,-0.49));
#3265 = CARTESIAN_POINT('',(54.137731102884,-157.7622776687,-0.49));
#3266 = CARTESIAN_POINT('',(57.445262337634,-161.1168099416,-0.49));
#3267 = ORIENTED_EDGE('',*,*,#3214,.T.);
#3268 = ORIENTED_EDGE('',*,*,#3269,.T.);
#3269 = EDGE_CURVE('',#3217,#3254,#3270,.T.);
#3270 = B_SPLINE_CURVE_WITH_KNOTS('',3,(#3271,#3272,#3273,#3274),
  .UNSPECIFIED.,.F.,.F.,(4,4),(0.,1.449747462974),
  .PIECEWISE_BEZIER_KNOTS.);
#3271 = CARTESIAN_POINT('',(57.445262337634,-161.1168099416,1.51));
#3272 = CARTESIAN_POINT('',(54.137731102884,-157.7622776687,1.51));
#3273 = CARTESIAN_POINT('',(54.147068767843,-157.6174825545,1.51));
#3274 = CARTESIAN_POINT('',(57.904916932224,-153.9277281963,1.51));
#3275 = B_SPLINE_SURFACE_WITH_KNOTS('',3,1,(
    (#3276,#3277)
    ,(#3278,#3279)
    ,(#3280,#3281)
    ,(#3282,#3283
    )),.UNSPECIFIED.,.F.,.F.,.F.,(4,4),(2,2),(0.,1.),(0.,0.5),
  .PIECEWISE_BEZIER_KNOTS.);
#3276 = CARTESIAN_POINT('',(57.904916932224,-153.9277281963,-0.49));
#3277 = CARTESIAN_POINT('',(57.904916932224,-153.9277281963,4.51));
#3278 = CARTESIAN_POINT('',(54.147068767843,-157.6174825545,-0.49));
#3279 = CARTESIAN_POINT('',(54.147068767843,-157.6174825545,4.51));
#3280 = CARTESIAN_POINT('',(54.137731102884,-157.7622776687,-0.49));
#3281 = CARTESIAN_POINT('',(54.137731102884,-157.7622776687,4.51));
#3282 = CARTESIAN_POINT('',(57.445262337634,-161.1168099416,-0.49));
#3283 = CARTESIAN_POINT('',(57.445262337634,-161.1168099416,4.51));
#3284 = ADVANCED_FACE('',(#3285),#3312,.F.);
#3285 = FACE_BOUND('',#3286,.F.);
#3286 = EDGE_LOOP('',(#3287,#3297,#3304,#3305));
#3287 = ORIENTED_EDGE('',*,*,#3288,.F.);
#3288 = EDGE_CURVE('',#3289,#3291,#3293,.T.);
#3289 = VERTEX_POINT('',#3290);
#3290 = CARTESIAN_POINT('',(64.271162546194,-150.95582924,-0.49));
#3291 = VERTEX_POINT('',#3292);
#3292 = CARTESIAN_POINT('',(64.271162546194,-150.95582924,1.51));
#3293 = LINE('',#3294,#3295);
#3294 = CARTESIAN_POINT('',(64.271162546194,-150.95582924,-0.49));
#3295 = VECTOR('',#3296,1.);
#3296 = DIRECTION('',(0.,0.,1.));
#3297 = ORIENTED_EDGE('',*,*,#3298,.T.);
#3298 = EDGE_CURVE('',#3289,#3252,#3299,.T.);
#3299 = B_SPLINE_CURVE_WITH_KNOTS('',3,(#3300,#3301,#3302,#3303),
  .UNSPECIFIED.,.F.,.F.,(4,4),(0.,1.),.PIECEWISE_BEZIER_KNOTS.);
#3300 = CARTESIAN_POINT('',(64.271162546194,-150.95582924,-0.49));
#3301 = CARTESIAN_POINT('',(61.792980856272,-150.1760692818,-0.49));
#3302 = CARTESIAN_POINT('',(61.665256324928,-150.2365342607,-0.49));
#3303 = CARTESIAN_POINT('',(57.904916932224,-153.9277281963,-0.49));
#3304 = ORIENTED_EDGE('',*,*,#3251,.T.);
#3305 = ORIENTED_EDGE('',*,*,#3306,.T.);
#3306 = EDGE_CURVE('',#3254,#3291,#3307,.T.);
#3307 = B_SPLINE_CURVE_WITH_KNOTS('',3,(#3308,#3309,#3310,#3311),
  .UNSPECIFIED.,.F.,.F.,(4,4),(0.,1.577174444927),
  .PIECEWISE_BEZIER_KNOTS.);
#3308 = CARTESIAN_POINT('',(57.904916932224,-153.9277281963,1.51));
#3309 = CARTESIAN_POINT('',(61.665256324928,-150.2365342607,1.51));
#3310 = CARTESIAN_POINT('',(61.792980856272,-150.1760692818,1.51));
#3311 = CARTESIAN_POINT('',(64.271162546194,-150.95582924,1.51));
#3312 = B_SPLINE_SURFACE_WITH_KNOTS('',3,1,(
    (#3313,#3314)
    ,(#3315,#3316)
    ,(#3317,#3318)
    ,(#3319,#3320
    )),.UNSPECIFIED.,.F.,.F.,.F.,(4,4),(2,2),(0.,1.),(0.,0.5),
  .PIECEWISE_BEZIER_KNOTS.);
#3313 = CARTESIAN_POINT('',(64.271162546194,-150.95582924,-0.49));
#3314 = CARTESIAN_POINT('',(64.271162546194,-150.95582924,4.51));
#3315 = CARTESIAN_POINT('',(61.792980856272,-150.1760692818,-0.49));
#3316 = CARTESIAN_POINT('',(61.792980856272,-150.1760692818,4.51));
#3317 = CARTESIAN_POINT('',(61.665256324928,-150.2365342607,-0.49));
#3318 = CARTESIAN_POINT('',(61.665256324928,-150.2365342607,4.51));
#3319 = CARTESIAN_POINT('',(57.904916932224,-153.9277281963,-0.49));
#3320 = CARTESIAN_POINT('',(57.904916932224,-153.9277281963,4.51));
#3321 = ADVANCED_FACE('',(#3322),#3340,.F.);
#3322 = FACE_BOUND('',#3323,.F.);
#3323 = EDGE_LOOP('',(#3324,#3325,#3332,#3333));
#3324 = ORIENTED_EDGE('',*,*,#3187,.F.);
#3325 = ORIENTED_EDGE('',*,*,#3326,.T.);
#3326 = EDGE_CURVE('',#3179,#3289,#3327,.T.);
#3327 = B_SPLINE_CURVE_WITH_KNOTS('',3,(#3328,#3329,#3330,#3331),
  .UNSPECIFIED.,.F.,.F.,(4,4),(0.,1.),.PIECEWISE_BEZIER_KNOTS.);
#3328 = CARTESIAN_POINT('',(70.461992721743,-154.3085710164,-0.49));
#3329 = CARTESIAN_POINT('',(66.874433359582,-151.8027729701,-0.49));
#3330 = CARTESIAN_POINT('',(66.749344510245,-151.7355896731,-0.49));
#3331 = CARTESIAN_POINT('',(64.271162546194,-150.95582924,-0.49));
#3332 = ORIENTED_EDGE('',*,*,#3288,.T.);
#3333 = ORIENTED_EDGE('',*,*,#3334,.T.);
#3334 = EDGE_CURVE('',#3291,#3188,#3335,.T.);
#3335 = B_SPLINE_CURVE_WITH_KNOTS('',3,(#3336,#3337,#3338,#3339),
  .UNSPECIFIED.,.F.,.F.,(4,4),(0.,0.779196963983),
  .PIECEWISE_BEZIER_KNOTS.);
#3336 = CARTESIAN_POINT('',(64.271162546194,-150.95582924,1.51));
#3337 = CARTESIAN_POINT('',(66.749344510245,-151.7355896731,1.51));
#3338 = CARTESIAN_POINT('',(66.874433359582,-151.8027729701,1.51));
#3339 = CARTESIAN_POINT('',(70.461992721743,-154.3085710164,1.51));
#3340 = B_SPLINE_SURFACE_WITH_KNOTS('',3,1,(
    (#3341,#3342)
    ,(#3343,#3344)
    ,(#3345,#3346)
    ,(#3347,#3348
    )),.UNSPECIFIED.,.F.,.F.,.F.,(4,4),(2,2),(0.,1.),(0.,0.5),
  .PIECEWISE_BEZIER_KNOTS.);
#3341 = CARTESIAN_POINT('',(70.461992721743,-154.3085710164,-0.49));
#3342 = CARTESIAN_POINT('',(70.461992721743,-154.3085710164,4.51));
#3343 = CARTESIAN_POINT('',(66.874433359582,-151.8027729701,-0.49));
#3344 = CARTESIAN_POINT('',(66.874433359582,-151.8027729701,4.51));
#3345 = CARTESIAN_POINT('',(66.749344510245,-151.7355896731,-0.49));
#3346 = CARTESIAN_POINT('',(66.749344510245,-151.7355896731,4.51));
#3347 = CARTESIAN_POINT('',(64.271162546194,-150.95582924,-0.49));
#3348 = CARTESIAN_POINT('',(64.271162546194,-150.95582924,4.51));
#3349 = ADVANCED_FACE('',(#3350),#3386,.F.);
#3350 = FACE_BOUND('',#3351,.F.);
#3351 = EDGE_LOOP('',(#3352,#3362,#3371,#3379));
#3352 = ORIENTED_EDGE('',*,*,#3353,.F.);
#3353 = EDGE_CURVE('',#3354,#3356,#3358,.T.);
#3354 = VERTEX_POINT('',#3355);
#3355 = CARTESIAN_POINT('',(38.414408794063,-135.6337082306,-0.49));
#3356 = VERTEX_POINT('',#3357);
#3357 = CARTESIAN_POINT('',(38.414408794063,-135.6337082306,1.51));
#3358 = LINE('',#3359,#3360);
#3359 = CARTESIAN_POINT('',(38.414408794063,-135.6337082306,-0.49));
#3360 = VECTOR('',#3361,1.);
#3361 = DIRECTION('',(0.,0.,1.));
#3362 = ORIENTED_EDGE('',*,*,#3363,.T.);
#3363 = EDGE_CURVE('',#3354,#3364,#3366,.T.);
#3364 = VERTEX_POINT('',#3365);
#3365 = CARTESIAN_POINT('',(44.189187061164,-138.5130428832,-0.49));
#3366 = B_SPLINE_CURVE_WITH_KNOTS('',3,(#3367,#3368,#3369,#3370),
  .UNSPECIFIED.,.F.,.F.,(4,4),(0.,1.),.PIECEWISE_BEZIER_KNOTS.);
#3367 = CARTESIAN_POINT('',(38.414408794063,-135.6337082306,-0.49));
#3368 = CARTESIAN_POINT('',(40.798763448619,-139.7635316356,-0.49));
#3369 = CARTESIAN_POINT('',(40.914173686938,-139.819705598,-0.49));
#3370 = CARTESIAN_POINT('',(44.189187061164,-138.5130428832,-0.49));
#3371 = ORIENTED_EDGE('',*,*,#3372,.T.);
#3372 = EDGE_CURVE('',#3364,#3373,#3375,.T.);
#3373 = VERTEX_POINT('',#3374);
#3374 = CARTESIAN_POINT('',(44.189187061164,-138.5130428832,1.51));
#3375 = LINE('',#3376,#3377);
#3376 = CARTESIAN_POINT('',(44.189187061164,-138.5130428832,-0.49));
#3377 = VECTOR('',#3378,1.);
#3378 = DIRECTION('',(0.,0.,1.));
#3379 = ORIENTED_EDGE('',*,*,#3380,.T.);
#3380 = EDGE_CURVE('',#3373,#3356,#3381,.T.);
#3381 = B_SPLINE_CURVE_WITH_KNOTS('',3,(#3382,#3383,#3384,#3385),
  .UNSPECIFIED.,.F.,.F.,(4,4),(0.,1.070934863343),
  .PIECEWISE_BEZIER_KNOTS.);
#3382 = CARTESIAN_POINT('',(44.189187061164,-138.5130428832,1.51));
#3383 = CARTESIAN_POINT('',(40.914173686938,-139.819705598,1.51));
#3384 = CARTESIAN_POINT('',(40.798763448619,-139.7635316356,1.51));
#3385 = CARTESIAN_POINT('',(38.414408794063,-135.6337082306,1.51));
#3386 = B_SPLINE_SURFACE_WITH_KNOTS('',3,1,(
    (#3387,#3388)
    ,(#3389,#3390)
    ,(#3391,#3392)
    ,(#3393,#3394
    )),.UNSPECIFIED.,.F.,.F.,.F.,(4,4),(2,2),(0.,1.),(0.,0.5),
  .PIECEWISE_BEZIER_KNOTS.);
#3387 = CARTESIAN_POINT('',(38.414408794063,-135.6337082306,-0.49));
#3388 = CARTESIAN_POINT('',(38.414408794063,-135.6337082306,4.51));
#3389 = CARTESIAN_POINT('',(40.798763448619,-139.7635316356,-0.49));
#3390 = CARTESIAN_POINT('',(40.798763448619,-139.7635316356,4.51));
#3391 = CARTESIAN_POINT('',(40.914173686938,-139.819705598,-0.49));
#3392 = CARTESIAN_POINT('',(40.914173686938,-139.819705598,4.51));
#3393 = CARTESIAN_POINT('',(44.189187061164,-138.5130428832,-0.49));
#3394 = CARTESIAN_POINT('',(44.189187061164,-138.5130428832,4.51));
#3395 = ADVANCED_FACE('',(#3396),#3423,.F.);
#3396 = FACE_BOUND('',#3397,.F.);
#3397 = EDGE_LOOP('',(#3398,#3408,#3415,#3416));
#3398 = ORIENTED_EDGE('',*,*,#3399,.F.);
#3399 = EDGE_CURVE('',#3400,#3402,#3404,.T.);
#3400 = VERTEX_POINT('',#3401);
#3401 = CARTESIAN_POINT('',(40.792033166263,-128.6450180748,-0.49));
#3402 = VERTEX_POINT('',#3403);
#3403 = CARTESIAN_POINT('',(40.792033166263,-128.6450180748,1.51));
#3404 = LINE('',#3405,#3406);
#3405 = CARTESIAN_POINT('',(40.792033166263,-128.6450180748,-0.49));
#3406 = VECTOR('',#3407,1.);
#3407 = DIRECTION('',(0.,0.,1.));
#3408 = ORIENTED_EDGE('',*,*,#3409,.T.);
#3409 = EDGE_CURVE('',#3400,#3354,#3410,.T.);
#3410 = B_SPLINE_CURVE_WITH_KNOTS('',3,(#3411,#3412,#3413,#3414),
  .UNSPECIFIED.,.F.,.F.,(4,4),(0.,1.),.PIECEWISE_BEZIER_KNOTS.);
#3411 = CARTESIAN_POINT('',(40.792033166263,-128.6450180748,-0.49));
#3412 = CARTESIAN_POINT('',(36.079703807304,-131.3656826987,-0.49));
#3413 = CARTESIAN_POINT('',(36.030051946476,-131.5038810272,-0.49));
#3414 = CARTESIAN_POINT('',(38.414408794063,-135.6337082306,-0.49));
#3415 = ORIENTED_EDGE('',*,*,#3353,.T.);
#3416 = ORIENTED_EDGE('',*,*,#3417,.T.);
#3417 = EDGE_CURVE('',#3356,#3402,#3418,.T.);
#3418 = B_SPLINE_CURVE_WITH_KNOTS('',3,(#3419,#3420,#3421,#3422),
  .UNSPECIFIED.,.F.,.F.,(4,4),(0.,1.470819602133),
  .PIECEWISE_BEZIER_KNOTS.);
#3419 = CARTESIAN_POINT('',(38.414408794063,-135.6337082306,1.51));
#3420 = CARTESIAN_POINT('',(36.030051946476,-131.5038810272,1.51));
#3421 = CARTESIAN_POINT('',(36.079703807304,-131.3656826987,1.51));
#3422 = CARTESIAN_POINT('',(40.792033166263,-128.6450180748,1.51));
#3423 = B_SPLINE_SURFACE_WITH_KNOTS('',3,1,(
    (#3424,#3425)
    ,(#3426,#3427)
    ,(#3428,#3429)
    ,(#3430,#3431
    )),.UNSPECIFIED.,.F.,.F.,.F.,(4,4),(2,2),(0.,1.),(0.,0.5),
  .PIECEWISE_BEZIER_KNOTS.);
#3424 = CARTESIAN_POINT('',(40.792033166263,-128.6450180748,-0.49));
#3425 = CARTESIAN_POINT('',(40.792033166263,-128.6450180748,4.51));
#3426 = CARTESIAN_POINT('',(36.079703807304,-131.3656826987,-0.49));
#3427 = CARTESIAN_POINT('',(36.079703807304,-131.3656826987,4.51));
#3428 = CARTESIAN_POINT('',(36.030051946476,-131.5038810272,-0.49));
#3429 = CARTESIAN_POINT('',(36.030051946476,-131.5038810272,4.51));
#3430 = CARTESIAN_POINT('',(38.414408794063,-135.6337082306,-0.49));
#3431 = CARTESIAN_POINT('',(38.414408794063,-135.6337082306,4.51));
#3432 = ADVANCED_FACE('',(#3433),#3460,.F.);
#3433 = FACE_BOUND('',#3434,.F.);
#3434 = EDGE_LOOP('',(#3435,#3445,#3452,#3453));
#3435 = ORIENTED_EDGE('',*,*,#3436,.F.);
#3436 = EDGE_CURVE('',#3437,#3439,#3441,.T.);
#3437 = VERTEX_POINT('',#3438);
#3438 = CARTESIAN_POINT('',(46.260529573807,-129.5968615926,-0.49));
#3439 = VERTEX_POINT('',#3440);
#3440 = CARTESIAN_POINT('',(46.260529573807,-129.5968615926,1.51));
#3441 = LINE('',#3442,#3443);
#3442 = CARTESIAN_POINT('',(46.260529573807,-129.5968615926,-0.49));
#3443 = VECTOR('',#3444,1.);
#3444 = DIRECTION('',(0.,0.,1.));
#3445 = ORIENTED_EDGE('',*,*,#3446,.T.);
#3446 = EDGE_CURVE('',#3437,#3400,#3447,.T.);
#3447 = B_SPLINE_CURVE_WITH_KNOTS('',3,(#3448,#3449,#3450,#3451),
  .UNSPECIFIED.,.F.,.F.,(4,4),(0.,1.),.PIECEWISE_BEZIER_KNOTS.);
#3448 = CARTESIAN_POINT('',(46.260529573807,-129.5968615926,-0.49));
#3449 = CARTESIAN_POINT('',(45.61104984782,-125.9424183783,-0.49));
#3450 = CARTESIAN_POINT('',(45.504370122101,-125.9243490649,-0.49));
#3451 = CARTESIAN_POINT('',(40.792033166263,-128.6450180748,-0.49));
#3452 = ORIENTED_EDGE('',*,*,#3399,.T.);
#3453 = ORIENTED_EDGE('',*,*,#3454,.T.);
#3454 = EDGE_CURVE('',#3402,#3439,#3455,.T.);
#3455 = B_SPLINE_CURVE_WITH_KNOTS('',3,(#3456,#3457,#3458,#3459),
  .UNSPECIFIED.,.F.,.F.,(4,4),(0.,1.548286152514),
  .PIECEWISE_BEZIER_KNOTS.);
#3456 = CARTESIAN_POINT('',(40.792033166263,-128.6450180748,1.51));
#3457 = CARTESIAN_POINT('',(45.504370122101,-125.9243490649,1.51));
#3458 = CARTESIAN_POINT('',(45.61104984782,-125.9424183783,1.51));
#3459 = CARTESIAN_POINT('',(46.260529573807,-129.5968615926,1.51));
#3460 = B_SPLINE_SURFACE_WITH_KNOTS('',3,1,(
    (#3461,#3462)
    ,(#3463,#3464)
    ,(#3465,#3466)
    ,(#3467,#3468
    )),.UNSPECIFIED.,.F.,.F.,.F.,(4,4),(2,2),(0.,1.),(0.,0.5),
  .PIECEWISE_BEZIER_KNOTS.);
#3461 = CARTESIAN_POINT('',(46.260529573807,-129.5968615926,-0.49));
#3462 = CARTESIAN_POINT('',(46.260529573807,-129.5968615926,4.51));
#3463 = CARTESIAN_POINT('',(45.61104984782,-125.9424183783,-0.49));
#3464 = CARTESIAN_POINT('',(45.61104984782,-125.9424183783,4.51));
#3465 = CARTESIAN_POINT('',(45.504370122101,-125.9243490649,-0.49));
#3466 = CARTESIAN_POINT('',(45.504370122101,-125.9243490649,4.51));
#3467 = CARTESIAN_POINT('',(40.792033166263,-128.6450180748,-0.49));
#3468 = CARTESIAN_POINT('',(40.792033166263,-128.6450180748,4.51));
#3469 = ADVANCED_FACE('',(#3470),#3497,.F.);
#3470 = FACE_BOUND('',#3471,.F.);
#3471 = EDGE_LOOP('',(#3472,#3482,#3489,#3490));
#3472 = ORIENTED_EDGE('',*,*,#3473,.F.);
#3473 = EDGE_CURVE('',#3474,#3476,#3478,.T.);
#3474 = VERTEX_POINT('',#3475);
#3475 = CARTESIAN_POINT('',(47.225899051237,-135.2529122369,-0.49));
#3476 = VERTEX_POINT('',#3477);
#3477 = CARTESIAN_POINT('',(47.225899051237,-135.2529122369,1.51));
#3478 = LINE('',#3479,#3480);
#3479 = CARTESIAN_POINT('',(47.225899051237,-135.2529122369,-0.49));
#3480 = VECTOR('',#3481,1.);
#3481 = DIRECTION('',(0.,0.,1.));
#3482 = ORIENTED_EDGE('',*,*,#3483,.T.);
#3483 = EDGE_CURVE('',#3474,#3437,#3484,.T.);
#3484 = B_SPLINE_CURVE_WITH_KNOTS('',3,(#3485,#3486,#3487,#3488),
  .UNSPECIFIED.,.F.,.F.,(4,4),(0.,1.),.PIECEWISE_BEZIER_KNOTS.);
#3485 = CARTESIAN_POINT('',(47.225899051237,-135.2529122369,-0.49));
#3486 = CARTESIAN_POINT('',(46.927285862184,-133.3674586424,-0.49));
#3487 = CARTESIAN_POINT('',(46.907517523212,-133.2527434348,-0.49));
#3488 = CARTESIAN_POINT('',(46.260529573807,-129.5968615926,-0.49));
#3489 = ORIENTED_EDGE('',*,*,#3436,.T.);
#3490 = ORIENTED_EDGE('',*,*,#3491,.T.);
#3491 = EDGE_CURVE('',#3439,#3476,#3492,.T.);
#3492 = B_SPLINE_CURVE_WITH_KNOTS('',3,(#3493,#3494,#3495,#3496),
  .UNSPECIFIED.,.F.,.F.,(4,4),(0.,0.128929575051),
  .PIECEWISE_BEZIER_KNOTS.);
#3493 = CARTESIAN_POINT('',(46.260529573807,-129.5968615926,1.51));
#3494 = CARTESIAN_POINT('',(46.907517523212,-133.2527434348,1.51));
#3495 = CARTESIAN_POINT('',(46.927285862184,-133.3674586424,1.51));
#3496 = CARTESIAN_POINT('',(47.225899051237,-135.2529122369,1.51));
#3497 = B_SPLINE_SURFACE_WITH_KNOTS('',3,1,(
    (#3498,#3499)
    ,(#3500,#3501)
    ,(#3502,#3503)
    ,(#3504,#3505
    )),.UNSPECIFIED.,.F.,.F.,.F.,(4,4),(2,2),(0.,1.),(0.,0.5),
  .PIECEWISE_BEZIER_KNOTS.);
#3498 = CARTESIAN_POINT('',(47.225899051237,-135.2529122369,-0.49));
#3499 = CARTESIAN_POINT('',(47.225899051237,-135.2529122369,4.51));
#3500 = CARTESIAN_POINT('',(46.927285862184,-133.3674586424,-0.49));
#3501 = CARTESIAN_POINT('',(46.927285862184,-133.3674586424,4.51));
#3502 = CARTESIAN_POINT('',(46.907517523212,-133.2527434348,-0.49));
#3503 = CARTESIAN_POINT('',(46.907517523212,-133.2527434348,4.51));
#3504 = CARTESIAN_POINT('',(46.260529573807,-129.5968615926,-0.49));
#3505 = CARTESIAN_POINT('',(46.260529573807,-129.5968615926,4.51));
#3506 = ADVANCED_FACE('',(#3507),#3525,.F.);
#3507 = FACE_BOUND('',#3508,.F.);
#3508 = EDGE_LOOP('',(#3509,#3510,#3517,#3518));
#3509 = ORIENTED_EDGE('',*,*,#3372,.F.);
#3510 = ORIENTED_EDGE('',*,*,#3511,.T.);
#3511 = EDGE_CURVE('',#3364,#3474,#3512,.T.);
#3512 = B_SPLINE_CURVE_WITH_KNOTS('',3,(#3513,#3514,#3515,#3516),
  .UNSPECIFIED.,.F.,.F.,(4,4),(0.,1.),.PIECEWISE_BEZIER_KNOTS.);
#3513 = CARTESIAN_POINT('',(44.189187061164,-138.5130428832,-0.49));
#3514 = CARTESIAN_POINT('',(47.462770500905,-137.2038859049,-0.49));
#3515 = CARTESIAN_POINT('',(47.522020463708,-137.1398044592,-0.49));
#3516 = CARTESIAN_POINT('',(47.225899051237,-135.2529122369,-0.49));
#3517 = ORIENTED_EDGE('',*,*,#3473,.T.);
#3518 = ORIENTED_EDGE('',*,*,#3519,.T.);
#3519 = EDGE_CURVE('',#3476,#3373,#3520,.T.);
#3520 = B_SPLINE_CURVE_WITH_KNOTS('',3,(#3521,#3522,#3523,#3524),
  .UNSPECIFIED.,.F.,.F.,(4,4),(0.,0.570624919267),
  .PIECEWISE_BEZIER_KNOTS.);
#3521 = CARTESIAN_POINT('',(47.225899051237,-135.2529122369,1.51));
#3522 = CARTESIAN_POINT('',(47.522020463708,-137.1398044592,1.51));
#3523 = CARTESIAN_POINT('',(47.462770500905,-137.2038859049,1.51));
#3524 = CARTESIAN_POINT('',(44.189187061164,-138.5130428832,1.51));
#3525 = B_SPLINE_SURFACE_WITH_KNOTS('',3,1,(
    (#3526,#3527)
    ,(#3528,#3529)
    ,(#3530,#3531)
    ,(#3532,#3533
    )),.UNSPECIFIED.,.F.,.F.,.F.,(4,4),(2,2),(0.,1.),(0.,0.5),
  .PIECEWISE_BEZIER_KNOTS.);
#3526 = CARTESIAN_POINT('',(44.189187061164,-138.5130428832,-0.49));
#3527 = CARTESIAN_POINT('',(44.189187061164,-138.5130428832,4.51));
#3528 = CARTESIAN_POINT('',(47.462770500905,-137.2038859049,-0.49));
#3529 = CARTESIAN_POINT('',(47.462770500905,-137.2038859049,4.51));
#3530 = CARTESIAN_POINT('',(47.522020463708,-137.1398044592,-0.49));
#3531 = CARTESIAN_POINT('',(47.522020463708,-137.1398044592,4.51));
#3532 = CARTESIAN_POINT('',(47.225899051237,-135.2529122369,-0.49));
#3533 = CARTESIAN_POINT('',(47.225899051237,-135.2529122369,4.51));
#3534 = ADVANCED_FACE('',(#3535),#3571,.F.);
#3535 = FACE_BOUND('',#3536,.F.);
#3536 = EDGE_LOOP('',(#3537,#3547,#3556,#3564));
#3537 = ORIENTED_EDGE('',*,*,#3538,.F.);
#3538 = EDGE_CURVE('',#3539,#3541,#3543,.T.);
#3539 = VERTEX_POINT('',#3540);
#3540 = CARTESIAN_POINT('',(41.749530883217,-106.9386603985,-0.49));
#3541 = VERTEX_POINT('',#3542);
#3542 = CARTESIAN_POINT('',(41.749530883217,-106.9386603985,1.51));
#3543 = LINE('',#3544,#3545);
#3544 = CARTESIAN_POINT('',(41.749530883217,-106.9386603985,-0.49));
#3545 = VECTOR('',#3546,1.);
#3546 = DIRECTION('',(0.,0.,1.));
#3547 = ORIENTED_EDGE('',*,*,#3548,.T.);
#3548 = EDGE_CURVE('',#3539,#3549,#3551,.T.);
#3549 = VERTEX_POINT('',#3550);
#3550 = CARTESIAN_POINT('',(48.819197973792,-115.0708933442,-0.49));
#3551 = B_SPLINE_CURVE_WITH_KNOTS('',3,(#3552,#3553,#3554,#3555),
  .UNSPECIFIED.,.F.,.F.,(4,4),(-1.,0.),.PIECEWISE_BEZIER_KNOTS.);
#3552 = CARTESIAN_POINT('',(41.749530883217,-106.9386603985,-0.49));
#3553 = CARTESIAN_POINT('',(41.749530883217,-114.907909914,-0.49));
#3554 = CARTESIAN_POINT('',(41.891347566033,-115.0708933442,-0.49));
#3555 = CARTESIAN_POINT('',(48.819197973792,-115.0708933442,-0.49));
#3556 = ORIENTED_EDGE('',*,*,#3557,.T.);
#3557 = EDGE_CURVE('',#3549,#3558,#3560,.T.);
#3558 = VERTEX_POINT('',#3559);
#3559 = CARTESIAN_POINT('',(48.819197973792,-115.0708933442,1.51));
#3560 = LINE('',#3561,#3562);
#3561 = CARTESIAN_POINT('',(48.819197973792,-115.0708933442,-0.49));
#3562 = VECTOR('',#3563,1.);
#3563 = DIRECTION('',(0.,0.,1.));
#3564 = ORIENTED_EDGE('',*,*,#3565,.T.);
#3565 = EDGE_CURVE('',#3558,#3541,#3566,.T.);
#3566 = B_SPLINE_CURVE_WITH_KNOTS('',3,(#3567,#3568,#3569,#3570),
  .UNSPECIFIED.,.F.,.F.,(4,4),(0.,2.019663951812),
  .PIECEWISE_BEZIER_KNOTS.);
#3567 = CARTESIAN_POINT('',(48.819197973792,-115.0708933442,1.51));
#3568 = CARTESIAN_POINT('',(41.891347566033,-115.0708933442,1.51));
#3569 = CARTESIAN_POINT('',(41.749530883217,-114.907909914,1.51));
#3570 = CARTESIAN_POINT('',(41.749530883217,-106.9386603985,1.51));
#3571 = B_SPLINE_SURFACE_WITH_KNOTS('',3,1,(
    (#3572,#3573)
    ,(#3574,#3575)
    ,(#3576,#3577)
    ,(#3578,#3579
    )),.UNSPECIFIED.,.F.,.F.,.F.,(4,4),(2,2),(-1.,0.),(0.,0.5),
  .PIECEWISE_BEZIER_KNOTS.);
#3572 = CARTESIAN_POINT('',(41.749530883217,-106.9386603985,-0.49));
#3573 = CARTESIAN_POINT('',(41.749530883217,-106.9386603985,4.51));
#3574 = CARTESIAN_POINT('',(41.749530883217,-114.907909914,-0.49));
#3575 = CARTESIAN_POINT('',(41.749530883217,-114.907909914,4.51));
#3576 = CARTESIAN_POINT('',(41.891347566033,-115.0708933442,-0.49));
#3577 = CARTESIAN_POINT('',(41.891347566033,-115.0708933442,4.51));
#3578 = CARTESIAN_POINT('',(48.819197973792,-115.0708933442,-0.49));
#3579 = CARTESIAN_POINT('',(48.819197973792,-115.0708933442,4.51));
#3580 = ADVANCED_FACE('',(#3581),#3608,.F.);
#3581 = FACE_BOUND('',#3582,.F.);
#3582 = EDGE_LOOP('',(#3583,#3593,#3600,#3601));
#3583 = ORIENTED_EDGE('',*,*,#3584,.F.);
#3584 = EDGE_CURVE('',#3585,#3587,#3589,.T.);
#3585 = VERTEX_POINT('',#3586);
#3586 = CARTESIAN_POINT('',(45.999797634665,-99.51762596707,-0.49));
#3587 = VERTEX_POINT('',#3588);
#3588 = CARTESIAN_POINT('',(45.999797634665,-99.51762596707,1.51));
#3589 = LINE('',#3590,#3591);
#3590 = CARTESIAN_POINT('',(45.999797634665,-99.51762596707,-0.49));
#3591 = VECTOR('',#3592,1.);
#3592 = DIRECTION('',(0.,0.,1.));
#3593 = ORIENTED_EDGE('',*,*,#3594,.T.);
#3594 = EDGE_CURVE('',#3585,#3539,#3595,.T.);
#3595 = B_SPLINE_CURVE_WITH_KNOTS('',3,(#3596,#3597,#3598,#3599),
  .UNSPECIFIED.,.F.,.F.,(4,4),(-1.,0.),.PIECEWISE_BEZIER_KNOTS.);
#3596 = CARTESIAN_POINT('',(45.999797634665,-99.51762596707,-0.49));
#3597 = CARTESIAN_POINT('',(41.83419757007,-98.82124405484,-0.49));
#3598 = CARTESIAN_POINT('',(41.749530883217,-98.96941007555,-0.49));
#3599 = CARTESIAN_POINT('',(41.749530883217,-106.9386603985,-0.49));
#3600 = ORIENTED_EDGE('',*,*,#3538,.T.);
#3601 = ORIENTED_EDGE('',*,*,#3602,.T.);
#3602 = EDGE_CURVE('',#3541,#3587,#3603,.T.);
#3603 = B_SPLINE_CURVE_WITH_KNOTS('',3,(#3604,#3605,#3606,#3607),
  .UNSPECIFIED.,.F.,.F.,(4,4),(0.,2.464122120058),
  .PIECEWISE_BEZIER_KNOTS.);
#3604 = CARTESIAN_POINT('',(41.749530883217,-106.9386603985,1.51));
#3605 = CARTESIAN_POINT('',(41.749530883217,-98.96941007555,1.51));
#3606 = CARTESIAN_POINT('',(41.83419757007,-98.82124405484,1.51));
#3607 = CARTESIAN_POINT('',(45.999797634665,-99.51762596707,1.51));
#3608 = B_SPLINE_SURFACE_WITH_KNOTS('',3,1,(
    (#3609,#3610)
    ,(#3611,#3612)
    ,(#3613,#3614)
    ,(#3615,#3616
    )),.UNSPECIFIED.,.F.,.F.,.F.,(4,4),(2,2),(-1.,0.),(0.,0.5),
  .PIECEWISE_BEZIER_KNOTS.);
#3609 = CARTESIAN_POINT('',(45.999797634665,-99.51762596707,-0.49));
#3610 = CARTESIAN_POINT('',(45.999797634665,-99.51762596707,4.51));
#3611 = CARTESIAN_POINT('',(41.83419757007,-98.82124405484,-0.49));
#3612 = CARTESIAN_POINT('',(41.83419757007,-98.82124405484,4.51));
#3613 = CARTESIAN_POINT('',(41.749530883217,-98.96941007555,-0.49));
#3614 = CARTESIAN_POINT('',(41.749530883217,-98.96941007555,4.51));
#3615 = CARTESIAN_POINT('',(41.749530883217,-106.9386603985,-0.49));
#3616 = CARTESIAN_POINT('',(41.749530883217,-106.9386603985,4.51));
#3617 = ADVANCED_FACE('',(#3618),#3645,.F.);
#3618 = FACE_BOUND('',#3619,.F.);
#3619 = EDGE_LOOP('',(#3620,#3630,#3637,#3638));
#3620 = ORIENTED_EDGE('',*,*,#3621,.F.);
#3621 = EDGE_CURVE('',#3622,#3624,#3626,.T.);
#3622 = VERTEX_POINT('',#3623);
#3623 = CARTESIAN_POINT('',(50.982430758063,-100.7071932151,-0.49));
#3624 = VERTEX_POINT('',#3625);
#3625 = CARTESIAN_POINT('',(50.982430758063,-100.7071932151,1.51));
#3626 = LINE('',#3627,#3628);
#3627 = CARTESIAN_POINT('',(50.982430758063,-100.7071932151,-0.49));
#3628 = VECTOR('',#3629,1.);
#3629 = DIRECTION('',(0.,0.,1.));
#3630 = ORIENTED_EDGE('',*,*,#3631,.T.);
#3631 = EDGE_CURVE('',#3622,#3585,#3632,.T.);
#3632 = B_SPLINE_CURVE_WITH_KNOTS('',3,(#3633,#3634,#3635,#3636),
  .UNSPECIFIED.,.F.,.F.,(4,4),(-1.,0.),.PIECEWISE_BEZIER_KNOTS.);
#3633 = CARTESIAN_POINT('',(50.982430758063,-100.7071932151,-0.49));
#3634 = CARTESIAN_POINT('',(50.266997198646,-100.2372929567,-0.49));
#3635 = CARTESIAN_POINT('',(50.165397295539,-100.2140094941,-0.49));
#3636 = CARTESIAN_POINT('',(45.999797634665,-99.51762596707,-0.49));
#3637 = ORIENTED_EDGE('',*,*,#3584,.T.);
#3638 = ORIENTED_EDGE('',*,*,#3639,.T.);
#3639 = EDGE_CURVE('',#3587,#3624,#3640,.T.);
#3640 = B_SPLINE_CURVE_WITH_KNOTS('',3,(#3641,#3642,#3643,#3644),
  .UNSPECIFIED.,.F.,.F.,(4,4),(0.,1.267416698861),
  .PIECEWISE_BEZIER_KNOTS.);
#3641 = CARTESIAN_POINT('',(45.999797634665,-99.51762596707,1.51));
#3642 = CARTESIAN_POINT('',(50.165397295539,-100.2140094941,1.51));
#3643 = CARTESIAN_POINT('',(50.266997198646,-100.2372929567,1.51));
#3644 = CARTESIAN_POINT('',(50.982430758063,-100.7071932151,1.51));
#3645 = B_SPLINE_SURFACE_WITH_KNOTS('',3,1,(
    (#3646,#3647)
    ,(#3648,#3649)
    ,(#3650,#3651)
    ,(#3652,#3653
    )),.UNSPECIFIED.,.F.,.F.,.F.,(4,4),(2,2),(-1.,0.),(0.,0.5),
  .PIECEWISE_BEZIER_KNOTS.);
#3646 = CARTESIAN_POINT('',(50.982430758063,-100.7071932151,-0.49));
#3647 = CARTESIAN_POINT('',(50.982430758063,-100.7071932151,4.51));
#3648 = CARTESIAN_POINT('',(50.266997198646,-100.2372929567,-0.49));
#3649 = CARTESIAN_POINT('',(50.266997198646,-100.2372929567,4.51));
#3650 = CARTESIAN_POINT('',(50.165397295539,-100.2140094941,-0.49));
#3651 = CARTESIAN_POINT('',(50.165397295539,-100.2140094941,4.51));
#3652 = CARTESIAN_POINT('',(45.999797634665,-99.51762596707,-0.49));
#3653 = CARTESIAN_POINT('',(45.999797634665,-99.51762596707,4.51));
#3654 = ADVANCED_FACE('',(#3655),#3682,.F.);
#3655 = FACE_BOUND('',#3656,.F.);
#3656 = EDGE_LOOP('',(#3657,#3667,#3674,#3675));
#3657 = ORIENTED_EDGE('',*,*,#3658,.F.);
#3658 = EDGE_CURVE('',#3659,#3661,#3663,.T.);
#3659 = VERTEX_POINT('',#3660);
#3660 = CARTESIAN_POINT('',(53.801830693468,-108.1282268391,-0.49));
#3661 = VERTEX_POINT('',#3662);
#3662 = CARTESIAN_POINT('',(53.801830693468,-108.1282268391,1.51));
#3663 = LINE('',#3664,#3665);
#3664 = CARTESIAN_POINT('',(53.801830693468,-108.1282268391,-0.49));
#3665 = VECTOR('',#3666,1.);
#3666 = DIRECTION('',(0.,0.,1.));
#3667 = ORIENTED_EDGE('',*,*,#3668,.T.);
#3668 = EDGE_CURVE('',#3659,#3622,#3669,.T.);
#3669 = B_SPLINE_CURVE_WITH_KNOTS('',3,(#3670,#3671,#3672,#3673),
  .UNSPECIFIED.,.F.,.F.,(4,4),(-1.,0.),.PIECEWISE_BEZIER_KNOTS.);
#3670 = CARTESIAN_POINT('',(53.801830693468,-108.1282268391,-0.49));
#3671 = CARTESIAN_POINT('',(51.755014414374,-101.3252594941,-0.49));
#3672 = CARTESIAN_POINT('',(51.699980628872,-101.1770934734,-0.49));
#3673 = CARTESIAN_POINT('',(50.982430758063,-100.7071932151,-0.49));
#3674 = ORIENTED_EDGE('',*,*,#3621,.T.);
#3675 = ORIENTED_EDGE('',*,*,#3676,.T.);
#3676 = EDGE_CURVE('',#3624,#3661,#3677,.T.);
#3677 = B_SPLINE_CURVE_WITH_KNOTS('',3,(#3678,#3679,#3680,#3681),
  .UNSPECIFIED.,.F.,.F.,(4,4),(0.,0.280057744082),
  .PIECEWISE_BEZIER_KNOTS.);
#3678 = CARTESIAN_POINT('',(50.982430758063,-100.7071932151,1.51));
#3679 = CARTESIAN_POINT('',(51.699980628872,-101.1770934734,1.51));
#3680 = CARTESIAN_POINT('',(51.755014414374,-101.3252594941,1.51));
#3681 = CARTESIAN_POINT('',(53.801830693468,-108.1282268391,1.51));
#3682 = B_SPLINE_SURFACE_WITH_KNOTS('',3,1,(
    (#3683,#3684)
    ,(#3685,#3686)
    ,(#3687,#3688)
    ,(#3689,#3690
    )),.UNSPECIFIED.,.F.,.F.,.F.,(4,4),(2,2),(-1.,0.),(0.,0.5),
  .PIECEWISE_BEZIER_KNOTS.);
#3683 = CARTESIAN_POINT('',(53.801830693468,-108.1282268391,-0.49));
#3684 = CARTESIAN_POINT('',(53.801830693468,-108.1282268391,4.51));
#3685 = CARTESIAN_POINT('',(51.755014414374,-101.3252594941,-0.49));
#3686 = CARTESIAN_POINT('',(51.755014414374,-101.3252594941,4.51));
#3687 = CARTESIAN_POINT('',(51.699980628872,-101.1770934734,-0.49));
#3688 = CARTESIAN_POINT('',(51.699980628872,-101.1770934734,4.51));
#3689 = CARTESIAN_POINT('',(50.982430758063,-100.7071932151,-0.49));
#3690 = CARTESIAN_POINT('',(50.982430758063,-100.7071932151,4.51));
#3691 = ADVANCED_FACE('',(#3692),#3722,.F.);
#3692 = FACE_BOUND('',#3693,.F.);
#3693 = EDGE_LOOP('',(#3694,#3695,#3702,#3703));
#3694 = ORIENTED_EDGE('',*,*,#3557,.F.);
#3695 = ORIENTED_EDGE('',*,*,#3696,.T.);
#3696 = EDGE_CURVE('',#3549,#3659,#3697,.T.);
#3697 = B_SPLINE_CURVE_WITH_KNOTS('',3,(#3698,#3699,#3700,#3701),
  .UNSPECIFIED.,.F.,.F.,(4,4),(-1.,0.),.PIECEWISE_BEZIER_KNOTS.);
#3698 = CARTESIAN_POINT('',(48.819197973792,-115.0708933442,-0.49));
#3699 = CARTESIAN_POINT('',(55.74916418829,-115.0708933442,-0.49));
#3700 = CARTESIAN_POINT('',(55.848647780005,-114.9333100917,-0.49));
#3701 = CARTESIAN_POINT('',(53.801830693468,-108.1282268391,-0.49));
#3702 = ORIENTED_EDGE('',*,*,#3658,.T.);
#3703 = ORIENTED_EDGE('',*,*,#3704,.T.);
#3704 = EDGE_CURVE('',#3661,#3558,#3705,.T.);
#3705 = B_SPLINE_CURVE_WITH_KNOTS('',3,(#3706,#3707,#3708,#3709,#3710,
    #3711,#3712,#3713,#3714,#3715,#3716,#3717,#3718,#3719,#3720,#3721),
  .UNSPECIFIED.,.F.,.F.,(4,2,2,2,2,2,2,4),(0.,0.532819004474,
    0.873845912087,1.040527015601,1.186287067718,1.368201019611,
    1.689400016209,2.10631399881),.UNSPECIFIED.);
#3706 = CARTESIAN_POINT('',(53.801830693468,-108.1282268391,1.51));
#3707 = CARTESIAN_POINT('',(54.313392059277,-109.8290225311,1.51));
#3708 = CARTESIAN_POINT('',(54.691000607487,-111.1135093831,1.51));
#3709 = CARTESIAN_POINT('',(54.970334614643,-112.7050127024,1.51));
#3710 = CARTESIAN_POINT('',(54.994235556016,-113.1965004518,1.51));
#3711 = CARTESIAN_POINT('',(54.8751351755,-113.7762558873,1.51));
#3712 = CARTESIAN_POINT('',(54.808218996531,-113.9567309134,1.51));
#3713 = CARTESIAN_POINT('',(54.60473815314,-114.2600264464,1.51));
#3714 = CARTESIAN_POINT('',(54.485445004422,-114.3762278221,1.51));
#3715 = CARTESIAN_POINT('',(54.171013613187,-114.5942542721,1.51));
#3716 = CARTESIAN_POINT('',(53.962846199025,-114.6867004845,1.51));
#3717 = CARTESIAN_POINT('',(53.306276218192,-114.8886630666,1.51));
#3718 = CARTESIAN_POINT('',(52.76989256931,-114.9643547361,1.51));
#3719 = CARTESIAN_POINT('',(51.230766912789,-115.0662638461,1.51));
#3720 = CARTESIAN_POINT('',(50.123904413251,-115.0708933442,1.51));
#3721 = CARTESIAN_POINT('',(48.819197973792,-115.0708933442,1.51));
#3722 = B_SPLINE_SURFACE_WITH_KNOTS('',3,1,(
    (#3723,#3724)
    ,(#3725,#3726)
    ,(#3727,#3728)
    ,(#3729,#3730
    )),.UNSPECIFIED.,.F.,.F.,.F.,(4,4),(2,2),(-1.,0.),(0.,0.5),
  .PIECEWISE_BEZIER_KNOTS.);
#3723 = CARTESIAN_POINT('',(48.819197973792,-115.0708933442,-0.49));
#3724 = CARTESIAN_POINT('',(48.819197973792,-115.0708933442,4.51));
#3725 = CARTESIAN_POINT('',(55.74916418829,-115.0708933442,-0.49));
#3726 = CARTESIAN_POINT('',(55.74916418829,-115.0708933442,4.51));
#3727 = CARTESIAN_POINT('',(55.848647780005,-114.9333100917,-0.49));
#3728 = CARTESIAN_POINT('',(55.848647780005,-114.9333100917,4.51));
#3729 = CARTESIAN_POINT('',(53.801830693468,-108.1282268391,-0.49));
#3730 = CARTESIAN_POINT('',(53.801830693468,-108.1282268391,4.51));
#3731 = ADVANCED_FACE('',(#3732),#3768,.F.);
#3732 = FACE_BOUND('',#3733,.F.);
#3733 = EDGE_LOOP('',(#3734,#3744,#3753,#3761));
#3734 = ORIENTED_EDGE('',*,*,#3735,.F.);
#3735 = EDGE_CURVE('',#3736,#3738,#3740,.T.);
#3736 = VERTEX_POINT('',#3737);
#3737 = CARTESIAN_POINT('',(95.811240538232,-106.6578155532,-0.49));
#3738 = VERTEX_POINT('',#3739);
#3739 = CARTESIAN_POINT('',(95.811240538232,-106.6578155532,1.51));
#3740 = LINE('',#3741,#3742);
#3741 = CARTESIAN_POINT('',(95.811240538232,-106.6578155532,-0.49));
#3742 = VECTOR('',#3743,1.);
#3743 = DIRECTION('',(0.,0.,1.));
#3744 = ORIENTED_EDGE('',*,*,#3745,.T.);
#3745 = EDGE_CURVE('',#3736,#3746,#3748,.T.);
#3746 = VERTEX_POINT('',#3747);
#3747 = CARTESIAN_POINT('',(87.455165511101,-102.1820012159,-0.49));
#3748 = B_SPLINE_CURVE_WITH_KNOTS('',3,(#3749,#3750,#3751,#3752),
  .UNSPECIFIED.,.F.,.F.,(4,4),(0.,1.),.PIECEWISE_BEZIER_KNOTS.);
#3749 = CARTESIAN_POINT('',(95.811240538232,-106.6578155532,-0.49));
#3750 = CARTESIAN_POINT('',(96.358199960987,-97.29740611066,-0.49));
#3751 = CARTESIAN_POINT('',(96.190589033361,-97.20830599856,-0.49));
#3752 = CARTESIAN_POINT('',(87.455165511101,-102.1820012159,-0.49));
#3753 = ORIENTED_EDGE('',*,*,#3754,.T.);
#3754 = EDGE_CURVE('',#3746,#3755,#3757,.T.);
#3755 = VERTEX_POINT('',#3756);
#3756 = CARTESIAN_POINT('',(87.455165511101,-102.1820012159,1.51));
#3757 = LINE('',#3758,#3759);
#3758 = CARTESIAN_POINT('',(87.455165511101,-102.1820012159,-0.49));
#3759 = VECTOR('',#3760,1.);
#3760 = DIRECTION('',(0.,0.,1.));
#3761 = ORIENTED_EDGE('',*,*,#3762,.T.);
#3762 = EDGE_CURVE('',#3755,#3738,#3763,.T.);
#3763 = B_SPLINE_CURVE_WITH_KNOTS('',3,(#3764,#3765,#3766,#3767),
  .UNSPECIFIED.,.F.,.F.,(4,4),(0.,3.161130173265),
  .PIECEWISE_BEZIER_KNOTS.);
#3764 = CARTESIAN_POINT('',(87.455165511101,-102.1820012159,1.51));
#3765 = CARTESIAN_POINT('',(96.190589033361,-97.20830599856,1.51));
#3766 = CARTESIAN_POINT('',(96.358199960987,-97.29740611066,1.51));
#3767 = CARTESIAN_POINT('',(95.811240538232,-106.6578155532,1.51));
#3768 = B_SPLINE_SURFACE_WITH_KNOTS('',3,1,(
    (#3769,#3770)
    ,(#3771,#3772)
    ,(#3773,#3774)
    ,(#3775,#3776
    )),.UNSPECIFIED.,.F.,.F.,.F.,(4,4),(2,2),(0.,1.),(0.,0.5),
  .PIECEWISE_BEZIER_KNOTS.);
#3769 = CARTESIAN_POINT('',(95.811240538232,-106.6578155532,-0.49));
#3770 = CARTESIAN_POINT('',(95.811240538232,-106.6578155532,4.51));
#3771 = CARTESIAN_POINT('',(96.358199960987,-97.29740611066,-0.49));
#3772 = CARTESIAN_POINT('',(96.358199960987,-97.29740611066,4.51));
#3773 = CARTESIAN_POINT('',(96.190589033361,-97.20830599856,-0.49));
#3774 = CARTESIAN_POINT('',(96.190589033361,-97.20830599856,4.51));
#3775 = CARTESIAN_POINT('',(87.455165511101,-102.1820012159,-0.49));
#3776 = CARTESIAN_POINT('',(87.455165511101,-102.1820012159,4.51));
#3777 = ADVANCED_FACE('',(#3778),#3805,.F.);
#3778 = FACE_BOUND('',#3779,.F.);
#3779 = EDGE_LOOP('',(#3780,#3790,#3797,#3798));
#3780 = ORIENTED_EDGE('',*,*,#3781,.F.);
#3781 = EDGE_CURVE('',#3782,#3784,#3786,.T.);
#3782 = VERTEX_POINT('',#3783);
#3783 = CARTESIAN_POINT('',(87.934080773778,-113.5722328164,-0.49));
#3784 = VERTEX_POINT('',#3785);
#3785 = CARTESIAN_POINT('',(87.934080773778,-113.5722328164,1.51));
#3786 = LINE('',#3787,#3788);
#3787 = CARTESIAN_POINT('',(87.934080773778,-113.5722328164,-0.49));
#3788 = VECTOR('',#3789,1.);
#3789 = DIRECTION('',(0.,0.,1.));
#3790 = ORIENTED_EDGE('',*,*,#3791,.T.);
#3791 = EDGE_CURVE('',#3782,#3736,#3792,.T.);
#3792 = B_SPLINE_CURVE_WITH_KNOTS('',3,(#3793,#3794,#3795,#3796),
  .UNSPECIFIED.,.F.,.F.,(4,4),(0.,1.),.PIECEWISE_BEZIER_KNOTS.);
#3793 = CARTESIAN_POINT('',(87.934080773778,-113.5722328164,-0.49));
#3794 = CARTESIAN_POINT('',(95.105168033305,-116.1565565581,-0.49));
#3795 = CARTESIAN_POINT('',(95.261790288506,-116.0196630754,-0.49));
#3796 = CARTESIAN_POINT('',(95.811240538232,-106.6578155532,-0.49));
#3797 = ORIENTED_EDGE('',*,*,#3735,.T.);
#3798 = ORIENTED_EDGE('',*,*,#3799,.T.);
#3799 = EDGE_CURVE('',#3738,#3784,#3800,.T.);
#3800 = B_SPLINE_CURVE_WITH_KNOTS('',3,(#3801,#3802,#3803,#3804),
  .UNSPECIFIED.,.F.,.F.,(4,4),(0.,3.027637936475),
  .PIECEWISE_BEZIER_KNOTS.);
#3801 = CARTESIAN_POINT('',(95.811240538232,-106.6578155532,1.51));
#3802 = CARTESIAN_POINT('',(95.261790288506,-116.0196630754,1.51));
#3803 = CARTESIAN_POINT('',(95.105168033305,-116.1565565581,1.51));
#3804 = CARTESIAN_POINT('',(87.934080773778,-113.5722328164,1.51));
#3805 = B_SPLINE_SURFACE_WITH_KNOTS('',3,1,(
    (#3806,#3807)
    ,(#3808,#3809)
    ,(#3810,#3811)
    ,(#3812,#3813
    )),.UNSPECIFIED.,.F.,.F.,.F.,(4,4),(2,2),(0.,1.),(0.,0.5),
  .PIECEWISE_BEZIER_KNOTS.);
#3806 = CARTESIAN_POINT('',(87.934080773778,-113.5722328164,-0.49));
#3807 = CARTESIAN_POINT('',(87.934080773778,-113.5722328164,4.51));
#3808 = CARTESIAN_POINT('',(95.105168033305,-116.1565565581,-0.49));
#3809 = CARTESIAN_POINT('',(95.105168033305,-116.1565565581,4.51));
#3810 = CARTESIAN_POINT('',(95.261790288506,-116.0196630754,-0.49));
#3811 = CARTESIAN_POINT('',(95.261790288506,-116.0196630754,4.51));
#3812 = CARTESIAN_POINT('',(95.811240538232,-106.6578155532,-0.49));
#3813 = CARTESIAN_POINT('',(95.811240538232,-106.6578155532,4.51));
#3814 = ADVANCED_FACE('',(#3815),#3842,.F.);
#3815 = FACE_BOUND('',#3816,.F.);
#3816 = EDGE_LOOP('',(#3817,#3827,#3834,#3835));
#3817 = ORIENTED_EDGE('',*,*,#3818,.F.);
#3818 = EDGE_CURVE('',#3819,#3821,#3823,.T.);
#3819 = VERTEX_POINT('',#3820);
#3820 = CARTESIAN_POINT('',(79.579443278012,-109.0989083565,-0.49));
#3821 = VERTEX_POINT('',#3822);
#3822 = CARTESIAN_POINT('',(79.579443278012,-109.0989083565,1.51));
#3823 = LINE('',#3824,#3825);
#3824 = CARTESIAN_POINT('',(79.579443278012,-109.0989083565,-0.49));
#3825 = VECTOR('',#3826,1.);
#3826 = DIRECTION('',(0.,0.,1.));
#3827 = ORIENTED_EDGE('',*,*,#3828,.T.);
#3828 = EDGE_CURVE('',#3819,#3782,#3829,.T.);
#3829 = B_SPLINE_CURVE_WITH_KNOTS('',3,(#3830,#3831,#3832,#3833),
  .UNSPECIFIED.,.F.,.F.,(4,4),(0.,1.),.PIECEWISE_BEZIER_KNOTS.);
#3830 = CARTESIAN_POINT('',(79.579443278012,-109.0989083565,-0.49));
#3831 = CARTESIAN_POINT('',(80.596819021474,-110.9012969406,-0.49));
#3832 = CARTESIAN_POINT('',(80.76443214213,-110.9904008512,-0.49));
#3833 = CARTESIAN_POINT('',(87.934080773778,-113.5722328164,-0.49));
#3834 = ORIENTED_EDGE('',*,*,#3781,.T.);
#3835 = ORIENTED_EDGE('',*,*,#3836,.T.);
#3836 = EDGE_CURVE('',#3784,#3821,#3837,.T.);
#3837 = B_SPLINE_CURVE_WITH_KNOTS('',3,(#3838,#3839,#3840,#3841),
  .UNSPECIFIED.,.F.,.F.,(4,4),(0.,2.287931785012),
  .PIECEWISE_BEZIER_KNOTS.);
#3838 = CARTESIAN_POINT('',(87.934080773778,-113.5722328164,1.51));
#3839 = CARTESIAN_POINT('',(80.76443214213,-110.9904008512,1.51));
#3840 = CARTESIAN_POINT('',(80.596819021474,-110.9012969406,1.51));
#3841 = CARTESIAN_POINT('',(79.579443278012,-109.0989083565,1.51));
#3842 = B_SPLINE_SURFACE_WITH_KNOTS('',3,1,(
    (#3843,#3844)
    ,(#3845,#3846)
    ,(#3847,#3848)
    ,(#3849,#3850
    )),.UNSPECIFIED.,.F.,.F.,.F.,(4,4),(2,2),(0.,1.),(0.,0.5),
  .PIECEWISE_BEZIER_KNOTS.);
#3843 = CARTESIAN_POINT('',(79.579443278012,-109.0989083565,-0.49));
#3844 = CARTESIAN_POINT('',(79.579443278012,-109.0989083565,4.51));
#3845 = CARTESIAN_POINT('',(80.596819021474,-110.9012969406,-0.49));
#3846 = CARTESIAN_POINT('',(80.596819021474,-110.9012969406,4.51));
#3847 = CARTESIAN_POINT('',(80.76443214213,-110.9904008512,-0.49));
#3848 = CARTESIAN_POINT('',(80.76443214213,-110.9904008512,4.51));
#3849 = CARTESIAN_POINT('',(87.934080773778,-113.5722328164,-0.49));
#3850 = CARTESIAN_POINT('',(87.934080773778,-113.5722328164,4.51));
#3851 = ADVANCED_FACE('',(#3852),#3870,.F.);
#3852 = FACE_BOUND('',#3853,.F.);
#3853 = EDGE_LOOP('',(#3854,#3855,#3862,#3863));
#3854 = ORIENTED_EDGE('',*,*,#3754,.F.);
#3855 = ORIENTED_EDGE('',*,*,#3856,.T.);
#3856 = EDGE_CURVE('',#3746,#3819,#3857,.T.);
#3857 = B_SPLINE_CURVE_WITH_KNOTS('',3,(#3858,#3859,#3860,#3861),
  .UNSPECIFIED.,.F.,.F.,(4,4),(0.,1.),.PIECEWISE_BEZIER_KNOTS.);
#3858 = CARTESIAN_POINT('',(87.455165511101,-102.1820012159,-0.49));
#3859 = CARTESIAN_POINT('',(78.721179667111,-107.1581887582,-0.49));
#3860 = CARTESIAN_POINT('',(78.56455741191,-107.295082241,-0.49));
#3861 = CARTESIAN_POINT('',(79.579443278012,-109.0989083565,-0.49));
#3862 = ORIENTED_EDGE('',*,*,#3818,.T.);
#3863 = ORIENTED_EDGE('',*,*,#3864,.T.);
#3864 = EDGE_CURVE('',#3821,#3755,#3865,.T.);
#3865 = B_SPLINE_CURVE_WITH_KNOTS('',3,(#3866,#3867,#3868,#3869),
  .UNSPECIFIED.,.F.,.F.,(4,4),(0.,0.621695308901),
  .PIECEWISE_BEZIER_KNOTS.);
#3866 = CARTESIAN_POINT('',(79.579443278012,-109.0989083565,1.51));
#3867 = CARTESIAN_POINT('',(78.56455741191,-107.295082241,1.51));
#3868 = CARTESIAN_POINT('',(78.721179667111,-107.1581887582,1.51));
#3869 = CARTESIAN_POINT('',(87.455165511101,-102.1820012159,1.51));
#3870 = B_SPLINE_SURFACE_WITH_KNOTS('',3,1,(
    (#3871,#3872)
    ,(#3873,#3874)
    ,(#3875,#3876)
    ,(#3877,#3878
    )),.UNSPECIFIED.,.F.,.F.,.F.,(4,4),(2,2),(0.,1.),(0.,0.5),
  .PIECEWISE_BEZIER_KNOTS.);
#3871 = CARTESIAN_POINT('',(87.455165511101,-102.1820012159,-0.49));
#3872 = CARTESIAN_POINT('',(87.455165511101,-102.1820012159,4.51));
#3873 = CARTESIAN_POINT('',(78.721179667111,-107.1581887582,-0.49));
#3874 = CARTESIAN_POINT('',(78.721179667111,-107.1581887582,4.51));
#3875 = CARTESIAN_POINT('',(78.56455741191,-107.295082241,-0.49));
#3876 = CARTESIAN_POINT('',(78.56455741191,-107.295082241,4.51));
#3877 = CARTESIAN_POINT('',(79.579443278012,-109.0989083565,-0.49));
#3878 = CARTESIAN_POINT('',(79.579443278012,-109.0989083565,4.51));
#3879 = ADVANCED_FACE('',(#3880),#3918,.F.);
#3880 = FACE_BOUND('',#3881,.F.);
#3881 = EDGE_LOOP('',(#3882,#3892,#3901,#3909));
#3882 = ORIENTED_EDGE('',*,*,#3883,.F.);
#3883 = EDGE_CURVE('',#3884,#3886,#3888,.T.);
#3884 = VERTEX_POINT('',#3885);
#3885 = CARTESIAN_POINT('',(49.437264252885,-73.61597538571,-0.49));
#3886 = VERTEX_POINT('',#3887);
#3887 = CARTESIAN_POINT('',(49.437264252885,-73.61597538571,1.51));
#3888 = LINE('',#3889,#3890);
#3889 = CARTESIAN_POINT('',(49.437264252885,-73.61597538571,-0.49));
#3890 = VECTOR('',#3891,1.);
#3891 = DIRECTION('',(0.,0.,1.));
#3892 = ORIENTED_EDGE('',*,*,#3893,.T.);
#3893 = EDGE_CURVE('',#3884,#3894,#3896,.T.);
#3894 = VERTEX_POINT('',#3895);
#3895 = CARTESIAN_POINT('',(59.459680596575,-78.16257771115,-0.49));
#3896 = B_SPLINE_CURVE_WITH_KNOTS('',3,(#3897,#3898,#3899,#3900),
  .UNSPECIFIED.,.F.,.F.,(4,4),(-1.,0.),.PIECEWISE_BEZIER_KNOTS.);
#3897 = CARTESIAN_POINT('',(49.437264252885,-73.61597538571,-0.49));
#3898 = CARTESIAN_POINT('',(55.778797392432,-77.94879231076,-0.49));
#3899 = CARTESIAN_POINT('',(55.977764575863,-78.03981065691,-0.49));
#3900 = CARTESIAN_POINT('',(59.459680596575,-78.16257771115,-0.49));
#3901 = ORIENTED_EDGE('',*,*,#3902,.T.);
#3902 = EDGE_CURVE('',#3894,#3903,#3905,.T.);
#3903 = VERTEX_POINT('',#3904);
#3904 = CARTESIAN_POINT('',(59.459680596575,-78.16257771115,1.51));
#3905 = LINE('',#3906,#3907);
#3906 = CARTESIAN_POINT('',(59.459680596575,-78.16257771115,-0.49));
#3907 = VECTOR('',#3908,1.);
#3908 = DIRECTION('',(0.,0.,1.));
#3909 = ORIENTED_EDGE('',*,*,#3910,.T.);
#3910 = EDGE_CURVE('',#3903,#3886,#3911,.T.);
#3911 = B_SPLINE_CURVE_WITH_KNOTS('',3,(#3912,#3913,#3914,#3915,#3916,
    #3917),.UNSPECIFIED.,.F.,.F.,(4,2,4),(0.,0.522508860676,
    1.044863023121),.UNSPECIFIED.);
#3912 = CARTESIAN_POINT('',(59.459680596575,-78.16257771115,1.51));
#3913 = CARTESIAN_POINT('',(57.71906598965,-78.10120629191,1.51));
#3914 = CARTESIAN_POINT('',(56.79888467242,-78.04792155658,1.51));
#3915 = CARTESIAN_POINT('',(54.243151407788,-76.8883406263,1.51));
#3916 = CARTESIAN_POINT('',(52.608119916056,-75.7824447208,1.51));
#3917 = CARTESIAN_POINT('',(49.437264252885,-73.61597538571,1.51));
#3918 = B_SPLINE_SURFACE_WITH_KNOTS('',3,1,(
    (#3919,#3920)
    ,(#3921,#3922)
    ,(#3923,#3924)
    ,(#3925,#3926
    )),.UNSPECIFIED.,.F.,.F.,.F.,(4,4),(2,2),(-1.,0.),(0.,0.5),
  .PIECEWISE_BEZIER_KNOTS.);
#3919 = CARTESIAN_POINT('',(49.437264252885,-73.61597538571,-0.49));
#3920 = CARTESIAN_POINT('',(49.437264252885,-73.61597538571,4.51));
#3921 = CARTESIAN_POINT('',(55.778797392432,-77.94879231076,-0.49));
#3922 = CARTESIAN_POINT('',(55.778797392432,-77.94879231076,4.51));
#3923 = CARTESIAN_POINT('',(55.977764575863,-78.03981065691,-0.49));
#3924 = CARTESIAN_POINT('',(55.977764575863,-78.03981065691,4.51));
#3925 = CARTESIAN_POINT('',(59.459680596575,-78.16257771115,-0.49));
#3926 = CARTESIAN_POINT('',(59.459680596575,-78.16257771115,4.51));
#3927 = ADVANCED_FACE('',(#3928),#3955,.F.);
#3928 = FACE_BOUND('',#3929,.F.);
#3929 = EDGE_LOOP('',(#3930,#3940,#3947,#3948));
#3930 = ORIENTED_EDGE('',*,*,#3931,.F.);
#3931 = EDGE_CURVE('',#3932,#3934,#3936,.T.);
#3932 = VERTEX_POINT('',#3933);
#3933 = CARTESIAN_POINT('',(42.966614317481,-68.37087564409,-0.49));
#3934 = VERTEX_POINT('',#3935);
#3935 = CARTESIAN_POINT('',(42.966614317481,-68.37087564409,1.51));
#3936 = LINE('',#3937,#3938);
#3937 = CARTESIAN_POINT('',(42.966614317481,-68.37087564409,-0.49));
#3938 = VECTOR('',#3939,1.);
#3939 = DIRECTION('',(0.,0.,1.));
#3940 = ORIENTED_EDGE('',*,*,#3941,.T.);
#3941 = EDGE_CURVE('',#3932,#3884,#3942,.T.);
#3942 = B_SPLINE_CURVE_WITH_KNOTS('',3,(#3943,#3944,#3945,#3946),
  .UNSPECIFIED.,.F.,.F.,(4,4),(-1.,0.),.PIECEWISE_BEZIER_KNOTS.);
#3943 = CARTESIAN_POINT('',(42.966614317481,-68.37087564409,-0.49));
#3944 = CARTESIAN_POINT('',(42.966614317481,-69.181559365,-0.49));
#3945 = CARTESIAN_POINT('',(43.095730911478,-69.28527719439,-0.49));
#3946 = CARTESIAN_POINT('',(49.437264252885,-73.61597538571,-0.49));
#3947 = ORIENTED_EDGE('',*,*,#3883,.T.);
#3948 = ORIENTED_EDGE('',*,*,#3949,.T.);
#3949 = EDGE_CURVE('',#3886,#3934,#3950,.T.);
#3950 = B_SPLINE_CURVE_WITH_KNOTS('',3,(#3951,#3952,#3953,#3954),
  .UNSPECIFIED.,.F.,.F.,(4,4),(0.,2.307481322102),
  .PIECEWISE_BEZIER_KNOTS.);
#3951 = CARTESIAN_POINT('',(49.437264252885,-73.61597538571,1.51));
#3952 = CARTESIAN_POINT('',(43.095730911478,-69.28527719439,1.51));
#3953 = CARTESIAN_POINT('',(42.966614317481,-69.181559365,1.51));
#3954 = CARTESIAN_POINT('',(42.966614317481,-68.37087564409,1.51));
#3955 = B_SPLINE_SURFACE_WITH_KNOTS('',3,1,(
    (#3956,#3957)
    ,(#3958,#3959)
    ,(#3960,#3961)
    ,(#3962,#3963
    )),.UNSPECIFIED.,.F.,.F.,.F.,(4,4),(2,2),(-1.,0.),(0.,0.5),
  .PIECEWISE_BEZIER_KNOTS.);
#3956 = CARTESIAN_POINT('',(42.966614317481,-68.37087564409,-0.49));
#3957 = CARTESIAN_POINT('',(42.966614317481,-68.37087564409,4.51));
#3958 = CARTESIAN_POINT('',(42.966614317481,-69.181559365,-0.49));
#3959 = CARTESIAN_POINT('',(42.966614317481,-69.181559365,4.51));
#3960 = CARTESIAN_POINT('',(43.095730911478,-69.28527719439,-0.49));
#3961 = CARTESIAN_POINT('',(43.095730911478,-69.28527719439,4.51));
#3962 = CARTESIAN_POINT('',(49.437264252885,-73.61597538571,-0.49));
#3963 = CARTESIAN_POINT('',(49.437264252885,-73.61597538571,4.51));
#3964 = ADVANCED_FACE('',(#3965),#3992,.F.);
#3965 = FACE_BOUND('',#3966,.F.);
#3966 = EDGE_LOOP('',(#3967,#3977,#3984,#3985));
#3967 = ORIENTED_EDGE('',*,*,#3968,.F.);
#3968 = EDGE_CURVE('',#3969,#3971,#3973,.T.);
#3969 = VERTEX_POINT('',#3970);
#3970 = CARTESIAN_POINT('',(48.609647618517,-65.76102525652,-0.49));
#3971 = VERTEX_POINT('',#3972);
#3972 = CARTESIAN_POINT('',(48.609647618517,-65.76102525652,1.51));
#3973 = LINE('',#3974,#3975);
#3974 = CARTESIAN_POINT('',(48.609647618517,-65.76102525652,-0.49));
#3975 = VECTOR('',#3976,1.);
#3976 = DIRECTION('',(0.,0.,1.));
#3977 = ORIENTED_EDGE('',*,*,#3978,.T.);
#3978 = EDGE_CURVE('',#3969,#3932,#3979,.T.);
#3979 = B_SPLINE_CURVE_WITH_KNOTS('',3,(#3980,#3981,#3982,#3983),
  .UNSPECIFIED.,.F.,.F.,(4,4),(-1.,0.),.PIECEWISE_BEZIER_KNOTS.);
#3980 = CARTESIAN_POINT('',(48.609647618517,-65.76102525652,-0.49));
#3981 = CARTESIAN_POINT('',(43.080914309407,-67.50727525652,-0.49));
#3982 = CARTESIAN_POINT('',(42.966614317481,-67.56019192319,-0.49));
#3983 = CARTESIAN_POINT('',(42.966614317481,-68.37087564409,-0.49));
#3984 = ORIENTED_EDGE('',*,*,#3931,.T.);
#3985 = ORIENTED_EDGE('',*,*,#3986,.T.);
#3986 = EDGE_CURVE('',#3934,#3971,#3987,.T.);
#3987 = B_SPLINE_CURVE_WITH_KNOTS('',3,(#3988,#3989,#3990,#3991),
  .UNSPECIFIED.,.F.,.F.,(4,4),(0.,0.24037202687),
  .PIECEWISE_BEZIER_KNOTS.);
#3988 = CARTESIAN_POINT('',(42.966614317481,-68.37087564409,1.51));
#3989 = CARTESIAN_POINT('',(42.966614317481,-67.56019192319,1.51));
#3990 = CARTESIAN_POINT('',(43.080914309407,-67.50727525652,1.51));
#3991 = CARTESIAN_POINT('',(48.609647618517,-65.76102525652,1.51));
#3992 = B_SPLINE_SURFACE_WITH_KNOTS('',3,1,(
    (#3993,#3994)
    ,(#3995,#3996)
    ,(#3997,#3998)
    ,(#3999,#4000
    )),.UNSPECIFIED.,.F.,.F.,.F.,(4,4),(2,2),(-1.,0.),(0.,0.5),
  .PIECEWISE_BEZIER_KNOTS.);
#3993 = CARTESIAN_POINT('',(48.609647618517,-65.76102525652,-0.49));
#3994 = CARTESIAN_POINT('',(48.609647618517,-65.76102525652,4.51));
#3995 = CARTESIAN_POINT('',(43.080914309407,-67.50727525652,-0.49));
#3996 = CARTESIAN_POINT('',(43.080914309407,-67.50727525652,4.51));
#3997 = CARTESIAN_POINT('',(42.966614317481,-67.56019192319,-0.49));
#3998 = CARTESIAN_POINT('',(42.966614317481,-67.56019192319,4.51));
#3999 = CARTESIAN_POINT('',(42.966614317481,-68.37087564409,-0.49));
#4000 = CARTESIAN_POINT('',(42.966614317481,-68.37087564409,4.51));
#4001 = ADVANCED_FACE('',(#4002),#4029,.F.);
#4002 = FACE_BOUND('',#4003,.F.);
#4003 = EDGE_LOOP('',(#4004,#4014,#4021,#4022));
#4004 = ORIENTED_EDGE('',*,*,#4005,.F.);
#4005 = EDGE_CURVE('',#4006,#4008,#4010,.T.);
#4006 = VERTEX_POINT('',#4007);
#4007 = CARTESIAN_POINT('',(58.890298361365,-64.45081130287,-0.49));
#4008 = VERTEX_POINT('',#4009);
#4009 = CARTESIAN_POINT('',(58.890298361365,-64.45081130287,1.51));
#4010 = LINE('',#4011,#4012);
#4011 = CARTESIAN_POINT('',(58.890298361365,-64.45081130287,-0.49));
#4012 = VECTOR('',#4013,1.);
#4013 = DIRECTION('',(0.,0.,1.));
#4014 = ORIENTED_EDGE('',*,*,#4015,.T.);
#4015 = EDGE_CURVE('',#4006,#3969,#4016,.T.);
#4016 = B_SPLINE_CURVE_WITH_KNOTS('',3,(#4017,#4018,#4019,#4020),
  .UNSPECIFIED.,.F.,.F.,(4,4),(-1.,0.),.PIECEWISE_BEZIER_KNOTS.);
#4017 = CARTESIAN_POINT('',(58.890298361365,-64.45081130287,-0.49));
#4018 = CARTESIAN_POINT('',(54.343697650814,-63.98937629005,-0.49));
#4019 = CARTESIAN_POINT('',(54.138380725766,-64.01477525652,-0.49));
#4020 = CARTESIAN_POINT('',(48.609647618517,-65.76102525652,-0.49));
#4021 = ORIENTED_EDGE('',*,*,#3968,.T.);
#4022 = ORIENTED_EDGE('',*,*,#4023,.T.);
#4023 = EDGE_CURVE('',#3971,#4008,#4024,.T.);
#4024 = B_SPLINE_CURVE_WITH_KNOTS('',3,(#4025,#4026,#4027,#4028),
  .UNSPECIFIED.,.F.,.F.,(4,4),(0.,1.740120683521),
  .PIECEWISE_BEZIER_KNOTS.);
#4025 = CARTESIAN_POINT('',(48.609647618517,-65.76102525652,1.51));
#4026 = CARTESIAN_POINT('',(54.138380725766,-64.01477525652,1.51));
#4027 = CARTESIAN_POINT('',(54.343697650814,-63.98937629005,1.51));
#4028 = CARTESIAN_POINT('',(58.890298361365,-64.45081130287,1.51));
#4029 = B_SPLINE_SURFACE_WITH_KNOTS('',3,1,(
    (#4030,#4031)
    ,(#4032,#4033)
    ,(#4034,#4035)
    ,(#4036,#4037
    )),.UNSPECIFIED.,.F.,.F.,.F.,(4,4),(2,2),(-1.,0.),(0.,0.5),
  .PIECEWISE_BEZIER_KNOTS.);
#4030 = CARTESIAN_POINT('',(58.890298361365,-64.45081130287,-0.49));
#4031 = CARTESIAN_POINT('',(58.890298361365,-64.45081130287,4.51));
#4032 = CARTESIAN_POINT('',(54.343697650814,-63.98937629005,-0.49));
#4033 = CARTESIAN_POINT('',(54.343697650814,-63.98937629005,4.51));
#4034 = CARTESIAN_POINT('',(54.138380725766,-64.01477525652,-0.49));
#4035 = CARTESIAN_POINT('',(54.138380725766,-64.01477525652,4.51));
#4036 = CARTESIAN_POINT('',(48.609647618517,-65.76102525652,-0.49));
#4037 = CARTESIAN_POINT('',(48.609647618517,-65.76102525652,4.51));
#4038 = ADVANCED_FACE('',(#4039),#4070,.F.);
#4039 = FACE_BOUND('',#4040,.F.);
#4040 = EDGE_LOOP('',(#4041,#4051,#4058,#4059));
#4041 = ORIENTED_EDGE('',*,*,#4042,.F.);
#4042 = EDGE_CURVE('',#4043,#4045,#4047,.T.);
#4043 = VERTEX_POINT('',#4044);
#4044 = CARTESIAN_POINT('',(64.484646811072,-65.94729295672,-0.49));
#4045 = VERTEX_POINT('',#4046);
#4046 = CARTESIAN_POINT('',(64.484646811072,-65.94729295672,1.51));
#4047 = LINE('',#4048,#4049);
#4048 = CARTESIAN_POINT('',(64.484646811072,-65.94729295672,-0.49));
#4049 = VECTOR('',#4050,1.);
#4050 = DIRECTION('',(0.,0.,1.));
#4051 = ORIENTED_EDGE('',*,*,#4052,.T.);
#4052 = EDGE_CURVE('',#4043,#4006,#4053,.T.);
#4053 = B_SPLINE_CURVE_WITH_KNOTS('',3,(#4054,#4055,#4056,#4057),
  .UNSPECIFIED.,.F.,.F.,(4,4),(-1.,0.),.PIECEWISE_BEZIER_KNOTS.);
#4054 = CARTESIAN_POINT('',(64.484646811072,-65.94729295672,-0.49));
#4055 = CARTESIAN_POINT('',(63.546965028032,-64.943991794,-0.49));
#4056 = CARTESIAN_POINT('',(63.434780338192,-64.91435858985,-0.49));
#4057 = CARTESIAN_POINT('',(58.890298361365,-64.45081130287,-0.49));
#4058 = ORIENTED_EDGE('',*,*,#4005,.T.);
#4059 = ORIENTED_EDGE('',*,*,#4060,.T.);
#4060 = EDGE_CURVE('',#4008,#4045,#4061,.T.);
#4061 = B_SPLINE_CURVE_WITH_KNOTS('',3,(#4062,#4063,#4064,#4065,#4066,
    #4067,#4068,#4069),.UNSPECIFIED.,.F.,.F.,(4,2,2,4),(0.,0.68534598194
    ,1.028010831325,1.371450301819),.UNSPECIFIED.);
#4062 = CARTESIAN_POINT('',(58.890298361365,-64.45081130287,1.51));
#4063 = CARTESIAN_POINT('',(61.16299249067,-64.68263116774,1.51));
#4064 = CARTESIAN_POINT('',(62.326685862107,-64.80587467921,1.51));
#4065 = CARTESIAN_POINT('',(63.396682583177,-65.09202703373,1.51));
#4066 = CARTESIAN_POINT('',(63.640627638538,-65.20427668942,1.51));
#4067 = CARTESIAN_POINT('',(64.067881019494,-65.50683762102,1.51));
#4068 = CARTESIAN_POINT('',(64.250833571967,-65.69711736528,1.51));
#4069 = CARTESIAN_POINT('',(64.484646811072,-65.94729295672,1.51));
#4070 = B_SPLINE_SURFACE_WITH_KNOTS('',3,1,(
    (#4071,#4072)
    ,(#4073,#4074)
    ,(#4075,#4076)
    ,(#4077,#4078
    )),.UNSPECIFIED.,.F.,.F.,.F.,(4,4),(2,2),(-1.,0.),(0.,0.5),
  .PIECEWISE_BEZIER_KNOTS.);
#4071 = CARTESIAN_POINT('',(64.484646811072,-65.94729295672,-0.49));
#4072 = CARTESIAN_POINT('',(64.484646811072,-65.94729295672,4.51));
#4073 = CARTESIAN_POINT('',(63.546965028032,-64.943991794,-0.49));
#4074 = CARTESIAN_POINT('',(63.546965028032,-64.943991794,4.51));
#4075 = CARTESIAN_POINT('',(63.434780338192,-64.91435858985,-0.49));
#4076 = CARTESIAN_POINT('',(63.434780338192,-64.91435858985,4.51));
#4077 = CARTESIAN_POINT('',(58.890298361365,-64.45081130287,-0.49));
#4078 = CARTESIAN_POINT('',(58.890298361365,-64.45081130287,4.51));
#4079 = ADVANCED_FACE('',(#4080),#4107,.F.);
#4080 = FACE_BOUND('',#4081,.F.);
#4081 = EDGE_LOOP('',(#4082,#4092,#4099,#4100));
#4082 = ORIENTED_EDGE('',*,*,#4083,.F.);
#4083 = EDGE_CURVE('',#4084,#4086,#4088,.T.);
#4084 = VERTEX_POINT('',#4085);
#4085 = CARTESIAN_POINT('',(64.226414834245,-72.62961117368,-0.49));
#4086 = VERTEX_POINT('',#4087);
#4087 = CARTESIAN_POINT('',(64.226414834245,-72.62961117368,1.51));
#4088 = LINE('',#4089,#4090);
#4089 = CARTESIAN_POINT('',(64.226414834245,-72.62961117368,-0.49));
#4090 = VECTOR('',#4091,1.);
#4091 = DIRECTION('',(0.,0.,1.));
#4092 = ORIENTED_EDGE('',*,*,#4093,.T.);
#4093 = EDGE_CURVE('',#4084,#4043,#4094,.T.);
#4094 = B_SPLINE_CURVE_WITH_KNOTS('',3,(#4095,#4096,#4097,#4098),
  .UNSPECIFIED.,.F.,.F.,(4,4),(-1.,0.),.PIECEWISE_BEZIER_KNOTS.);
#4095 = CARTESIAN_POINT('',(64.226414834245,-72.62961117368,-0.49));
#4096 = CARTESIAN_POINT('',(65.418097586219,-67.08606065691,-0.49));
#4097 = CARTESIAN_POINT('',(65.424447327837,-66.95059411944,-0.49));
#4098 = CARTESIAN_POINT('',(64.484646811072,-65.94729295672,-0.49));
#4099 = ORIENTED_EDGE('',*,*,#4042,.T.);
#4100 = ORIENTED_EDGE('',*,*,#4101,.T.);
#4101 = EDGE_CURVE('',#4045,#4086,#4102,.T.);
#4102 = B_SPLINE_CURVE_WITH_KNOTS('',3,(#4103,#4104,#4105,#4106),
  .UNSPECIFIED.,.F.,.F.,(4,4),(0.,0.411211729305),
  .PIECEWISE_BEZIER_KNOTS.);
#4103 = CARTESIAN_POINT('',(64.484646811072,-65.94729295672,1.51));
#4104 = CARTESIAN_POINT('',(65.424447327837,-66.95059411944,1.51));
#4105 = CARTESIAN_POINT('',(65.418097586219,-67.08606065691,1.51));
#4106 = CARTESIAN_POINT('',(64.226414834245,-72.62961117368,1.51));
#4107 = B_SPLINE_SURFACE_WITH_KNOTS('',3,1,(
    (#4108,#4109)
    ,(#4110,#4111)
    ,(#4112,#4113)
    ,(#4114,#4115
    )),.UNSPECIFIED.,.F.,.F.,.F.,(4,4),(2,2),(-1.,0.),(0.,0.5),
  .PIECEWISE_BEZIER_KNOTS.);
#4108 = CARTESIAN_POINT('',(64.226414834245,-72.62961117368,-0.49));
#4109 = CARTESIAN_POINT('',(64.226414834245,-72.62961117368,4.51));
#4110 = CARTESIAN_POINT('',(65.418097586219,-67.08606065691,-0.49));
#4111 = CARTESIAN_POINT('',(65.418097586219,-67.08606065691,4.51));
#4112 = CARTESIAN_POINT('',(65.424447327837,-66.95059411944,-0.49));
#4113 = CARTESIAN_POINT('',(65.424447327837,-66.95059411944,4.51));
#4114 = CARTESIAN_POINT('',(64.484646811072,-65.94729295672,-0.49));
#4115 = CARTESIAN_POINT('',(64.484646811072,-65.94729295672,4.51));
#4116 = ADVANCED_FACE('',(#4117),#4135,.F.);
#4117 = FACE_BOUND('',#4118,.F.);
#4118 = EDGE_LOOP('',(#4119,#4120,#4127,#4128));
#4119 = ORIENTED_EDGE('',*,*,#3902,.F.);
#4120 = ORIENTED_EDGE('',*,*,#4121,.T.);
#4121 = EDGE_CURVE('',#3894,#4084,#4122,.T.);
#4122 = B_SPLINE_CURVE_WITH_KNOTS('',3,(#4123,#4124,#4125,#4126),
  .UNSPECIFIED.,.F.,.F.,(4,4),(-1.,0.),.PIECEWISE_BEZIER_KNOTS.);
#4123 = CARTESIAN_POINT('',(59.459680596575,-78.16257771115,-0.49));
#4124 = CARTESIAN_POINT('',(62.941598232174,-78.28534476539,-0.49));
#4125 = CARTESIAN_POINT('',(63.036847586219,-78.17527719439,-0.49));
#4126 = CARTESIAN_POINT('',(64.226414834245,-72.62961117368,-0.49));
#4127 = ORIENTED_EDGE('',*,*,#4083,.T.);
#4128 = ORIENTED_EDGE('',*,*,#4129,.T.);
#4129 = EDGE_CURVE('',#4086,#3903,#4130,.T.);
#4130 = B_SPLINE_CURVE_WITH_KNOTS('',3,(#4131,#4132,#4133,#4134),
  .UNSPECIFIED.,.F.,.F.,(4,4),(0.,1.721076005361),
  .PIECEWISE_BEZIER_KNOTS.);
#4131 = CARTESIAN_POINT('',(64.226414834245,-72.62961117368,1.51));
#4132 = CARTESIAN_POINT('',(63.036847586219,-78.17527719439,1.51));
#4133 = CARTESIAN_POINT('',(62.941598232174,-78.28534476539,1.51));
#4134 = CARTESIAN_POINT('',(59.459680596575,-78.16257771115,1.51));
#4135 = B_SPLINE_SURFACE_WITH_KNOTS('',3,1,(
    (#4136,#4137)
    ,(#4138,#4139)
    ,(#4140,#4141)
    ,(#4142,#4143
    )),.UNSPECIFIED.,.F.,.F.,.F.,(4,4),(2,2),(-1.,0.),(0.,0.5),
  .PIECEWISE_BEZIER_KNOTS.);
#4136 = CARTESIAN_POINT('',(59.459680596575,-78.16257771115,-0.49));
#4137 = CARTESIAN_POINT('',(59.459680596575,-78.16257771115,4.51));
#4138 = CARTESIAN_POINT('',(62.941598232174,-78.28534476539,-0.49));
#4139 = CARTESIAN_POINT('',(62.941598232174,-78.28534476539,4.51));
#4140 = CARTESIAN_POINT('',(63.036847586219,-78.17527719439,-0.49));
#4141 = CARTESIAN_POINT('',(63.036847586219,-78.17527719439,4.51));
#4142 = CARTESIAN_POINT('',(64.226414834245,-72.62961117368,-0.49));
#4143 = CARTESIAN_POINT('',(64.226414834245,-72.62961117368,4.51));
#4144 = ADVANCED_FACE('',(#4145),#4181,.F.);
#4145 = FACE_BOUND('',#4146,.F.);
#4146 = EDGE_LOOP('',(#4147,#4157,#4166,#4174));
#4147 = ORIENTED_EDGE('',*,*,#4148,.F.);
#4148 = EDGE_CURVE('',#4149,#4151,#4153,.T.);
#4149 = VERTEX_POINT('',#4150);
#4150 = CARTESIAN_POINT('',(41.652164208476,-52.81761311154,-0.49));
#4151 = VERTEX_POINT('',#4152);
#4152 = CARTESIAN_POINT('',(41.652164208476,-52.81761311154,1.51));
#4153 = LINE('',#4154,#4155);
#4154 = CARTESIAN_POINT('',(41.652164208476,-52.81761311154,-0.49));
#4155 = VECTOR('',#4156,1.);
#4156 = DIRECTION('',(0.,0.,1.));
#4157 = ORIENTED_EDGE('',*,*,#4158,.T.);
#4158 = EDGE_CURVE('',#4149,#4159,#4161,.T.);
#4159 = VERTEX_POINT('',#4160);
#4160 = CARTESIAN_POINT('',(47.29308109719,-62.54792680681,-0.49));
#4161 = B_SPLINE_CURVE_WITH_KNOTS('',3,(#4162,#4163,#4164,#4165),
  .UNSPECIFIED.,.F.,.F.,(4,4),(-1.,0.),.PIECEWISE_BEZIER_KNOTS.);
#4162 = CARTESIAN_POINT('',(41.652164208476,-52.81761311154,-0.49));
#4163 = CARTESIAN_POINT('',(41.652164208476,-64.09944386105,-0.49));
#4164 = CARTESIAN_POINT('',(41.764347586219,-64.29417680681,-0.49));
#4165 = CARTESIAN_POINT('',(47.29308109719,-62.54792680681,-0.49));
#4166 = ORIENTED_EDGE('',*,*,#4167,.T.);
#4167 = EDGE_CURVE('',#4159,#4168,#4170,.T.);
#4168 = VERTEX_POINT('',#4169);
#4169 = CARTESIAN_POINT('',(47.29308109719,-62.54792680681,1.51));
#4170 = LINE('',#4171,#4172);
#4171 = CARTESIAN_POINT('',(47.29308109719,-62.54792680681,-0.49));
#4172 = VECTOR('',#4173,1.);
#4173 = DIRECTION('',(0.,0.,1.));
#4174 = ORIENTED_EDGE('',*,*,#4175,.T.);
#4175 = EDGE_CURVE('',#4168,#4151,#4176,.T.);
#4176 = B_SPLINE_CURVE_WITH_KNOTS('',3,(#4177,#4178,#4179,#4180),
  .UNSPECIFIED.,.F.,.F.,(4,4),(0.,1.950053609945),
  .PIECEWISE_BEZIER_KNOTS.);
#4177 = CARTESIAN_POINT('',(47.29308109719,-62.54792680681,1.51));
#4178 = CARTESIAN_POINT('',(41.764347586219,-64.29417680681,1.51));
#4179 = CARTESIAN_POINT('',(41.652164208476,-64.09944386105,1.51));
#4180 = CARTESIAN_POINT('',(41.652164208476,-52.81761311154,1.51));
#4181 = B_SPLINE_SURFACE_WITH_KNOTS('',3,1,(
    (#4182,#4183)
    ,(#4184,#4185)
    ,(#4186,#4187)
    ,(#4188,#4189
    )),.UNSPECIFIED.,.F.,.F.,.F.,(4,4),(2,2),(-1.,0.),(0.,0.5),
  .PIECEWISE_BEZIER_KNOTS.);
#4182 = CARTESIAN_POINT('',(41.652164208476,-52.81761311154,-0.49));
#4183 = CARTESIAN_POINT('',(41.652164208476,-52.81761311154,4.51));
#4184 = CARTESIAN_POINT('',(41.652164208476,-64.09944386105,-0.49));
#4185 = CARTESIAN_POINT('',(41.652164208476,-64.09944386105,4.51));
#4186 = CARTESIAN_POINT('',(41.764347586219,-64.29417680681,-0.49));
#4187 = CARTESIAN_POINT('',(41.764347586219,-64.29417680681,4.51));
#4188 = CARTESIAN_POINT('',(47.29308109719,-62.54792680681,-0.49));
#4189 = CARTESIAN_POINT('',(47.29308109719,-62.54792680681,4.51));
#4190 = ADVANCED_FACE('',(#4191),#4218,.F.);
#4191 = FACE_BOUND('',#4192,.F.);
#4192 = EDGE_LOOP('',(#4193,#4203,#4210,#4211));
#4193 = ORIENTED_EDGE('',*,*,#4194,.F.);
#4194 = EDGE_CURVE('',#4195,#4197,#4199,.T.);
#4195 = VERTEX_POINT('',#4196);
#4196 = CARTESIAN_POINT('',(44.416531064892,-40.53882771115,-0.49));
#4197 = VERTEX_POINT('',#4198);
#4198 = CARTESIAN_POINT('',(44.416531064892,-40.53882771115,1.51));
#4199 = LINE('',#4200,#4201);
#4200 = CARTESIAN_POINT('',(44.416531064892,-40.53882771115,-0.49));
#4201 = VECTOR('',#4202,1.);
#4202 = DIRECTION('',(0.,0.,1.));
#4203 = ORIENTED_EDGE('',*,*,#4204,.T.);
#4204 = EDGE_CURVE('',#4195,#4149,#4205,.T.);
#4205 = B_SPLINE_CURVE_WITH_KNOTS('',3,(#4206,#4207,#4208,#4209),
  .UNSPECIFIED.,.F.,.F.,(4,4),(-1.,0.),.PIECEWISE_BEZIER_KNOTS.);
#4206 = CARTESIAN_POINT('',(44.416531064892,-40.53882771115,-0.49));
#4207 = CARTESIAN_POINT('',(41.707197590256,-41.290241794,-0.49));
#4208 = CARTESIAN_POINT('',(41.652164208476,-41.53577590248,-0.49));
#4209 = CARTESIAN_POINT('',(41.652164208476,-52.81761311154,-0.49));
#4210 = ORIENTED_EDGE('',*,*,#4148,.T.);
#4211 = ORIENTED_EDGE('',*,*,#4212,.T.);
#4212 = EDGE_CURVE('',#4151,#4197,#4213,.T.);
#4213 = B_SPLINE_CURVE_WITH_KNOTS('',3,(#4214,#4215,#4216,#4217),
  .UNSPECIFIED.,.F.,.F.,(4,4),(0.,3.384128776023),
  .PIECEWISE_BEZIER_KNOTS.);
#4214 = CARTESIAN_POINT('',(41.652164208476,-52.81761311154,1.51));
#4215 = CARTESIAN_POINT('',(41.652164208476,-41.53577590248,1.51));
#4216 = CARTESIAN_POINT('',(41.707197590256,-41.290241794,1.51));
#4217 = CARTESIAN_POINT('',(44.416531064892,-40.53882771115,1.51));
#4218 = B_SPLINE_SURFACE_WITH_KNOTS('',3,1,(
    (#4219,#4220)
    ,(#4221,#4222)
    ,(#4223,#4224)
    ,(#4225,#4226
    )),.UNSPECIFIED.,.F.,.F.,.F.,(4,4),(2,2),(-1.,0.),(0.,0.5),
  .PIECEWISE_BEZIER_KNOTS.);
#4219 = CARTESIAN_POINT('',(44.416531064892,-40.53882771115,-0.49));
#4220 = CARTESIAN_POINT('',(44.416531064892,-40.53882771115,4.51));
#4221 = CARTESIAN_POINT('',(41.707197590256,-41.290241794,-0.49));
#4222 = CARTESIAN_POINT('',(41.707197590256,-41.290241794,4.51));
#4223 = CARTESIAN_POINT('',(41.652164208476,-41.53577590248,-0.49));
#4224 = CARTESIAN_POINT('',(41.652164208476,-41.53577590248,4.51));
#4225 = CARTESIAN_POINT('',(41.652164208476,-52.81761311154,-0.49));
#4226 = CARTESIAN_POINT('',(41.652164208476,-52.81761311154,4.51));
#4227 = ADVANCED_FACE('',(#4228),#4255,.F.);
#4228 = FACE_BOUND('',#4229,.F.);
#4229 = EDGE_LOOP('',(#4230,#4240,#4247,#4248));
#4230 = ORIENTED_EDGE('',*,*,#4231,.F.);
#4231 = EDGE_CURVE('',#4232,#4234,#4236,.T.);
#4232 = VERTEX_POINT('',#4233);
#4233 = CARTESIAN_POINT('',(50.92528066117,-40.496491794,-0.49));
#4234 = VERTEX_POINT('',#4235);
#4235 = CARTESIAN_POINT('',(50.92528066117,-40.496491794,1.51));
#4236 = LINE('',#4237,#4238);
#4237 = CARTESIAN_POINT('',(50.92528066117,-40.496491794,-0.49));
#4238 = VECTOR('',#4239,1.);
#4239 = DIRECTION('',(0.,0.,1.));
#4240 = ORIENTED_EDGE('',*,*,#4241,.T.);
#4241 = EDGE_CURVE('',#4232,#4195,#4242,.T.);
#4242 = B_SPLINE_CURVE_WITH_KNOTS('',3,(#4243,#4244,#4245,#4246),
  .UNSPECIFIED.,.F.,.F.,(4,4),(-1.,0.),.PIECEWISE_BEZIER_KNOTS.);
#4243 = CARTESIAN_POINT('',(50.92528066117,-40.496491794,-0.49));
#4244 = CARTESIAN_POINT('',(47.254981032594,-39.78740716875,-0.49));
#4245 = CARTESIAN_POINT('',(47.125864236737,-39.78952590248,-0.49));
#4246 = CARTESIAN_POINT('',(44.416531064892,-40.53882771115,-0.49));
#4247 = ORIENTED_EDGE('',*,*,#4194,.T.);
#4248 = ORIENTED_EDGE('',*,*,#4249,.T.);
#4249 = EDGE_CURVE('',#4197,#4234,#4250,.T.);
#4250 = B_SPLINE_CURVE_WITH_KNOTS('',3,(#4251,#4252,#4253,#4254),
  .UNSPECIFIED.,.F.,.F.,(4,4),(0.,0.843465199967),
  .PIECEWISE_BEZIER_KNOTS.);
#4251 = CARTESIAN_POINT('',(44.416531064892,-40.53882771115,1.51));
#4252 = CARTESIAN_POINT('',(47.125864236737,-39.78952590248,1.51));
#4253 = CARTESIAN_POINT('',(47.254981032594,-39.78740716875,1.51));
#4254 = CARTESIAN_POINT('',(50.92528066117,-40.496491794,1.51));
#4255 = B_SPLINE_SURFACE_WITH_KNOTS('',3,1,(
    (#4256,#4257)
    ,(#4258,#4259)
    ,(#4260,#4261)
    ,(#4262,#4263
    )),.UNSPECIFIED.,.F.,.F.,.F.,(4,4),(2,2),(-1.,0.),(0.,0.5),
  .PIECEWISE_BEZIER_KNOTS.);
#4256 = CARTESIAN_POINT('',(50.92528066117,-40.496491794,-0.49));
#4257 = CARTESIAN_POINT('',(50.92528066117,-40.496491794,4.51));
#4258 = CARTESIAN_POINT('',(47.254981032594,-39.78740716875,-0.49));
#4259 = CARTESIAN_POINT('',(47.254981032594,-39.78740716875,4.51));
#4260 = CARTESIAN_POINT('',(47.125864236737,-39.78952590248,-0.49));
#4261 = CARTESIAN_POINT('',(47.125864236737,-39.78952590248,4.51));
#4262 = CARTESIAN_POINT('',(44.416531064892,-40.53882771115,-0.49));
#4263 = CARTESIAN_POINT('',(44.416531064892,-40.53882771115,4.51));
#4264 = ADVANCED_FACE('',(#4265),#4292,.F.);
#4265 = FACE_BOUND('',#4266,.F.);
#4266 = EDGE_LOOP('',(#4267,#4277,#4284,#4285));
#4267 = ORIENTED_EDGE('',*,*,#4268,.F.);
#4268 = EDGE_CURVE('',#4269,#4271,#4273,.T.);
#4269 = VERTEX_POINT('',#4270);
#4270 = CARTESIAN_POINT('',(53.801830693468,-50.99304101885,-0.49));
#4271 = VERTEX_POINT('',#4272);
#4272 = CARTESIAN_POINT('',(53.801830693468,-50.99304101885,1.51));
#4273 = LINE('',#4274,#4275);
#4274 = CARTESIAN_POINT('',(53.801830693468,-50.99304101885,-0.49));
#4275 = VECTOR('',#4276,1.);
#4276 = DIRECTION('',(0.,0.,1.));
#4277 = ORIENTED_EDGE('',*,*,#4278,.T.);
#4278 = EDGE_CURVE('',#4269,#4232,#4279,.T.);
#4279 = B_SPLINE_CURVE_WITH_KNOTS('',3,(#4280,#4281,#4282,#4283),
  .UNSPECIFIED.,.F.,.F.,(4,4),(-1.,0.),.PIECEWISE_BEZIER_KNOTS.);
#4280 = CARTESIAN_POINT('',(53.801830693468,-50.99304101885,-0.49));
#4281 = CARTESIAN_POINT('',(54.652730790361,-41.41512435218,-0.49));
#4282 = CARTESIAN_POINT('',(54.595581500912,-41.20557641924,-0.49));
#4283 = CARTESIAN_POINT('',(50.92528066117,-40.496491794,-0.49));
#4284 = ORIENTED_EDGE('',*,*,#4231,.T.);
#4285 = ORIENTED_EDGE('',*,*,#4286,.T.);
#4286 = EDGE_CURVE('',#4234,#4271,#4287,.T.);
#4287 = B_SPLINE_CURVE_WITH_KNOTS('',3,(#4288,#4289,#4290,#4291),
  .UNSPECIFIED.,.F.,.F.,(4,4),(0.,1.089108297654),
  .PIECEWISE_BEZIER_KNOTS.);
#4288 = CARTESIAN_POINT('',(50.92528066117,-40.496491794,1.51));
#4289 = CARTESIAN_POINT('',(54.595581500912,-41.20557641924,1.51));
#4290 = CARTESIAN_POINT('',(54.652730790361,-41.41512435218,1.51));
#4291 = CARTESIAN_POINT('',(53.801830693468,-50.99304101885,1.51));
#4292 = B_SPLINE_SURFACE_WITH_KNOTS('',3,1,(
    (#4293,#4294)
    ,(#4295,#4296)
    ,(#4297,#4298)
    ,(#4299,#4300
    )),.UNSPECIFIED.,.F.,.F.,.F.,(4,4),(2,2),(-1.,0.),(0.,0.5),
  .PIECEWISE_BEZIER_KNOTS.);
#4293 = CARTESIAN_POINT('',(53.801830693468,-50.99304101885,-0.49));
#4294 = CARTESIAN_POINT('',(53.801830693468,-50.99304101885,4.51));
#4295 = CARTESIAN_POINT('',(54.652730790361,-41.41512435218,-0.49));
#4296 = CARTESIAN_POINT('',(54.652730790361,-41.41512435218,4.51));
#4297 = CARTESIAN_POINT('',(54.595581500912,-41.20557641924,-0.49));
#4298 = CARTESIAN_POINT('',(54.595581500912,-41.20557641924,4.51));
#4299 = CARTESIAN_POINT('',(50.92528066117,-40.496491794,-0.49));
#4300 = CARTESIAN_POINT('',(50.92528066117,-40.496491794,4.51));
#4301 = ADVANCED_FACE('',(#4302),#4320,.F.);
#4302 = FACE_BOUND('',#4303,.F.);
#4303 = EDGE_LOOP('',(#4304,#4305,#4312,#4313));
#4304 = ORIENTED_EDGE('',*,*,#4167,.F.);
#4305 = ORIENTED_EDGE('',*,*,#4306,.T.);
#4306 = EDGE_CURVE('',#4159,#4269,#4307,.T.);
#4307 = B_SPLINE_CURVE_WITH_KNOTS('',3,(#4308,#4309,#4310,#4311),
  .UNSPECIFIED.,.F.,.F.,(4,4),(-1.,0.),.PIECEWISE_BEZIER_KNOTS.);
#4308 = CARTESIAN_POINT('',(47.29308109719,-62.54792680681,-0.49));
#4309 = CARTESIAN_POINT('',(52.823930919552,-60.80167357704,-0.49));
#4310 = CARTESIAN_POINT('',(52.95304771541,-60.57095768552,-0.49));
#4311 = CARTESIAN_POINT('',(53.801830693468,-50.99304101885,-0.49));
#4312 = ORIENTED_EDGE('',*,*,#4268,.T.);
#4313 = ORIENTED_EDGE('',*,*,#4314,.T.);
#4314 = EDGE_CURVE('',#4271,#4168,#4315,.T.);
#4315 = B_SPLINE_CURVE_WITH_KNOTS('',3,(#4316,#4317,#4318,#4319),
  .UNSPECIFIED.,.F.,.F.,(4,4),(0.,2.901306095066),
  .PIECEWISE_BEZIER_KNOTS.);
#4316 = CARTESIAN_POINT('',(53.801830693468,-50.99304101885,1.51));
#4317 = CARTESIAN_POINT('',(52.95304771541,-60.57095768552,1.51));
#4318 = CARTESIAN_POINT('',(52.823930919552,-60.80167357704,1.51));
#4319 = CARTESIAN_POINT('',(47.29308109719,-62.54792680681,1.51));
#4320 = B_SPLINE_SURFACE_WITH_KNOTS('',3,1,(
    (#4321,#4322)
    ,(#4323,#4324)
    ,(#4325,#4326)
    ,(#4327,#4328
    )),.UNSPECIFIED.,.F.,.F.,.F.,(4,4),(2,2),(-1.,0.),(0.,0.5),
  .PIECEWISE_BEZIER_KNOTS.);
#4321 = CARTESIAN_POINT('',(47.29308109719,-62.54792680681,-0.49));
#4322 = CARTESIAN_POINT('',(47.29308109719,-62.54792680681,4.51));
#4323 = CARTESIAN_POINT('',(52.823930919552,-60.80167357704,-0.49));
#4324 = CARTESIAN_POINT('',(52.823930919552,-60.80167357704,4.51));
#4325 = CARTESIAN_POINT('',(52.95304771541,-60.57095768552,-0.49));
#4326 = CARTESIAN_POINT('',(52.95304771541,-60.57095768552,4.51));
#4327 = CARTESIAN_POINT('',(53.801830693468,-50.99304101885,-0.49));
#4328 = CARTESIAN_POINT('',(53.801830693468,-50.99304101885,4.51));
#4329 = ADVANCED_FACE('',(#4330),#4366,.F.);
#4330 = FACE_BOUND('',#4331,.F.);
#4331 = EDGE_LOOP('',(#4332,#4342,#4351,#4359));
#4332 = ORIENTED_EDGE('',*,*,#4333,.F.);
#4333 = EDGE_CURVE('',#4334,#4336,#4338,.T.);
#4334 = VERTEX_POINT('',#4335);
#4335 = CARTESIAN_POINT('',(51.378247198646,-21.84019515296,-0.49));
#4336 = VERTEX_POINT('',#4337);
#4337 = CARTESIAN_POINT('',(51.378247198646,-21.84019515296,1.51));
#4338 = LINE('',#4339,#4340);
#4339 = CARTESIAN_POINT('',(51.378247198646,-21.84019515296,-0.49));
#4340 = VECTOR('',#4341,1.);
#4341 = DIRECTION('',(0.,0.,1.));
#4342 = ORIENTED_EDGE('',*,*,#4343,.T.);
#4343 = EDGE_CURVE('',#4334,#4344,#4346,.T.);
#4344 = VERTEX_POINT('',#4345);
#4345 = CARTESIAN_POINT('',(48.230764091397,-25.39831130287,-0.49));
#4346 = B_SPLINE_CURVE_WITH_KNOTS('',3,(#4347,#4348,#4349,#4350),
  .UNSPECIFIED.,.F.,.F.,(4,4),(-1.,0.),.PIECEWISE_BEZIER_KNOTS.);
#4347 = CARTESIAN_POINT('',(51.378247198646,-21.84019515296,-0.49));
#4348 = CARTESIAN_POINT('',(47.79896389761,-21.84019515296,-0.49));
#4349 = CARTESIAN_POINT('',(47.735464059099,-21.91216104448,-0.49));
#4350 = CARTESIAN_POINT('',(48.230764091397,-25.39831130287,-0.49));
#4351 = ORIENTED_EDGE('',*,*,#4352,.T.);
#4352 = EDGE_CURVE('',#4344,#4353,#4355,.T.);
#4353 = VERTEX_POINT('',#4354);
#4354 = CARTESIAN_POINT('',(48.230764091397,-25.39831130287,1.51));
#4355 = LINE('',#4356,#4357);
#4356 = CARTESIAN_POINT('',(48.230764091397,-25.39831130287,-0.49));
#4357 = VECTOR('',#4358,1.);
#4358 = DIRECTION('',(0.,0.,1.));
#4359 = ORIENTED_EDGE('',*,*,#4360,.T.);
#4360 = EDGE_CURVE('',#4353,#4336,#4361,.T.);
#4361 = B_SPLINE_CURVE_WITH_KNOTS('',3,(#4362,#4363,#4364,#4365),
  .UNSPECIFIED.,.F.,.F.,(4,4),(0.,0.931100433517),
  .PIECEWISE_BEZIER_KNOTS.);
#4362 = CARTESIAN_POINT('',(48.230764091397,-25.39831130287,1.51));
#4363 = CARTESIAN_POINT('',(47.735464059099,-21.91216104448,1.51));
#4364 = CARTESIAN_POINT('',(47.79896389761,-21.84019515296,1.51));
#4365 = CARTESIAN_POINT('',(51.378247198646,-21.84019515296,1.51));
#4366 = B_SPLINE_SURFACE_WITH_KNOTS('',3,1,(
    (#4367,#4368)
    ,(#4369,#4370)
    ,(#4371,#4372)
    ,(#4373,#4374
    )),.UNSPECIFIED.,.F.,.F.,.F.,(4,4),(2,2),(-1.,0.),(0.,0.5),
  .PIECEWISE_BEZIER_KNOTS.);
#4367 = CARTESIAN_POINT('',(51.378247198646,-21.84019515296,-0.49));
#4368 = CARTESIAN_POINT('',(51.378247198646,-21.84019515296,4.51));
#4369 = CARTESIAN_POINT('',(47.79896389761,-21.84019515296,-0.49));
#4370 = CARTESIAN_POINT('',(47.79896389761,-21.84019515296,4.51));
#4371 = CARTESIAN_POINT('',(47.735464059099,-21.91216104448,-0.49));
#4372 = CARTESIAN_POINT('',(47.735464059099,-21.91216104448,4.51));
#4373 = CARTESIAN_POINT('',(48.230764091397,-25.39831130287,-0.49));
#4374 = CARTESIAN_POINT('',(48.230764091397,-25.39831130287,4.51));
#4375 = ADVANCED_FACE('',(#4376),#4403,.F.);
#4376 = FACE_BOUND('',#4377,.F.);
#4377 = EDGE_LOOP('',(#4378,#4388,#4395,#4396));
#4378 = ORIENTED_EDGE('',*,*,#4379,.F.);
#4379 = EDGE_CURVE('',#4380,#4382,#4384,.T.);
#4380 = VERTEX_POINT('',#4381);
#4381 = CARTESIAN_POINT('',(55.063364640459,-23.17369256914,-0.49));
#4382 = VERTEX_POINT('',#4383);
#4383 = CARTESIAN_POINT('',(55.063364640459,-23.17369256914,1.51));
#4384 = LINE('',#4385,#4386);
#4385 = CARTESIAN_POINT('',(55.063364640459,-23.17369256914,-0.49));
#4386 = VECTOR('',#4387,1.);
#4387 = DIRECTION('',(0.,0.,1.));
#4388 = ORIENTED_EDGE('',*,*,#4389,.T.);
#4389 = EDGE_CURVE('',#4380,#4334,#4390,.T.);
#4390 = B_SPLINE_CURVE_WITH_KNOTS('',3,(#4391,#4392,#4393,#4394),
  .UNSPECIFIED.,.F.,.F.,(4,4),(-1.,0.),.PIECEWISE_BEZIER_KNOTS.);
#4391 = CARTESIAN_POINT('',(55.063364640459,-23.17369256914,-0.49));
#4392 = CARTESIAN_POINT('',(55.033731436317,-21.86771285316,-0.49));
#4393 = CARTESIAN_POINT('',(54.959646811072,-21.84019515296,-0.49));
#4394 = CARTESIAN_POINT('',(51.378247198646,-21.84019515296,-0.49));
#4395 = ORIENTED_EDGE('',*,*,#4333,.T.);
#4396 = ORIENTED_EDGE('',*,*,#4397,.T.);
#4397 = EDGE_CURVE('',#4336,#4382,#4398,.T.);
#4398 = B_SPLINE_CURVE_WITH_KNOTS('',3,(#4399,#4400,#4401,#4402),
  .UNSPECIFIED.,.F.,.F.,(4,4),(0.,1.080654890448),
  .PIECEWISE_BEZIER_KNOTS.);
#4399 = CARTESIAN_POINT('',(51.378247198646,-21.84019515296,1.51));
#4400 = CARTESIAN_POINT('',(54.959646811072,-21.84019515296,1.51));
#4401 = CARTESIAN_POINT('',(55.033731436317,-21.86771285316,1.51));
#4402 = CARTESIAN_POINT('',(55.063364640459,-23.17369256914,1.51));
#4403 = B_SPLINE_SURFACE_WITH_KNOTS('',3,1,(
    (#4404,#4405)
    ,(#4406,#4407)
    ,(#4408,#4409)
    ,(#4410,#4411
    )),.UNSPECIFIED.,.F.,.F.,.F.,(4,4),(2,2),(-1.,0.),(0.,0.5),
  .PIECEWISE_BEZIER_KNOTS.);
#4404 = CARTESIAN_POINT('',(55.063364640459,-23.17369256914,-0.49));
#4405 = CARTESIAN_POINT('',(55.063364640459,-23.17369256914,4.51));
#4406 = CARTESIAN_POINT('',(55.033731436317,-21.86771285316,-0.49));
#4407 = CARTESIAN_POINT('',(55.033731436317,-21.86771285316,4.51));
#4408 = CARTESIAN_POINT('',(54.959646811072,-21.84019515296,-0.49));
#4409 = CARTESIAN_POINT('',(54.959646811072,-21.84019515296,4.51));
#4410 = CARTESIAN_POINT('',(51.378247198646,-21.84019515296,-0.49));
#4411 = CARTESIAN_POINT('',(51.378247198646,-21.84019515296,4.51));
#4412 = ADVANCED_FACE('',(#4413),#4440,.F.);
#4413 = FACE_BOUND('',#4414,.F.);
#4414 = EDGE_LOOP('',(#4415,#4425,#4432,#4433));
#4415 = ORIENTED_EDGE('',*,*,#4416,.F.);
#4416 = EDGE_CURVE('',#4417,#4419,#4421,.T.);
#4417 = VERTEX_POINT('',#4418);
#4418 = CARTESIAN_POINT('',(51.913764414374,-26.73180871905,-0.49));
#4419 = VERTEX_POINT('',#4420);
#4420 = CARTESIAN_POINT('',(51.913764414374,-26.73180871905,1.51));
#4421 = LINE('',#4422,#4423);
#4422 = CARTESIAN_POINT('',(51.913764414374,-26.73180871905,-0.49));
#4423 = VECTOR('',#4424,1.);
#4424 = DIRECTION('',(0.,0.,1.));
#4425 = ORIENTED_EDGE('',*,*,#4426,.T.);
#4426 = EDGE_CURVE('',#4417,#4380,#4427,.T.);
#4427 = B_SPLINE_CURVE_WITH_KNOTS('',3,(#4428,#4429,#4430,#4431),
  .UNSPECIFIED.,.F.,.F.,(4,4),(-1.,0.),.PIECEWISE_BEZIER_KNOTS.);
#4428 = CARTESIAN_POINT('',(51.913764414374,-26.73180871905,-0.49));
#4429 = CARTESIAN_POINT('',(55.031614317481,-24.5516446362,-0.49));
#4430 = CARTESIAN_POINT('',(55.095114963437,-24.47967874468,-0.49));
#4431 = CARTESIAN_POINT('',(55.063364640459,-23.17369256914,-0.49));
#4432 = ORIENTED_EDGE('',*,*,#4379,.T.);
#4433 = ORIENTED_EDGE('',*,*,#4434,.T.);
#4434 = EDGE_CURVE('',#4382,#4419,#4435,.T.);
#4435 = B_SPLINE_CURVE_WITH_KNOTS('',3,(#4436,#4437,#4438,#4439),
  .UNSPECIFIED.,.F.,.F.,(4,4),(0.,0.409428856948),
  .PIECEWISE_BEZIER_KNOTS.);
#4436 = CARTESIAN_POINT('',(55.063364640459,-23.17369256914,1.51));
#4437 = CARTESIAN_POINT('',(55.095114963437,-24.47967874468,1.51));
#4438 = CARTESIAN_POINT('',(55.031614317481,-24.5516446362,1.51));
#4439 = CARTESIAN_POINT('',(51.913764414374,-26.73180871905,1.51));
#4440 = B_SPLINE_SURFACE_WITH_KNOTS('',3,1,(
    (#4441,#4442)
    ,(#4443,#4444)
    ,(#4445,#4446)
    ,(#4447,#4448
    )),.UNSPECIFIED.,.F.,.F.,.F.,(4,4),(2,2),(-1.,0.),(0.,0.5),
  .PIECEWISE_BEZIER_KNOTS.);
#4441 = CARTESIAN_POINT('',(51.913764414374,-26.73180871905,-0.49));
#4442 = CARTESIAN_POINT('',(51.913764414374,-26.73180871905,4.51));
#4443 = CARTESIAN_POINT('',(55.031614317481,-24.5516446362,-0.49));
#4444 = CARTESIAN_POINT('',(55.031614317481,-24.5516446362,4.51));
#4445 = CARTESIAN_POINT('',(55.095114963437,-24.47967874468,-0.49));
#4446 = CARTESIAN_POINT('',(55.095114963437,-24.47967874468,4.51));
#4447 = CARTESIAN_POINT('',(55.063364640459,-23.17369256914,-0.49));
#4448 = CARTESIAN_POINT('',(55.063364640459,-23.17369256914,4.51));
#4449 = ADVANCED_FACE('',(#4450),#4468,.F.);
#4450 = FACE_BOUND('',#4451,.F.);
#4451 = EDGE_LOOP('',(#4452,#4453,#4460,#4461));
#4452 = ORIENTED_EDGE('',*,*,#4352,.F.);
#4453 = ORIENTED_EDGE('',*,*,#4454,.T.);
#4454 = EDGE_CURVE('',#4344,#4417,#4455,.T.);
#4455 = B_SPLINE_CURVE_WITH_KNOTS('',3,(#4456,#4457,#4458,#4459),
  .UNSPECIFIED.,.F.,.F.,(4,4),(-1.,0.),.PIECEWISE_BEZIER_KNOTS.);
#4456 = CARTESIAN_POINT('',(48.230764091397,-25.39831130287,-0.49));
#4457 = CARTESIAN_POINT('',(48.723947812303,-28.88446156125,-0.49));
#4458 = CARTESIAN_POINT('',(48.798030822659,-28.91197926144,-0.49));
#4459 = CARTESIAN_POINT('',(51.913764414374,-26.73180871905,-0.49));
#4460 = ORIENTED_EDGE('',*,*,#4416,.T.);
#4461 = ORIENTED_EDGE('',*,*,#4462,.T.);
#4462 = EDGE_CURVE('',#4419,#4353,#4463,.T.);
#4463 = B_SPLINE_CURVE_WITH_KNOTS('',3,(#4464,#4465,#4466,#4467),
  .UNSPECIFIED.,.F.,.F.,(4,4),(0.,1.116375494382),
  .PIECEWISE_BEZIER_KNOTS.);
#4464 = CARTESIAN_POINT('',(51.913764414374,-26.73180871905,1.51));
#4465 = CARTESIAN_POINT('',(48.798030822659,-28.91197926144,1.51));
#4466 = CARTESIAN_POINT('',(48.723947812303,-28.88446156125,1.51));
#4467 = CARTESIAN_POINT('',(48.230764091397,-25.39831130287,1.51));
#4468 = B_SPLINE_SURFACE_WITH_KNOTS('',3,1,(
    (#4469,#4470)
    ,(#4471,#4472)
    ,(#4473,#4474)
    ,(#4475,#4476
    )),.UNSPECIFIED.,.F.,.F.,.F.,(4,4),(2,2),(-1.,0.),(0.,0.5),
  .PIECEWISE_BEZIER_KNOTS.);
#4469 = CARTESIAN_POINT('',(48.230764091397,-25.39831130287,-0.49));
#4470 = CARTESIAN_POINT('',(48.230764091397,-25.39831130287,4.51));
#4471 = CARTESIAN_POINT('',(48.723947812303,-28.88446156125,-0.49));
#4472 = CARTESIAN_POINT('',(48.723947812303,-28.88446156125,4.51));
#4473 = CARTESIAN_POINT('',(48.798030822659,-28.91197926144,-0.49));
#4474 = CARTESIAN_POINT('',(48.798030822659,-28.91197926144,4.51));
#4475 = CARTESIAN_POINT('',(51.913764414374,-26.73180871905,-0.49));
#4476 = CARTESIAN_POINT('',(51.913764414374,-26.73180871905,4.51));
#4477 = ADVANCED_FACE('',(#4478),#4514,.F.);
#4478 = FACE_BOUND('',#4479,.F.);
#4479 = EDGE_LOOP('',(#4480,#4490,#4499,#4507));
#4480 = ORIENTED_EDGE('',*,*,#4481,.F.);
#4481 = EDGE_CURVE('',#4482,#4484,#4486,.T.);
#4482 = VERTEX_POINT('',#4483);
#4483 = CARTESIAN_POINT('',(108.52401296097,-52.91497796953,-0.49));
#4484 = VERTEX_POINT('',#4485);
#4485 = CARTESIAN_POINT('',(108.52401296097,-52.91497796953,1.51));
#4486 = LINE('',#4487,#4488);
#4487 = CARTESIAN_POINT('',(108.52401296097,-52.91497796953,-0.49));
#4488 = VECTOR('',#4489,1.);
#4489 = DIRECTION('',(0.,0.,1.));
#4490 = ORIENTED_EDGE('',*,*,#4491,.T.);
#4491 = EDGE_CURVE('',#4482,#4492,#4494,.T.);
#4492 = VERTEX_POINT('',#4493);
#4493 = CARTESIAN_POINT('',(116.03606735347,-50.96341104448,-0.49));
#4494 = B_SPLINE_CURVE_WITH_KNOTS('',3,(#4495,#4496,#4497,#4498),
  .UNSPECIFIED.,.F.,.F.,(4,4),(-1.,0.),.PIECEWISE_BEZIER_KNOTS.);
#4495 = CARTESIAN_POINT('',(108.52401296097,-52.91497796953,-0.49));
#4496 = CARTESIAN_POINT('',(109.18653066117,-54.27599308591,-0.49));
#4497 = CARTESIAN_POINT('',(109.33681218582,-54.2378946362,-0.49));
#4498 = CARTESIAN_POINT('',(116.03606735347,-50.96341104448,-0.49));
#4499 = ORIENTED_EDGE('',*,*,#4500,.T.);
#4500 = EDGE_CURVE('',#4492,#4501,#4503,.T.);
#4501 = VERTEX_POINT('',#4502);
#4502 = CARTESIAN_POINT('',(116.03606735347,-50.96341104448,1.51));
#4503 = LINE('',#4504,#4505);
#4504 = CARTESIAN_POINT('',(116.03606735347,-50.96341104448,-0.49));
#4505 = VECTOR('',#4506,1.);
#4506 = DIRECTION('',(0.,0.,1.));
#4507 = ORIENTED_EDGE('',*,*,#4508,.T.);
#4508 = EDGE_CURVE('',#4501,#4484,#4509,.T.);
#4509 = B_SPLINE_CURVE_WITH_KNOTS('',3,(#4510,#4511,#4512,#4513),
  .UNSPECIFIED.,.F.,.F.,(4,4),(0.,2.252715896928),
  .PIECEWISE_BEZIER_KNOTS.);
#4510 = CARTESIAN_POINT('',(116.03606735347,-50.96341104448,1.51));
#4511 = CARTESIAN_POINT('',(109.33681218582,-54.2378946362,1.51));
#4512 = CARTESIAN_POINT('',(109.18653066117,-54.27599308591,1.51));
#4513 = CARTESIAN_POINT('',(108.52401296097,-52.91497796953,1.51));
#4514 = B_SPLINE_SURFACE_WITH_KNOTS('',3,1,(
    (#4515,#4516)
    ,(#4517,#4518)
    ,(#4519,#4520)
    ,(#4521,#4522
    )),.UNSPECIFIED.,.F.,.F.,.F.,(4,4),(2,2),(-1.,0.),(0.,0.5),
  .PIECEWISE_BEZIER_KNOTS.);
#4515 = CARTESIAN_POINT('',(108.52401296097,-52.91497796953,-0.49));
#4516 = CARTESIAN_POINT('',(108.52401296097,-52.91497796953,4.51));
#4517 = CARTESIAN_POINT('',(109.18653066117,-54.27599308591,-0.49));
#4518 = CARTESIAN_POINT('',(109.18653066117,-54.27599308591,4.51));
#4519 = CARTESIAN_POINT('',(109.33681218582,-54.2378946362,-0.49));
#4520 = CARTESIAN_POINT('',(109.33681218582,-54.2378946362,4.51));
#4521 = CARTESIAN_POINT('',(116.03606735347,-50.96341104448,-0.49));
#4522 = CARTESIAN_POINT('',(116.03606735347,-50.96341104448,4.51));
#4523 = ADVANCED_FACE('',(#4524),#4551,.F.);
#4524 = FACE_BOUND('',#4525,.F.);
#4525 = EDGE_LOOP('',(#4526,#4536,#4543,#4544));
#4526 = ORIENTED_EDGE('',*,*,#4527,.F.);
#4527 = EDGE_CURVE('',#4528,#4530,#4532,.T.);
#4528 = VERTEX_POINT('',#4529);
#4529 = CARTESIAN_POINT('',(110.84811528641,-44.59012435218,-0.49));
#4530 = VERTEX_POINT('',#4531);
#4531 = CARTESIAN_POINT('',(110.84811528641,-44.59012435218,1.51));
#4532 = LINE('',#4533,#4534);
#4533 = CARTESIAN_POINT('',(110.84811528641,-44.59012435218,-0.49));
#4534 = VECTOR('',#4535,1.);
#4535 = DIRECTION('',(0.,0.,1.));
#4536 = ORIENTED_EDGE('',*,*,#4537,.T.);
#4537 = EDGE_CURVE('',#4528,#4482,#4538,.T.);
#4538 = B_SPLINE_CURVE_WITH_KNOTS('',3,(#4539,#4540,#4541,#4542),
  .UNSPECIFIED.,.F.,.F.,(4,4),(-1.,0.),.PIECEWISE_BEZIER_KNOTS.);
#4539 = CARTESIAN_POINT('',(110.84811528641,-44.59012435218,-0.49));
#4540 = CARTESIAN_POINT('',(107.91018091955,-51.38674437782,-0.49));
#4541 = CARTESIAN_POINT('',(107.8636139945,-51.55396285316,-0.49));
#4542 = CARTESIAN_POINT('',(108.52401296097,-52.91497796953,-0.49));
#4543 = ORIENTED_EDGE('',*,*,#4481,.T.);
#4544 = ORIENTED_EDGE('',*,*,#4545,.T.);
#4545 = EDGE_CURVE('',#4484,#4530,#4546,.T.);
#4546 = B_SPLINE_CURVE_WITH_KNOTS('',3,(#4547,#4548,#4549,#4550),
  .UNSPECIFIED.,.F.,.F.,(4,4),(0.,0.45317872754),
  .PIECEWISE_BEZIER_KNOTS.);
#4547 = CARTESIAN_POINT('',(108.52401296097,-52.91497796953,1.51));
#4548 = CARTESIAN_POINT('',(107.8636139945,-51.55396285316,1.51));
#4549 = CARTESIAN_POINT('',(107.91018091955,-51.38674437782,1.51));
#4550 = CARTESIAN_POINT('',(110.84811528641,-44.59012435218,1.51));
#4551 = B_SPLINE_SURFACE_WITH_KNOTS('',3,1,(
    (#4552,#4553)
    ,(#4554,#4555)
    ,(#4556,#4557)
    ,(#4558,#4559
    )),.UNSPECIFIED.,.F.,.F.,.F.,(4,4),(2,2),(-1.,0.),(0.,0.5),
  .PIECEWISE_BEZIER_KNOTS.);
#4552 = CARTESIAN_POINT('',(110.84811528641,-44.59012435218,-0.49));
#4553 = CARTESIAN_POINT('',(110.84811528641,-44.59012435218,4.51));
#4554 = CARTESIAN_POINT('',(107.91018091955,-51.38674437782,-0.49));
#4555 = CARTESIAN_POINT('',(107.91018091955,-51.38674437782,4.51));
#4556 = CARTESIAN_POINT('',(107.8636139945,-51.55396285316,-0.49));
#4557 = CARTESIAN_POINT('',(107.8636139945,-51.55396285316,4.51));
#4558 = CARTESIAN_POINT('',(108.52401296097,-52.91497796953,-0.49));
#4559 = CARTESIAN_POINT('',(108.52401296097,-52.91497796953,4.51));
#4560 = ADVANCED_FACE('',(#4561),#4588,.F.);
#4561 = FACE_BOUND('',#4562,.F.);
#4562 = EDGE_LOOP('',(#4563,#4573,#4580,#4581));
#4563 = ORIENTED_EDGE('',*,*,#4564,.F.);
#4564 = EDGE_CURVE('',#4565,#4567,#4569,.T.);
#4565 = VERTEX_POINT('',#4566);
#4566 = CARTESIAN_POINT('',(118.36016321935,-42.63855742713,-0.49));
#4567 = VERTEX_POINT('',#4568);
#4568 = CARTESIAN_POINT('',(118.36016321935,-42.63855742713,1.51));
#4569 = LINE('',#4570,#4571);
#4570 = CARTESIAN_POINT('',(118.36016321935,-42.63855742713,-0.49));
#4571 = VECTOR('',#4572,1.);
#4572 = DIRECTION('',(0.,0.,1.));
#4573 = ORIENTED_EDGE('',*,*,#4574,.T.);
#4574 = EDGE_CURVE('',#4565,#4528,#4575,.T.);
#4575 = B_SPLINE_CURVE_WITH_KNOTS('',3,(#4576,#4577,#4578,#4579),
  .UNSPECIFIED.,.F.,.F.,(4,4),(-1.,0.),.PIECEWISE_BEZIER_KNOTS.);
#4576 = CARTESIAN_POINT('',(118.36016321935,-42.63855742713,-0.49));
#4577 = CARTESIAN_POINT('',(113.93844991165,-37.75329360267,-0.49));
#4578 = CARTESIAN_POINT('',(113.78816192744,-37.79139205238,-0.49));
#4579 = CARTESIAN_POINT('',(110.84811528641,-44.59012435218,-0.49));
#4580 = ORIENTED_EDGE('',*,*,#4527,.T.);
#4581 = ORIENTED_EDGE('',*,*,#4582,.T.);
#4582 = EDGE_CURVE('',#4530,#4567,#4583,.T.);
#4583 = B_SPLINE_CURVE_WITH_KNOTS('',3,(#4584,#4585,#4586,#4587),
  .UNSPECIFIED.,.F.,.F.,(4,4),(0.,2.185855862545),
  .PIECEWISE_BEZIER_KNOTS.);
#4584 = CARTESIAN_POINT('',(110.84811528641,-44.59012435218,1.51));
#4585 = CARTESIAN_POINT('',(113.78816192744,-37.79139205238,1.51));
#4586 = CARTESIAN_POINT('',(113.93844991165,-37.75329360267,1.51));
#4587 = CARTESIAN_POINT('',(118.36016321935,-42.63855742713,1.51));
#4588 = B_SPLINE_SURFACE_WITH_KNOTS('',3,1,(
    (#4589,#4590)
    ,(#4591,#4592)
    ,(#4593,#4594)
    ,(#4595,#4596
    )),.UNSPECIFIED.,.F.,.F.,.F.,(4,4),(2,2),(-1.,0.),(0.,0.5),
  .PIECEWISE_BEZIER_KNOTS.);
#4589 = CARTESIAN_POINT('',(118.36016321935,-42.63855742713,-0.49));
#4590 = CARTESIAN_POINT('',(118.36016321935,-42.63855742713,4.51));
#4591 = CARTESIAN_POINT('',(113.93844991165,-37.75329360267,-0.49));
#4592 = CARTESIAN_POINT('',(113.93844991165,-37.75329360267,4.51));
#4593 = CARTESIAN_POINT('',(113.78816192744,-37.79139205238,-0.49));
#4594 = CARTESIAN_POINT('',(113.78816192744,-37.79139205238,4.51));
#4595 = CARTESIAN_POINT('',(110.84811528641,-44.59012435218,-0.49));
#4596 = CARTESIAN_POINT('',(110.84811528641,-44.59012435218,4.51));
#4597 = ADVANCED_FACE('',(#4598),#4616,.F.);
#4598 = FACE_BOUND('',#4599,.F.);
#4599 = EDGE_LOOP('',(#4600,#4601,#4608,#4609));
#4600 = ORIENTED_EDGE('',*,*,#4500,.F.);
#4601 = ORIENTED_EDGE('',*,*,#4602,.T.);
#4602 = EDGE_CURVE('',#4492,#4565,#4603,.T.);
#4603 = B_SPLINE_CURVE_WITH_KNOTS('',3,(#4604,#4605,#4606,#4607),
  .UNSPECIFIED.,.F.,.F.,(4,4),(-1.,0.),.PIECEWISE_BEZIER_KNOTS.);
#4604 = CARTESIAN_POINT('',(116.03606735347,-50.96341104448,-0.49));
#4605 = CARTESIAN_POINT('',(122.73531606156,-47.69104618649,-0.49));
#4606 = CARTESIAN_POINT('',(122.7818829866,-47.52382771115,-0.49));
#4607 = CARTESIAN_POINT('',(118.36016321935,-42.63855742713,-0.49));
#4608 = ORIENTED_EDGE('',*,*,#4564,.T.);
#4609 = ORIENTED_EDGE('',*,*,#4610,.T.);
#4610 = EDGE_CURVE('',#4567,#4501,#4611,.T.);
#4611 = B_SPLINE_CURVE_WITH_KNOTS('',3,(#4612,#4613,#4614,#4615),
  .UNSPECIFIED.,.F.,.F.,(4,4),(0.,1.966171997043),
  .PIECEWISE_BEZIER_KNOTS.);
#4612 = CARTESIAN_POINT('',(118.36016321935,-42.63855742713,1.51));
#4613 = CARTESIAN_POINT('',(122.7818829866,-47.52382771115,1.51));
#4614 = CARTESIAN_POINT('',(122.73531606156,-47.69104618649,1.51));
#4615 = CARTESIAN_POINT('',(116.03606735347,-50.96341104448,1.51));
#4616 = B_SPLINE_SURFACE_WITH_KNOTS('',3,1,(
    (#4617,#4618)
    ,(#4619,#4620)
    ,(#4621,#4622)
    ,(#4623,#4624
    )),.UNSPECIFIED.,.F.,.F.,.F.,(4,4),(2,2),(-1.,0.),(0.,0.5),
  .PIECEWISE_BEZIER_KNOTS.);
#4617 = CARTESIAN_POINT('',(116.03606735347,-50.96341104448,-0.49));
#4618 = CARTESIAN_POINT('',(116.03606735347,-50.96341104448,4.51));
#4619 = CARTESIAN_POINT('',(122.73531606156,-47.69104618649,-0.49));
#4620 = CARTESIAN_POINT('',(122.73531606156,-47.69104618649,4.51));
#4621 = CARTESIAN_POINT('',(122.7818829866,-47.52382771115,-0.49));
#4622 = CARTESIAN_POINT('',(122.7818829866,-47.52382771115,4.51));
#4623 = CARTESIAN_POINT('',(118.36016321935,-42.63855742713,-0.49));
#4624 = CARTESIAN_POINT('',(118.36016321935,-42.63855742713,4.51));
#4625 = ADVANCED_FACE('',(#4626),#4662,.F.);
#4626 = FACE_BOUND('',#4627,.F.);
#4627 = EDGE_LOOP('',(#4628,#4638,#4647,#4655));
#4628 = ORIENTED_EDGE('',*,*,#4629,.F.);
#4629 = EDGE_CURVE('',#4630,#4632,#4634,.T.);
#4630 = VERTEX_POINT('',#4631);
#4631 = CARTESIAN_POINT('',(88.333129756832,-67.85440846066,-0.49));
#4632 = VERTEX_POINT('',#4633);
#4633 = CARTESIAN_POINT('',(88.333129756832,-67.85440846066,1.51));
#4634 = LINE('',#4635,#4636);
#4635 = CARTESIAN_POINT('',(88.333129756832,-67.85440846066,-0.49));
#4636 = VECTOR('',#4637,1.);
#4637 = DIRECTION('',(0.,0.,1.));
#4638 = ORIENTED_EDGE('',*,*,#4639,.T.);
#4639 = EDGE_CURVE('',#4630,#4640,#4642,.T.);
#4640 = VERTEX_POINT('',#4641);
#4641 = CARTESIAN_POINT('',(99.047698619747,-66.82994256914,-0.49));
#4642 = B_SPLINE_CURVE_WITH_KNOTS('',3,(#4643,#4644,#4645,#4646),
  .UNSPECIFIED.,.F.,.F.,(4,4),(-1.,0.),.PIECEWISE_BEZIER_KNOTS.);
#4643 = CARTESIAN_POINT('',(88.333129756832,-67.85440846066,-0.49));
#4644 = CARTESIAN_POINT('',(90.083613994503,-69.76999243995,-0.49));
#4645 = CARTESIAN_POINT('',(90.297396165117,-69.74882771115,-0.49));
#4646 = CARTESIAN_POINT('',(99.047698619747,-66.82994256914,-0.49));
#4647 = ORIENTED_EDGE('',*,*,#4648,.T.);
#4648 = EDGE_CURVE('',#4640,#4649,#4651,.T.);
#4649 = VERTEX_POINT('',#4650);
#4650 = CARTESIAN_POINT('',(99.047698619747,-66.82994256914,1.51));
#4651 = LINE('',#4652,#4653);
#4652 = CARTESIAN_POINT('',(99.047698619747,-66.82994256914,-0.49));
#4653 = VECTOR('',#4654,1.);
#4654 = DIRECTION('',(0.,0.,1.));
#4655 = ORIENTED_EDGE('',*,*,#4656,.T.);
#4656 = EDGE_CURVE('',#4649,#4632,#4657,.T.);
#4657 = B_SPLINE_CURVE_WITH_KNOTS('',3,(#4658,#4659,#4660,#4661),
  .UNSPECIFIED.,.F.,.F.,(4,4),(0.,2.772823701208),
  .PIECEWISE_BEZIER_KNOTS.);
#4658 = CARTESIAN_POINT('',(99.047698619747,-66.82994256914,1.51));
#4659 = CARTESIAN_POINT('',(90.297396165117,-69.74882771115,1.51));
#4660 = CARTESIAN_POINT('',(90.083613994503,-69.76999243995,1.51));
#4661 = CARTESIAN_POINT('',(88.333129756832,-67.85440846066,1.51));
#4662 = B_SPLINE_SURFACE_WITH_KNOTS('',3,1,(
    (#4663,#4664)
    ,(#4665,#4666)
    ,(#4667,#4668)
    ,(#4669,#4670
    )),.UNSPECIFIED.,.F.,.F.,.F.,(4,4),(2,2),(-1.,0.),(0.,0.5),
  .PIECEWISE_BEZIER_KNOTS.);
#4663 = CARTESIAN_POINT('',(88.333129756832,-67.85440846066,-0.49));
#4664 = CARTESIAN_POINT('',(88.333129756832,-67.85440846066,4.51));
#4665 = CARTESIAN_POINT('',(90.083613994503,-69.76999243995,-0.49));
#4666 = CARTESIAN_POINT('',(90.083613994503,-69.76999243995,4.51));
#4667 = CARTESIAN_POINT('',(90.297396165117,-69.74882771115,-0.49));
#4668 = CARTESIAN_POINT('',(90.297396165117,-69.74882771115,4.51));
#4669 = CARTESIAN_POINT('',(99.047698619747,-66.82994256914,-0.49));
#4670 = CARTESIAN_POINT('',(99.047698619747,-66.82994256914,4.51));
#4671 = ADVANCED_FACE('',(#4672),#4699,.F.);
#4672 = FACE_BOUND('',#4673,.F.);
#4673 = EDGE_LOOP('',(#4674,#4684,#4691,#4692));
#4674 = ORIENTED_EDGE('',*,*,#4675,.F.);
#4675 = EDGE_CURVE('',#4676,#4678,#4680,.T.);
#4676 = VERTEX_POINT('',#4677);
#4677 = CARTESIAN_POINT('',(87.077947973792,-62.147876936,-0.49));
#4678 = VERTEX_POINT('',#4679);
#4679 = CARTESIAN_POINT('',(87.077947973792,-62.147876936,1.51));
#4680 = LINE('',#4681,#4682);
#4681 = CARTESIAN_POINT('',(87.077947973792,-62.147876936,-0.49));
#4682 = VECTOR('',#4683,1.);
#4683 = DIRECTION('',(0.,0.,1.));
#4684 = ORIENTED_EDGE('',*,*,#4685,.T.);
#4685 = EDGE_CURVE('',#4676,#4630,#4686,.T.);
#4686 = B_SPLINE_CURVE_WITH_KNOTS('',3,(#4687,#4688,#4689,#4690),
  .UNSPECIFIED.,.F.,.F.,(4,4),(-1.,0.),.PIECEWISE_BEZIER_KNOTS.);
#4687 = CARTESIAN_POINT('',(87.077947973792,-62.147876936,-0.49));
#4688 = CARTESIAN_POINT('',(86.55724655269,-65.82241039853,-0.49));
#4689 = CARTESIAN_POINT('',(86.582648748939,-65.93670897743,-0.49));
#4690 = CARTESIAN_POINT('',(88.333129756832,-67.85440846066,-0.49));
#4691 = ORIENTED_EDGE('',*,*,#4629,.T.);
#4692 = ORIENTED_EDGE('',*,*,#4693,.T.);
#4693 = EDGE_CURVE('',#4632,#4678,#4694,.T.);
#4694 = B_SPLINE_CURVE_WITH_KNOTS('',3,(#4695,#4696,#4697,#4698),
  .UNSPECIFIED.,.F.,.F.,(4,4),(0.,0.778387421858),
  .PIECEWISE_BEZIER_KNOTS.);
#4695 = CARTESIAN_POINT('',(88.333129756832,-67.85440846066,1.51));
#4696 = CARTESIAN_POINT('',(86.582648748939,-65.93670897743,1.51));
#4697 = CARTESIAN_POINT('',(86.55724655269,-65.82241039853,1.51));
#4698 = CARTESIAN_POINT('',(87.077947973792,-62.147876936,1.51));
#4699 = B_SPLINE_SURFACE_WITH_KNOTS('',3,1,(
    (#4700,#4701)
    ,(#4702,#4703)
    ,(#4704,#4705)
    ,(#4706,#4707
    )),.UNSPECIFIED.,.F.,.F.,.F.,(4,4),(2,2),(-1.,0.),(0.,0.5),
  .PIECEWISE_BEZIER_KNOTS.);
#4700 = CARTESIAN_POINT('',(87.077947973792,-62.147876936,-0.49));
#4701 = CARTESIAN_POINT('',(87.077947973792,-62.147876936,4.51));
#4702 = CARTESIAN_POINT('',(86.55724655269,-65.82241039853,-0.49));
#4703 = CARTESIAN_POINT('',(86.55724655269,-65.82241039853,4.51));
#4704 = CARTESIAN_POINT('',(86.582648748939,-65.93670897743,-0.49));
#4705 = CARTESIAN_POINT('',(86.582648748939,-65.93670897743,4.51));
#4706 = CARTESIAN_POINT('',(88.333129756832,-67.85440846066,-0.49));
#4707 = CARTESIAN_POINT('',(88.333129756832,-67.85440846066,4.51));
#4708 = ADVANCED_FACE('',(#4709),#4736,.F.);
#4709 = FACE_BOUND('',#4710,.F.);
#4710 = EDGE_LOOP('',(#4711,#4721,#4728,#4729));
#4711 = ORIENTED_EDGE('',*,*,#4712,.F.);
#4712 = EDGE_CURVE('',#4713,#4715,#4717,.T.);
#4713 = VERTEX_POINT('',#4714);
#4714 = CARTESIAN_POINT('',(97.288749136512,-57.29859282752,-0.49));
#4715 = VERTEX_POINT('',#4716);
#4716 = CARTESIAN_POINT('',(97.288749136512,-57.29859282752,1.51));
#4717 = LINE('',#4718,#4719);
#4718 = CARTESIAN_POINT('',(97.288749136512,-57.29859282752,-0.49));
#4719 = VECTOR('',#4720,1.);
#4720 = DIRECTION('',(0.,0.,1.));
#4721 = ORIENTED_EDGE('',*,*,#4722,.T.);
#4722 = EDGE_CURVE('',#4713,#4676,#4723,.T.);
#4723 = B_SPLINE_CURVE_WITH_KNOTS('',3,(#4724,#4725,#4726,#4727),
  .UNSPECIFIED.,.F.,.F.,(4,4),(-1.,0.),.PIECEWISE_BEZIER_KNOTS.);
#4724 = CARTESIAN_POINT('',(97.288749136512,-57.29859282752,-0.49));
#4725 = CARTESIAN_POINT('',(87.803963090166,-58.37597538571,-0.49));
#4726 = CARTESIAN_POINT('',(87.600764898841,-58.47122796953,-0.49));
#4727 = CARTESIAN_POINT('',(87.077947973792,-62.147876936,-0.49));
#4728 = ORIENTED_EDGE('',*,*,#4675,.T.);
#4729 = ORIENTED_EDGE('',*,*,#4730,.T.);
#4730 = EDGE_CURVE('',#4678,#4715,#4731,.T.);
#4731 = B_SPLINE_CURVE_WITH_KNOTS('',3,(#4732,#4733,#4734,#4735),
  .UNSPECIFIED.,.F.,.F.,(4,4),(0.,1.094175355217),
  .PIECEWISE_BEZIER_KNOTS.);
#4732 = CARTESIAN_POINT('',(87.077947973792,-62.147876936,1.51));
#4733 = CARTESIAN_POINT('',(87.600764898841,-58.47122796953,1.51));
#4734 = CARTESIAN_POINT('',(87.803963090166,-58.37597538571,1.51));
#4735 = CARTESIAN_POINT('',(97.288749136512,-57.29859282752,1.51));
#4736 = B_SPLINE_SURFACE_WITH_KNOTS('',3,1,(
    (#4737,#4738)
    ,(#4739,#4740)
    ,(#4741,#4742)
    ,(#4743,#4744
    )),.UNSPECIFIED.,.F.,.F.,.F.,(4,4),(2,2),(-1.,0.),(0.,0.5),
  .PIECEWISE_BEZIER_KNOTS.);
#4737 = CARTESIAN_POINT('',(97.288749136512,-57.29859282752,-0.49));
#4738 = CARTESIAN_POINT('',(97.288749136512,-57.29859282752,4.51));
#4739 = CARTESIAN_POINT('',(87.803963090166,-58.37597538571,-0.49));
#4740 = CARTESIAN_POINT('',(87.803963090166,-58.37597538571,4.51));
#4741 = CARTESIAN_POINT('',(87.600764898841,-58.47122796953,-0.49));
#4742 = CARTESIAN_POINT('',(87.600764898841,-58.47122796953,4.51));
#4743 = CARTESIAN_POINT('',(87.077947973792,-62.147876936,-0.49));
#4744 = CARTESIAN_POINT('',(87.077947973792,-62.147876936,4.51));
#4745 = ADVANCED_FACE('',(#4746),#4773,.F.);
#4746 = FACE_BOUND('',#4747,.F.);
#4747 = EDGE_LOOP('',(#4748,#4758,#4765,#4766));
#4748 = ORIENTED_EDGE('',*,*,#4749,.F.);
#4749 = EDGE_CURVE('',#4750,#4752,#4754,.T.);
#4750 = VERTEX_POINT('',#4751);
#4751 = CARTESIAN_POINT('',(107.47202936925,-60.02697926144,-0.49));
#4752 = VERTEX_POINT('',#4753);
#4753 = CARTESIAN_POINT('',(107.47202936925,-60.02697926144,1.51));
#4754 = LINE('',#4755,#4756);
#4755 = CARTESIAN_POINT('',(107.47202936925,-60.02697926144,-0.49));
#4756 = VECTOR('',#4757,1.);
#4757 = DIRECTION('',(0.,0.,1.));
#4758 = ORIENTED_EDGE('',*,*,#4759,.T.);
#4759 = EDGE_CURVE('',#4750,#4713,#4760,.T.);
#4760 = B_SPLINE_CURVE_WITH_KNOTS('',3,(#4761,#4762,#4763,#4764),
  .UNSPECIFIED.,.F.,.F.,(4,4),(-1.,0.),.PIECEWISE_BEZIER_KNOTS.);
#4761 = CARTESIAN_POINT('',(107.47202936925,-60.02697926144,-0.49));
#4762 = CARTESIAN_POINT('',(106.97461141068,-56.27624566973,-0.49));
#4763 = CARTESIAN_POINT('',(106.77141321935,-56.22332900306,-0.49));
#4764 = CARTESIAN_POINT('',(97.288749136512,-57.29859282752,-0.49));
#4765 = ORIENTED_EDGE('',*,*,#4712,.T.);
#4766 = ORIENTED_EDGE('',*,*,#4767,.T.);
#4767 = EDGE_CURVE('',#4715,#4752,#4768,.T.);
#4768 = B_SPLINE_CURVE_WITH_KNOTS('',3,(#4769,#4770,#4771,#4772),
  .UNSPECIFIED.,.F.,.F.,(4,4),(0.,2.907981144856),
  .PIECEWISE_BEZIER_KNOTS.);
#4769 = CARTESIAN_POINT('',(97.288749136512,-57.29859282752,1.51));
#4770 = CARTESIAN_POINT('',(106.77141321935,-56.22332900306,1.51));
#4771 = CARTESIAN_POINT('',(106.97461141068,-56.27624566973,1.51));
#4772 = CARTESIAN_POINT('',(107.47202936925,-60.02697926144,1.51));
#4773 = B_SPLINE_SURFACE_WITH_KNOTS('',3,1,(
    (#4774,#4775)
    ,(#4776,#4777)
    ,(#4778,#4779)
    ,(#4780,#4781
    )),.UNSPECIFIED.,.F.,.F.,.F.,(4,4),(2,2),(-1.,0.),(0.,0.5),
  .PIECEWISE_BEZIER_KNOTS.);
#4774 = CARTESIAN_POINT('',(107.47202936925,-60.02697926144,-0.49));
#4775 = CARTESIAN_POINT('',(107.47202936925,-60.02697926144,4.51));
#4776 = CARTESIAN_POINT('',(106.97461141068,-56.27624566973,-0.49));
#4777 = CARTESIAN_POINT('',(106.97461141068,-56.27624566973,4.51));
#4778 = CARTESIAN_POINT('',(106.77141321935,-56.22332900306,-0.49));
#4779 = CARTESIAN_POINT('',(106.77141321935,-56.22332900306,4.51));
#4780 = CARTESIAN_POINT('',(97.288749136512,-57.29859282752,-0.49));
#4781 = CARTESIAN_POINT('',(97.288749136512,-57.29859282752,4.51));
#4782 = ADVANCED_FACE('',(#4783),#4801,.F.);
#4783 = FACE_BOUND('',#4784,.F.);
#4784 = EDGE_LOOP('',(#4785,#4786,#4793,#4794));
#4785 = ORIENTED_EDGE('',*,*,#4648,.F.);
#4786 = ORIENTED_EDGE('',*,*,#4787,.T.);
#4787 = EDGE_CURVE('',#4640,#4750,#4788,.T.);
#4788 = B_SPLINE_CURVE_WITH_KNOTS('',3,(#4789,#4790,#4791,#4792),
  .UNSPECIFIED.,.F.,.F.,(4,4),(-1.,0.),.PIECEWISE_BEZIER_KNOTS.);
#4789 = CARTESIAN_POINT('',(99.047698619747,-66.82994256914,-0.49));
#4790 = CARTESIAN_POINT('',(107.7979978446,-63.91317616086,-0.49));
#4791 = CARTESIAN_POINT('',(107.96732859411,-63.77559411944,-0.49));
#4792 = CARTESIAN_POINT('',(107.47202936925,-60.02697926144,-0.49));
#4793 = ORIENTED_EDGE('',*,*,#4749,.T.);
#4794 = ORIENTED_EDGE('',*,*,#4795,.T.);
#4795 = EDGE_CURVE('',#4752,#4649,#4796,.T.);
#4796 = B_SPLINE_CURVE_WITH_KNOTS('',3,(#4797,#4798,#4799,#4800),
  .UNSPECIFIED.,.F.,.F.,(4,4),(0.,1.188652999007),
  .PIECEWISE_BEZIER_KNOTS.);
#4797 = CARTESIAN_POINT('',(107.47202936925,-60.02697926144,1.51));
#4798 = CARTESIAN_POINT('',(107.96732859411,-63.77559411944,1.51));
#4799 = CARTESIAN_POINT('',(107.7979978446,-63.91317616086,1.51));
#4800 = CARTESIAN_POINT('',(99.047698619747,-66.82994256914,1.51));
#4801 = B_SPLINE_SURFACE_WITH_KNOTS('',3,1,(
    (#4802,#4803)
    ,(#4804,#4805)
    ,(#4806,#4807)
    ,(#4808,#4809
    )),.UNSPECIFIED.,.F.,.F.,.F.,(4,4),(2,2),(-1.,0.),(0.,0.5),
  .PIECEWISE_BEZIER_KNOTS.);
#4802 = CARTESIAN_POINT('',(99.047698619747,-66.82994256914,-0.49));
#4803 = CARTESIAN_POINT('',(99.047698619747,-66.82994256914,4.51));
#4804 = CARTESIAN_POINT('',(107.7979978446,-63.91317616086,-0.49));
#4805 = CARTESIAN_POINT('',(107.7979978446,-63.91317616086,4.51));
#4806 = CARTESIAN_POINT('',(107.96732859411,-63.77559411944,-0.49));
#4807 = CARTESIAN_POINT('',(107.96732859411,-63.77559411944,4.51));
#4808 = CARTESIAN_POINT('',(107.47202936925,-60.02697926144,-0.49));
#4809 = CARTESIAN_POINT('',(107.47202936925,-60.02697926144,4.51));
#4810 = ADVANCED_FACE('',(#4811),#4847,.F.);
#4811 = FACE_BOUND('',#4812,.F.);
#4812 = EDGE_LOOP('',(#4813,#4823,#4832,#4840));
#4813 = ORIENTED_EDGE('',*,*,#4814,.F.);
#4814 = EDGE_CURVE('',#4815,#4817,#4819,.T.);
#4815 = VERTEX_POINT('',#4816);
#4816 = CARTESIAN_POINT('',(153.63229965327,-76.39727525652,-0.49));
#4817 = VERTEX_POINT('',#4818);
#4818 = CARTESIAN_POINT('',(153.63229965327,-76.39727525652,1.51));
#4819 = LINE('',#4820,#4821);
#4820 = CARTESIAN_POINT('',(153.63229965327,-76.39727525652,-0.49));
#4821 = VECTOR('',#4822,1.);
#4822 = DIRECTION('',(0.,0.,1.));
#4823 = ORIENTED_EDGE('',*,*,#4824,.T.);
#4824 = EDGE_CURVE('',#4815,#4825,#4827,.T.);
#4825 = VERTEX_POINT('',#4826);
#4826 = CARTESIAN_POINT('',(157.6687845369,-67.87981065691,-0.49));
#4827 = B_SPLINE_CURVE_WITH_KNOTS('',3,(#4828,#4829,#4830,#4831),
  .UNSPECIFIED.,.F.,.F.,(4,4),(-1.,0.),.PIECEWISE_BEZIER_KNOTS.);
#4828 = CARTESIAN_POINT('',(153.63229965327,-76.39727525652,-0.49));
#4829 = CARTESIAN_POINT('',(157.17136011877,-79.83050884824,-0.49));
#4830 = CARTESIAN_POINT('',(157.25179448563,-79.659059365,-0.49));
#4831 = CARTESIAN_POINT('',(157.6687845369,-67.87981065691,-0.49));
#4832 = ORIENTED_EDGE('',*,*,#4833,.T.);
#4833 = EDGE_CURVE('',#4825,#4834,#4836,.T.);
#4834 = VERTEX_POINT('',#4835);
#4835 = CARTESIAN_POINT('',(157.6687845369,-67.87981065691,1.51));
#4836 = LINE('',#4837,#4838);
#4837 = CARTESIAN_POINT('',(157.6687845369,-67.87981065691,-0.49));
#4838 = VECTOR('',#4839,1.);
#4839 = DIRECTION('',(0.,0.,1.));
#4840 = ORIENTED_EDGE('',*,*,#4841,.T.);
#4841 = EDGE_CURVE('',#4834,#4817,#4842,.T.);
#4842 = B_SPLINE_CURVE_WITH_KNOTS('',3,(#4843,#4844,#4845,#4846),
  .UNSPECIFIED.,.F.,.F.,(4,4),(0.,3.531113928087),
  .PIECEWISE_BEZIER_KNOTS.);
#4843 = CARTESIAN_POINT('',(157.6687845369,-67.87981065691,1.51));
#4844 = CARTESIAN_POINT('',(157.25179448563,-79.659059365,1.51));
#4845 = CARTESIAN_POINT('',(157.17136011877,-79.83050884824,1.51));
#4846 = CARTESIAN_POINT('',(153.63229965327,-76.39727525652,1.51));
#4847 = B_SPLINE_SURFACE_WITH_KNOTS('',3,1,(
    (#4848,#4849)
    ,(#4850,#4851)
    ,(#4852,#4853)
    ,(#4854,#4855
    )),.UNSPECIFIED.,.F.,.F.,.F.,(4,4),(2,2),(-1.,0.),(0.,0.5),
  .PIECEWISE_BEZIER_KNOTS.);
#4848 = CARTESIAN_POINT('',(153.63229965327,-76.39727525652,-0.49));
#4849 = CARTESIAN_POINT('',(153.63229965327,-76.39727525652,4.51));
#4850 = CARTESIAN_POINT('',(157.17136011877,-79.83050884824,-0.49));
#4851 = CARTESIAN_POINT('',(157.17136011877,-79.83050884824,4.51));
#4852 = CARTESIAN_POINT('',(157.25179448563,-79.659059365,-0.49));
#4853 = CARTESIAN_POINT('',(157.25179448563,-79.659059365,4.51));
#4854 = CARTESIAN_POINT('',(157.6687845369,-67.87981065691,-0.49));
#4855 = CARTESIAN_POINT('',(157.6687845369,-67.87981065691,4.51));
#4856 = ADVANCED_FACE('',(#4857),#4884,.F.);
#4857 = FACE_BOUND('',#4858,.F.);
#4858 = EDGE_LOOP('',(#4859,#4869,#4876,#4877));
#4859 = ORIENTED_EDGE('',*,*,#4860,.F.);
#4860 = EDGE_CURVE('',#4861,#4863,#4865,.T.);
#4861 = VERTEX_POINT('',#4862);
#4862 = CARTESIAN_POINT('',(152.14427678543,-63.62742809872,-0.49));
#4863 = VERTEX_POINT('',#4864);
#4864 = CARTESIAN_POINT('',(152.14427678543,-63.62742809872,1.51));
#4865 = LINE('',#4866,#4867);
#4866 = CARTESIAN_POINT('',(152.14427678543,-63.62742809872,-0.49));
#4867 = VECTOR('',#4868,1.);
#4868 = DIRECTION('',(0.,0.,1.));
#4869 = ORIENTED_EDGE('',*,*,#4870,.T.);
#4870 = EDGE_CURVE('',#4861,#4815,#4871,.T.);
#4871 = B_SPLINE_CURVE_WITH_KNOTS('',3,(#4872,#4873,#4874,#4875),
  .UNSPECIFIED.,.F.,.F.,(4,4),(-1.,0.),.PIECEWISE_BEZIER_KNOTS.);
#4872 = CARTESIAN_POINT('',(152.14427678543,-63.62742809872,-0.49));
#4873 = CARTESIAN_POINT('',(150.06148402013,-72.71004231076,-0.49));
#4874 = CARTESIAN_POINT('',(150.09112045405,-72.96616039853,-0.49));
#4875 = CARTESIAN_POINT('',(153.63229965327,-76.39727525652,-0.49));
#4876 = ORIENTED_EDGE('',*,*,#4814,.T.);
#4877 = ORIENTED_EDGE('',*,*,#4878,.T.);
#4878 = EDGE_CURVE('',#4817,#4863,#4879,.T.);
#4879 = B_SPLINE_CURVE_WITH_KNOTS('',3,(#4880,#4881,#4882,#4883),
  .UNSPECIFIED.,.F.,.F.,(4,4),(0.,1.622037822054),
  .PIECEWISE_BEZIER_KNOTS.);
#4880 = CARTESIAN_POINT('',(153.63229965327,-76.39727525652,1.51));
#4881 = CARTESIAN_POINT('',(150.09112045405,-72.96616039853,1.51));
#4882 = CARTESIAN_POINT('',(150.06148402013,-72.71004231076,1.51));
#4883 = CARTESIAN_POINT('',(152.14427678543,-63.62742809872,1.51));
#4884 = B_SPLINE_SURFACE_WITH_KNOTS('',3,1,(
    (#4885,#4886)
    ,(#4887,#4888)
    ,(#4889,#4890)
    ,(#4891,#4892
    )),.UNSPECIFIED.,.F.,.F.,.F.,(4,4),(2,2),(-1.,0.),(0.,0.5),
  .PIECEWISE_BEZIER_KNOTS.);
#4885 = CARTESIAN_POINT('',(152.14427678543,-63.62742809872,-0.49));
#4886 = CARTESIAN_POINT('',(152.14427678543,-63.62742809872,4.51));
#4887 = CARTESIAN_POINT('',(150.06148402013,-72.71004231076,-0.49));
#4888 = CARTESIAN_POINT('',(150.06148402013,-72.71004231076,4.51));
#4889 = CARTESIAN_POINT('',(150.09112045405,-72.96616039853,-0.49));
#4890 = CARTESIAN_POINT('',(150.09112045405,-72.96616039853,4.51));
#4891 = CARTESIAN_POINT('',(153.63229965327,-76.39727525652,-0.49));
#4892 = CARTESIAN_POINT('',(153.63229965327,-76.39727525652,4.51));
#4893 = ADVANCED_FACE('',(#4894),#4921,.F.);
#4894 = FACE_BOUND('',#4895,.F.);
#4895 = EDGE_LOOP('',(#4896,#4906,#4913,#4914));
#4896 = ORIENTED_EDGE('',*,*,#4897,.F.);
#4897 = EDGE_CURVE('',#4898,#4900,#4902,.T.);
#4898 = VERTEX_POINT('',#4899);
#4899 = CARTESIAN_POINT('',(156.18076166906,-55.10996026934,-0.49));
#4900 = VERTEX_POINT('',#4901);
#4901 = CARTESIAN_POINT('',(156.18076166906,-55.10996026934,1.51));
#4902 = LINE('',#4903,#4904);
#4903 = CARTESIAN_POINT('',(156.18076166906,-55.10996026934,-0.49));
#4904 = VECTOR('',#4905,1.);
#4905 = DIRECTION('',(0.,0.,1.));
#4906 = ORIENTED_EDGE('',*,*,#4907,.T.);
#4907 = EDGE_CURVE('',#4898,#4861,#4908,.T.);
#4908 = B_SPLINE_CURVE_WITH_KNOTS('',3,(#4909,#4910,#4911,#4912),
  .UNSPECIFIED.,.F.,.F.,(4,4),(-1.,0.),.PIECEWISE_BEZIER_KNOTS.);
#4909 = CARTESIAN_POINT('',(156.18076166906,-55.10996026934,-0.49));
#4910 = CARTESIAN_POINT('',(154.30539810298,-54.37547667762,-0.49));
#4911 = CARTESIAN_POINT('',(154.22496373612,-54.54480742713,-0.49));
#4912 = CARTESIAN_POINT('',(152.14427678543,-63.62742809872,-0.49));
#4913 = ORIENTED_EDGE('',*,*,#4860,.T.);
#4914 = ORIENTED_EDGE('',*,*,#4915,.T.);
#4915 = EDGE_CURVE('',#4863,#4900,#4916,.T.);
#4916 = B_SPLINE_CURVE_WITH_KNOTS('',3,(#4917,#4918,#4919,#4920),
  .UNSPECIFIED.,.F.,.F.,(4,4),(0.,2.820467323126),
  .PIECEWISE_BEZIER_KNOTS.);
#4917 = CARTESIAN_POINT('',(152.14427678543,-63.62742809872,1.51));
#4918 = CARTESIAN_POINT('',(154.22496373612,-54.54480742713,1.51));
#4919 = CARTESIAN_POINT('',(154.30539810298,-54.37547667762,1.51));
#4920 = CARTESIAN_POINT('',(156.18076166906,-55.10996026934,1.51));
#4921 = B_SPLINE_SURFACE_WITH_KNOTS('',3,1,(
    (#4922,#4923)
    ,(#4924,#4925)
    ,(#4926,#4927)
    ,(#4928,#4929
    )),.UNSPECIFIED.,.F.,.F.,.F.,(4,4),(2,2),(-1.,0.),(0.,0.5),
  .PIECEWISE_BEZIER_KNOTS.);
#4922 = CARTESIAN_POINT('',(156.18076166906,-55.10996026934,-0.49));
#4923 = CARTESIAN_POINT('',(156.18076166906,-55.10996026934,4.51));
#4924 = CARTESIAN_POINT('',(154.30539810298,-54.37547667762,-0.49));
#4925 = CARTESIAN_POINT('',(154.30539810298,-54.37547667762,4.51));
#4926 = CARTESIAN_POINT('',(154.22496373612,-54.54480742713,-0.49));
#4927 = CARTESIAN_POINT('',(154.22496373612,-54.54480742713,4.51));
#4928 = CARTESIAN_POINT('',(152.14427678543,-63.62742809872,-0.49));
#4929 = CARTESIAN_POINT('',(152.14427678543,-63.62742809872,4.51));
#4930 = ADVANCED_FACE('',(#4931),#4949,.F.);
#4931 = FACE_BOUND('',#4932,.F.);
#4932 = EDGE_LOOP('',(#4933,#4934,#4941,#4942));
#4933 = ORIENTED_EDGE('',*,*,#4833,.F.);
#4934 = ORIENTED_EDGE('',*,*,#4935,.T.);
#4935 = EDGE_CURVE('',#4825,#4898,#4936,.T.);
#4936 = B_SPLINE_CURVE_WITH_KNOTS('',3,(#4937,#4938,#4939,#4940),
  .UNSPECIFIED.,.F.,.F.,(4,4),(-1.,0.),.PIECEWISE_BEZIER_KNOTS.);
#4937 = CARTESIAN_POINT('',(157.6687845369,-67.87981065691,-0.49));
#4938 = CARTESIAN_POINT('',(158.08576166906,-56.10267745277,-0.49));
#4939 = CARTESIAN_POINT('',(158.05612523514,-55.84656259478,-0.49));
#4940 = CARTESIAN_POINT('',(156.18076166906,-55.10996026934,-0.49));
#4941 = ORIENTED_EDGE('',*,*,#4897,.T.);
#4942 = ORIENTED_EDGE('',*,*,#4943,.T.);
#4943 = EDGE_CURVE('',#4900,#4834,#4944,.T.);
#4944 = B_SPLINE_CURVE_WITH_KNOTS('',3,(#4945,#4946,#4947,#4948),
  .UNSPECIFIED.,.F.,.F.,(4,4),(0.,0.609219399863),
  .PIECEWISE_BEZIER_KNOTS.);
#4945 = CARTESIAN_POINT('',(156.18076166906,-55.10996026934,1.51));
#4946 = CARTESIAN_POINT('',(158.05612523514,-55.84656259478,1.51));
#4947 = CARTESIAN_POINT('',(158.08576166906,-56.10267745277,1.51));
#4948 = CARTESIAN_POINT('',(157.6687845369,-67.87981065691,1.51));
#4949 = B_SPLINE_SURFACE_WITH_KNOTS('',3,1,(
    (#4950,#4951)
    ,(#4952,#4953)
    ,(#4954,#4955)
    ,(#4956,#4957
    )),.UNSPECIFIED.,.F.,.F.,.F.,(4,4),(2,2),(-1.,0.),(0.,0.5),
  .PIECEWISE_BEZIER_KNOTS.);
#4950 = CARTESIAN_POINT('',(157.6687845369,-67.87981065691,-0.49));
#4951 = CARTESIAN_POINT('',(157.6687845369,-67.87981065691,4.51));
#4952 = CARTESIAN_POINT('',(158.08576166906,-56.10267745277,-0.49));
#4953 = CARTESIAN_POINT('',(158.08576166906,-56.10267745277,4.51));
#4954 = CARTESIAN_POINT('',(158.05612523514,-55.84656259478,-0.49));
#4955 = CARTESIAN_POINT('',(158.05612523514,-55.84656259478,4.51));
#4956 = CARTESIAN_POINT('',(156.18076166906,-55.10996026934,-0.49));
#4957 = CARTESIAN_POINT('',(156.18076166906,-55.10996026934,4.51));
#4958 = ADVANCED_FACE('',(#4959),#4995,.F.);
#4959 = FACE_BOUND('',#4960,.F.);
#4960 = EDGE_LOOP('',(#4961,#4971,#4980,#4988));
#4961 = ORIENTED_EDGE('',*,*,#4962,.F.);
#4962 = EDGE_CURVE('',#4963,#4965,#4967,.T.);
#4963 = VERTEX_POINT('',#4964);
#4964 = CARTESIAN_POINT('',(120.58478195308,-102.7222607861,-0.49));
#4965 = VERTEX_POINT('',#4966);
#4966 = CARTESIAN_POINT('',(120.58478195308,-102.7222607861,1.51));
#4967 = LINE('',#4968,#4969);
#4968 = CARTESIAN_POINT('',(120.58478195308,-102.7222607861,-0.49));
#4969 = VECTOR('',#4970,1.);
#4970 = DIRECTION('',(0.,0.,1.));
#4971 = ORIENTED_EDGE('',*,*,#4972,.T.);
#4972 = EDGE_CURVE('',#4963,#4973,#4975,.T.);
#4973 = VERTEX_POINT('',#4974);
#4974 = CARTESIAN_POINT('',(124.34398402013,-104.8452763869,-0.49));
#4975 = B_SPLINE_CURVE_WITH_KNOTS('',3,(#4976,#4977,#4978,#4979),
  .UNSPECIFIED.,.F.,.F.,(4,4),(-1.,0.),.PIECEWISE_BEZIER_KNOTS.);
#4976 = CARTESIAN_POINT('',(120.58478195308,-102.7222607861,-0.49));
#4977 = CARTESIAN_POINT('',(122.42839681107,-105.5374264838,-0.49));
#4978 = CARTESIAN_POINT('',(122.50460017004,-105.5797599786,-0.49));
#4979 = CARTESIAN_POINT('',(124.34398402013,-104.8452763869,-0.49));
#4980 = ORIENTED_EDGE('',*,*,#4981,.T.);
#4981 = EDGE_CURVE('',#4973,#4982,#4984,.T.);
#4982 = VERTEX_POINT('',#4983);
#4983 = CARTESIAN_POINT('',(124.34398402013,-104.8452763869,1.51));
#4984 = LINE('',#4985,#4986);
#4985 = CARTESIAN_POINT('',(124.34398402013,-104.8452763869,-0.49));
#4986 = VECTOR('',#4987,1.);
#4987 = DIRECTION('',(0.,0.,1.));
#4988 = ORIENTED_EDGE('',*,*,#4989,.T.);
#4989 = EDGE_CURVE('',#4982,#4965,#4990,.T.);
#4990 = B_SPLINE_CURVE_WITH_KNOTS('',3,(#4991,#4992,#4993,#4994),
  .UNSPECIFIED.,.F.,.F.,(4,4),(0.,0.595600278886),
  .PIECEWISE_BEZIER_KNOTS.);
#4991 = CARTESIAN_POINT('',(124.34398402013,-104.8452763869,1.51));
#4992 = CARTESIAN_POINT('',(122.50460017004,-105.5797599786,1.51));
#4993 = CARTESIAN_POINT('',(122.42839681107,-105.5374264838,1.51));
#4994 = CARTESIAN_POINT('',(120.58478195308,-102.7222607861,1.51));
#4995 = B_SPLINE_SURFACE_WITH_KNOTS('',3,1,(
    (#4996,#4997)
    ,(#4998,#4999)
    ,(#5000,#5001)
    ,(#5002,#5003
    )),.UNSPECIFIED.,.F.,.F.,.F.,(4,4),(2,2),(-1.,0.),(0.,0.5),
  .PIECEWISE_BEZIER_KNOTS.);
#4996 = CARTESIAN_POINT('',(120.58478195308,-102.7222607861,-0.49));
#4997 = CARTESIAN_POINT('',(120.58478195308,-102.7222607861,4.51));
#4998 = CARTESIAN_POINT('',(122.42839681107,-105.5374264838,-0.49));
#4999 = CARTESIAN_POINT('',(122.42839681107,-105.5374264838,4.51));
#5000 = CARTESIAN_POINT('',(122.50460017004,-105.5797599786,-0.49));
#5001 = CARTESIAN_POINT('',(122.50460017004,-105.5797599786,4.51));
#5002 = CARTESIAN_POINT('',(124.34398402013,-104.8452763869,-0.49));
#5003 = CARTESIAN_POINT('',(124.34398402013,-104.8452763869,4.51));
#5004 = ADVANCED_FACE('',(#5005),#5032,.F.);
#5005 = FACE_BOUND('',#5006,.F.);
#5006 = EDGE_LOOP('',(#5007,#5017,#5024,#5025));
#5007 = ORIENTED_EDGE('',*,*,#5008,.F.);
#5008 = EDGE_CURVE('',#5009,#5011,#5013,.T.);
#5009 = VERTEX_POINT('',#5010);
#5010 = CARTESIAN_POINT('',(117.59816192744,-95.61660923581,-0.49));
#5011 = VERTEX_POINT('',#5012);
#5012 = CARTESIAN_POINT('',(117.59816192744,-95.61660923581,1.51));
#5013 = LINE('',#5014,#5015);
#5014 = CARTESIAN_POINT('',(117.59816192744,-95.61660923581,-0.49));
#5015 = VECTOR('',#5016,1.);
#5016 = DIRECTION('',(0.,0.,1.));
#5017 = ORIENTED_EDGE('',*,*,#5018,.T.);
#5018 = EDGE_CURVE('',#5009,#4963,#5019,.T.);
#5019 = B_SPLINE_CURVE_WITH_KNOTS('',3,(#5020,#5021,#5022,#5023),
  .UNSPECIFIED.,.F.,.F.,(4,4),(-1.,0.),.PIECEWISE_BEZIER_KNOTS.);
#5020 = CARTESIAN_POINT('',(117.59816192744,-95.61660923581,-0.49));
#5021 = CARTESIAN_POINT('',(118.67978195308,-99.76527719439,-0.49));
#5022 = CARTESIAN_POINT('',(118.73904836136,-99.90709347348,-0.49));
#5023 = CARTESIAN_POINT('',(120.58478195308,-102.7222607861,-0.49));
#5024 = ORIENTED_EDGE('',*,*,#4962,.T.);
#5025 = ORIENTED_EDGE('',*,*,#5026,.T.);
#5026 = EDGE_CURVE('',#4965,#5011,#5027,.T.);
#5027 = B_SPLINE_CURVE_WITH_KNOTS('',3,(#5028,#5029,#5030,#5031),
  .UNSPECIFIED.,.F.,.F.,(4,4),(0.,1.010034780278),
  .PIECEWISE_BEZIER_KNOTS.);
#5028 = CARTESIAN_POINT('',(120.58478195308,-102.7222607861,1.51));
#5029 = CARTESIAN_POINT('',(118.73904836136,-99.90709347348,1.51));
#5030 = CARTESIAN_POINT('',(118.67978195308,-99.76527719439,1.51));
#5031 = CARTESIAN_POINT('',(117.59816192744,-95.61660923581,1.51));
#5032 = B_SPLINE_SURFACE_WITH_KNOTS('',3,1,(
    (#5033,#5034)
    ,(#5035,#5036)
    ,(#5037,#5038)
    ,(#5039,#5040
    )),.UNSPECIFIED.,.F.,.F.,.F.,(4,4),(2,2),(-1.,0.),(0.,0.5),
  .PIECEWISE_BEZIER_KNOTS.);
#5033 = CARTESIAN_POINT('',(117.59816192744,-95.61660923581,-0.49));
#5034 = CARTESIAN_POINT('',(117.59816192744,-95.61660923581,4.51));
#5035 = CARTESIAN_POINT('',(118.67978195308,-99.76527719439,-0.49));
#5036 = CARTESIAN_POINT('',(118.67978195308,-99.76527719439,4.51));
#5037 = CARTESIAN_POINT('',(118.73904836136,-99.90709347348,-0.49));
#5038 = CARTESIAN_POINT('',(118.73904836136,-99.90709347348,4.51));
#5039 = CARTESIAN_POINT('',(120.58478195308,-102.7222607861,-0.49));
#5040 = CARTESIAN_POINT('',(120.58478195308,-102.7222607861,4.51));
#5041 = ADVANCED_FACE('',(#5042),#5073,.F.);
#5042 = FACE_BOUND('',#5043,.F.);
#5043 = EDGE_LOOP('',(#5044,#5054,#5061,#5062));
#5044 = ORIENTED_EDGE('',*,*,#5045,.F.);
#5045 = EDGE_CURVE('',#5046,#5048,#5050,.T.);
#5046 = VERTEX_POINT('',#5047);
#5047 = CARTESIAN_POINT('',(119.43331476965,-85.53069386105,-0.49));
#5048 = VERTEX_POINT('',#5049);
#5049 = CARTESIAN_POINT('',(119.43331476965,-85.53069386105,1.51));
#5050 = LINE('',#5051,#5052);
#5051 = CARTESIAN_POINT('',(119.43331476965,-85.53069386105,-0.49));
#5052 = VECTOR('',#5053,1.);
#5053 = DIRECTION('',(0.,0.,1.));
#5054 = ORIENTED_EDGE('',*,*,#5055,.T.);
#5055 = EDGE_CURVE('',#5046,#5009,#5056,.T.);
#5056 = B_SPLINE_CURVE_WITH_KNOTS('',3,(#5057,#5058,#5059,#5060),
  .UNSPECIFIED.,.F.,.F.,(4,4),(-1.,0.),.PIECEWISE_BEZIER_KNOTS.);
#5057 = CARTESIAN_POINT('',(119.43331476965,-85.53069386105,-0.49));
#5058 = CARTESIAN_POINT('',(116.55464681107,-91.26474308591,-0.49));
#5059 = CARTESIAN_POINT('',(116.51866709508,-91.46582738817,-0.49));
#5060 = CARTESIAN_POINT('',(117.59816192744,-95.61660923581,-0.49));
#5061 = ORIENTED_EDGE('',*,*,#5008,.T.);
#5062 = ORIENTED_EDGE('',*,*,#5063,.T.);
#5063 = EDGE_CURVE('',#5011,#5048,#5064,.T.);
#5064 = B_SPLINE_CURVE_WITH_KNOTS('',3,(#5065,#5066,#5067,#5068,#5069,
    #5070,#5071,#5072),.UNSPECIFIED.,.F.,.F.,(4,2,2,4),(0.,
    0.586518929207,0.930838176512,1.286736618404),.UNSPECIFIED.);
#5065 = CARTESIAN_POINT('',(117.59816192744,-95.61660923581,1.51));
#5066 = CARTESIAN_POINT('',(117.10607738314,-93.7244875389,1.51));
#5067 = CARTESIAN_POINT('',(116.84578710598,-92.65313090493,1.51));
#5068 = CARTESIAN_POINT('',(117.06019960238,-90.82978022563,1.51));
#5069 = CARTESIAN_POINT('',(117.27577036408,-90.12860340118,1.51));
#5070 = CARTESIAN_POINT('',(118.05883749107,-88.27835096573,1.51));
#5071 = CARTESIAN_POINT('',(118.63748493658,-87.11591574251,1.51));
#5072 = CARTESIAN_POINT('',(119.43331476965,-85.53069386105,1.51));
#5073 = B_SPLINE_SURFACE_WITH_KNOTS('',3,1,(
    (#5074,#5075)
    ,(#5076,#5077)
    ,(#5078,#5079)
    ,(#5080,#5081
    )),.UNSPECIFIED.,.F.,.F.,.F.,(4,4),(2,2),(-1.,0.),(0.,0.5),
  .PIECEWISE_BEZIER_KNOTS.);
#5074 = CARTESIAN_POINT('',(119.43331476965,-85.53069386105,-0.49));
#5075 = CARTESIAN_POINT('',(119.43331476965,-85.53069386105,4.51));
#5076 = CARTESIAN_POINT('',(116.55464681107,-91.26474308591,-0.49));
#5077 = CARTESIAN_POINT('',(116.55464681107,-91.26474308591,4.51));
#5078 = CARTESIAN_POINT('',(116.51866709508,-91.46582738817,-0.49));
#5079 = CARTESIAN_POINT('',(116.51866709508,-91.46582738817,4.51));
#5080 = CARTESIAN_POINT('',(117.59816192744,-95.61660923581,-0.49));
#5081 = CARTESIAN_POINT('',(117.59816192744,-95.61660923581,4.51));
#5082 = ADVANCED_FACE('',(#5083),#5114,.F.);
#5083 = FACE_BOUND('',#5084,.F.);
#5084 = EDGE_LOOP('',(#5085,#5095,#5102,#5103));
#5085 = ORIENTED_EDGE('',*,*,#5086,.F.);
#5086 = EDGE_CURVE('',#5087,#5089,#5091,.T.);
#5087 = VERTEX_POINT('',#5088);
#5088 = CARTESIAN_POINT('',(125.63726425288,-79.62519192319,-0.49));
#5089 = VERTEX_POINT('',#5090);
#5090 = CARTESIAN_POINT('',(125.63726425288,-79.62519192319,1.51));
#5091 = LINE('',#5092,#5093);
#5092 = CARTESIAN_POINT('',(125.63726425288,-79.62519192319,-0.49));
#5093 = VECTOR('',#5094,1.);
#5094 = DIRECTION('',(0.,0.,1.));
#5095 = ORIENTED_EDGE('',*,*,#5096,.T.);
#5096 = EDGE_CURVE('',#5087,#5046,#5097,.T.);
#5097 = B_SPLINE_CURVE_WITH_KNOTS('',3,(#5098,#5099,#5100,#5101),
  .UNSPECIFIED.,.F.,.F.,(4,4),(-1.,0.),.PIECEWISE_BEZIER_KNOTS.);
#5098 = CARTESIAN_POINT('',(125.63726425288,-79.62519192319,-0.49));
#5099 = CARTESIAN_POINT('',(122.43262781896,-79.67599308591,-0.49));
#5100 = CARTESIAN_POINT('',(122.3098639945,-79.79452590248,-0.49));
#5101 = CARTESIAN_POINT('',(119.43331476965,-85.53069386105,-0.49));
#5102 = ORIENTED_EDGE('',*,*,#5045,.T.);
#5103 = ORIENTED_EDGE('',*,*,#5104,.T.);
#5104 = EDGE_CURVE('',#5048,#5089,#5105,.T.);
#5105 = B_SPLINE_CURVE_WITH_KNOTS('',3,(#5106,#5107,#5108,#5109,#5110,
    #5111,#5112,#5113),.UNSPECIFIED.,.F.,.F.,(4,2,2,4),(0.,
    0.962710263994,1.295493282208,1.921176046665),.UNSPECIFIED.);
#5106 = CARTESIAN_POINT('',(119.43331476965,-85.53069386105,1.51));
#5107 = CARTESIAN_POINT('',(120.87182415021,-82.66214172727,1.51));
#5108 = CARTESIAN_POINT('',(121.62139685791,-81.19895448001,1.51));
#5109 = CARTESIAN_POINT('',(122.68563579942,-80.18563017419,1.51));
#5110 = CARTESIAN_POINT('',(122.96379693471,-80.01000290743,1.51));
#5111 = CARTESIAN_POINT('',(123.87224155378,-79.66549062091,1.51));
#5112 = CARTESIAN_POINT('',(124.59029746576,-79.64178885429,1.51));
#5113 = CARTESIAN_POINT('',(125.63726425288,-79.62519192319,1.51));
#5114 = B_SPLINE_SURFACE_WITH_KNOTS('',3,1,(
    (#5115,#5116)
    ,(#5117,#5118)
    ,(#5119,#5120)
    ,(#5121,#5122
    )),.UNSPECIFIED.,.F.,.F.,.F.,(4,4),(2,2),(-1.,0.),(0.,0.5),
  .PIECEWISE_BEZIER_KNOTS.);
#5115 = CARTESIAN_POINT('',(125.63726425288,-79.62519192319,-0.49));
#5116 = CARTESIAN_POINT('',(125.63726425288,-79.62519192319,4.51));
#5117 = CARTESIAN_POINT('',(122.43262781896,-79.67599308591,-0.49));
#5118 = CARTESIAN_POINT('',(122.43262781896,-79.67599308591,4.51));
#5119 = CARTESIAN_POINT('',(122.3098639945,-79.79452590248,-0.49));
#5120 = CARTESIAN_POINT('',(122.3098639945,-79.79452590248,4.51));
#5121 = CARTESIAN_POINT('',(119.43331476965,-85.53069386105,-0.49));
#5122 = CARTESIAN_POINT('',(119.43331476965,-85.53069386105,4.51));
#5123 = ADVANCED_FACE('',(#5124),#5151,.F.);
#5124 = FACE_BOUND('',#5125,.F.);
#5125 = EDGE_LOOP('',(#5126,#5136,#5143,#5144));
#5126 = ORIENTED_EDGE('',*,*,#5127,.F.);
#5127 = EDGE_CURVE('',#5128,#5130,#5132,.T.);
#5128 = VERTEX_POINT('',#5129);
#5129 = CARTESIAN_POINT('',(133.14931218582,-86.71179424863,-0.49));
#5130 = VERTEX_POINT('',#5131);
#5131 = CARTESIAN_POINT('',(133.14931218582,-86.71179424863,1.51));
#5132 = LINE('',#5133,#5134);
#5133 = CARTESIAN_POINT('',(133.14931218582,-86.71179424863,-0.49));
#5134 = VECTOR('',#5135,1.);
#5135 = DIRECTION('',(0.,0.,1.));
#5136 = ORIENTED_EDGE('',*,*,#5137,.T.);
#5137 = EDGE_CURVE('',#5128,#5087,#5138,.T.);
#5138 = B_SPLINE_CURVE_WITH_KNOTS('',3,(#5139,#5140,#5141,#5142),
  .UNSPECIFIED.,.F.,.F.,(4,4),(-1.,0.),.PIECEWISE_BEZIER_KNOTS.);
#5139 = CARTESIAN_POINT('',(133.14931218582,-86.71179424863,-0.49));
#5140 = CARTESIAN_POINT('',(128.99218221146,-79.71409476539,-0.49));
#5141 = CARTESIAN_POINT('',(128.8419006868,-79.57227525652,-0.49));
#5142 = CARTESIAN_POINT('',(125.63726425288,-79.62519192319,-0.49));
#5143 = ORIENTED_EDGE('',*,*,#5086,.T.);
#5144 = ORIENTED_EDGE('',*,*,#5145,.T.);
#5145 = EDGE_CURVE('',#5089,#5130,#5146,.T.);
#5146 = B_SPLINE_CURVE_WITH_KNOTS('',3,(#5147,#5148,#5149,#5150),
  .UNSPECIFIED.,.F.,.F.,(4,4),(0.,1.041881727522),
  .PIECEWISE_BEZIER_KNOTS.);
#5147 = CARTESIAN_POINT('',(125.63726425288,-79.62519192319,1.51));
#5148 = CARTESIAN_POINT('',(128.8419006868,-79.57227525652,1.51));
#5149 = CARTESIAN_POINT('',(128.99218221146,-79.71409476539,1.51));
#5150 = CARTESIAN_POINT('',(133.14931218582,-86.71179424863,1.51));
#5151 = B_SPLINE_SURFACE_WITH_KNOTS('',3,1,(
    (#5152,#5153)
    ,(#5154,#5155)
    ,(#5156,#5157)
    ,(#5158,#5159
    )),.UNSPECIFIED.,.F.,.F.,.F.,(4,4),(2,2),(-1.,0.),(0.,0.5),
  .PIECEWISE_BEZIER_KNOTS.);
#5152 = CARTESIAN_POINT('',(133.14931218582,-86.71179424863,-0.49));
#5153 = CARTESIAN_POINT('',(133.14931218582,-86.71179424863,4.51));
#5154 = CARTESIAN_POINT('',(128.99218221146,-79.71409476539,-0.49));
#5155 = CARTESIAN_POINT('',(128.99218221146,-79.71409476539,4.51));
#5156 = CARTESIAN_POINT('',(128.8419006868,-79.57227525652,-0.49));
#5157 = CARTESIAN_POINT('',(128.8419006868,-79.57227525652,4.51));
#5158 = CARTESIAN_POINT('',(125.63726425288,-79.62519192319,-0.49));
#5159 = CARTESIAN_POINT('',(125.63726425288,-79.62519192319,4.51));
#5160 = ADVANCED_FACE('',(#5161),#5188,.F.);
#5161 = FACE_BOUND('',#5162,.F.);
#5162 = EDGE_LOOP('',(#5163,#5173,#5180,#5181));
#5163 = ORIENTED_EDGE('',*,*,#5164,.F.);
#5164 = EDGE_CURVE('',#5165,#5167,#5169,.T.);
#5165 = VERTEX_POINT('',#5166);
#5166 = CARTESIAN_POINT('',(131.8073462943,-98.97364269833,-0.49));
#5167 = VERTEX_POINT('',#5168);
#5168 = CARTESIAN_POINT('',(131.8073462943,-98.97364269833,1.51));
#5169 = LINE('',#5170,#5171);
#5170 = CARTESIAN_POINT('',(131.8073462943,-98.97364269833,-0.49));
#5171 = VECTOR('',#5172,1.);
#5172 = DIRECTION('',(0.,0.,1.));
#5173 = ORIENTED_EDGE('',*,*,#5174,.T.);
#5174 = EDGE_CURVE('',#5165,#5128,#5175,.T.);
#5175 = B_SPLINE_CURVE_WITH_KNOTS('',3,(#5176,#5177,#5178,#5179),
  .UNSPECIFIED.,.F.,.F.,(4,4),(-1.,0.),.PIECEWISE_BEZIER_KNOTS.);
#5176 = CARTESIAN_POINT('',(131.8073462943,-98.97364269833,-0.49));
#5177 = CARTESIAN_POINT('',(137.27893091955,-93.95291072151,-0.49));
#5178 = CARTESIAN_POINT('',(137.30644861974,-93.70737661303,-0.49));
#5179 = CARTESIAN_POINT('',(133.14931218582,-86.71179424863,-0.49));
#5180 = ORIENTED_EDGE('',*,*,#5127,.T.);
#5181 = ORIENTED_EDGE('',*,*,#5182,.T.);
#5182 = EDGE_CURVE('',#5130,#5167,#5183,.T.);
#5183 = B_SPLINE_CURVE_WITH_KNOTS('',3,(#5184,#5185,#5186,#5187),
  .UNSPECIFIED.,.F.,.F.,(4,4),(0.,2.463650069275),
  .PIECEWISE_BEZIER_KNOTS.);
#5184 = CARTESIAN_POINT('',(133.14931218582,-86.71179424863,1.51));
#5185 = CARTESIAN_POINT('',(137.30644861974,-93.70737661303,1.51));
#5186 = CARTESIAN_POINT('',(137.27893091955,-93.95291072151,1.51));
#5187 = CARTESIAN_POINT('',(131.8073462943,-98.97364269833,1.51));
#5188 = B_SPLINE_SURFACE_WITH_KNOTS('',3,1,(
    (#5189,#5190)
    ,(#5191,#5192)
    ,(#5193,#5194)
    ,(#5195,#5196
    )),.UNSPECIFIED.,.F.,.F.,.F.,(4,4),(2,2),(-1.,0.),(0.,0.5),
  .PIECEWISE_BEZIER_KNOTS.);
#5189 = CARTESIAN_POINT('',(131.8073462943,-98.97364269833,-0.49));
#5190 = CARTESIAN_POINT('',(131.8073462943,-98.97364269833,4.51));
#5191 = CARTESIAN_POINT('',(137.27893091955,-93.95291072151,-0.49));
#5192 = CARTESIAN_POINT('',(137.27893091955,-93.95291072151,4.51));
#5193 = CARTESIAN_POINT('',(137.30644861974,-93.70737661303,-0.49));
#5194 = CARTESIAN_POINT('',(137.30644861974,-93.70737661303,4.51));
#5195 = CARTESIAN_POINT('',(133.14931218582,-86.71179424863,-0.49));
#5196 = CARTESIAN_POINT('',(133.14931218582,-86.71179424863,4.51));
#5197 = ADVANCED_FACE('',(#5198),#5216,.F.);
#5198 = FACE_BOUND('',#5199,.F.);
#5199 = EDGE_LOOP('',(#5200,#5201,#5208,#5209));
#5200 = ORIENTED_EDGE('',*,*,#4981,.F.);
#5201 = ORIENTED_EDGE('',*,*,#5202,.T.);
#5202 = EDGE_CURVE('',#4973,#5165,#5203,.T.);
#5203 = B_SPLINE_CURVE_WITH_KNOTS('',3,(#5204,#5205,#5206,#5207),
  .UNSPECIFIED.,.F.,.F.,(4,4),(-1.,0.),.PIECEWISE_BEZIER_KNOTS.);
#5204 = CARTESIAN_POINT('',(124.34398402013,-104.8452763869,-0.49));
#5205 = CARTESIAN_POINT('',(126.1854801444,-104.112909914,-0.49));
#5206 = CARTESIAN_POINT('',(126.33364939489,-103.99437629,-0.49));
#5207 = CARTESIAN_POINT('',(131.8073462943,-98.97364269833,-0.49));
#5208 = ORIENTED_EDGE('',*,*,#5164,.T.);
#5209 = ORIENTED_EDGE('',*,*,#5210,.T.);
#5210 = EDGE_CURVE('',#5167,#4982,#5211,.T.);
#5211 = B_SPLINE_CURVE_WITH_KNOTS('',3,(#5212,#5213,#5214,#5215),
  .UNSPECIFIED.,.F.,.F.,(4,4),(0.,2.228724455241),
  .PIECEWISE_BEZIER_KNOTS.);
#5212 = CARTESIAN_POINT('',(131.8073462943,-98.97364269833,1.51));
#5213 = CARTESIAN_POINT('',(126.33364939489,-103.99437629,1.51));
#5214 = CARTESIAN_POINT('',(126.1854801444,-104.112909914,1.51));
#5215 = CARTESIAN_POINT('',(124.34398402013,-104.8452763869,1.51));
#5216 = B_SPLINE_SURFACE_WITH_KNOTS('',3,1,(
    (#5217,#5218)
    ,(#5219,#5220)
    ,(#5221,#5222)
    ,(#5223,#5224
    )),.UNSPECIFIED.,.F.,.F.,.F.,(4,4),(2,2),(-1.,0.),(0.,0.5),
  .PIECEWISE_BEZIER_KNOTS.);
#5217 = CARTESIAN_POINT('',(124.34398402013,-104.8452763869,-0.49));
#5218 = CARTESIAN_POINT('',(124.34398402013,-104.8452763869,4.51));
#5219 = CARTESIAN_POINT('',(126.1854801444,-104.112909914,-0.49));
#5220 = CARTESIAN_POINT('',(126.1854801444,-104.112909914,4.51));
#5221 = CARTESIAN_POINT('',(126.33364939489,-103.99437629,-0.49));
#5222 = CARTESIAN_POINT('',(126.33364939489,-103.99437629,4.51));
#5223 = CARTESIAN_POINT('',(131.8073462943,-98.97364269833,-0.49));
#5224 = CARTESIAN_POINT('',(131.8073462943,-98.97364269833,4.51));
#5225 = ADVANCED_FACE('',(#5226),#5262,.F.);
#5226 = FACE_BOUND('',#5227,.F.);
#5227 = EDGE_LOOP('',(#5228,#5238,#5247,#5255));
#5228 = ORIENTED_EDGE('',*,*,#5229,.F.);
#5229 = EDGE_CURVE('',#5230,#5232,#5234,.T.);
#5230 = VERTEX_POINT('',#5231);
#5231 = CARTESIAN_POINT('',(138.5722111523,-109.7136097202,-0.49));
#5232 = VERTEX_POINT('',#5233);
#5233 = CARTESIAN_POINT('',(138.5722111523,-109.7136097202,1.51));
#5234 = LINE('',#5235,#5236);
#5235 = CARTESIAN_POINT('',(138.5722111523,-109.7136097202,-0.49));
#5236 = VECTOR('',#5237,1.);
#5237 = DIRECTION('',(0.,0.,1.));
#5238 = ORIENTED_EDGE('',*,*,#5239,.T.);
#5239 = EDGE_CURVE('',#5230,#5240,#5242,.T.);
#5240 = VERTEX_POINT('',#5241);
#5241 = CARTESIAN_POINT('',(145.97208246984,-104.9024264838,-0.49));
#5242 = B_SPLINE_CURVE_WITH_KNOTS('',3,(#5243,#5244,#5245,#5246),
  .UNSPECIFIED.,.F.,.F.,(4,4),(-1.,0.),.PIECEWISE_BEZIER_KNOTS.);
#5243 = CARTESIAN_POINT('',(138.5722111523,-109.7136097202,-0.49));
#5244 = CARTESIAN_POINT('',(148.4104801444,-113.8643933846,-0.49));
#5245 = CARTESIAN_POINT('',(148.55864939489,-113.769143425,-0.49));
#5246 = CARTESIAN_POINT('',(145.97208246984,-104.9024264838,-0.49));
#5247 = ORIENTED_EDGE('',*,*,#5248,.T.);
#5248 = EDGE_CURVE('',#5240,#5249,#5251,.T.);
#5249 = VERTEX_POINT('',#5250);
#5250 = CARTESIAN_POINT('',(145.97208246984,-104.9024264838,1.51));
#5251 = LINE('',#5252,#5253);
#5252 = CARTESIAN_POINT('',(145.97208246984,-104.9024264838,-0.49));
#5253 = VECTOR('',#5254,1.);
#5254 = DIRECTION('',(0.,0.,1.));
#5255 = ORIENTED_EDGE('',*,*,#5256,.T.);
#5256 = EDGE_CURVE('',#5249,#5232,#5257,.T.);
#5257 = B_SPLINE_CURVE_WITH_KNOTS('',3,(#5258,#5259,#5260,#5261),
  .UNSPECIFIED.,.F.,.F.,(4,4),(0.,2.746465411775),
  .PIECEWISE_BEZIER_KNOTS.);
#5258 = CARTESIAN_POINT('',(145.97208246984,-104.9024264838,1.51));
#5259 = CARTESIAN_POINT('',(148.55864939489,-113.769143425,1.51));
#5260 = CARTESIAN_POINT('',(148.4104801444,-113.8643933846,1.51));
#5261 = CARTESIAN_POINT('',(138.5722111523,-109.7136097202,1.51));
#5262 = B_SPLINE_SURFACE_WITH_KNOTS('',3,1,(
    (#5263,#5264)
    ,(#5265,#5266)
    ,(#5267,#5268)
    ,(#5269,#5270
    )),.UNSPECIFIED.,.F.,.F.,.F.,(4,4),(2,2),(-1.,0.),(0.,0.5),
  .PIECEWISE_BEZIER_KNOTS.);
#5263 = CARTESIAN_POINT('',(138.5722111523,-109.7136097202,-0.49));
#5264 = CARTESIAN_POINT('',(138.5722111523,-109.7136097202,4.51));
#5265 = CARTESIAN_POINT('',(148.4104801444,-113.8643933846,-0.49));
#5266 = CARTESIAN_POINT('',(148.4104801444,-113.8643933846,4.51));
#5267 = CARTESIAN_POINT('',(148.55864939489,-113.769143425,-0.49));
#5268 = CARTESIAN_POINT('',(148.55864939489,-113.769143425,4.51));
#5269 = CARTESIAN_POINT('',(145.97208246984,-104.9024264838,-0.49));
#5270 = CARTESIAN_POINT('',(145.97208246984,-104.9024264838,4.51));
#5271 = ADVANCED_FACE('',(#5272),#5299,.F.);
#5272 = FACE_BOUND('',#5273,.F.);
#5273 = EDGE_LOOP('',(#5274,#5284,#5291,#5292));
#5274 = ORIENTED_EDGE('',*,*,#5275,.F.);
#5275 = EDGE_CURVE('',#5276,#5278,#5280,.T.);
#5276 = VERTEX_POINT('',#5277);
#5277 = CARTESIAN_POINT('',(134.11663040278,-100.3537102693,-0.49));
#5278 = VERTEX_POINT('',#5279);
#5279 = CARTESIAN_POINT('',(134.11663040278,-100.3537102693,1.51));
#5280 = LINE('',#5281,#5282);
#5281 = CARTESIAN_POINT('',(134.11663040278,-100.3537102693,-0.49));
#5282 = VECTOR('',#5283,1.);
#5283 = DIRECTION('',(0.,0.,1.));
#5284 = ORIENTED_EDGE('',*,*,#5285,.T.);
#5285 = EDGE_CURVE('',#5276,#5230,#5286,.T.);
#5286 = B_SPLINE_CURVE_WITH_KNOTS('',3,(#5287,#5288,#5289,#5290),
  .UNSPECIFIED.,.F.,.F.,(4,4),(-1.,0.),.PIECEWISE_BEZIER_KNOTS.);
#5287 = CARTESIAN_POINT('',(134.11663040278,-100.3537102693,-0.49));
#5288 = CARTESIAN_POINT('',(128.64293350337,-105.3744430536,-0.49));
#5289 = CARTESIAN_POINT('',(128.73182988602,-105.5607099463,-0.49));
#5290 = CARTESIAN_POINT('',(138.5722111523,-109.7136097202,-0.49));
#5291 = ORIENTED_EDGE('',*,*,#5229,.T.);
#5292 = ORIENTED_EDGE('',*,*,#5293,.T.);
#5293 = EDGE_CURVE('',#5232,#5278,#5294,.T.);
#5294 = B_SPLINE_CURVE_WITH_KNOTS('',3,(#5295,#5296,#5297,#5298),
  .UNSPECIFIED.,.F.,.F.,(4,4),(0.,3.333356753718),
  .PIECEWISE_BEZIER_KNOTS.);
#5295 = CARTESIAN_POINT('',(138.5722111523,-109.7136097202,1.51));
#5296 = CARTESIAN_POINT('',(128.73182988602,-105.5607099463,1.51));
#5297 = CARTESIAN_POINT('',(128.64293350337,-105.3744430536,1.51));
#5298 = CARTESIAN_POINT('',(134.11663040278,-100.3537102693,1.51));
#5299 = B_SPLINE_SURFACE_WITH_KNOTS('',3,1,(
    (#5300,#5301)
    ,(#5302,#5303)
    ,(#5304,#5305)
    ,(#5306,#5307
    )),.UNSPECIFIED.,.F.,.F.,.F.,(4,4),(2,2),(-1.,0.),(0.,0.5),
  .PIECEWISE_BEZIER_KNOTS.);
#5300 = CARTESIAN_POINT('',(134.11663040278,-100.3537102693,-0.49));
#5301 = CARTESIAN_POINT('',(134.11663040278,-100.3537102693,4.51));
#5302 = CARTESIAN_POINT('',(128.64293350337,-105.3744430536,-0.49));
#5303 = CARTESIAN_POINT('',(128.64293350337,-105.3744430536,4.51));
#5304 = CARTESIAN_POINT('',(128.73182988602,-105.5607099463,-0.49));
#5305 = CARTESIAN_POINT('',(128.73182988602,-105.5607099463,4.51));
#5306 = CARTESIAN_POINT('',(138.5722111523,-109.7136097202,-0.49));
#5307 = CARTESIAN_POINT('',(138.5722111523,-109.7136097202,4.51));
#5308 = ADVANCED_FACE('',(#5309),#5340,.F.);
#5309 = FACE_BOUND('',#5310,.F.);
#5310 = EDGE_LOOP('',(#5311,#5321,#5328,#5329));
#5311 = ORIENTED_EDGE('',*,*,#5312,.F.);
#5312 = EDGE_CURVE('',#5313,#5315,#5317,.T.);
#5313 = VERTEX_POINT('',#5314);
#5314 = CARTESIAN_POINT('',(141.51649526077,-95.54252622545,-0.49));
#5315 = VERTEX_POINT('',#5316);
#5316 = CARTESIAN_POINT('',(141.51649526077,-95.54252622545,1.51));
#5317 = LINE('',#5318,#5319);
#5318 = CARTESIAN_POINT('',(141.51649526077,-95.54252622545,-0.49));
#5319 = VECTOR('',#5320,1.);
#5320 = DIRECTION('',(0.,0.,1.));
#5321 = ORIENTED_EDGE('',*,*,#5322,.T.);
#5322 = EDGE_CURVE('',#5313,#5276,#5323,.T.);
#5323 = B_SPLINE_CURVE_WITH_KNOTS('',3,(#5324,#5325,#5326,#5327),
  .UNSPECIFIED.,.F.,.F.,(4,4),(-1.,0.),.PIECEWISE_BEZIER_KNOTS.);
#5324 = CARTESIAN_POINT('',(141.51649526077,-95.54252622545,-0.49));
#5325 = CARTESIAN_POINT('',(139.73637781896,-95.23561020474,-0.49));
#5326 = CARTESIAN_POINT('',(139.58821502803,-95.33297667762,-0.49));
#5327 = CARTESIAN_POINT('',(134.11663040278,-100.3537102693,-0.49));
#5328 = ORIENTED_EDGE('',*,*,#5275,.T.);
#5329 = ORIENTED_EDGE('',*,*,#5330,.T.);
#5330 = EDGE_CURVE('',#5278,#5315,#5331,.T.);
#5331 = B_SPLINE_CURVE_WITH_KNOTS('',3,(#5332,#5333,#5334,#5335,#5336,
    #5337,#5338,#5339),.UNSPECIFIED.,.F.,.F.,(4,2,2,4),(0.,
    1.114310018593,1.604455899254,2.230451153964),.UNSPECIFIED.);
#5332 = CARTESIAN_POINT('',(134.11663040278,-100.3537102693,1.51));
#5333 = CARTESIAN_POINT('',(136.85341663629,-97.84243145031,1.51));
#5334 = CARTESIAN_POINT('',(138.25731513654,-96.56384735245,1.51));
#5335 = CARTESIAN_POINT('',(139.61589663677,-95.68034953883,1.51));
#5336 = CARTESIAN_POINT('',(139.9415325653,-95.53938204953,1.51));
#5337 = CARTESIAN_POINT('',(140.64808933886,-95.40213501466,1.51));
#5338 = CARTESIAN_POINT('',(141.0190672627,-95.45676299536,1.51));
#5339 = CARTESIAN_POINT('',(141.51649526077,-95.54252622545,1.51));
#5340 = B_SPLINE_SURFACE_WITH_KNOTS('',3,1,(
    (#5341,#5342)
    ,(#5343,#5344)
    ,(#5345,#5346)
    ,(#5347,#5348
    )),.UNSPECIFIED.,.F.,.F.,.F.,(4,4),(2,2),(-1.,0.),(0.,0.5),
  .PIECEWISE_BEZIER_KNOTS.);
#5341 = CARTESIAN_POINT('',(141.51649526077,-95.54252622545,-0.49));
#5342 = CARTESIAN_POINT('',(141.51649526077,-95.54252622545,4.51));
#5343 = CARTESIAN_POINT('',(139.73637781896,-95.23561020474,-0.49));
#5344 = CARTESIAN_POINT('',(139.73637781896,-95.23561020474,4.51));
#5345 = CARTESIAN_POINT('',(139.58821502803,-95.33297667762,-0.49));
#5346 = CARTESIAN_POINT('',(139.58821502803,-95.33297667762,4.51));
#5347 = CARTESIAN_POINT('',(134.11663040278,-100.3537102693,-0.49));
#5348 = CARTESIAN_POINT('',(134.11663040278,-100.3537102693,4.51));
#5349 = ADVANCED_FACE('',(#5350),#5368,.F.);
#5350 = FACE_BOUND('',#5351,.F.);
#5351 = EDGE_LOOP('',(#5352,#5353,#5360,#5361));
#5352 = ORIENTED_EDGE('',*,*,#5248,.F.);
#5353 = ORIENTED_EDGE('',*,*,#5354,.T.);
#5354 = EDGE_CURVE('',#5240,#5313,#5355,.T.);
#5355 = B_SPLINE_CURVE_WITH_KNOTS('',3,(#5356,#5357,#5358,#5359),
  .UNSPECIFIED.,.F.,.F.,(4,4),(-1.,0.),.PIECEWISE_BEZIER_KNOTS.);
#5356 = CARTESIAN_POINT('',(145.97208246984,-104.9024264838,-0.49));
#5357 = CARTESIAN_POINT('',(143.38762781896,-96.0378270652,-0.49));
#5358 = CARTESIAN_POINT('',(143.29873143631,-95.84944386105,-0.49));
#5359 = CARTESIAN_POINT('',(141.51649526077,-95.54252622545,-0.49));
#5360 = ORIENTED_EDGE('',*,*,#5312,.T.);
#5361 = ORIENTED_EDGE('',*,*,#5362,.T.);
#5362 = EDGE_CURVE('',#5315,#5249,#5363,.T.);
#5363 = B_SPLINE_CURVE_WITH_KNOTS('',3,(#5364,#5365,#5366,#5367),
  .UNSPECIFIED.,.F.,.F.,(4,4),(0.,0.538912079677),
  .PIECEWISE_BEZIER_KNOTS.);
#5364 = CARTESIAN_POINT('',(141.51649526077,-95.54252622545,1.51));
#5365 = CARTESIAN_POINT('',(143.29873143631,-95.84944386105,1.51));
#5366 = CARTESIAN_POINT('',(143.38762781896,-96.0378270652,1.51));
#5367 = CARTESIAN_POINT('',(145.97208246984,-104.9024264838,1.51));
#5368 = B_SPLINE_SURFACE_WITH_KNOTS('',3,1,(
    (#5369,#5370)
    ,(#5371,#5372)
    ,(#5373,#5374)
    ,(#5375,#5376
    )),.UNSPECIFIED.,.F.,.F.,.F.,(4,4),(2,2),(-1.,0.),(0.,0.5),
  .PIECEWISE_BEZIER_KNOTS.);
#5369 = CARTESIAN_POINT('',(145.97208246984,-104.9024264838,-0.49));
#5370 = CARTESIAN_POINT('',(145.97208246984,-104.9024264838,4.51));
#5371 = CARTESIAN_POINT('',(143.38762781896,-96.0378270652,-0.49));
#5372 = CARTESIAN_POINT('',(143.38762781896,-96.0378270652,4.51));
#5373 = CARTESIAN_POINT('',(143.29873143631,-95.84944386105,-0.49));
#5374 = CARTESIAN_POINT('',(143.29873143631,-95.84944386105,4.51));
#5375 = CARTESIAN_POINT('',(141.51649526077,-95.54252622545,-0.49));
#5376 = CARTESIAN_POINT('',(141.51649526077,-95.54252622545,4.51));
#5377 = ADVANCED_FACE('',(#5378),#5414,.F.);
#5378 = FACE_BOUND('',#5379,.F.);
#5379 = EDGE_LOOP('',(#5380,#5390,#5399,#5407));
#5380 = ORIENTED_EDGE('',*,*,#5381,.F.);
#5381 = EDGE_CURVE('',#5382,#5384,#5386,.T.);
#5382 = VERTEX_POINT('',#5383);
#5383 = CARTESIAN_POINT('',(201.29116063553,-114.7851432635,-0.49));
#5384 = VERTEX_POINT('',#5385);
#5385 = CARTESIAN_POINT('',(201.29116063553,-114.7851432635,1.51));
#5386 = LINE('',#5387,#5388);
#5387 = CARTESIAN_POINT('',(201.29116063553,-114.7851432635,-0.49));
#5388 = VECTOR('',#5389,1.);
#5389 = DIRECTION('',(0.,0.,1.));
#5390 = ORIENTED_EDGE('',*,*,#5391,.T.);
#5391 = EDGE_CURVE('',#5382,#5392,#5394,.T.);
#5392 = VERTEX_POINT('',#5393);
#5393 = CARTESIAN_POINT('',(208.9175168367,-104.9405265484,-0.49));
#5394 = B_SPLINE_CURVE_WITH_KNOTS('',3,(#5395,#5396,#5397,#5398),
  .UNSPECIFIED.,.F.,.F.,(4,4),(-1.,0.),.PIECEWISE_BEZIER_KNOTS.);
#5395 = CARTESIAN_POINT('',(201.29116063553,-114.7851432635,-0.49));
#5396 = CARTESIAN_POINT('',(208.76511011877,-114.7851432635,-0.49));
#5397 = CARTESIAN_POINT('',(208.9175168367,-114.5882934008,-0.49));
#5398 = CARTESIAN_POINT('',(208.9175168367,-104.9405265484,-0.49));
#5399 = ORIENTED_EDGE('',*,*,#5400,.T.);
#5400 = EDGE_CURVE('',#5392,#5401,#5403,.T.);
#5401 = VERTEX_POINT('',#5402);
#5402 = CARTESIAN_POINT('',(208.9175168367,-104.9405265484,1.51));
#5403 = LINE('',#5404,#5405);
#5404 = CARTESIAN_POINT('',(208.9175168367,-104.9405265484,-0.49));
#5405 = VECTOR('',#5406,1.);
#5406 = DIRECTION('',(0.,0.,1.));
#5407 = ORIENTED_EDGE('',*,*,#5408,.T.);
#5408 = EDGE_CURVE('',#5401,#5384,#5409,.T.);
#5409 = B_SPLINE_CURVE_WITH_KNOTS('',3,(#5410,#5411,#5412,#5413),
  .UNSPECIFIED.,.F.,.F.,(4,4),(0.,2.880231949426),
  .PIECEWISE_BEZIER_KNOTS.);
#5410 = CARTESIAN_POINT('',(208.9175168367,-104.9405265484,1.51));
#5411 = CARTESIAN_POINT('',(208.9175168367,-114.5882934008,1.51));
#5412 = CARTESIAN_POINT('',(208.76511011877,-114.7851432635,1.51));
#5413 = CARTESIAN_POINT('',(201.29116063553,-114.7851432635,1.51));
#5414 = B_SPLINE_SURFACE_WITH_KNOTS('',3,1,(
    (#5415,#5416)
    ,(#5417,#5418)
    ,(#5419,#5420)
    ,(#5421,#5422
    )),.UNSPECIFIED.,.F.,.F.,.F.,(4,4),(2,2),(-1.,0.),(0.,0.5),
  .PIECEWISE_BEZIER_KNOTS.);
#5415 = CARTESIAN_POINT('',(201.29116063553,-114.7851432635,-0.49));
#5416 = CARTESIAN_POINT('',(201.29116063553,-114.7851432635,4.51));
#5417 = CARTESIAN_POINT('',(208.76511011877,-114.7851432635,-0.49));
#5418 = CARTESIAN_POINT('',(208.76511011877,-114.7851432635,4.51));
#5419 = CARTESIAN_POINT('',(208.9175168367,-114.5882934008,-0.49));
#5420 = CARTESIAN_POINT('',(208.9175168367,-114.5882934008,4.51));
#5421 = CARTESIAN_POINT('',(208.9175168367,-104.9405265484,-0.49));
#5422 = CARTESIAN_POINT('',(208.9175168367,-104.9405265484,4.51));
#5423 = ADVANCED_FACE('',(#5424),#5451,.F.);
#5424 = FACE_BOUND('',#5425,.F.);
#5425 = EDGE_LOOP('',(#5426,#5436,#5443,#5444));
#5426 = ORIENTED_EDGE('',*,*,#5427,.F.);
#5427 = EDGE_CURVE('',#5428,#5430,#5432,.T.);
#5428 = VERTEX_POINT('',#5429);
#5429 = CARTESIAN_POINT('',(196.8334611523,-107.478410237,-0.49));
#5430 = VERTEX_POINT('',#5431);
#5431 = CARTESIAN_POINT('',(196.8334611523,-107.478410237,1.51));
#5432 = LINE('',#5433,#5434);
#5433 = CARTESIAN_POINT('',(196.8334611523,-107.478410237,-0.49));
#5434 = VECTOR('',#5435,1.);
#5435 = DIRECTION('',(0.,0.,1.));
#5436 = ORIENTED_EDGE('',*,*,#5437,.T.);
#5437 = EDGE_CURVE('',#5428,#5382,#5438,.T.);
#5438 = B_SPLINE_CURVE_WITH_KNOTS('',3,(#5439,#5440,#5441,#5442),
  .UNSPECIFIED.,.F.,.F.,(4,4),(-1.,0.),.PIECEWISE_BEZIER_KNOTS.);
#5439 = CARTESIAN_POINT('',(196.8334611523,-107.478410237,-0.49));
#5440 = CARTESIAN_POINT('',(193.72619603592,-114.6390933523,-0.49));
#5441 = CARTESIAN_POINT('',(193.81509241857,-114.7851432635,-0.49));
#5442 = CARTESIAN_POINT('',(201.29116063553,-114.7851432635,-0.49));
#5443 = ORIENTED_EDGE('',*,*,#5381,.T.);
#5444 = ORIENTED_EDGE('',*,*,#5445,.T.);
#5445 = EDGE_CURVE('',#5384,#5430,#5446,.T.);
#5446 = B_SPLINE_CURVE_WITH_KNOTS('',3,(#5447,#5448,#5449,#5450),
  .UNSPECIFIED.,.F.,.F.,(4,4),(0.,2.304574538615),
  .PIECEWISE_BEZIER_KNOTS.);
#5447 = CARTESIAN_POINT('',(201.29116063553,-114.7851432635,1.51));
#5448 = CARTESIAN_POINT('',(193.81509241857,-114.7851432635,1.51));
#5449 = CARTESIAN_POINT('',(193.72619603592,-114.6390933523,1.51));
#5450 = CARTESIAN_POINT('',(196.8334611523,-107.478410237,1.51));
#5451 = B_SPLINE_SURFACE_WITH_KNOTS('',3,1,(
    (#5452,#5453)
    ,(#5454,#5455)
    ,(#5456,#5457)
    ,(#5458,#5459
    )),.UNSPECIFIED.,.F.,.F.,.F.,(4,4),(2,2),(-1.,0.),(0.,0.5),
  .PIECEWISE_BEZIER_KNOTS.);
#5452 = CARTESIAN_POINT('',(196.8334611523,-107.478410237,-0.49));
#5453 = CARTESIAN_POINT('',(196.8334611523,-107.478410237,4.51));
#5454 = CARTESIAN_POINT('',(193.72619603592,-114.6390933523,-0.49));
#5455 = CARTESIAN_POINT('',(193.72619603592,-114.6390933523,4.51));
#5456 = CARTESIAN_POINT('',(193.81509241857,-114.7851432635,-0.49));
#5457 = CARTESIAN_POINT('',(193.81509241857,-114.7851432635,4.51));
#5458 = CARTESIAN_POINT('',(201.29116063553,-114.7851432635,-0.49));
#5459 = CARTESIAN_POINT('',(201.29116063553,-114.7851432635,4.51));
#5460 = ADVANCED_FACE('',(#5461),#5488,.F.);
#5461 = FACE_BOUND('',#5462,.F.);
#5462 = EDGE_LOOP('',(#5463,#5473,#5480,#5481));
#5463 = ORIENTED_EDGE('',*,*,#5464,.F.);
#5464 = EDGE_CURVE('',#5465,#5467,#5469,.T.);
#5465 = VERTEX_POINT('',#5466);
#5466 = CARTESIAN_POINT('',(202.16322626867,-98.074059365,-0.49));
#5467 = VERTEX_POINT('',#5468);
#5468 = CARTESIAN_POINT('',(202.16322626867,-98.074059365,1.51));
#5469 = LINE('',#5470,#5471);
#5470 = CARTESIAN_POINT('',(202.16322626867,-98.074059365,-0.49));
#5471 = VECTOR('',#5472,1.);
#5472 = DIRECTION('',(0.,0.,1.));
#5473 = ORIENTED_EDGE('',*,*,#5474,.T.);
#5474 = EDGE_CURVE('',#5465,#5428,#5475,.T.);
#5475 = B_SPLINE_CURVE_WITH_KNOTS('',3,(#5476,#5477,#5478,#5479),
  .UNSPECIFIED.,.F.,.F.,(4,4),(-1.,0.),.PIECEWISE_BEZIER_KNOTS.);
#5476 = CARTESIAN_POINT('',(202.16322626867,-98.074059365,-0.49));
#5477 = CARTESIAN_POINT('',(200.046559602,-100.1314596233,-0.49));
#5478 = CARTESIAN_POINT('',(199.93862045405,-100.3198428275,-0.49));
#5479 = CARTESIAN_POINT('',(196.8334611523,-107.478410237,-0.49));
#5480 = ORIENTED_EDGE('',*,*,#5427,.T.);
#5481 = ORIENTED_EDGE('',*,*,#5482,.T.);
#5482 = EDGE_CURVE('',#5430,#5467,#5483,.T.);
#5483 = B_SPLINE_CURVE_WITH_KNOTS('',3,(#5484,#5485,#5486,#5487),
  .UNSPECIFIED.,.F.,.F.,(4,4),(0.,2.341045534562),
  .PIECEWISE_BEZIER_KNOTS.);
#5484 = CARTESIAN_POINT('',(196.8334611523,-107.478410237,1.51));
#5485 = CARTESIAN_POINT('',(199.93862045405,-100.3198428275,1.51));
#5486 = CARTESIAN_POINT('',(200.046559602,-100.1314596233,1.51));
#5487 = CARTESIAN_POINT('',(202.16322626867,-98.074059365,1.51));
#5488 = B_SPLINE_SURFACE_WITH_KNOTS('',3,1,(
    (#5489,#5490)
    ,(#5491,#5492)
    ,(#5493,#5494)
    ,(#5495,#5496
    )),.UNSPECIFIED.,.F.,.F.,.F.,(4,4),(2,2),(-1.,0.),(0.,0.5),
  .PIECEWISE_BEZIER_KNOTS.);
#5489 = CARTESIAN_POINT('',(202.16322626867,-98.074059365,-0.49));
#5490 = CARTESIAN_POINT('',(202.16322626867,-98.074059365,4.51));
#5491 = CARTESIAN_POINT('',(200.046559602,-100.1314596233,-0.49));
#5492 = CARTESIAN_POINT('',(200.046559602,-100.1314596233,4.51));
#5493 = CARTESIAN_POINT('',(199.93862045405,-100.3198428275,-0.49));
#5494 = CARTESIAN_POINT('',(199.93862045405,-100.3198428275,4.51));
#5495 = CARTESIAN_POINT('',(196.8334611523,-107.478410237,-0.49));
#5496 = CARTESIAN_POINT('',(196.8334611523,-107.478410237,4.51));
#5497 = ADVANCED_FACE('',(#5498),#5525,.F.);
#5498 = FACE_BOUND('',#5499,.F.);
#5499 = EDGE_LOOP('',(#5500,#5510,#5517,#5518));
#5500 = ORIENTED_EDGE('',*,*,#5501,.F.);
#5501 = EDGE_CURVE('',#5502,#5504,#5506,.T.);
#5502 = VERTEX_POINT('',#5503);
#5503 = CARTESIAN_POINT('',(206.6209257519,-95.534059365,-0.49));
#5504 = VERTEX_POINT('',#5505);
#5505 = CARTESIAN_POINT('',(206.6209257519,-95.534059365,1.51));
#5506 = LINE('',#5507,#5508);
#5507 = CARTESIAN_POINT('',(206.6209257519,-95.534059365,-0.49));
#5508 = VECTOR('',#5509,1.);
#5509 = DIRECTION('',(0.,0.,1.));
#5510 = ORIENTED_EDGE('',*,*,#5511,.T.);
#5511 = EDGE_CURVE('',#5502,#5465,#5512,.T.);
#5512 = B_SPLINE_CURVE_WITH_KNOTS('',3,(#5513,#5514,#5515,#5516),
  .UNSPECIFIED.,.F.,.F.,(4,4),(-1.,0.),.PIECEWISE_BEZIER_KNOTS.);
#5513 = CARTESIAN_POINT('',(206.6209257519,-95.534059365,-0.49));
#5514 = CARTESIAN_POINT('',(204.37090805171,-95.96374405484,-0.49));
#5515 = CARTESIAN_POINT('',(204.28201166906,-96.01454360267,-0.49));
#5516 = CARTESIAN_POINT('',(202.16322626867,-98.074059365,-0.49));
#5517 = ORIENTED_EDGE('',*,*,#5464,.T.);
#5518 = ORIENTED_EDGE('',*,*,#5519,.T.);
#5519 = EDGE_CURVE('',#5467,#5504,#5520,.T.);
#5520 = B_SPLINE_CURVE_WITH_KNOTS('',3,(#5521,#5522,#5523,#5524),
  .UNSPECIFIED.,.F.,.F.,(4,4),(0.,0.886954917173),
  .PIECEWISE_BEZIER_KNOTS.);
#5521 = CARTESIAN_POINT('',(202.16322626867,-98.074059365,1.51));
#5522 = CARTESIAN_POINT('',(204.28201166906,-96.01454360267,1.51));
#5523 = CARTESIAN_POINT('',(204.37090805171,-95.96374405484,1.51));
#5524 = CARTESIAN_POINT('',(206.6209257519,-95.534059365,1.51));
#5525 = B_SPLINE_SURFACE_WITH_KNOTS('',3,1,(
    (#5526,#5527)
    ,(#5528,#5529)
    ,(#5530,#5531)
    ,(#5532,#5533
    )),.UNSPECIFIED.,.F.,.F.,.F.,(4,4),(2,2),(-1.,0.),(0.,0.5),
  .PIECEWISE_BEZIER_KNOTS.);
#5526 = CARTESIAN_POINT('',(206.6209257519,-95.534059365,-0.49));
#5527 = CARTESIAN_POINT('',(206.6209257519,-95.534059365,4.51));
#5528 = CARTESIAN_POINT('',(204.37090805171,-95.96374405484,-0.49));
#5529 = CARTESIAN_POINT('',(204.37090805171,-95.96374405484,4.51));
#5530 = CARTESIAN_POINT('',(204.28201166906,-96.01454360267,-0.49));
#5531 = CARTESIAN_POINT('',(204.28201166906,-96.01454360267,4.51));
#5532 = CARTESIAN_POINT('',(202.16322626867,-98.074059365,-0.49));
#5533 = CARTESIAN_POINT('',(202.16322626867,-98.074059365,4.51));
#5534 = ADVANCED_FACE('',(#5535),#5553,.F.);
#5535 = FACE_BOUND('',#5536,.F.);
#5536 = EDGE_LOOP('',(#5537,#5538,#5545,#5546));
#5537 = ORIENTED_EDGE('',*,*,#5400,.F.);
#5538 = ORIENTED_EDGE('',*,*,#5539,.T.);
#5539 = EDGE_CURVE('',#5392,#5502,#5540,.T.);
#5540 = B_SPLINE_CURVE_WITH_KNOTS('',3,(#5541,#5542,#5543,#5544),
  .UNSPECIFIED.,.F.,.F.,(4,4),(-1.,0.),.PIECEWISE_BEZIER_KNOTS.);
#5541 = CARTESIAN_POINT('',(208.9175168367,-104.9405265484,-0.49));
#5542 = CARTESIAN_POINT('',(208.9175168367,-95.29275949419,-0.49));
#5543 = CARTESIAN_POINT('',(208.8709434521,-95.10437629005,-0.49));
#5544 = CARTESIAN_POINT('',(206.6209257519,-95.534059365,-0.49));
#5545 = ORIENTED_EDGE('',*,*,#5501,.T.);
#5546 = ORIENTED_EDGE('',*,*,#5547,.T.);
#5547 = EDGE_CURVE('',#5504,#5401,#5548,.T.);
#5548 = B_SPLINE_CURVE_WITH_KNOTS('',3,(#5549,#5550,#5551,#5552),
  .UNSPECIFIED.,.F.,.F.,(4,4),(0.,0.826962598209),
  .PIECEWISE_BEZIER_KNOTS.);
#5549 = CARTESIAN_POINT('',(206.6209257519,-95.534059365,1.51));
#5550 = CARTESIAN_POINT('',(208.8709434521,-95.10437629005,1.51));
#5551 = CARTESIAN_POINT('',(208.9175168367,-95.29275949419,1.51));
#5552 = CARTESIAN_POINT('',(208.9175168367,-104.9405265484,1.51));
#5553 = B_SPLINE_SURFACE_WITH_KNOTS('',3,1,(
    (#5554,#5555)
    ,(#5556,#5557)
    ,(#5558,#5559)
    ,(#5560,#5561
    )),.UNSPECIFIED.,.F.,.F.,.F.,(4,4),(2,2),(-1.,0.),(0.,0.5),
  .PIECEWISE_BEZIER_KNOTS.);
#5554 = CARTESIAN_POINT('',(208.9175168367,-104.9405265484,-0.49));
#5555 = CARTESIAN_POINT('',(208.9175168367,-104.9405265484,4.51));
#5556 = CARTESIAN_POINT('',(208.9175168367,-95.29275949419,-0.49));
#5557 = CARTESIAN_POINT('',(208.9175168367,-95.29275949419,4.51));
#5558 = CARTESIAN_POINT('',(208.8709434521,-95.10437629005,-0.49));
#5559 = CARTESIAN_POINT('',(208.8709434521,-95.10437629005,4.51));
#5560 = CARTESIAN_POINT('',(206.6209257519,-95.534059365,-0.49));
#5561 = CARTESIAN_POINT('',(206.6209257519,-95.534059365,4.51));
#5562 = ADVANCED_FACE('',(#5563),#5599,.F.);
#5563 = FACE_BOUND('',#5564,.F.);
#5564 = EDGE_LOOP('',(#5565,#5575,#5584,#5592));
#5565 = ORIENTED_EDGE('',*,*,#5566,.F.);
#5566 = EDGE_CURVE('',#5567,#5569,#5571,.T.);
#5567 = VERTEX_POINT('',#5568);
#5568 = CARTESIAN_POINT('',(165.88568608719,-55.04646285316,-0.49));
#5569 = VERTEX_POINT('',#5570);
#5570 = CARTESIAN_POINT('',(165.88568608719,-55.04646285316,1.51));
#5571 = LINE('',#5572,#5573);
#5572 = CARTESIAN_POINT('',(165.88568608719,-55.04646285316,-0.49));
#5573 = VECTOR('',#5574,1.);
#5574 = DIRECTION('',(0.,0.,1.));
#5575 = ORIENTED_EDGE('',*,*,#5576,.T.);
#5576 = EDGE_CURVE('',#5567,#5577,#5579,.T.);
#5577 = VERTEX_POINT('',#5578);
#5578 = CARTESIAN_POINT('',(174.86670120356,-55.99896285316,-0.49));
#5579 = B_SPLINE_CURVE_WITH_KNOTS('',3,(#5580,#5581,#5582,#5583),
  .UNSPECIFIED.,.F.,.F.,(4,4),(-1.,0.),.PIECEWISE_BEZIER_KNOTS.);
#5580 = CARTESIAN_POINT('',(165.88568608719,-55.04646285316,-0.49));
#5581 = CARTESIAN_POINT('',(171.37420120356,-56.62549437782,-0.49));
#5582 = CARTESIAN_POINT('',(171.55199396886,-56.64454360267,-0.49));
#5583 = CARTESIAN_POINT('',(174.86670120356,-55.99896285316,-0.49));
#5584 = ORIENTED_EDGE('',*,*,#5585,.T.);
#5585 = EDGE_CURVE('',#5577,#5586,#5588,.T.);
#5586 = VERTEX_POINT('',#5587);
#5587 = CARTESIAN_POINT('',(174.86670120356,-55.99896285316,1.51));
#5588 = LINE('',#5589,#5590);
#5589 = CARTESIAN_POINT('',(174.86670120356,-55.99896285316,-0.49));
#5590 = VECTOR('',#5591,1.);
#5591 = DIRECTION('',(0.,0.,1.));
#5592 = ORIENTED_EDGE('',*,*,#5593,.T.);
#5593 = EDGE_CURVE('',#5586,#5569,#5594,.T.);
#5594 = B_SPLINE_CURVE_WITH_KNOTS('',3,(#5595,#5596,#5597,#5598),
  .UNSPECIFIED.,.F.,.F.,(4,4),(0.,1.012801052045),
  .PIECEWISE_BEZIER_KNOTS.);
#5595 = CARTESIAN_POINT('',(174.86670120356,-55.99896285316,1.51));
#5596 = CARTESIAN_POINT('',(171.55199396886,-56.64454360267,1.51));
#5597 = CARTESIAN_POINT('',(171.37420120356,-56.62549437782,1.51));
#5598 = CARTESIAN_POINT('',(165.88568608719,-55.04646285316,1.51));
#5599 = B_SPLINE_SURFACE_WITH_KNOTS('',3,1,(
    (#5600,#5601)
    ,(#5602,#5603)
    ,(#5604,#5605)
    ,(#5606,#5607
    )),.UNSPECIFIED.,.F.,.F.,.F.,(4,4),(2,2),(-1.,0.),(0.,0.5),
  .PIECEWISE_BEZIER_KNOTS.);
#5600 = CARTESIAN_POINT('',(165.88568608719,-55.04646285316,-0.49));
#5601 = CARTESIAN_POINT('',(165.88568608719,-55.04646285316,4.51));
#5602 = CARTESIAN_POINT('',(171.37420120356,-56.62549437782,-0.49));
#5603 = CARTESIAN_POINT('',(171.37420120356,-56.62549437782,4.51));
#5604 = CARTESIAN_POINT('',(171.55199396886,-56.64454360267,-0.49));
#5605 = CARTESIAN_POINT('',(171.55199396886,-56.64454360267,4.51));
#5606 = CARTESIAN_POINT('',(174.86670120356,-55.99896285316,-0.49));
#5607 = CARTESIAN_POINT('',(174.86670120356,-55.99896285316,4.51));
#5608 = ADVANCED_FACE('',(#5609),#5636,.F.);
#5609 = FACE_BOUND('',#5610,.F.);
#5610 = EDGE_LOOP('',(#5611,#5621,#5628,#5629));
#5611 = ORIENTED_EDGE('',*,*,#5612,.F.);
#5612 = EDGE_CURVE('',#5613,#5615,#5617,.T.);
#5613 = VERTEX_POINT('',#5614);
#5614 = CARTESIAN_POINT('',(158.37786270259,-52.68426207801,-0.49));
#5615 = VERTEX_POINT('',#5616);
#5616 = CARTESIAN_POINT('',(158.37786270259,-52.68426207801,1.51));
#5617 = LINE('',#5618,#5619);
#5618 = CARTESIAN_POINT('',(158.37786270259,-52.68426207801,-0.49));
#5619 = VECTOR('',#5620,1.);
#5620 = DIRECTION('',(0.,0.,1.));
#5621 = ORIENTED_EDGE('',*,*,#5622,.T.);
#5622 = EDGE_CURVE('',#5613,#5567,#5623,.T.);
#5623 = B_SPLINE_CURVE_WITH_KNOTS('',3,(#5624,#5625,#5626,#5627),
  .UNSPECIFIED.,.F.,.F.,(4,4),(-1.,0.),.PIECEWISE_BEZIER_KNOTS.);
#5624 = CARTESIAN_POINT('',(158.37786270259,-52.68426207801,-0.49));
#5625 = CARTESIAN_POINT('',(160.2468829866,-53.4208579439,-0.49));
#5626 = CARTESIAN_POINT('',(160.39715805171,-53.46742486895,-0.49));
#5627 = CARTESIAN_POINT('',(165.88568608719,-55.04646285316,-0.49));
#5628 = ORIENTED_EDGE('',*,*,#5566,.T.);
#5629 = ORIENTED_EDGE('',*,*,#5630,.T.);
#5630 = EDGE_CURVE('',#5569,#5615,#5631,.T.);
#5631 = B_SPLINE_CURVE_WITH_KNOTS('',3,(#5632,#5633,#5634,#5635),
  .UNSPECIFIED.,.F.,.F.,(4,4),(0.,1.423112500694),
  .PIECEWISE_BEZIER_KNOTS.);
#5632 = CARTESIAN_POINT('',(165.88568608719,-55.04646285316,1.51));
#5633 = CARTESIAN_POINT('',(160.39715805171,-53.46742486895,1.51));
#5634 = CARTESIAN_POINT('',(160.2468829866,-53.4208579439,1.51));
#5635 = CARTESIAN_POINT('',(158.37786270259,-52.68426207801,1.51));
#5636 = B_SPLINE_SURFACE_WITH_KNOTS('',3,1,(
    (#5637,#5638)
    ,(#5639,#5640)
    ,(#5641,#5642)
    ,(#5643,#5644
    )),.UNSPECIFIED.,.F.,.F.,.F.,(4,4),(2,2),(-1.,0.),(0.,0.5),
  .PIECEWISE_BEZIER_KNOTS.);
#5637 = CARTESIAN_POINT('',(158.37786270259,-52.68426207801,-0.49));
#5638 = CARTESIAN_POINT('',(158.37786270259,-52.68426207801,4.51));
#5639 = CARTESIAN_POINT('',(160.2468829866,-53.4208579439,-0.49));
#5640 = CARTESIAN_POINT('',(160.2468829866,-53.4208579439,4.51));
#5641 = CARTESIAN_POINT('',(160.39715805171,-53.46742486895,-0.49));
#5642 = CARTESIAN_POINT('',(160.39715805171,-53.46742486895,4.51));
#5643 = CARTESIAN_POINT('',(165.88568608719,-55.04646285316,-0.49));
#5644 = CARTESIAN_POINT('',(165.88568608719,-55.04646285316,4.51));
#5645 = ADVANCED_FACE('',(#5646),#5673,.F.);
#5646 = FACE_BOUND('',#5647,.F.);
#5647 = EDGE_LOOP('',(#5648,#5658,#5665,#5666));
#5648 = ORIENTED_EDGE('',*,*,#5649,.F.);
#5649 = EDGE_CURVE('',#5650,#5652,#5654,.T.);
#5650 = VERTEX_POINT('',#5651);
#5651 = CARTESIAN_POINT('',(160.06485275386,-39.6328946362,-0.49));
#5652 = VERTEX_POINT('',#5653);
#5653 = CARTESIAN_POINT('',(160.06485275386,-39.6328946362,1.51));
#5654 = LINE('',#5655,#5656);
#5655 = CARTESIAN_POINT('',(160.06485275386,-39.6328946362,-0.49));
#5656 = VECTOR('',#5657,1.);
#5657 = DIRECTION('',(0.,0.,1.));
#5658 = ORIENTED_EDGE('',*,*,#5659,.T.);
#5659 = EDGE_CURVE('',#5650,#5613,#5660,.T.);
#5660 = B_SPLINE_CURVE_WITH_KNOTS('',3,(#5661,#5662,#5663,#5664),
  .UNSPECIFIED.,.F.,.F.,(4,4),(-1.,0.),.PIECEWISE_BEZIER_KNOTS.);
#5661 = CARTESIAN_POINT('',(160.06485275386,-39.6328946362,-0.49));
#5662 = CARTESIAN_POINT('',(156.54271631994,-51.68519515296,-0.49));
#5663 = CARTESIAN_POINT('',(156.50884241857,-51.94554101885,-0.49));
#5664 = CARTESIAN_POINT('',(158.37786270259,-52.68426207801,-0.49));
#5665 = ORIENTED_EDGE('',*,*,#5612,.T.);
#5666 = ORIENTED_EDGE('',*,*,#5667,.T.);
#5667 = EDGE_CURVE('',#5615,#5652,#5668,.T.);
#5668 = B_SPLINE_CURVE_WITH_KNOTS('',3,(#5669,#5670,#5671,#5672),
  .UNSPECIFIED.,.F.,.F.,(4,4),(0.,0.615000941242),
  .PIECEWISE_BEZIER_KNOTS.);
#5669 = CARTESIAN_POINT('',(158.37786270259,-52.68426207801,1.51));
#5670 = CARTESIAN_POINT('',(156.50884241857,-51.94554101885,1.51));
#5671 = CARTESIAN_POINT('',(156.54271631994,-51.68519515296,1.51));
#5672 = CARTESIAN_POINT('',(160.06485275386,-39.6328946362,1.51));
#5673 = B_SPLINE_SURFACE_WITH_KNOTS('',3,1,(
    (#5674,#5675)
    ,(#5676,#5677)
    ,(#5678,#5679)
    ,(#5680,#5681
    )),.UNSPECIFIED.,.F.,.F.,.F.,(4,4),(2,2),(-1.,0.),(0.,0.5),
  .PIECEWISE_BEZIER_KNOTS.);
#5674 = CARTESIAN_POINT('',(160.06485275386,-39.6328946362,-0.49));
#5675 = CARTESIAN_POINT('',(160.06485275386,-39.6328946362,4.51));
#5676 = CARTESIAN_POINT('',(156.54271631994,-51.68519515296,-0.49));
#5677 = CARTESIAN_POINT('',(156.54271631994,-51.68519515296,4.51));
#5678 = CARTESIAN_POINT('',(156.50884241857,-51.94554101885,-0.49));
#5679 = CARTESIAN_POINT('',(156.50884241857,-51.94554101885,4.51));
#5680 = CARTESIAN_POINT('',(158.37786270259,-52.68426207801,-0.49));
#5681 = CARTESIAN_POINT('',(158.37786270259,-52.68426207801,4.51));
#5682 = ADVANCED_FACE('',(#5683),#5710,.F.);
#5683 = FACE_BOUND('',#5684,.F.);
#5684 = EDGE_LOOP('',(#5685,#5695,#5702,#5703));
#5685 = ORIENTED_EDGE('',*,*,#5686,.F.);
#5686 = EDGE_CURVE('',#5687,#5689,#5691,.T.);
#5687 = VERTEX_POINT('',#5688);
#5688 = CARTESIAN_POINT('',(169.80786270259,-32.50819386105,-0.49));
#5689 = VERTEX_POINT('',#5690);
#5690 = CARTESIAN_POINT('',(169.80786270259,-32.50819386105,1.51));
#5691 = LINE('',#5692,#5693);
#5692 = CARTESIAN_POINT('',(169.80786270259,-32.50819386105,-0.49));
#5693 = VECTOR('',#5694,1.);
#5694 = DIRECTION('',(0.,0.,1.));
#5695 = ORIENTED_EDGE('',*,*,#5696,.T.);
#5696 = EDGE_CURVE('',#5687,#5650,#5697,.T.);
#5697 = B_SPLINE_CURVE_WITH_KNOTS('',3,(#5698,#5699,#5700,#5701),
  .UNSPECIFIED.,.F.,.F.,(4,4),(-1.,0.),.PIECEWISE_BEZIER_KNOTS.);
#5698 = CARTESIAN_POINT('',(169.80786270259,-32.50819386105,-0.49));
#5699 = CARTESIAN_POINT('',(163.78382471838,-27.4366623364,-0.49));
#5700 = CARTESIAN_POINT('',(163.58909500239,-27.57847538571,-0.49));
#5701 = CARTESIAN_POINT('',(160.06485275386,-39.6328946362,-0.49));
#5702 = ORIENTED_EDGE('',*,*,#5649,.T.);
#5703 = ORIENTED_EDGE('',*,*,#5704,.T.);
#5704 = EDGE_CURVE('',#5652,#5689,#5705,.T.);
#5705 = B_SPLINE_CURVE_WITH_KNOTS('',3,(#5706,#5707,#5708,#5709),
  .UNSPECIFIED.,.F.,.F.,(4,4),(0.,3.679894722676),
  .PIECEWISE_BEZIER_KNOTS.);
#5706 = CARTESIAN_POINT('',(160.06485275386,-39.6328946362,1.51));
#5707 = CARTESIAN_POINT('',(163.58909500239,-27.57847538571,1.51));
#5708 = CARTESIAN_POINT('',(163.78382471838,-27.4366623364,1.51));
#5709 = CARTESIAN_POINT('',(169.80786270259,-32.50819386105,1.51));
#5710 = B_SPLINE_SURFACE_WITH_KNOTS('',3,1,(
    (#5711,#5712)
    ,(#5713,#5714)
    ,(#5715,#5716)
    ,(#5717,#5718
    )),.UNSPECIFIED.,.F.,.F.,.F.,(4,4),(2,2),(-1.,0.),(0.,0.5),
  .PIECEWISE_BEZIER_KNOTS.);
#5711 = CARTESIAN_POINT('',(169.80786270259,-32.50819386105,-0.49));
#5712 = CARTESIAN_POINT('',(169.80786270259,-32.50819386105,4.51));
#5713 = CARTESIAN_POINT('',(163.78382471838,-27.4366623364,-0.49));
#5714 = CARTESIAN_POINT('',(163.78382471838,-27.4366623364,4.51));
#5715 = CARTESIAN_POINT('',(163.58909500239,-27.57847538571,-0.49));
#5716 = CARTESIAN_POINT('',(163.58909500239,-27.57847538571,4.51));
#5717 = CARTESIAN_POINT('',(160.06485275386,-39.6328946362,-0.49));
#5718 = CARTESIAN_POINT('',(160.06485275386,-39.6328946362,4.51));
#5719 = ADVANCED_FACE('',(#5720),#5747,.F.);
#5720 = FACE_BOUND('',#5721,.F.);
#5721 = EDGE_LOOP('',(#5722,#5732,#5739,#5740));
#5722 = ORIENTED_EDGE('',*,*,#5723,.F.);
#5723 = EDGE_CURVE('',#5724,#5726,#5728,.T.);
#5724 = VERTEX_POINT('',#5725);
#5725 = CARTESIAN_POINT('',(177.7559434521,-43.22275949419,-0.49));
#5726 = VERTEX_POINT('',#5727);
#5727 = CARTESIAN_POINT('',(177.7559434521,-43.22275949419,1.51));
#5728 = LINE('',#5729,#5730);
#5729 = CARTESIAN_POINT('',(177.7559434521,-43.22275949419,-0.49));
#5730 = VECTOR('',#5731,1.);
#5731 = DIRECTION('',(0.,0.,1.));
#5732 = ORIENTED_EDGE('',*,*,#5733,.T.);
#5733 = EDGE_CURVE('',#5724,#5687,#5734,.T.);
#5734 = B_SPLINE_CURVE_WITH_KNOTS('',3,(#5735,#5736,#5737,#5738),
  .UNSPECIFIED.,.F.,.F.,(4,4),(-1.,0.),.PIECEWISE_BEZIER_KNOTS.);
#5735 = CARTESIAN_POINT('',(177.7559434521,-43.22275949419,-0.49));
#5736 = CARTESIAN_POINT('',(175.99276942052,-37.79562951983,-0.49));
#5737 = CARTESIAN_POINT('',(175.8319006868,-37.58184411944,-0.49));
#5738 = CARTESIAN_POINT('',(169.80786270259,-32.50819386105,-0.49));
#5739 = ORIENTED_EDGE('',*,*,#5686,.T.);
#5740 = ORIENTED_EDGE('',*,*,#5741,.T.);
#5741 = EDGE_CURVE('',#5689,#5726,#5742,.T.);
#5742 = B_SPLINE_CURVE_WITH_KNOTS('',3,(#5743,#5744,#5745,#5746),
  .UNSPECIFIED.,.F.,.F.,(4,4),(0.,2.364386007833),
  .PIECEWISE_BEZIER_KNOTS.);
#5743 = CARTESIAN_POINT('',(169.80786270259,-32.50819386105,1.51));
#5744 = CARTESIAN_POINT('',(175.8319006868,-37.58184411944,1.51));
#5745 = CARTESIAN_POINT('',(175.99276942052,-37.79562951983,1.51));
#5746 = CARTESIAN_POINT('',(177.7559434521,-43.22275949419,1.51));
#5747 = B_SPLINE_SURFACE_WITH_KNOTS('',3,1,(
    (#5748,#5749)
    ,(#5750,#5751)
    ,(#5752,#5753)
    ,(#5754,#5755
    )),.UNSPECIFIED.,.F.,.F.,.F.,(4,4),(2,2),(-1.,0.),(0.,0.5),
  .PIECEWISE_BEZIER_KNOTS.);
#5748 = CARTESIAN_POINT('',(177.7559434521,-43.22275949419,-0.49));
#5749 = CARTESIAN_POINT('',(177.7559434521,-43.22275949419,4.51));
#5750 = CARTESIAN_POINT('',(175.99276942052,-37.79562951983,-0.49));
#5751 = CARTESIAN_POINT('',(175.99276942052,-37.79562951983,4.51));
#5752 = CARTESIAN_POINT('',(175.8319006868,-37.58184411944,-0.49));
#5753 = CARTESIAN_POINT('',(175.8319006868,-37.58184411944,4.51));
#5754 = CARTESIAN_POINT('',(169.80786270259,-32.50819386105,-0.49));
#5755 = CARTESIAN_POINT('',(169.80786270259,-32.50819386105,4.51));
#5756 = ADVANCED_FACE('',(#5757),#5784,.F.);
#5757 = FACE_BOUND('',#5758,.F.);
#5758 = EDGE_LOOP('',(#5759,#5769,#5776,#5777));
#5759 = ORIENTED_EDGE('',*,*,#5760,.F.);
#5760 = EDGE_CURVE('',#5761,#5763,#5765,.T.);
#5761 = VERTEX_POINT('',#5762);
#5762 = CARTESIAN_POINT('',(178.90106735347,-52.05137435218,-0.49));
#5763 = VERTEX_POINT('',#5764);
#5764 = CARTESIAN_POINT('',(178.90106735347,-52.05137435218,1.51));
#5765 = LINE('',#5766,#5767);
#5766 = CARTESIAN_POINT('',(178.90106735347,-52.05137435218,-0.49));
#5767 = VECTOR('',#5768,1.);
#5768 = DIRECTION('',(0.,0.,1.));
#5769 = ORIENTED_EDGE('',*,*,#5770,.T.);
#5770 = EDGE_CURVE('',#5761,#5724,#5771,.T.);
#5771 = B_SPLINE_CURVE_WITH_KNOTS('',3,(#5772,#5773,#5774,#5775),
  .UNSPECIFIED.,.F.,.F.,(4,4),(-1.,0.),.PIECEWISE_BEZIER_KNOTS.);
#5772 = CARTESIAN_POINT('',(178.90106735347,-52.05137435218,-0.49));
#5773 = CARTESIAN_POINT('',(179.54241063553,-48.82769515296,-0.49));
#5774 = CARTESIAN_POINT('',(179.51913040278,-48.65200820228,-0.49));
#5775 = CARTESIAN_POINT('',(177.7559434521,-43.22275949419,-0.49));
#5776 = ORIENTED_EDGE('',*,*,#5723,.T.);
#5777 = ORIENTED_EDGE('',*,*,#5778,.T.);
#5778 = EDGE_CURVE('',#5726,#5763,#5779,.T.);
#5779 = B_SPLINE_CURVE_WITH_KNOTS('',3,(#5780,#5781,#5782,#5783),
  .UNSPECIFIED.,.F.,.F.,(4,4),(0.,1.714970872304),
  .PIECEWISE_BEZIER_KNOTS.);
#5780 = CARTESIAN_POINT('',(177.7559434521,-43.22275949419,1.51));
#5781 = CARTESIAN_POINT('',(179.51913040278,-48.65200820228,1.51));
#5782 = CARTESIAN_POINT('',(179.54241063553,-48.82769515296,1.51));
#5783 = CARTESIAN_POINT('',(178.90106735347,-52.05137435218,1.51));
#5784 = B_SPLINE_SURFACE_WITH_KNOTS('',3,1,(
    (#5785,#5786)
    ,(#5787,#5788)
    ,(#5789,#5790)
    ,(#5791,#5792
    )),.UNSPECIFIED.,.F.,.F.,.F.,(4,4),(2,2),(-1.,0.),(0.,0.5),
  .PIECEWISE_BEZIER_KNOTS.);
#5785 = CARTESIAN_POINT('',(178.90106735347,-52.05137435218,-0.49));
#5786 = CARTESIAN_POINT('',(178.90106735347,-52.05137435218,4.51));
#5787 = CARTESIAN_POINT('',(179.54241063553,-48.82769515296,-0.49));
#5788 = CARTESIAN_POINT('',(179.54241063553,-48.82769515296,4.51));
#5789 = CARTESIAN_POINT('',(179.51913040278,-48.65200820228,-0.49));
#5790 = CARTESIAN_POINT('',(179.51913040278,-48.65200820228,4.51));
#5791 = CARTESIAN_POINT('',(177.7559434521,-43.22275949419,-0.49));
#5792 = CARTESIAN_POINT('',(177.7559434521,-43.22275949419,4.51));
#5793 = ADVANCED_FACE('',(#5794),#5812,.F.);
#5794 = FACE_BOUND('',#5795,.F.);
#5795 = EDGE_LOOP('',(#5796,#5797,#5804,#5805));
#5796 = ORIENTED_EDGE('',*,*,#5585,.F.);
#5797 = ORIENTED_EDGE('',*,*,#5798,.T.);
#5798 = EDGE_CURVE('',#5577,#5761,#5799,.T.);
#5799 = B_SPLINE_CURVE_WITH_KNOTS('',3,(#5800,#5801,#5802,#5803),
  .UNSPECIFIED.,.F.,.F.,(4,4),(-1.,0.),.PIECEWISE_BEZIER_KNOTS.);
#5800 = CARTESIAN_POINT('',(174.86670120356,-55.99896285316,-0.49));
#5801 = CARTESIAN_POINT('',(178.17927678543,-55.35337564409,-0.49));
#5802 = CARTESIAN_POINT('',(178.2597111523,-55.27506001096,-0.49));
#5803 = CARTESIAN_POINT('',(178.90106735347,-52.05137435218,-0.49));
#5804 = ORIENTED_EDGE('',*,*,#5760,.T.);
#5805 = ORIENTED_EDGE('',*,*,#5806,.T.);
#5806 = EDGE_CURVE('',#5763,#5586,#5807,.T.);
#5807 = B_SPLINE_CURVE_WITH_KNOTS('',3,(#5808,#5809,#5810,#5811),
  .UNSPECIFIED.,.F.,.F.,(4,4),(0.,0.993435966362),
  .PIECEWISE_BEZIER_KNOTS.);
#5808 = CARTESIAN_POINT('',(178.90106735347,-52.05137435218,1.51));
#5809 = CARTESIAN_POINT('',(178.2597111523,-55.27506001096,1.51));
#5810 = CARTESIAN_POINT('',(178.17927678543,-55.35337564409,1.51));
#5811 = CARTESIAN_POINT('',(174.86670120356,-55.99896285316,1.51));
#5812 = B_SPLINE_SURFACE_WITH_KNOTS('',3,1,(
    (#5813,#5814)
    ,(#5815,#5816)
    ,(#5817,#5818)
    ,(#5819,#5820
    )),.UNSPECIFIED.,.F.,.F.,.F.,(4,4),(2,2),(-1.,0.),(0.,0.5),
  .PIECEWISE_BEZIER_KNOTS.);
#5813 = CARTESIAN_POINT('',(174.86670120356,-55.99896285316,-0.49));
#5814 = CARTESIAN_POINT('',(174.86670120356,-55.99896285316,4.51));
#5815 = CARTESIAN_POINT('',(178.17927678543,-55.35337564409,-0.49));
#5816 = CARTESIAN_POINT('',(178.17927678543,-55.35337564409,4.51));
#5817 = CARTESIAN_POINT('',(178.2597111523,-55.27506001096,-0.49));
#5818 = CARTESIAN_POINT('',(178.2597111523,-55.27506001096,4.51));
#5819 = CARTESIAN_POINT('',(178.90106735347,-52.05137435218,-0.49));
#5820 = CARTESIAN_POINT('',(178.90106735347,-52.05137435218,4.51));
#5821 = ADVANCED_FACE('',(#5822),#5858,.F.);
#5822 = FACE_BOUND('',#5823,.F.);
#5823 = EDGE_LOOP('',(#5824,#5834,#5843,#5851));
#5824 = ORIENTED_EDGE('',*,*,#5825,.F.);
#5825 = EDGE_CURVE('',#5826,#5828,#5830,.T.);
#5826 = VERTEX_POINT('',#5827);
#5827 = CARTESIAN_POINT('',(190.9046757519,-34.70952590248,-0.49));
#5828 = VERTEX_POINT('',#5829);
#5829 = CARTESIAN_POINT('',(190.9046757519,-34.70952590248,1.51));
#5830 = LINE('',#5831,#5832);
#5831 = CARTESIAN_POINT('',(190.9046757519,-34.70952590248,-0.49));
#5832 = VECTOR('',#5833,1.);
#5833 = DIRECTION('',(0.,0.,1.));
#5834 = ORIENTED_EDGE('',*,*,#5835,.T.);
#5835 = EDGE_CURVE('',#5826,#5836,#5838,.T.);
#5836 = VERTEX_POINT('',#5837);
#5837 = CARTESIAN_POINT('',(199.80103195308,-37.09077590248,-0.49));
#5838 = B_SPLINE_CURVE_WITH_KNOTS('',3,(#5839,#5840,#5841,#5842),
  .UNSPECIFIED.,.F.,.F.,(4,4),(-1.,0.),.PIECEWISE_BEZIER_KNOTS.);
#5839 = CARTESIAN_POINT('',(190.9046757519,-34.70952590248,-0.49));
#5840 = CARTESIAN_POINT('',(191.29838557043,-41.30294127723,-0.49));
#5841 = CARTESIAN_POINT('',(191.47617833573,-41.351626936,-0.49));
#5842 = CARTESIAN_POINT('',(199.80103195308,-37.09077590248,-0.49));
#5843 = ORIENTED_EDGE('',*,*,#5844,.T.);
#5844 = EDGE_CURVE('',#5836,#5845,#5847,.T.);
#5845 = VERTEX_POINT('',#5846);
#5846 = CARTESIAN_POINT('',(199.80103195308,-37.09077590248,1.51));
#5847 = LINE('',#5848,#5849);
#5848 = CARTESIAN_POINT('',(199.80103195308,-37.09077590248,-0.49));
#5849 = VECTOR('',#5850,1.);
#5850 = DIRECTION('',(0.,0.,1.));
#5851 = ORIENTED_EDGE('',*,*,#5852,.T.);
#5852 = EDGE_CURVE('',#5845,#5828,#5853,.T.);
#5853 = B_SPLINE_CURVE_WITH_KNOTS('',3,(#5854,#5855,#5856,#5857),
  .UNSPECIFIED.,.F.,.F.,(4,4),(0.,2.934921493125),
  .PIECEWISE_BEZIER_KNOTS.);
#5854 = CARTESIAN_POINT('',(199.80103195308,-37.09077590248,1.51));
#5855 = CARTESIAN_POINT('',(191.47617833573,-41.351626936,1.51));
#5856 = CARTESIAN_POINT('',(191.29838557043,-41.30294127723,1.51));
#5857 = CARTESIAN_POINT('',(190.9046757519,-34.70952590248,1.51));
#5858 = B_SPLINE_SURFACE_WITH_KNOTS('',3,1,(
    (#5859,#5860)
    ,(#5861,#5862)
    ,(#5863,#5864)
    ,(#5865,#5866
    )),.UNSPECIFIED.,.F.,.F.,.F.,(4,4),(2,2),(-1.,0.),(0.,0.5),
  .PIECEWISE_BEZIER_KNOTS.);
#5859 = CARTESIAN_POINT('',(190.9046757519,-34.70952590248,-0.49));
#5860 = CARTESIAN_POINT('',(190.9046757519,-34.70952590248,4.51));
#5861 = CARTESIAN_POINT('',(191.29838557043,-41.30294127723,-0.49));
#5862 = CARTESIAN_POINT('',(191.29838557043,-41.30294127723,4.51));
#5863 = CARTESIAN_POINT('',(191.47617833573,-41.351626936,-0.49));
#5864 = CARTESIAN_POINT('',(191.47617833573,-41.351626936,4.51));
#5865 = CARTESIAN_POINT('',(199.80103195308,-37.09077590248,-0.49));
#5866 = CARTESIAN_POINT('',(199.80103195308,-37.09077590248,4.51));
#5867 = ADVANCED_FACE('',(#5868),#5895,.F.);
#5868 = FACE_BOUND('',#5869,.F.);
#5869 = EDGE_LOOP('',(#5870,#5880,#5887,#5888));
#5870 = ORIENTED_EDGE('',*,*,#5871,.F.);
#5871 = EDGE_CURVE('',#5872,#5874,#5876,.T.);
#5872 = VERTEX_POINT('',#5873);
#5873 = CARTESIAN_POINT('',(193.62460017004,-25.29882771115,-0.49));
#5874 = VERTEX_POINT('',#5875);
#5875 = CARTESIAN_POINT('',(193.62460017004,-25.29882771115,1.51));
#5876 = LINE('',#5877,#5878);
#5877 = CARTESIAN_POINT('',(193.62460017004,-25.29882771115,-0.49));
#5878 = VECTOR('',#5879,1.);
#5879 = DIRECTION('',(0.,0.,1.));
#5880 = ORIENTED_EDGE('',*,*,#5881,.T.);
#5881 = EDGE_CURVE('',#5872,#5826,#5882,.T.);
#5882 = B_SPLINE_CURVE_WITH_KNOTS('',3,(#5883,#5884,#5885,#5886),
  .UNSPECIFIED.,.F.,.F.,(4,4),(-1.,0.),.PIECEWISE_BEZIER_KNOTS.);
#5883 = CARTESIAN_POINT('',(193.62460017004,-25.29882771115,-0.49));
#5884 = CARTESIAN_POINT('',(190.56601425288,-27.92561181963,-0.49));
#5885 = CARTESIAN_POINT('',(190.51097885249,-28.113991794,-0.49));
#5886 = CARTESIAN_POINT('',(190.9046757519,-34.70952590248,-0.49));
#5887 = ORIENTED_EDGE('',*,*,#5825,.T.);
#5888 = ORIENTED_EDGE('',*,*,#5889,.T.);
#5889 = EDGE_CURVE('',#5828,#5874,#5890,.T.);
#5890 = B_SPLINE_CURVE_WITH_KNOTS('',3,(#5891,#5892,#5893,#5894),
  .UNSPECIFIED.,.F.,.F.,(4,4),(0.,1.987243470776),
  .PIECEWISE_BEZIER_KNOTS.);
#5891 = CARTESIAN_POINT('',(190.9046757519,-34.70952590248,1.51));
#5892 = CARTESIAN_POINT('',(190.51097885249,-28.113991794,1.51));
#5893 = CARTESIAN_POINT('',(190.56601425288,-27.92561181963,1.51));
#5894 = CARTESIAN_POINT('',(193.62460017004,-25.29882771115,1.51));
#5895 = B_SPLINE_SURFACE_WITH_KNOTS('',3,1,(
    (#5896,#5897)
    ,(#5898,#5899)
    ,(#5900,#5901)
    ,(#5902,#5903
    )),.UNSPECIFIED.,.F.,.F.,.F.,(4,4),(2,2),(-1.,0.),(0.,0.5),
  .PIECEWISE_BEZIER_KNOTS.);
#5896 = CARTESIAN_POINT('',(193.62460017004,-25.29882771115,-0.49));
#5897 = CARTESIAN_POINT('',(193.62460017004,-25.29882771115,4.51));
#5898 = CARTESIAN_POINT('',(190.56601425288,-27.92561181963,-0.49));
#5899 = CARTESIAN_POINT('',(190.56601425288,-27.92561181963,4.51));
#5900 = CARTESIAN_POINT('',(190.51097885249,-28.113991794,-0.49));
#5901 = CARTESIAN_POINT('',(190.51097885249,-28.113991794,4.51));
#5902 = CARTESIAN_POINT('',(190.9046757519,-34.70952590248,-0.49));
#5903 = CARTESIAN_POINT('',(190.9046757519,-34.70952590248,4.51));
#5904 = ADVANCED_FACE('',(#5905),#5932,.F.);
#5905 = FACE_BOUND('',#5906,.F.);
#5906 = EDGE_LOOP('',(#5907,#5917,#5924,#5925));
#5907 = ORIENTED_EDGE('',*,*,#5908,.F.);
#5908 = EDGE_CURVE('',#5909,#5911,#5913,.T.);
#5909 = VERTEX_POINT('',#5910);
#5910 = CARTESIAN_POINT('',(202.52306218582,-22.619126936,-0.49));
#5911 = VERTEX_POINT('',#5912);
#5912 = CARTESIAN_POINT('',(202.52306218582,-22.619126936,1.51));
#5913 = LINE('',#5914,#5915);
#5914 = CARTESIAN_POINT('',(202.52306218582,-22.619126936,-0.49));
#5915 = VECTOR('',#5916,1.);
#5916 = DIRECTION('',(0.,0.,1.));
#5917 = ORIENTED_EDGE('',*,*,#5918,.T.);
#5918 = EDGE_CURVE('',#5909,#5872,#5919,.T.);
#5919 = B_SPLINE_CURVE_WITH_KNOTS('',3,(#5920,#5921,#5922,#5923),
  .UNSPECIFIED.,.F.,.F.,(4,4),(-1.,0.),.PIECEWISE_BEZIER_KNOTS.);
#5920 = CARTESIAN_POINT('',(202.52306218582,-22.619126936,-0.49));
#5921 = CARTESIAN_POINT('',(196.86309758621,-22.619126936,-0.49));
#5922 = CARTESIAN_POINT('',(196.68529190181,-22.6741623364,-0.49));
#5923 = CARTESIAN_POINT('',(193.62460017004,-25.29882771115,-0.49));
#5924 = ORIENTED_EDGE('',*,*,#5871,.T.);
#5925 = ORIENTED_EDGE('',*,*,#5926,.T.);
#5926 = EDGE_CURVE('',#5874,#5911,#5927,.T.);
#5927 = B_SPLINE_CURVE_WITH_KNOTS('',3,(#5928,#5929,#5930,#5931),
  .UNSPECIFIED.,.F.,.F.,(4,4),(0.,1.214910436843),
  .PIECEWISE_BEZIER_KNOTS.);
#5928 = CARTESIAN_POINT('',(193.62460017004,-25.29882771115,1.51));
#5929 = CARTESIAN_POINT('',(196.68529190181,-22.6741623364,1.51));
#5930 = CARTESIAN_POINT('',(196.86309758621,-22.619126936,1.51));
#5931 = CARTESIAN_POINT('',(202.52306218582,-22.619126936,1.51));
#5932 = B_SPLINE_SURFACE_WITH_KNOTS('',3,1,(
    (#5933,#5934)
    ,(#5935,#5936)
    ,(#5937,#5938)
    ,(#5939,#5940
    )),.UNSPECIFIED.,.F.,.F.,.F.,(4,4),(2,2),(-1.,0.),(0.,0.5),
  .PIECEWISE_BEZIER_KNOTS.);
#5933 = CARTESIAN_POINT('',(202.52306218582,-22.619126936,-0.49));
#5934 = CARTESIAN_POINT('',(202.52306218582,-22.619126936,4.51));
#5935 = CARTESIAN_POINT('',(196.86309758621,-22.619126936,-0.49));
#5936 = CARTESIAN_POINT('',(196.86309758621,-22.619126936,4.51));
#5937 = CARTESIAN_POINT('',(196.68529190181,-22.6741623364,-0.49));
#5938 = CARTESIAN_POINT('',(196.68529190181,-22.6741623364,4.51));
#5939 = CARTESIAN_POINT('',(193.62460017004,-25.29882771115,-0.49));
#5940 = CARTESIAN_POINT('',(193.62460017004,-25.29882771115,4.51));
#5941 = ADVANCED_FACE('',(#5942),#5969,.F.);
#5942 = FACE_BOUND('',#5943,.F.);
#5943 = EDGE_LOOP('',(#5944,#5954,#5961,#5962));
#5944 = ORIENTED_EDGE('',*,*,#5945,.F.);
#5945 = EDGE_CURVE('',#5946,#5948,#5950,.T.);
#5946 = VERTEX_POINT('',#5947);
#5947 = CARTESIAN_POINT('',(208.29733505366,-27.68219644488,-0.49));
#5948 = VERTEX_POINT('',#5949);
#5949 = CARTESIAN_POINT('',(208.29733505366,-27.68219644488,1.51));
#5950 = LINE('',#5951,#5952);
#5951 = CARTESIAN_POINT('',(208.29733505366,-27.68219644488,-0.49));
#5952 = VECTOR('',#5953,1.);
#5953 = DIRECTION('',(0.,0.,1.));
#5954 = ORIENTED_EDGE('',*,*,#5955,.T.);
#5955 = EDGE_CURVE('',#5946,#5909,#5956,.T.);
#5956 = B_SPLINE_CURVE_WITH_KNOTS('',3,(#5957,#5958,#5959,#5960),
  .UNSPECIFIED.,.F.,.F.,(4,4),(-1.,0.),.PIECEWISE_BEZIER_KNOTS.);
#5957 = CARTESIAN_POINT('',(208.29733505366,-27.68219644488,-0.49));
#5958 = CARTESIAN_POINT('',(208.29733505366,-22.72072926144,-0.49));
#5959 = CARTESIAN_POINT('',(208.18090805171,-22.619126936,-0.49));
#5960 = CARTESIAN_POINT('',(202.52306218582,-22.619126936,-0.49));
#5961 = ORIENTED_EDGE('',*,*,#5908,.T.);
#5962 = ORIENTED_EDGE('',*,*,#5963,.T.);
#5963 = EDGE_CURVE('',#5911,#5948,#5964,.T.);
#5964 = B_SPLINE_CURVE_WITH_KNOTS('',3,(#5965,#5966,#5967,#5968),
  .UNSPECIFIED.,.F.,.F.,(4,4),(0.,1.706153783835),
  .PIECEWISE_BEZIER_KNOTS.);
#5965 = CARTESIAN_POINT('',(202.52306218582,-22.619126936,1.51));
#5966 = CARTESIAN_POINT('',(208.18090805171,-22.619126936,1.51));
#5967 = CARTESIAN_POINT('',(208.29733505366,-22.72072926144,1.51));
#5968 = CARTESIAN_POINT('',(208.29733505366,-27.68219644488,1.51));
#5969 = B_SPLINE_SURFACE_WITH_KNOTS('',3,1,(
    (#5970,#5971)
    ,(#5972,#5973)
    ,(#5974,#5975)
    ,(#5976,#5977
    )),.UNSPECIFIED.,.F.,.F.,.F.,(4,4),(2,2),(-1.,0.),(0.,0.5),
  .PIECEWISE_BEZIER_KNOTS.);
#5970 = CARTESIAN_POINT('',(208.29733505366,-27.68219644488,-0.49));
#5971 = CARTESIAN_POINT('',(208.29733505366,-27.68219644488,4.51));
#5972 = CARTESIAN_POINT('',(208.29733505366,-22.72072926144,-0.49));
#5973 = CARTESIAN_POINT('',(208.29733505366,-22.72072926144,4.51));
#5974 = CARTESIAN_POINT('',(208.18090805171,-22.619126936,-0.49));
#5975 = CARTESIAN_POINT('',(208.18090805171,-22.619126936,4.51));
#5976 = CARTESIAN_POINT('',(202.52306218582,-22.619126936,-0.49));
#5977 = CARTESIAN_POINT('',(202.52306218582,-22.619126936,4.51));
#5978 = ADVANCED_FACE('',(#5979),#5997,.F.);
#5979 = FACE_BOUND('',#5980,.F.);
#5980 = EDGE_LOOP('',(#5981,#5982,#5989,#5990));
#5981 = ORIENTED_EDGE('',*,*,#5844,.F.);
#5982 = ORIENTED_EDGE('',*,*,#5983,.T.);
#5983 = EDGE_CURVE('',#5836,#5946,#5984,.T.);
#5984 = B_SPLINE_CURVE_WITH_KNOTS('',3,(#5985,#5986,#5987,#5988),
  .UNSPECIFIED.,.F.,.F.,(4,4),(-1.,0.),.PIECEWISE_BEZIER_KNOTS.);
#5985 = CARTESIAN_POINT('',(199.80103195308,-37.09077590248,-0.49));
#5986 = CARTESIAN_POINT('',(208.12799138504,-32.82992486895,-0.49));
#5987 = CARTESIAN_POINT('',(208.29733505366,-32.64154489458,-0.49));
#5988 = CARTESIAN_POINT('',(208.29733505366,-27.68219644488,-0.49));
#5989 = ORIENTED_EDGE('',*,*,#5945,.T.);
#5990 = ORIENTED_EDGE('',*,*,#5991,.T.);
#5991 = EDGE_CURVE('',#5948,#5845,#5992,.T.);
#5992 = B_SPLINE_CURVE_WITH_KNOTS('',3,(#5993,#5994,#5995,#5996),
  .UNSPECIFIED.,.F.,.F.,(4,4),(0.,1.454245653315),
  .PIECEWISE_BEZIER_KNOTS.);
#5993 = CARTESIAN_POINT('',(208.29733505366,-27.68219644488,1.51));
#5994 = CARTESIAN_POINT('',(208.29733505366,-32.64154489458,1.51));
#5995 = CARTESIAN_POINT('',(208.12799138504,-32.82992486895,1.51));
#5996 = CARTESIAN_POINT('',(199.80103195308,-37.09077590248,1.51));
#5997 = B_SPLINE_SURFACE_WITH_KNOTS('',3,1,(
    (#5998,#5999)
    ,(#6000,#6001)
    ,(#6002,#6003)
    ,(#6004,#6005
    )),.UNSPECIFIED.,.F.,.F.,.F.,(4,4),(2,2),(-1.,0.),(0.,0.5),
  .PIECEWISE_BEZIER_KNOTS.);
#5998 = CARTESIAN_POINT('',(199.80103195308,-37.09077590248,-0.49));
#5999 = CARTESIAN_POINT('',(199.80103195308,-37.09077590248,4.51));
#6000 = CARTESIAN_POINT('',(208.12799138504,-32.82992486895,-0.49));
#6001 = CARTESIAN_POINT('',(208.12799138504,-32.82992486895,4.51));
#6002 = CARTESIAN_POINT('',(208.29733505366,-32.64154489458,-0.49));
#6003 = CARTESIAN_POINT('',(208.29733505366,-32.64154489458,4.51));
#6004 = CARTESIAN_POINT('',(208.29733505366,-27.68219644488,-0.49));
#6005 = CARTESIAN_POINT('',(208.29733505366,-27.68219644488,4.51));
#6006 = ADVANCED_FACE('',(#6007),#6043,.F.);
#6007 = FACE_BOUND('',#6008,.F.);
#6008 = EDGE_LOOP('',(#6009,#6019,#6028,#6036));
#6009 = ORIENTED_EDGE('',*,*,#6010,.F.);
#6010 = EDGE_CURVE('',#6011,#6013,#6015,.T.);
#6011 = VERTEX_POINT('',#6012);
#6012 = CARTESIAN_POINT('',(125.09661785278,-119.7780407944,-0.49));
#6013 = VERTEX_POINT('',#6014);
#6014 = CARTESIAN_POINT('',(125.09661785278,-119.7780407944,1.51));
#6015 = LINE('',#6016,#6017);
#6016 = CARTESIAN_POINT('',(125.09661785278,-119.7780407944,-0.49));
#6017 = VECTOR('',#6018,1.);
#6018 = DIRECTION('',(0.,0.,1.));
#6019 = ORIENTED_EDGE('',*,*,#6020,.T.);
#6020 = EDGE_CURVE('',#6011,#6021,#6023,.T.);
#6021 = VERTEX_POINT('',#6022);
#6022 = CARTESIAN_POINT('',(113.21598931259,-113.9748538252,-0.49));
#6023 = B_SPLINE_CURVE_WITH_KNOTS('',3,(#6024,#6025,#6026,#6027),
  .UNSPECIFIED.,.F.,.F.,(4,4),(0.,1.),.PIECEWISE_BEZIER_KNOTS.);
#6024 = CARTESIAN_POINT('',(125.09661785278,-119.7780407944,-0.49));
#6025 = CARTESIAN_POINT('',(122.40613398606,-115.1179860403,-0.49));
#6026 = CARTESIAN_POINT('',(122.16602168065,-115.0010419797,-0.49));
#6027 = CARTESIAN_POINT('',(113.21598931259,-113.9748538252,-0.49));
#6028 = ORIENTED_EDGE('',*,*,#6029,.T.);
#6029 = EDGE_CURVE('',#6021,#6030,#6032,.T.);
#6030 = VERTEX_POINT('',#6031);
#6031 = CARTESIAN_POINT('',(113.21598931259,-113.9748538252,1.51));
#6032 = LINE('',#6033,#6034);
#6033 = CARTESIAN_POINT('',(113.21598931259,-113.9748538252,-0.49));
#6034 = VECTOR('',#6035,1.);
#6035 = DIRECTION('',(0.,0.,1.));
#6036 = ORIENTED_EDGE('',*,*,#6037,.T.);
#6037 = EDGE_CURVE('',#6030,#6013,#6038,.T.);
#6038 = B_SPLINE_CURVE_WITH_KNOTS('',3,(#6039,#6040,#6041,#6042),
  .UNSPECIFIED.,.F.,.F.,(4,4),(0.,2.691579215819),
  .PIECEWISE_BEZIER_KNOTS.);
#6039 = CARTESIAN_POINT('',(113.21598931259,-113.9748538252,1.51));
#6040 = CARTESIAN_POINT('',(122.16602168065,-115.0010419797,1.51));
#6041 = CARTESIAN_POINT('',(122.40613398606,-115.1179860403,1.51));
#6042 = CARTESIAN_POINT('',(125.09661785278,-119.7780407944,1.51));
#6043 = B_SPLINE_SURFACE_WITH_KNOTS('',3,1,(
    (#6044,#6045)
    ,(#6046,#6047)
    ,(#6048,#6049)
    ,(#6050,#6051
    )),.UNSPECIFIED.,.F.,.F.,.F.,(4,4),(2,2),(0.,1.),(0.,0.5),
  .PIECEWISE_BEZIER_KNOTS.);
#6044 = CARTESIAN_POINT('',(125.09661785278,-119.7780407944,-0.49));
#6045 = CARTESIAN_POINT('',(125.09661785278,-119.7780407944,4.51));
#6046 = CARTESIAN_POINT('',(122.40613398606,-115.1179860403,-0.49));
#6047 = CARTESIAN_POINT('',(122.40613398606,-115.1179860403,4.51));
#6048 = CARTESIAN_POINT('',(122.16602168065,-115.0010419797,-0.49));
#6049 = CARTESIAN_POINT('',(122.16602168065,-115.0010419797,4.51));
#6050 = CARTESIAN_POINT('',(113.21598931259,-113.9748538252,-0.49));
#6051 = CARTESIAN_POINT('',(113.21598931259,-113.9748538252,4.51));
#6052 = ADVANCED_FACE('',(#6053),#6080,.F.);
#6053 = FACE_BOUND('',#6054,.F.);
#6054 = EDGE_LOOP('',(#6055,#6065,#6072,#6073));
#6055 = ORIENTED_EDGE('',*,*,#6056,.F.);
#6056 = EDGE_CURVE('',#6057,#6059,#6061,.T.);
#6057 = VERTEX_POINT('',#6058);
#6058 = CARTESIAN_POINT('',(119.81252480854,-129.1716659171,-0.49));
#6059 = VERTEX_POINT('',#6060);
#6060 = CARTESIAN_POINT('',(119.81252480854,-129.1716659171,1.51));
#6061 = LINE('',#6062,#6063);
#6062 = CARTESIAN_POINT('',(119.81252480854,-129.1716659171,-0.49));
#6063 = VECTOR('',#6064,1.);
#6064 = DIRECTION('',(0.,0.,1.));
#6065 = ORIENTED_EDGE('',*,*,#6066,.T.);
#6066 = EDGE_CURVE('',#6057,#6011,#6067,.T.);
#6067 = B_SPLINE_CURVE_WITH_KNOTS('',3,(#6068,#6069,#6070,#6071),
  .UNSPECIFIED.,.F.,.F.,(4,4),(0.,1.),.PIECEWISE_BEZIER_KNOTS.);
#6068 = CARTESIAN_POINT('',(119.81252480854,-129.1716659171,-0.49));
#6069 = CARTESIAN_POINT('',(127.68134610024,-124.6285998261,-0.49));
#6070 = CARTESIAN_POINT('',(127.78853904527,-124.4405850698,-0.49));
#6071 = CARTESIAN_POINT('',(125.09661785278,-119.7780407944,-0.49));
#6072 = ORIENTED_EDGE('',*,*,#6010,.T.);
#6073 = ORIENTED_EDGE('',*,*,#6074,.T.);
#6074 = EDGE_CURVE('',#6013,#6059,#6075,.T.);
#6075 = B_SPLINE_CURVE_WITH_KNOTS('',3,(#6076,#6077,#6078,#6079),
  .UNSPECIFIED.,.F.,.F.,(4,4),(0.,1.644501580446),
  .PIECEWISE_BEZIER_KNOTS.);
#6076 = CARTESIAN_POINT('',(125.09661785278,-119.7780407944,1.51));
#6077 = CARTESIAN_POINT('',(127.78853904527,-124.4405850698,1.51));
#6078 = CARTESIAN_POINT('',(127.68134610024,-124.6285998261,1.51));
#6079 = CARTESIAN_POINT('',(119.81252480854,-129.1716659171,1.51));
#6080 = B_SPLINE_SURFACE_WITH_KNOTS('',3,1,(
    (#6081,#6082)
    ,(#6083,#6084)
    ,(#6085,#6086)
    ,(#6087,#6088
    )),.UNSPECIFIED.,.F.,.F.,.F.,(4,4),(2,2),(0.,1.),(0.,0.5),
  .PIECEWISE_BEZIER_KNOTS.);
#6081 = CARTESIAN_POINT('',(119.81252480854,-129.1716659171,-0.49));
#6082 = CARTESIAN_POINT('',(119.81252480854,-129.1716659171,4.51));
#6083 = CARTESIAN_POINT('',(127.68134610024,-124.6285998261,-0.49));
#6084 = CARTESIAN_POINT('',(127.68134610024,-124.6285998261,4.51));
#6085 = CARTESIAN_POINT('',(127.78853904527,-124.4405850698,-0.49));
#6086 = CARTESIAN_POINT('',(127.78853904527,-124.4405850698,4.51));
#6087 = CARTESIAN_POINT('',(125.09661785278,-119.7780407944,-0.49));
#6088 = CARTESIAN_POINT('',(125.09661785278,-119.7780407944,4.51));
#6089 = ADVANCED_FACE('',(#6090),#6117,.F.);
#6090 = FACE_BOUND('',#6091,.F.);
#6091 = EDGE_LOOP('',(#6092,#6102,#6109,#6110));
#6092 = ORIENTED_EDGE('',*,*,#6093,.F.);
#6093 = EDGE_CURVE('',#6094,#6096,#6098,.T.);
#6094 = VERTEX_POINT('',#6095);
#6095 = CARTESIAN_POINT('',(105.02058652594,-125.8857448363,-0.49));
#6096 = VERTEX_POINT('',#6097);
#6097 = CARTESIAN_POINT('',(105.02058652594,-125.8857448363,1.51));
#6098 = LINE('',#6099,#6100);
#6099 = CARTESIAN_POINT('',(105.02058652594,-125.8857448363,-0.49));
#6100 = VECTOR('',#6101,1.);
#6101 = DIRECTION('',(0.,0.,1.));
#6102 = ORIENTED_EDGE('',*,*,#6103,.T.);
#6103 = EDGE_CURVE('',#6094,#6057,#6104,.T.);
#6104 = B_SPLINE_CURVE_WITH_KNOTS('',3,(#6105,#6106,#6107,#6108),
  .UNSPECIFIED.,.F.,.F.,(4,4),(0.,1.),.PIECEWISE_BEZIER_KNOTS.);
#6105 = CARTESIAN_POINT('',(105.02058652594,-125.8857448363,-0.49));
#6106 = CARTESIAN_POINT('',(111.64500269817,-133.651528787,-0.49));
#6107 = CARTESIAN_POINT('',(111.94121435169,-133.7161691282,-0.49));
#6108 = CARTESIAN_POINT('',(119.81252480854,-129.1716659171,-0.49));
#6109 = ORIENTED_EDGE('',*,*,#6056,.T.);
#6110 = ORIENTED_EDGE('',*,*,#6111,.T.);
#6111 = EDGE_CURVE('',#6059,#6096,#6112,.T.);
#6112 = B_SPLINE_CURVE_WITH_KNOTS('',3,(#6113,#6114,#6115,#6116),
  .UNSPECIFIED.,.F.,.F.,(4,4),(0.,2.740020879324),
  .PIECEWISE_BEZIER_KNOTS.);
#6113 = CARTESIAN_POINT('',(119.81252480854,-129.1716659171,1.51));
#6114 = CARTESIAN_POINT('',(111.94121435169,-133.7161691282,1.51));
#6115 = CARTESIAN_POINT('',(111.64500269817,-133.651528787,1.51));
#6116 = CARTESIAN_POINT('',(105.02058652594,-125.8857448363,1.51));
#6117 = B_SPLINE_SURFACE_WITH_KNOTS('',3,1,(
    (#6118,#6119)
    ,(#6120,#6121)
    ,(#6122,#6123)
    ,(#6124,#6125
    )),.UNSPECIFIED.,.F.,.F.,.F.,(4,4),(2,2),(0.,1.),(0.,0.5),
  .PIECEWISE_BEZIER_KNOTS.);
#6118 = CARTESIAN_POINT('',(105.02058652594,-125.8857448363,-0.49));
#6119 = CARTESIAN_POINT('',(105.02058652594,-125.8857448363,4.51));
#6120 = CARTESIAN_POINT('',(111.64500269817,-133.651528787,-0.49));
#6121 = CARTESIAN_POINT('',(111.64500269817,-133.651528787,4.51));
#6122 = CARTESIAN_POINT('',(111.94121435169,-133.7161691282,-0.49));
#6123 = CARTESIAN_POINT('',(111.94121435169,-133.7161691282,4.51));
#6124 = CARTESIAN_POINT('',(119.81252480854,-129.1716659171,-0.49));
#6125 = CARTESIAN_POINT('',(119.81252480854,-129.1716659171,4.51));
#6126 = ADVANCED_FACE('',(#6127),#6154,.F.);
#6127 = FACE_BOUND('',#6128,.F.);
#6128 = EDGE_LOOP('',(#6129,#6139,#6146,#6147));
#6129 = ORIENTED_EDGE('',*,*,#6130,.F.);
#6130 = EDGE_CURVE('',#6131,#6133,#6135,.T.);
#6131 = VERTEX_POINT('',#6132);
#6132 = CARTESIAN_POINT('',(101.17163843437,-115.4421457947,-0.49));
#6133 = VERTEX_POINT('',#6134);
#6134 = CARTESIAN_POINT('',(101.17163843437,-115.4421457947,1.51));
#6135 = LINE('',#6136,#6137);
#6136 = CARTESIAN_POINT('',(101.17163843437,-115.4421457947,-0.49));
#6137 = VECTOR('',#6138,1.);
#6138 = DIRECTION('',(0.,0.,1.));
#6139 = ORIENTED_EDGE('',*,*,#6140,.T.);
#6140 = EDGE_CURVE('',#6131,#6094,#6141,.T.);
#6141 = B_SPLINE_CURVE_WITH_KNOTS('',3,(#6142,#6143,#6144,#6145),
  .UNSPECIFIED.,.F.,.F.,(4,4),(0.,1.),.PIECEWISE_BEZIER_KNOTS.);
#6142 = CARTESIAN_POINT('',(101.17163843437,-115.4421457947,-0.49));
#6143 = CARTESIAN_POINT('',(98.315376844374,-117.9110340753,-0.49));
#6144 = CARTESIAN_POINT('',(98.392244295945,-118.1189064935,-0.49));
#6145 = CARTESIAN_POINT('',(105.02058652594,-125.8857448363,-0.49));
#6146 = ORIENTED_EDGE('',*,*,#6093,.T.);
#6147 = ORIENTED_EDGE('',*,*,#6148,.T.);
#6148 = EDGE_CURVE('',#6096,#6133,#6149,.T.);
#6149 = B_SPLINE_CURVE_WITH_KNOTS('',3,(#6150,#6151,#6152,#6153),
  .UNSPECIFIED.,.F.,.F.,(4,4),(0.,3.082595338587),
  .PIECEWISE_BEZIER_KNOTS.);
#6150 = CARTESIAN_POINT('',(105.02058652594,-125.8857448363,1.51));
#6151 = CARTESIAN_POINT('',(98.392244295945,-118.1189064935,1.51));
#6152 = CARTESIAN_POINT('',(98.315376844374,-117.9110340753,1.51));
#6153 = CARTESIAN_POINT('',(101.17163843437,-115.4421457947,1.51));
#6154 = B_SPLINE_SURFACE_WITH_KNOTS('',3,1,(
    (#6155,#6156)
    ,(#6157,#6158)
    ,(#6159,#6160)
    ,(#6161,#6162
    )),.UNSPECIFIED.,.F.,.F.,.F.,(4,4),(2,2),(0.,1.),(0.,0.5),
  .PIECEWISE_BEZIER_KNOTS.);
#6155 = CARTESIAN_POINT('',(101.17163843437,-115.4421457947,-0.49));
#6156 = CARTESIAN_POINT('',(101.17163843437,-115.4421457947,4.51));
#6157 = CARTESIAN_POINT('',(98.315376844374,-117.9110340753,-0.49));
#6158 = CARTESIAN_POINT('',(98.315376844374,-117.9110340753,4.51));
#6159 = CARTESIAN_POINT('',(98.392244295945,-118.1189064935,-0.49));
#6160 = CARTESIAN_POINT('',(98.392244295945,-118.1189064935,4.51));
#6161 = CARTESIAN_POINT('',(105.02058652594,-125.8857448363,-0.49));
#6162 = CARTESIAN_POINT('',(105.02058652594,-125.8857448363,4.51));
#6163 = ADVANCED_FACE('',(#6164),#6182,.F.);
#6164 = FACE_BOUND('',#6165,.F.);
#6165 = EDGE_LOOP('',(#6166,#6167,#6174,#6175));
#6166 = ORIENTED_EDGE('',*,*,#6029,.F.);
#6167 = ORIENTED_EDGE('',*,*,#6168,.T.);
#6168 = EDGE_CURVE('',#6021,#6131,#6169,.T.);
#6169 = B_SPLINE_CURVE_WITH_KNOTS('',3,(#6170,#6171,#6172,#6173),
  .UNSPECIFIED.,.F.,.F.,(4,4),(0.,1.),.PIECEWISE_BEZIER_KNOTS.);
#6170 = CARTESIAN_POINT('',(113.21598931259,-113.9748538252,-0.49));
#6171 = CARTESIAN_POINT('',(104.26595592145,-112.9486649953,-0.49));
#6172 = CARTESIAN_POINT('',(104.02684862799,-112.9771843746,-0.49));
#6173 = CARTESIAN_POINT('',(101.17163843437,-115.4421457947,-0.49));
#6174 = ORIENTED_EDGE('',*,*,#6130,.T.);
#6175 = ORIENTED_EDGE('',*,*,#6176,.T.);
#6176 = EDGE_CURVE('',#6133,#6030,#6177,.T.);
#6177 = B_SPLINE_CURVE_WITH_KNOTS('',3,(#6178,#6179,#6180,#6181),
  .UNSPECIFIED.,.F.,.F.,(4,4),(0.,1.129703209865),
  .PIECEWISE_BEZIER_KNOTS.);
#6178 = CARTESIAN_POINT('',(101.17163843437,-115.4421457947,1.51));
#6179 = CARTESIAN_POINT('',(104.02684862799,-112.9771843746,1.51));
#6180 = CARTESIAN_POINT('',(104.26595592145,-112.9486649953,1.51));
#6181 = CARTESIAN_POINT('',(113.21598931259,-113.9748538252,1.51));
#6182 = B_SPLINE_SURFACE_WITH_KNOTS('',3,1,(
    (#6183,#6184)
    ,(#6185,#6186)
    ,(#6187,#6188)
    ,(#6189,#6190
    )),.UNSPECIFIED.,.F.,.F.,.F.,(4,4),(2,2),(0.,1.),(0.,0.5),
  .PIECEWISE_BEZIER_KNOTS.);
#6183 = CARTESIAN_POINT('',(113.21598931259,-113.9748538252,-0.49));
#6184 = CARTESIAN_POINT('',(113.21598931259,-113.9748538252,4.51));
#6185 = CARTESIAN_POINT('',(104.26595592145,-112.9486649953,-0.49));
#6186 = CARTESIAN_POINT('',(104.26595592145,-112.9486649953,4.51));
#6187 = CARTESIAN_POINT('',(104.02684862799,-112.9771843746,-0.49));
#6188 = CARTESIAN_POINT('',(104.02684862799,-112.9771843746,4.51));
#6189 = CARTESIAN_POINT('',(101.17163843437,-115.4421457947,-0.49));
#6190 = CARTESIAN_POINT('',(101.17163843437,-115.4421457947,4.51));
#6191 = ADVANCED_FACE('',(#6192),#6228,.F.);
#6192 = FACE_BOUND('',#6193,.F.);
#6193 = EDGE_LOOP('',(#6194,#6204,#6213,#6221));
#6194 = ORIENTED_EDGE('',*,*,#6195,.F.);
#6195 = EDGE_CURVE('',#6196,#6198,#6200,.T.);
#6196 = VERTEX_POINT('',#6197);
#6197 = CARTESIAN_POINT('',(178.82697626867,-22.10689076047,-0.49));
#6198 = VERTEX_POINT('',#6199);
#6199 = CARTESIAN_POINT('',(178.82697626867,-22.10689076047,1.51));
#6200 = LINE('',#6201,#6202);
#6201 = CARTESIAN_POINT('',(178.82697626867,-22.10689076047,-0.49));
#6202 = VECTOR('',#6203,1.);
#6203 = DIRECTION('',(0.,0.,1.));
#6204 = ORIENTED_EDGE('',*,*,#6205,.T.);
#6205 = EDGE_CURVE('',#6196,#6206,#6208,.T.);
#6206 = VERTEX_POINT('',#6207);
#6207 = CARTESIAN_POINT('',(164.50561528641,-23.12712564409,-0.49));
#6208 = B_SPLINE_CURVE_WITH_KNOTS('',3,(#6209,#6210,#6211,#6212),
  .UNSPECIFIED.,.F.,.F.,(4,4),(-1.,0.),.PIECEWISE_BEZIER_KNOTS.);
#6209 = CARTESIAN_POINT('',(178.82697626867,-22.10689076047,-0.49));
#6210 = CARTESIAN_POINT('',(164.44423660396,-22.10689076047,-0.49));
#6211 = CARTESIAN_POINT('',(164.15847885249,-22.12805871905,-0.49));
#6212 = CARTESIAN_POINT('',(164.50561528641,-23.12712564409,-0.49));
#6213 = ORIENTED_EDGE('',*,*,#6214,.T.);
#6214 = EDGE_CURVE('',#6206,#6215,#6217,.T.);
#6215 = VERTEX_POINT('',#6216);
#6216 = CARTESIAN_POINT('',(164.50561528641,-23.12712564409,1.51));
#6217 = LINE('',#6218,#6219);
#6218 = CARTESIAN_POINT('',(164.50561528641,-23.12712564409,-0.49));
#6219 = VECTOR('',#6220,1.);
#6220 = DIRECTION('',(0.,0.,1.));
#6221 = ORIENTED_EDGE('',*,*,#6222,.T.);
#6222 = EDGE_CURVE('',#6215,#6198,#6223,.T.);
#6223 = B_SPLINE_CURVE_WITH_KNOTS('',3,(#6224,#6225,#6226,#6227),
  .UNSPECIFIED.,.F.,.F.,(4,4),(0.,0.346471074326),
  .PIECEWISE_BEZIER_KNOTS.);
#6224 = CARTESIAN_POINT('',(164.50561528641,-23.12712564409,1.51));
#6225 = CARTESIAN_POINT('',(164.15847885249,-22.12805871905,1.51));
#6226 = CARTESIAN_POINT('',(164.44423660396,-22.10689076047,1.51));
#6227 = CARTESIAN_POINT('',(178.82697626867,-22.10689076047,1.51));
#6228 = B_SPLINE_SURFACE_WITH_KNOTS('',3,1,(
    (#6229,#6230)
    ,(#6231,#6232)
    ,(#6233,#6234)
    ,(#6235,#6236
    )),.UNSPECIFIED.,.F.,.F.,.F.,(4,4),(2,2),(-1.,0.),(0.,0.5),
  .PIECEWISE_BEZIER_KNOTS.);
#6229 = CARTESIAN_POINT('',(178.82697626867,-22.10689076047,-0.49));
#6230 = CARTESIAN_POINT('',(178.82697626867,-22.10689076047,4.51));
#6231 = CARTESIAN_POINT('',(164.44423660396,-22.10689076047,-0.49));
#6232 = CARTESIAN_POINT('',(164.44423660396,-22.10689076047,4.51));
#6233 = CARTESIAN_POINT('',(164.15847885249,-22.12805871905,-0.49));
#6234 = CARTESIAN_POINT('',(164.15847885249,-22.12805871905,4.51));
#6235 = CARTESIAN_POINT('',(164.50561528641,-23.12712564409,-0.49));
#6236 = CARTESIAN_POINT('',(164.50561528641,-23.12712564409,4.51));
#6237 = ADVANCED_FACE('',(#6238),#6265,.F.);
#6238 = FACE_BOUND('',#6239,.F.);
#6239 = EDGE_LOOP('',(#6240,#6250,#6257,#6258));
#6240 = ORIENTED_EDGE('',*,*,#6241,.F.);
#6241 = EDGE_CURVE('',#6242,#6244,#6246,.T.);
#6242 = VERTEX_POINT('',#6243);
#6243 = CARTESIAN_POINT('',(190.37762781896,-24.78659153561,-0.49));
#6244 = VERTEX_POINT('',#6245);
#6245 = CARTESIAN_POINT('',(190.37762781896,-24.78659153561,1.51));
#6246 = LINE('',#6247,#6248);
#6247 = CARTESIAN_POINT('',(190.37762781896,-24.78659153561,-0.49));
#6248 = VECTOR('',#6249,1.);
#6249 = DIRECTION('',(0.,0.,1.));
#6250 = ORIENTED_EDGE('',*,*,#6251,.T.);
#6251 = EDGE_CURVE('',#6242,#6196,#6252,.T.);
#6252 = B_SPLINE_CURVE_WITH_KNOTS('',3,(#6253,#6254,#6255,#6256),
  .UNSPECIFIED.,.F.,.F.,(4,4),(-1.,0.),.PIECEWISE_BEZIER_KNOTS.);
#6253 = CARTESIAN_POINT('',(190.37762781896,-24.78659153561,-0.49));
#6254 = CARTESIAN_POINT('',(193.43833246984,-22.16192616086,-0.49));
#6255 = CARTESIAN_POINT('',(193.20761011877,-22.10689076047,-0.49));
#6256 = CARTESIAN_POINT('',(178.82697626867,-22.10689076047,-0.49));
#6257 = ORIENTED_EDGE('',*,*,#6195,.T.);
#6258 = ORIENTED_EDGE('',*,*,#6259,.T.);
#6259 = EDGE_CURVE('',#6198,#6244,#6260,.T.);
#6260 = B_SPLINE_CURVE_WITH_KNOTS('',3,(#6261,#6262,#6263,#6264),
  .UNSPECIFIED.,.F.,.F.,(4,4),(0.,4.132099726722),
  .PIECEWISE_BEZIER_KNOTS.);
#6261 = CARTESIAN_POINT('',(178.82697626867,-22.10689076047,1.51));
#6262 = CARTESIAN_POINT('',(193.20761011877,-22.10689076047,1.51));
#6263 = CARTESIAN_POINT('',(193.43833246984,-22.16192616086,1.51));
#6264 = CARTESIAN_POINT('',(190.37762781896,-24.78659153561,1.51));
#6265 = B_SPLINE_SURFACE_WITH_KNOTS('',3,1,(
    (#6266,#6267)
    ,(#6268,#6269)
    ,(#6270,#6271)
    ,(#6272,#6273
    )),.UNSPECIFIED.,.F.,.F.,.F.,(4,4),(2,2),(-1.,0.),(0.,0.5),
  .PIECEWISE_BEZIER_KNOTS.);
#6266 = CARTESIAN_POINT('',(190.37762781896,-24.78659153561,-0.49));
#6267 = CARTESIAN_POINT('',(190.37762781896,-24.78659153561,4.51));
#6268 = CARTESIAN_POINT('',(193.43833246984,-22.16192616086,-0.49));
#6269 = CARTESIAN_POINT('',(193.43833246984,-22.16192616086,4.51));
#6270 = CARTESIAN_POINT('',(193.20761011877,-22.10689076047,-0.49));
#6271 = CARTESIAN_POINT('',(193.20761011877,-22.10689076047,4.51));
#6272 = CARTESIAN_POINT('',(178.82697626867,-22.10689076047,-0.49));
#6273 = CARTESIAN_POINT('',(178.82697626867,-22.10689076047,4.51));
#6274 = ADVANCED_FACE('',(#6275),#6302,.F.);
#6275 = FACE_BOUND('',#6276,.F.);
#6276 = EDGE_LOOP('',(#6277,#6287,#6294,#6295));
#6277 = ORIENTED_EDGE('',*,*,#6278,.F.);
#6278 = EDGE_CURVE('',#6279,#6281,#6283,.T.);
#6279 = VERTEX_POINT('',#6280);
#6280 = CARTESIAN_POINT('',(182.20729965327,-30.98207900306,-0.49));
#6281 = VERTEX_POINT('',#6282);
#6282 = CARTESIAN_POINT('',(182.20729965327,-30.98207900306,1.51));
#6283 = LINE('',#6284,#6285);
#6284 = CARTESIAN_POINT('',(182.20729965327,-30.98207900306,-0.49));
#6285 = VECTOR('',#6286,1.);
#6286 = DIRECTION('',(0.,0.,1.));
#6287 = ORIENTED_EDGE('',*,*,#6288,.T.);
#6288 = EDGE_CURVE('',#6279,#6242,#6289,.T.);
#6289 = B_SPLINE_CURVE_WITH_KNOTS('',3,(#6290,#6291,#6292,#6293),
  .UNSPECIFIED.,.F.,.F.,(4,4),(-1.,0.),.PIECEWISE_BEZIER_KNOTS.);
#6290 = CARTESIAN_POINT('',(182.20729965327,-30.98207900306,-0.49));
#6291 = CARTESIAN_POINT('',(187.15606735347,-27.53614592811,-0.49));
#6292 = CARTESIAN_POINT('',(187.31904190181,-27.41337564409,-0.49));
#6293 = CARTESIAN_POINT('',(190.37762781896,-24.78659153561,-0.49));
#6294 = ORIENTED_EDGE('',*,*,#6241,.T.);
#6295 = ORIENTED_EDGE('',*,*,#6296,.T.);
#6296 = EDGE_CURVE('',#6244,#6281,#6297,.T.);
#6297 = B_SPLINE_CURVE_WITH_KNOTS('',3,(#6298,#6299,#6300,#6301),
  .UNSPECIFIED.,.F.,.F.,(4,4),(0.,1.237407464975),
  .PIECEWISE_BEZIER_KNOTS.);
#6298 = CARTESIAN_POINT('',(190.37762781896,-24.78659153561,1.51));
#6299 = CARTESIAN_POINT('',(187.31904190181,-27.41337564409,1.51));
#6300 = CARTESIAN_POINT('',(187.15606735347,-27.53614592811,1.51));
#6301 = CARTESIAN_POINT('',(182.20729965327,-30.98207900306,1.51));
#6302 = B_SPLINE_SURFACE_WITH_KNOTS('',3,1,(
    (#6303,#6304)
    ,(#6305,#6306)
    ,(#6307,#6308)
    ,(#6309,#6310
    )),.UNSPECIFIED.,.F.,.F.,.F.,(4,4),(2,2),(-1.,0.),(0.,0.5),
  .PIECEWISE_BEZIER_KNOTS.);
#6303 = CARTESIAN_POINT('',(182.20729965327,-30.98207900306,-0.49));
#6304 = CARTESIAN_POINT('',(182.20729965327,-30.98207900306,4.51));
#6305 = CARTESIAN_POINT('',(187.15606735347,-27.53614592811,-0.49));
#6306 = CARTESIAN_POINT('',(187.15606735347,-27.53614592811,4.51));
#6307 = CARTESIAN_POINT('',(187.31904190181,-27.41337564409,-0.49));
#6308 = CARTESIAN_POINT('',(187.31904190181,-27.41337564409,4.51));
#6309 = CARTESIAN_POINT('',(190.37762781896,-24.78659153561,-0.49));
#6310 = CARTESIAN_POINT('',(190.37762781896,-24.78659153561,4.51));
#6311 = ADVANCED_FACE('',(#6312),#6339,.F.);
#6312 = FACE_BOUND('',#6313,.F.);
#6313 = EDGE_LOOP('',(#6314,#6324,#6331,#6332));
#6314 = ORIENTED_EDGE('',*,*,#6315,.F.);
#6315 = EDGE_CURVE('',#6316,#6318,#6320,.T.);
#6316 = VERTEX_POINT('',#6317);
#6317 = CARTESIAN_POINT('',(171.00800908524,-29.32261311154,-0.49));
#6318 = VERTEX_POINT('',#6319);
#6319 = CARTESIAN_POINT('',(171.00800908524,-29.32261311154,1.51));
#6320 = LINE('',#6321,#6322);
#6321 = CARTESIAN_POINT('',(171.00800908524,-29.32261311154,-0.49));
#6322 = VECTOR('',#6323,1.);
#6323 = DIRECTION('',(0.,0.,1.));
#6324 = ORIENTED_EDGE('',*,*,#6325,.T.);
#6325 = EDGE_CURVE('',#6316,#6279,#6326,.T.);
#6326 = B_SPLINE_CURVE_WITH_KNOTS('',3,(#6327,#6328,#6329,#6330),
  .UNSPECIFIED.,.F.,.F.,(4,4),(-1.,0.),.PIECEWISE_BEZIER_KNOTS.);
#6327 = CARTESIAN_POINT('',(171.00800908524,-29.32261311154,-0.49));
#6328 = CARTESIAN_POINT('',(177.03416580317,-34.39625691037,-0.49));
#6329 = CARTESIAN_POINT('',(177.25853195308,-34.42801207801,-0.49));
#6330 = CARTESIAN_POINT('',(182.20729965327,-30.98207900306,-0.49));
#6331 = ORIENTED_EDGE('',*,*,#6278,.T.);
#6332 = ORIENTED_EDGE('',*,*,#6333,.T.);
#6333 = EDGE_CURVE('',#6281,#6318,#6334,.T.);
#6334 = B_SPLINE_CURVE_WITH_KNOTS('',3,(#6335,#6336,#6337,#6338),
  .UNSPECIFIED.,.F.,.F.,(4,4),(0.,1.887842904941),
  .PIECEWISE_BEZIER_KNOTS.);
#6335 = CARTESIAN_POINT('',(182.20729965327,-30.98207900306,1.51));
#6336 = CARTESIAN_POINT('',(177.25853195308,-34.42801207801,1.51));
#6337 = CARTESIAN_POINT('',(177.03416580317,-34.39625691037,1.51));
#6338 = CARTESIAN_POINT('',(171.00800908524,-29.32261311154,1.51));
#6339 = B_SPLINE_SURFACE_WITH_KNOTS('',3,1,(
    (#6340,#6341)
    ,(#6342,#6343)
    ,(#6344,#6345)
    ,(#6346,#6347
    )),.UNSPECIFIED.,.F.,.F.,.F.,(4,4),(2,2),(-1.,0.),(0.,0.5),
  .PIECEWISE_BEZIER_KNOTS.);
#6340 = CARTESIAN_POINT('',(171.00800908524,-29.32261311154,-0.49));
#6341 = CARTESIAN_POINT('',(171.00800908524,-29.32261311154,4.51));
#6342 = CARTESIAN_POINT('',(177.03416580317,-34.39625691037,-0.49));
#6343 = CARTESIAN_POINT('',(177.03416580317,-34.39625691037,4.51));
#6344 = CARTESIAN_POINT('',(177.25853195308,-34.42801207801,-0.49));
#6345 = CARTESIAN_POINT('',(177.25853195308,-34.42801207801,4.51));
#6346 = CARTESIAN_POINT('',(182.20729965327,-30.98207900306,-0.49));
#6347 = CARTESIAN_POINT('',(182.20729965327,-30.98207900306,4.51));
#6348 = ADVANCED_FACE('',(#6349),#6367,.F.);
#6349 = FACE_BOUND('',#6350,.F.);
#6350 = EDGE_LOOP('',(#6351,#6352,#6359,#6360));
#6351 = ORIENTED_EDGE('',*,*,#6214,.F.);
#6352 = ORIENTED_EDGE('',*,*,#6353,.T.);
#6353 = EDGE_CURVE('',#6206,#6316,#6354,.T.);
#6354 = B_SPLINE_CURVE_WITH_KNOTS('',3,(#6355,#6356,#6357,#6358),
  .UNSPECIFIED.,.F.,.F.,(4,4),(-1.,0.),.PIECEWISE_BEZIER_KNOTS.);
#6355 = CARTESIAN_POINT('',(164.50561528641,-23.12712564409,-0.49));
#6356 = CARTESIAN_POINT('',(164.85275172033,-24.12619256914,-0.49));
#6357 = CARTESIAN_POINT('',(164.98398402013,-24.24896285316,-0.49));
#6358 = CARTESIAN_POINT('',(171.00800908524,-29.32261311154,-0.49));
#6359 = ORIENTED_EDGE('',*,*,#6315,.T.);
#6360 = ORIENTED_EDGE('',*,*,#6361,.T.);
#6361 = EDGE_CURVE('',#6318,#6215,#6362,.T.);
#6362 = B_SPLINE_CURVE_WITH_KNOTS('',3,(#6363,#6364,#6365,#6366),
  .UNSPECIFIED.,.F.,.F.,(4,4),(0.,2.364950081395),
  .PIECEWISE_BEZIER_KNOTS.);
#6363 = CARTESIAN_POINT('',(171.00800908524,-29.32261311154,1.51));
#6364 = CARTESIAN_POINT('',(164.98398402013,-24.24896285316,1.51));
#6365 = CARTESIAN_POINT('',(164.85275172033,-24.12619256914,1.51));
#6366 = CARTESIAN_POINT('',(164.50561528641,-23.12712564409,1.51));
#6367 = B_SPLINE_SURFACE_WITH_KNOTS('',3,1,(
    (#6368,#6369)
    ,(#6370,#6371)
    ,(#6372,#6373)
    ,(#6374,#6375
    )),.UNSPECIFIED.,.F.,.F.,.F.,(4,4),(2,2),(-1.,0.),(0.,0.5),
  .PIECEWISE_BEZIER_KNOTS.);
#6368 = CARTESIAN_POINT('',(164.50561528641,-23.12712564409,-0.49));
#6369 = CARTESIAN_POINT('',(164.50561528641,-23.12712564409,4.51));
#6370 = CARTESIAN_POINT('',(164.85275172033,-24.12619256914,-0.49));
#6371 = CARTESIAN_POINT('',(164.85275172033,-24.12619256914,4.51));
#6372 = CARTESIAN_POINT('',(164.98398402013,-24.24896285316,-0.49));
#6373 = CARTESIAN_POINT('',(164.98398402013,-24.24896285316,4.51));
#6374 = CARTESIAN_POINT('',(171.00800908524,-29.32261311154,-0.49));
#6375 = CARTESIAN_POINT('',(171.00800908524,-29.32261311154,4.51));
#6376 = ADVANCED_FACE('',(#6377),#6413,.F.);
#6377 = FACE_BOUND('',#6378,.F.);
#6378 = EDGE_LOOP('',(#6379,#6389,#6398,#6406));
#6379 = ORIENTED_EDGE('',*,*,#6380,.F.);
#6380 = EDGE_CURVE('',#6381,#6383,#6385,.T.);
#6381 = VERTEX_POINT('',#6382);
#6382 = CARTESIAN_POINT('',(182.60945856847,-52.7435284863,-0.49));
#6383 = VERTEX_POINT('',#6384);
#6384 = CARTESIAN_POINT('',(182.60945856847,-52.7435284863,1.51));
#6385 = LINE('',#6386,#6387);
#6386 = CARTESIAN_POINT('',(182.60945856847,-52.7435284863,-0.49));
#6387 = VECTOR('',#6388,1.);
#6388 = DIRECTION('',(0.,0.,1.));
#6389 = ORIENTED_EDGE('',*,*,#6390,.T.);
#6390 = EDGE_CURVE('',#6381,#6391,#6393,.T.);
#6391 = VERTEX_POINT('',#6392);
#6392 = CARTESIAN_POINT('',(194.75701166906,-57.46369256914,-0.49));
#6393 = B_SPLINE_CURVE_WITH_KNOTS('',3,(#6394,#6395,#6396,#6397),
  .UNSPECIFIED.,.F.,.F.,(4,4),(-1.,0.),.PIECEWISE_BEZIER_KNOTS.);
#6394 = CARTESIAN_POINT('',(182.60945856847,-52.7435284863,-0.49));
#6395 = CARTESIAN_POINT('',(182.27291580317,-56.22967874468,-0.49));
#6396 = CARTESIAN_POINT('',(182.51632471838,-56.32492486895,-0.49));
#6397 = CARTESIAN_POINT('',(194.75701166906,-57.46369256914,-0.49));
#6398 = ORIENTED_EDGE('',*,*,#6399,.T.);
#6399 = EDGE_CURVE('',#6391,#6400,#6402,.T.);
#6400 = VERTEX_POINT('',#6401);
#6401 = CARTESIAN_POINT('',(194.75701166906,-57.46369256914,1.51));
#6402 = LINE('',#6403,#6404);
#6403 = CARTESIAN_POINT('',(194.75701166906,-57.46369256914,-0.49));
#6404 = VECTOR('',#6405,1.);
#6405 = DIRECTION('',(0.,0.,1.));
#6406 = ORIENTED_EDGE('',*,*,#6407,.T.);
#6407 = EDGE_CURVE('',#6400,#6383,#6408,.T.);
#6408 = B_SPLINE_CURVE_WITH_KNOTS('',3,(#6409,#6410,#6411,#6412),
  .UNSPECIFIED.,.F.,.F.,(4,4),(0.,3.662511696353),
  .PIECEWISE_BEZIER_KNOTS.);
#6409 = CARTESIAN_POINT('',(194.75701166906,-57.46369256914,1.51));
#6410 = CARTESIAN_POINT('',(182.51632471838,-56.32492486895,1.51));
#6411 = CARTESIAN_POINT('',(182.27291580317,-56.22967874468,1.51));
#6412 = CARTESIAN_POINT('',(182.60945856847,-52.7435284863,1.51));
#6413 = B_SPLINE_SURFACE_WITH_KNOTS('',3,1,(
    (#6414,#6415)
    ,(#6416,#6417)
    ,(#6418,#6419)
    ,(#6420,#6421
    )),.UNSPECIFIED.,.F.,.F.,.F.,(4,4),(2,2),(-1.,0.),(0.,0.5),
  .PIECEWISE_BEZIER_KNOTS.);
#6414 = CARTESIAN_POINT('',(182.60945856847,-52.7435284863,-0.49));
#6415 = CARTESIAN_POINT('',(182.60945856847,-52.7435284863,4.51));
#6416 = CARTESIAN_POINT('',(182.27291580317,-56.22967874468,-0.49));
#6417 = CARTESIAN_POINT('',(182.27291580317,-56.22967874468,4.51));
#6418 = CARTESIAN_POINT('',(182.51632471838,-56.32492486895,-0.49));
#6419 = CARTESIAN_POINT('',(182.51632471838,-56.32492486895,4.51));
#6420 = CARTESIAN_POINT('',(194.75701166906,-57.46369256914,-0.49));
#6421 = CARTESIAN_POINT('',(194.75701166906,-57.46369256914,4.51));
#6422 = ADVANCED_FACE('',(#6423),#6450,.F.);
#6423 = FACE_BOUND('',#6424,.F.);
#6424 = EDGE_LOOP('',(#6425,#6435,#6442,#6443));
#6425 = ORIENTED_EDGE('',*,*,#6426,.F.);
#6426 = EDGE_CURVE('',#6427,#6429,#6431,.T.);
#6427 = VERTEX_POINT('',#6428);
#6428 = CARTESIAN_POINT('',(186.60572626867,-46.86131001096,-0.49));
#6429 = VERTEX_POINT('',#6430);
#6430 = CARTESIAN_POINT('',(186.60572626867,-46.86131001096,1.51));
#6431 = LINE('',#6432,#6433);
#6432 = CARTESIAN_POINT('',(186.60572626867,-46.86131001096,-0.49));
#6433 = VECTOR('',#6434,1.);
#6434 = DIRECTION('',(0.,0.,1.));
#6435 = ORIENTED_EDGE('',*,*,#6436,.T.);
#6436 = EDGE_CURVE('',#6427,#6381,#6437,.T.);
#6437 = B_SPLINE_CURVE_WITH_KNOTS('',3,(#6438,#6439,#6440,#6441),
  .UNSPECIFIED.,.F.,.F.,(4,4),(-1.,0.),.PIECEWISE_BEZIER_KNOTS.);
#6438 = CARTESIAN_POINT('',(186.60572626867,-46.86131001096,-0.49));
#6439 = CARTESIAN_POINT('',(183.02644861974,-49.13884541135,-0.49));
#6440 = CARTESIAN_POINT('',(182.94601425288,-49.25737822792,-0.49));
#6441 = CARTESIAN_POINT('',(182.60945856847,-52.7435284863,-0.49));
#6442 = ORIENTED_EDGE('',*,*,#6380,.T.);
#6443 = ORIENTED_EDGE('',*,*,#6444,.T.);
#6444 = EDGE_CURVE('',#6383,#6429,#6445,.T.);
#6445 = B_SPLINE_CURVE_WITH_KNOTS('',3,(#6446,#6447,#6448,#6449),
  .UNSPECIFIED.,.F.,.F.,(4,4),(0.,1.054061736405),
  .PIECEWISE_BEZIER_KNOTS.);
#6446 = CARTESIAN_POINT('',(182.60945856847,-52.7435284863,1.51));
#6447 = CARTESIAN_POINT('',(182.94601425288,-49.25737822792,1.51));
#6448 = CARTESIAN_POINT('',(183.02644861974,-49.13884541135,1.51));
#6449 = CARTESIAN_POINT('',(186.60572626867,-46.86131001096,1.51));
#6450 = B_SPLINE_SURFACE_WITH_KNOTS('',3,1,(
    (#6451,#6452)
    ,(#6453,#6454)
    ,(#6455,#6456)
    ,(#6457,#6458
    )),.UNSPECIFIED.,.F.,.F.,.F.,(4,4),(2,2),(-1.,0.),(0.,0.5),
  .PIECEWISE_BEZIER_KNOTS.);
#6451 = CARTESIAN_POINT('',(186.60572626867,-46.86131001096,-0.49));
#6452 = CARTESIAN_POINT('',(186.60572626867,-46.86131001096,4.51));
#6453 = CARTESIAN_POINT('',(183.02644861974,-49.13884541135,-0.49));
#6454 = CARTESIAN_POINT('',(183.02644861974,-49.13884541135,4.51));
#6455 = CARTESIAN_POINT('',(182.94601425288,-49.25737822792,-0.49));
#6456 = CARTESIAN_POINT('',(182.94601425288,-49.25737822792,4.51));
#6457 = CARTESIAN_POINT('',(182.60945856847,-52.7435284863,-0.49));
#6458 = CARTESIAN_POINT('',(182.60945856847,-52.7435284863,4.51));
#6459 = ADVANCED_FACE('',(#6460),#6489,.F.);
#6460 = FACE_BOUND('',#6461,.F.);
#6461 = EDGE_LOOP('',(#6462,#6472,#6479,#6480));
#6462 = ORIENTED_EDGE('',*,*,#6463,.F.);
#6463 = EDGE_CURVE('',#6464,#6466,#6468,.T.);
#6464 = VERTEX_POINT('',#6465);
#6465 = CARTESIAN_POINT('',(198.75327936925,-40.18746026934,-0.49));
#6466 = VERTEX_POINT('',#6467);
#6467 = CARTESIAN_POINT('',(198.75327936925,-40.18746026934,1.51));
#6468 = LINE('',#6469,#6470);
#6469 = CARTESIAN_POINT('',(198.75327936925,-40.18746026934,-0.49));
#6470 = VECTOR('',#6471,1.);
#6471 = DIRECTION('',(0.,0.,1.));
#6472 = ORIENTED_EDGE('',*,*,#6473,.T.);
#6473 = EDGE_CURVE('',#6464,#6427,#6474,.T.);
#6474 = B_SPLINE_CURVE_WITH_KNOTS('',3,(#6475,#6476,#6477,#6478),
  .UNSPECIFIED.,.F.,.F.,(4,4),(-1.,0.),.PIECEWISE_BEZIER_KNOTS.);
#6475 = CARTESIAN_POINT('',(198.75327936925,-40.18746026934,-0.49));
#6476 = CARTESIAN_POINT('',(190.42631993729,-44.44831130287,-0.49));
#6477 = CARTESIAN_POINT('',(190.1850168367,-44.58377461057,-0.49));
#6478 = CARTESIAN_POINT('',(186.60572626867,-46.86131001096,-0.49));
#6479 = ORIENTED_EDGE('',*,*,#6426,.T.);
#6480 = ORIENTED_EDGE('',*,*,#6481,.T.);
#6481 = EDGE_CURVE('',#6429,#6466,#6482,.T.);
#6482 = B_SPLINE_CURVE_WITH_KNOTS('',3,(#6483,#6484,#6485,#6486,#6487,
    #6488),.UNSPECIFIED.,.F.,.F.,(4,2,4),(0.,0.600011997119,
    1.235099714918),.UNSPECIFIED.);
#6483 = CARTESIAN_POINT('',(186.60572626867,-46.86131001096,1.51));
#6484 = CARTESIAN_POINT('',(188.29312461161,-45.78760297668,1.51));
#6485 = CARTESIAN_POINT('',(189.33698432933,-45.12673225626,1.51));
#6486 = CARTESIAN_POINT('',(192.55258996768,-43.35933217677,1.51));
#6487 = CARTESIAN_POINT('',(195.11944495721,-42.04686972566,1.51));
#6488 = CARTESIAN_POINT('',(198.75327936925,-40.18746026934,1.51));
#6489 = B_SPLINE_SURFACE_WITH_KNOTS('',3,1,(
    (#6490,#6491)
    ,(#6492,#6493)
    ,(#6494,#6495)
    ,(#6496,#6497
    )),.UNSPECIFIED.,.F.,.F.,.F.,(4,4),(2,2),(-1.,0.),(0.,0.5),
  .PIECEWISE_BEZIER_KNOTS.);
#6490 = CARTESIAN_POINT('',(198.75327936925,-40.18746026934,-0.49));
#6491 = CARTESIAN_POINT('',(198.75327936925,-40.18746026934,4.51));
#6492 = CARTESIAN_POINT('',(190.42631993729,-44.44831130287,-0.49));
#6493 = CARTESIAN_POINT('',(190.42631993729,-44.44831130287,4.51));
#6494 = CARTESIAN_POINT('',(190.1850168367,-44.58377461057,-0.49));
#6495 = CARTESIAN_POINT('',(190.1850168367,-44.58377461057,4.51));
#6496 = CARTESIAN_POINT('',(186.60572626867,-46.86131001096,-0.49));
#6497 = CARTESIAN_POINT('',(186.60572626867,-46.86131001096,4.51));
#6498 = ADVANCED_FACE('',(#6499),#6526,.F.);
#6499 = FACE_BOUND('',#6500,.F.);
#6500 = EDGE_LOOP('',(#6501,#6511,#6518,#6519));
#6501 = ORIENTED_EDGE('',*,*,#6502,.F.);
#6502 = EDGE_CURVE('',#6503,#6505,#6507,.T.);
#6503 = VERTEX_POINT('',#6504);
#6504 = CARTESIAN_POINT('',(207.24958246984,-47.23384541135,-0.49));
#6505 = VERTEX_POINT('',#6506);
#6506 = CARTESIAN_POINT('',(207.24958246984,-47.23384541135,1.51));
#6507 = LINE('',#6508,#6509);
#6508 = CARTESIAN_POINT('',(207.24958246984,-47.23384541135,-0.49));
#6509 = VECTOR('',#6510,1.);
#6510 = DIRECTION('',(0.,0.,1.));
#6511 = ORIENTED_EDGE('',*,*,#6512,.T.);
#6512 = EDGE_CURVE('',#6503,#6464,#6513,.T.);
#6513 = B_SPLINE_CURVE_WITH_KNOTS('',3,(#6514,#6515,#6516,#6517),
  .UNSPECIFIED.,.F.,.F.,(4,4),(-1.,0.),.PIECEWISE_BEZIER_KNOTS.);
#6514 = CARTESIAN_POINT('',(207.24958246984,-47.23384541135,-0.49));
#6515 = CARTESIAN_POINT('',(207.24958246984,-36.06842874468,-0.49));
#6516 = CARTESIAN_POINT('',(207.07813298661,-35.92660923581,-0.49));
#6517 = CARTESIAN_POINT('',(198.75327936925,-40.18746026934,-0.49));
#6518 = ORIENTED_EDGE('',*,*,#6463,.T.);
#6519 = ORIENTED_EDGE('',*,*,#6520,.T.);
#6520 = EDGE_CURVE('',#6466,#6505,#6521,.T.);
#6521 = B_SPLINE_CURVE_WITH_KNOTS('',3,(#6522,#6523,#6524,#6525),
  .UNSPECIFIED.,.F.,.F.,(4,4),(0.,2.841766064182),
  .PIECEWISE_BEZIER_KNOTS.);
#6522 = CARTESIAN_POINT('',(198.75327936925,-40.18746026934,1.51));
#6523 = CARTESIAN_POINT('',(207.07813298661,-35.92660923581,1.51));
#6524 = CARTESIAN_POINT('',(207.24958246984,-36.06842874468,1.51));
#6525 = CARTESIAN_POINT('',(207.24958246984,-47.23384541135,1.51));
#6526 = B_SPLINE_SURFACE_WITH_KNOTS('',3,1,(
    (#6527,#6528)
    ,(#6529,#6530)
    ,(#6531,#6532)
    ,(#6533,#6534
    )),.UNSPECIFIED.,.F.,.F.,.F.,(4,4),(2,2),(-1.,0.),(0.,0.5),
  .PIECEWISE_BEZIER_KNOTS.);
#6527 = CARTESIAN_POINT('',(207.24958246984,-47.23384541135,-0.49));
#6528 = CARTESIAN_POINT('',(207.24958246984,-47.23384541135,4.51));
#6529 = CARTESIAN_POINT('',(207.24958246984,-36.06842874468,-0.49));
#6530 = CARTESIAN_POINT('',(207.24958246984,-36.06842874468,4.51));
#6531 = CARTESIAN_POINT('',(207.07813298661,-35.92660923581,-0.49));
#6532 = CARTESIAN_POINT('',(207.07813298661,-35.92660923581,4.51));
#6533 = CARTESIAN_POINT('',(198.75327936925,-40.18746026934,-0.49));
#6534 = CARTESIAN_POINT('',(198.75327936925,-40.18746026934,4.51));
#6535 = ADVANCED_FACE('',(#6536),#6554,.F.);
#6536 = FACE_BOUND('',#6537,.F.);
#6537 = EDGE_LOOP('',(#6538,#6539,#6546,#6547));
#6538 = ORIENTED_EDGE('',*,*,#6399,.F.);
#6539 = ORIENTED_EDGE('',*,*,#6540,.T.);
#6540 = EDGE_CURVE('',#6391,#6503,#6541,.T.);
#6541 = B_SPLINE_CURVE_WITH_KNOTS('',3,(#6542,#6543,#6544,#6545),
  .UNSPECIFIED.,.F.,.F.,(4,4),(-1.,0.),.PIECEWISE_BEZIER_KNOTS.);
#6542 = CARTESIAN_POINT('',(194.75701166906,-57.46369256914,-0.49));
#6543 = CARTESIAN_POINT('',(206.99981735347,-58.60246026934,-0.49));
#6544 = CARTESIAN_POINT('',(207.24958246984,-58.39926207801,-0.49));
#6545 = CARTESIAN_POINT('',(207.24958246984,-47.23384541135,-0.49));
#6546 = ORIENTED_EDGE('',*,*,#6502,.T.);
#6547 = ORIENTED_EDGE('',*,*,#6548,.T.);
#6548 = EDGE_CURVE('',#6505,#6400,#6549,.T.);
#6549 = B_SPLINE_CURVE_WITH_KNOTS('',3,(#6550,#6551,#6552,#6553),
  .UNSPECIFIED.,.F.,.F.,(4,4),(0.,3.355726135522),
  .PIECEWISE_BEZIER_KNOTS.);
#6550 = CARTESIAN_POINT('',(207.24958246984,-47.23384541135,1.51));
#6551 = CARTESIAN_POINT('',(207.24958246984,-58.39926207801,1.51));
#6552 = CARTESIAN_POINT('',(206.99981735347,-58.60246026934,1.51));
#6553 = CARTESIAN_POINT('',(194.75701166906,-57.46369256914,1.51));
#6554 = B_SPLINE_SURFACE_WITH_KNOTS('',3,1,(
    (#6555,#6556)
    ,(#6557,#6558)
    ,(#6559,#6560)
    ,(#6561,#6562
    )),.UNSPECIFIED.,.F.,.F.,.F.,(4,4),(2,2),(-1.,0.),(0.,0.5),
  .PIECEWISE_BEZIER_KNOTS.);
#6555 = CARTESIAN_POINT('',(194.75701166906,-57.46369256914,-0.49));
#6556 = CARTESIAN_POINT('',(194.75701166906,-57.46369256914,4.51));
#6557 = CARTESIAN_POINT('',(206.99981735347,-58.60246026934,-0.49));
#6558 = CARTESIAN_POINT('',(206.99981735347,-58.60246026934,4.51));
#6559 = CARTESIAN_POINT('',(207.24958246984,-58.39926207801,-0.49));
#6560 = CARTESIAN_POINT('',(207.24958246984,-58.39926207801,4.51));
#6561 = CARTESIAN_POINT('',(207.24958246984,-47.23384541135,-0.49));
#6562 = CARTESIAN_POINT('',(207.24958246984,-47.23384541135,4.51));
#6563 = ADVANCED_FACE('',(#6564),#6600,.F.);
#6564 = FACE_BOUND('',#6565,.F.);
#6565 = EDGE_LOOP('',(#6566,#6576,#6585,#6593));
#6566 = ORIENTED_EDGE('',*,*,#6567,.F.);
#6567 = EDGE_CURVE('',#6568,#6570,#6572,.T.);
#6568 = VERTEX_POINT('',#6569);
#6569 = CARTESIAN_POINT('',(201.33561528641,-89.52696156125,-0.49));
#6570 = VERTEX_POINT('',#6571);
#6571 = CARTESIAN_POINT('',(201.33561528641,-89.52696156125,1.51));
#6572 = LINE('',#6573,#6574);
#6573 = CARTESIAN_POINT('',(201.33561528641,-89.52696156125,-0.49));
#6574 = VECTOR('',#6575,1.);
#6575 = DIRECTION('',(0.,0.,1.));
#6576 = ORIENTED_EDGE('',*,*,#6577,.T.);
#6577 = EDGE_CURVE('',#6568,#6578,#6580,.T.);
#6578 = VERTEX_POINT('',#6579);
#6579 = CARTESIAN_POINT('',(206.77545120356,-92.44160923581,-0.49));
#6580 = B_SPLINE_CURVE_WITH_KNOTS('',3,(#6581,#6582,#6583,#6584),
  .UNSPECIFIED.,.F.,.F.,(4,4),(-1.,0.),.PIECEWISE_BEZIER_KNOTS.);
#6581 = CARTESIAN_POINT('',(201.33561528641,-89.52696156125,-0.49));
#6582 = CARTESIAN_POINT('',(204.41536270259,-92.81414302131,-0.49));
#6583 = CARTESIAN_POINT('',(204.52543350337,-92.87129392565,-0.49));
#6584 = CARTESIAN_POINT('',(206.77545120356,-92.44160923581,-0.49));
#6585 = ORIENTED_EDGE('',*,*,#6586,.T.);
#6586 = EDGE_CURVE('',#6578,#6587,#6589,.T.);
#6587 = VERTEX_POINT('',#6588);
#6588 = CARTESIAN_POINT('',(206.77545120356,-92.44160923581,1.51));
#6589 = LINE('',#6590,#6591);
#6590 = CARTESIAN_POINT('',(206.77545120356,-92.44160923581,-0.49));
#6591 = VECTOR('',#6592,1.);
#6592 = DIRECTION('',(0.,0.,1.));
#6593 = ORIENTED_EDGE('',*,*,#6594,.T.);
#6594 = EDGE_CURVE('',#6587,#6570,#6595,.T.);
#6595 = B_SPLINE_CURVE_WITH_KNOTS('',3,(#6596,#6597,#6598,#6599),
  .UNSPECIFIED.,.F.,.F.,(4,4),(0.,0.687527860636),
  .PIECEWISE_BEZIER_KNOTS.);
#6596 = CARTESIAN_POINT('',(206.77545120356,-92.44160923581,1.51));
#6597 = CARTESIAN_POINT('',(204.52543350337,-92.87129392565,1.51));
#6598 = CARTESIAN_POINT('',(204.41536270259,-92.81414302131,1.51));
#6599 = CARTESIAN_POINT('',(201.33561528641,-89.52696156125,1.51));
#6600 = B_SPLINE_SURFACE_WITH_KNOTS('',3,1,(
    (#6601,#6602)
    ,(#6603,#6604)
    ,(#6605,#6606)
    ,(#6607,#6608
    )),.UNSPECIFIED.,.F.,.F.,.F.,(4,4),(2,2),(-1.,0.),(0.,0.5),
  .PIECEWISE_BEZIER_KNOTS.);
#6601 = CARTESIAN_POINT('',(201.33561528641,-89.52696156125,-0.49));
#6602 = CARTESIAN_POINT('',(201.33561528641,-89.52696156125,4.51));
#6603 = CARTESIAN_POINT('',(204.41536270259,-92.81414302131,-0.49));
#6604 = CARTESIAN_POINT('',(204.41536270259,-92.81414302131,4.51));
#6605 = CARTESIAN_POINT('',(204.52543350337,-92.87129392565,-0.49));
#6606 = CARTESIAN_POINT('',(204.52543350337,-92.87129392565,4.51));
#6607 = CARTESIAN_POINT('',(206.77545120356,-92.44160923581,-0.49));
#6608 = CARTESIAN_POINT('',(206.77545120356,-92.44160923581,4.51));
#6609 = ADVANCED_FACE('',(#6610),#6637,.F.);
#6610 = FACE_BOUND('',#6611,.F.);
#6611 = EDGE_LOOP('',(#6612,#6622,#6629,#6630));
#6612 = ORIENTED_EDGE('',*,*,#6613,.F.);
#6613 = EDGE_CURVE('',#6614,#6616,#6618,.T.);
#6614 = VERTEX_POINT('',#6615);
#6615 = CARTESIAN_POINT('',(199.17026942052,-81.20422667762,-0.49));
#6616 = VERTEX_POINT('',#6617);
#6617 = CARTESIAN_POINT('',(199.17026942052,-81.20422667762,1.51));
#6618 = LINE('',#6619,#6620);
#6619 = CARTESIAN_POINT('',(199.17026942052,-81.20422667762,-0.49));
#6620 = VECTOR('',#6621,1.);
#6621 = DIRECTION('',(0.,0.,1.));
#6622 = ORIENTED_EDGE('',*,*,#6623,.T.);
#6623 = EDGE_CURVE('',#6614,#6568,#6624,.T.);
#6624 = B_SPLINE_CURVE_WITH_KNOTS('',3,(#6625,#6626,#6627,#6628),
  .UNSPECIFIED.,.F.,.F.,(4,4),(-1.,0.),.PIECEWISE_BEZIER_KNOTS.);
#6625 = CARTESIAN_POINT('',(199.17026942052,-81.20422667762,-0.49));
#6626 = CARTESIAN_POINT('',(198.21353195308,-86.0746755149,-0.49));
#6627 = CARTESIAN_POINT('',(198.25798660396,-86.24189399024,-0.49));
#6628 = CARTESIAN_POINT('',(201.33561528641,-89.52696156125,-0.49));
#6629 = ORIENTED_EDGE('',*,*,#6567,.T.);
#6630 = ORIENTED_EDGE('',*,*,#6631,.T.);
#6631 = EDGE_CURVE('',#6570,#6616,#6632,.T.);
#6632 = B_SPLINE_CURVE_WITH_KNOTS('',3,(#6633,#6634,#6635,#6636),
  .UNSPECIFIED.,.F.,.F.,(4,4),(0.,1.351472873051),
  .PIECEWISE_BEZIER_KNOTS.);
#6633 = CARTESIAN_POINT('',(201.33561528641,-89.52696156125,1.51));
#6634 = CARTESIAN_POINT('',(198.25798660396,-86.24189399024,1.51));
#6635 = CARTESIAN_POINT('',(198.21353195308,-86.0746755149,1.51));
#6636 = CARTESIAN_POINT('',(199.17026942052,-81.20422667762,1.51));
#6637 = B_SPLINE_SURFACE_WITH_KNOTS('',3,1,(
    (#6638,#6639)
    ,(#6640,#6641)
    ,(#6642,#6643)
    ,(#6644,#6645
    )),.UNSPECIFIED.,.F.,.F.,.F.,(4,4),(2,2),(-1.,0.),(0.,0.5),
  .PIECEWISE_BEZIER_KNOTS.);
#6638 = CARTESIAN_POINT('',(199.17026942052,-81.20422667762,-0.49));
#6639 = CARTESIAN_POINT('',(199.17026942052,-81.20422667762,4.51));
#6640 = CARTESIAN_POINT('',(198.21353195308,-86.0746755149,-0.49));
#6641 = CARTESIAN_POINT('',(198.21353195308,-86.0746755149,4.51));
#6642 = CARTESIAN_POINT('',(198.25798660396,-86.24189399024,-0.49));
#6643 = CARTESIAN_POINT('',(198.25798660396,-86.24189399024,4.51));
#6644 = CARTESIAN_POINT('',(201.33561528641,-89.52696156125,-0.49));
#6645 = CARTESIAN_POINT('',(201.33561528641,-89.52696156125,4.51));
#6646 = ADVANCED_FACE('',(#6647),#6674,.F.);
#6647 = FACE_BOUND('',#6648,.F.);
#6648 = EDGE_LOOP('',(#6649,#6659,#6666,#6667));
#6649 = ORIENTED_EDGE('',*,*,#6650,.F.);
#6650 = EDGE_CURVE('',#6651,#6653,#6655,.T.);
#6651 = VERTEX_POINT('',#6652);
#6652 = CARTESIAN_POINT('',(204.61009241857,-73.3365770652,-0.49));
#6653 = VERTEX_POINT('',#6654);
#6654 = CARTESIAN_POINT('',(204.61009241857,-73.3365770652,1.51));
#6655 = LINE('',#6656,#6657);
#6656 = CARTESIAN_POINT('',(204.61009241857,-73.3365770652,-0.49));
#6657 = VECTOR('',#6658,1.);
#6658 = DIRECTION('',(0.,0.,1.));
#6659 = ORIENTED_EDGE('',*,*,#6660,.T.);
#6660 = EDGE_CURVE('',#6651,#6614,#6661,.T.);
#6661 = B_SPLINE_CURVE_WITH_KNOTS('',3,(#6662,#6663,#6664,#6665),
  .UNSPECIFIED.,.F.,.F.,(4,4),(-1.,0.),.PIECEWISE_BEZIER_KNOTS.);
#6662 = CARTESIAN_POINT('',(204.61009241857,-73.3365770652,-0.49));
#6663 = CARTESIAN_POINT('',(200.23706476965,-76.17502784034,-0.49));
#6664 = CARTESIAN_POINT('',(200.12699396886,-76.33165910662,-0.49));
#6665 = CARTESIAN_POINT('',(199.17026942052,-81.20422667762,-0.49));
#6666 = ORIENTED_EDGE('',*,*,#6613,.T.);
#6667 = ORIENTED_EDGE('',*,*,#6668,.T.);
#6668 = EDGE_CURVE('',#6616,#6653,#6669,.T.);
#6669 = B_SPLINE_CURVE_WITH_KNOTS('',3,(#6670,#6671,#6672,#6673),
  .UNSPECIFIED.,.F.,.F.,(4,4),(0.,1.489673421185),
  .PIECEWISE_BEZIER_KNOTS.);
#6670 = CARTESIAN_POINT('',(199.17026942052,-81.20422667762,1.51));
#6671 = CARTESIAN_POINT('',(200.12699396886,-76.33165910662,1.51));
#6672 = CARTESIAN_POINT('',(200.23706476965,-76.17502784034,1.51));
#6673 = CARTESIAN_POINT('',(204.61009241857,-73.3365770652,1.51));
#6674 = B_SPLINE_SURFACE_WITH_KNOTS('',3,1,(
    (#6675,#6676)
    ,(#6677,#6678)
    ,(#6679,#6680)
    ,(#6681,#6682
    )),.UNSPECIFIED.,.F.,.F.,.F.,(4,4),(2,2),(-1.,0.),(0.,0.5),
  .PIECEWISE_BEZIER_KNOTS.);
#6675 = CARTESIAN_POINT('',(204.61009241857,-73.3365770652,-0.49));
#6676 = CARTESIAN_POINT('',(204.61009241857,-73.3365770652,4.51));
#6677 = CARTESIAN_POINT('',(200.23706476965,-76.17502784034,-0.49));
#6678 = CARTESIAN_POINT('',(200.23706476965,-76.17502784034,4.51));
#6679 = CARTESIAN_POINT('',(200.12699396886,-76.33165910662,-0.49));
#6680 = CARTESIAN_POINT('',(200.12699396886,-76.33165910662,4.51));
#6681 = CARTESIAN_POINT('',(199.17026942052,-81.20422667762,-0.49));
#6682 = CARTESIAN_POINT('',(199.17026942052,-81.20422667762,4.51));
#6683 = ADVANCED_FACE('',(#6684),#6711,.F.);
#6684 = FACE_BOUND('',#6685,.F.);
#6685 = EDGE_LOOP('',(#6686,#6696,#6703,#6704));
#6686 = ORIENTED_EDGE('',*,*,#6687,.F.);
#6687 = EDGE_CURVE('',#6688,#6690,#6692,.T.);
#6688 = VERTEX_POINT('',#6689);
#6689 = CARTESIAN_POINT('',(209.07202936925,-81.22116039853,-0.49));
#6690 = VERTEX_POINT('',#6691);
#6691 = CARTESIAN_POINT('',(209.07202936925,-81.22116039853,1.51));
#6692 = LINE('',#6693,#6694);
#6693 = CARTESIAN_POINT('',(209.07202936925,-81.22116039853,-0.49));
#6694 = VECTOR('',#6695,1.);
#6695 = DIRECTION('',(0.,0.,1.));
#6696 = ORIENTED_EDGE('',*,*,#6697,.T.);
#6697 = EDGE_CURVE('',#6688,#6651,#6698,.T.);
#6698 = B_SPLINE_CURVE_WITH_KNOTS('',3,(#6699,#6700,#6701,#6702),
  .UNSPECIFIED.,.F.,.F.,(4,4),(-1.,0.),.PIECEWISE_BEZIER_KNOTS.);
#6699 = CARTESIAN_POINT('',(209.07202936925,-81.22116039853,-0.49));
#6700 = CARTESIAN_POINT('',(209.07202936925,-70.6547607861,-0.49));
#6701 = CARTESIAN_POINT('',(208.98313298661,-70.4960107861,-0.49));
#6702 = CARTESIAN_POINT('',(204.61009241857,-73.3365770652,-0.49));
#6703 = ORIENTED_EDGE('',*,*,#6650,.T.);
#6704 = ORIENTED_EDGE('',*,*,#6705,.T.);
#6705 = EDGE_CURVE('',#6653,#6690,#6706,.T.);
#6706 = B_SPLINE_CURVE_WITH_KNOTS('',3,(#6707,#6708,#6709,#6710),
  .UNSPECIFIED.,.F.,.F.,(4,4),(0.,1.686848232537),
  .PIECEWISE_BEZIER_KNOTS.);
#6707 = CARTESIAN_POINT('',(204.61009241857,-73.3365770652,1.51));
#6708 = CARTESIAN_POINT('',(208.98313298661,-70.4960107861,1.51));
#6709 = CARTESIAN_POINT('',(209.07202936925,-70.6547607861,1.51));
#6710 = CARTESIAN_POINT('',(209.07202936925,-81.22116039853,1.51));
#6711 = B_SPLINE_SURFACE_WITH_KNOTS('',3,1,(
    (#6712,#6713)
    ,(#6714,#6715)
    ,(#6716,#6717)
    ,(#6718,#6719
    )),.UNSPECIFIED.,.F.,.F.,.F.,(4,4),(2,2),(-1.,0.),(0.,0.5),
  .PIECEWISE_BEZIER_KNOTS.);
#6712 = CARTESIAN_POINT('',(209.07202936925,-81.22116039853,-0.49));
#6713 = CARTESIAN_POINT('',(209.07202936925,-81.22116039853,4.51));
#6714 = CARTESIAN_POINT('',(209.07202936925,-70.6547607861,-0.49));
#6715 = CARTESIAN_POINT('',(209.07202936925,-70.6547607861,4.51));
#6716 = CARTESIAN_POINT('',(208.98313298661,-70.4960107861,-0.49));
#6717 = CARTESIAN_POINT('',(208.98313298661,-70.4960107861,4.51));
#6718 = CARTESIAN_POINT('',(204.61009241857,-73.3365770652,-0.49));
#6719 = CARTESIAN_POINT('',(204.61009241857,-73.3365770652,4.51));
#6720 = ADVANCED_FACE('',(#6721),#6747,.F.);
#6721 = FACE_BOUND('',#6722,.F.);
#6722 = EDGE_LOOP('',(#6723,#6724,#6731,#6732));
#6723 = ORIENTED_EDGE('',*,*,#6586,.F.);
#6724 = ORIENTED_EDGE('',*,*,#6725,.T.);
#6725 = EDGE_CURVE('',#6578,#6688,#6726,.T.);
#6726 = B_SPLINE_CURVE_WITH_KNOTS('',3,(#6727,#6728,#6729,#6730),
  .UNSPECIFIED.,.F.,.F.,(4,4),(-1.,0.),.PIECEWISE_BEZIER_KNOTS.);
#6727 = CARTESIAN_POINT('',(206.77545120356,-92.44160923581,-0.49));
#6728 = CARTESIAN_POINT('',(209.02546890376,-92.01192616086,-0.49));
#6729 = CARTESIAN_POINT('',(209.07202936925,-91.78756001096,-0.49));
#6730 = CARTESIAN_POINT('',(209.07202936925,-81.22116039853,-0.49));
#6731 = ORIENTED_EDGE('',*,*,#6687,.T.);
#6732 = ORIENTED_EDGE('',*,*,#6733,.T.);
#6733 = EDGE_CURVE('',#6690,#6587,#6734,.T.);
#6734 = B_SPLINE_CURVE_WITH_KNOTS('',3,(#6735,#6736,#6737,#6738,#6739,
    #6740,#6741,#6742,#6743,#6744,#6745,#6746),.UNSPECIFIED.,.F.,.F.,(4,
    2,2,2,2,4),(0.,1.586072667718,2.026049274858,2.375507442312,
    2.715784647824,3.176950225442),.UNSPECIFIED.);
#6735 = CARTESIAN_POINT('',(209.07202936925,-81.22116039853,1.51));
#6736 = CARTESIAN_POINT('',(209.07202936925,-86.50806929092,1.51));
#6737 = CARTESIAN_POINT('',(209.06041348737,-89.20193327449,1.51));
#6738 = CARTESIAN_POINT('',(208.68624186023,-91.02953535878,1.51));
#6739 = CARTESIAN_POINT('',(208.58332491384,-91.3289848753,1.51));
#6740 = CARTESIAN_POINT('',(208.34937572973,-91.74180922995,1.51));
#6741 = CARTESIAN_POINT('',(208.22854804069,-91.88068000009,1.51));
#6742 = CARTESIAN_POINT('',(207.95039249104,-92.09620406871,1.51));
#6743 = CARTESIAN_POINT('',(207.79455139724,-92.17410227439,1.51));
#6744 = CARTESIAN_POINT('',(207.37815780123,-92.32208583962,1.51));
#6745 = CARTESIAN_POINT('',(207.09932903523,-92.3797586901,1.51));
#6746 = CARTESIAN_POINT('',(206.77545120356,-92.44160923581,1.51));
#6747 = B_SPLINE_SURFACE_WITH_KNOTS('',3,1,(
    (#6748,#6749)
    ,(#6750,#6751)
    ,(#6752,#6753)
    ,(#6754,#6755
    )),.UNSPECIFIED.,.F.,.F.,.F.,(4,4),(2,2),(-1.,0.),(0.,0.5),
  .PIECEWISE_BEZIER_KNOTS.);
#6748 = CARTESIAN_POINT('',(206.77545120356,-92.44160923581,-0.49));
#6749 = CARTESIAN_POINT('',(206.77545120356,-92.44160923581,4.51));
#6750 = CARTESIAN_POINT('',(209.02546890376,-92.01192616086,-0.49));
#6751 = CARTESIAN_POINT('',(209.02546890376,-92.01192616086,4.51));
#6752 = CARTESIAN_POINT('',(209.07202936925,-91.78756001096,-0.49));
#6753 = CARTESIAN_POINT('',(209.07202936925,-91.78756001096,4.51));
#6754 = CARTESIAN_POINT('',(209.07202936925,-81.22116039853,-0.49));
#6755 = CARTESIAN_POINT('',(209.07202936925,-81.22116039853,4.51));
#6756 = ADVANCED_FACE('',(#6757),#6803,.F.);
#6757 = FACE_BOUND('',#6758,.F.);
#6758 = EDGE_LOOP('',(#6759,#6769,#6778,#6786));
#6759 = ORIENTED_EDGE('',*,*,#6760,.F.);
#6760 = EDGE_CURVE('',#6761,#6763,#6765,.T.);
#6761 = VERTEX_POINT('',#6762);
#6762 = CARTESIAN_POINT('',(169.48612523514,-103.5562263546,-0.49));
#6763 = VERTEX_POINT('',#6764);
#6764 = CARTESIAN_POINT('',(169.48612523514,-103.5562263546,1.51));
#6765 = LINE('',#6766,#6767);
#6766 = CARTESIAN_POINT('',(169.48612523514,-103.5562263546,-0.49));
#6767 = VECTOR('',#6768,1.);
#6768 = DIRECTION('',(0.,0.,1.));
#6769 = ORIENTED_EDGE('',*,*,#6770,.T.);
#6770 = EDGE_CURVE('',#6761,#6771,#6773,.T.);
#6771 = VERTEX_POINT('',#6772);
#6772 = CARTESIAN_POINT('',(178.24701166906,-114.3279432958,-0.49));
#6773 = B_SPLINE_CURVE_WITH_KNOTS('',3,(#6774,#6775,#6776,#6777),
  .UNSPECIFIED.,.F.,.F.,(4,4),(-1.,0.),.PIECEWISE_BEZIER_KNOTS.);
#6774 = CARTESIAN_POINT('',(169.48612523514,-103.5562263546,-0.49));
#6775 = CARTESIAN_POINT('',(170.24601425288,-114.114159914,-0.49));
#6776 = CARTESIAN_POINT('',(170.42170120356,-114.3279432958,-0.49));
#6777 = CARTESIAN_POINT('',(178.24701166906,-114.3279432958,-0.49));
#6778 = ORIENTED_EDGE('',*,*,#6779,.T.);
#6779 = EDGE_CURVE('',#6771,#6780,#6782,.T.);
#6780 = VERTEX_POINT('',#6781);
#6781 = CARTESIAN_POINT('',(178.24701166906,-114.3279432958,1.51));
#6782 = LINE('',#6783,#6784);
#6783 = CARTESIAN_POINT('',(178.24701166906,-114.3279432958,-0.49));
#6784 = VECTOR('',#6785,1.);
#6785 = DIRECTION('',(0.,0.,1.));
#6786 = ORIENTED_EDGE('',*,*,#6787,.T.);
#6787 = EDGE_CURVE('',#6780,#6763,#6788,.T.);
#6788 = B_SPLINE_CURVE_WITH_KNOTS('',3,(#6789,#6790,#6791,#6792,#6793,
    #6794,#6795,#6796,#6797,#6798,#6799,#6800,#6801,#6802),
  .UNSPECIFIED.,.F.,.F.,(4,2,2,2,2,2,4),(0.,0.586757340497,
    0.908163098768,1.173677217173,1.438721970389,1.859521492811,
    2.343239949713),.UNSPECIFIED.);
#6789 = CARTESIAN_POINT('',(178.24701166906,-114.3279432958,1.51));
#6790 = CARTESIAN_POINT('',(176.2911538674,-114.3279432958,1.51));
#6791 = CARTESIAN_POINT('',(174.8129243255,-114.3146582819,1.51));
#6792 = CARTESIAN_POINT('',(173.06511782403,-114.0281879085,1.51));
#6793 = CARTESIAN_POINT('',(172.55243647453,-113.8754763557,1.51));
#6794 = CARTESIAN_POINT('',(171.76851803056,-113.4556046047,1.51));
#6795 = CARTESIAN_POINT('',(171.46978953896,-113.2123427966,1.51));
#6796 = CARTESIAN_POINT('',(170.9627112869,-112.5883463444,1.51));
#6797 = CARTESIAN_POINT('',(170.75462172277,-112.2084893613,1.51));
#6798 = CARTESIAN_POINT('',(170.30222604981,-111.0083046574,1.51));
#6799 = CARTESIAN_POINT('',(170.10927588703,-110.062274745,1.51));
#6800 = CARTESIAN_POINT('',(169.77214758175,-107.4471863526,1.51));
#6801 = CARTESIAN_POINT('',(169.63766808506,-105.6617698005,1.51));
#6802 = CARTESIAN_POINT('',(169.48612523514,-103.5562263546,1.51));
#6803 = B_SPLINE_SURFACE_WITH_KNOTS('',3,1,(
    (#6804,#6805)
    ,(#6806,#6807)
    ,(#6808,#6809)
    ,(#6810,#6811
    )),.UNSPECIFIED.,.F.,.F.,.F.,(4,4),(2,2),(-1.,0.),(0.,0.5),
  .PIECEWISE_BEZIER_KNOTS.);
#6804 = CARTESIAN_POINT('',(169.48612523514,-103.5562263546,-0.49));
#6805 = CARTESIAN_POINT('',(169.48612523514,-103.5562263546,4.51));
#6806 = CARTESIAN_POINT('',(170.24601425288,-114.114159914,-0.49));
#6807 = CARTESIAN_POINT('',(170.24601425288,-114.114159914,4.51));
#6808 = CARTESIAN_POINT('',(170.42170120356,-114.3279432958,-0.49));
#6809 = CARTESIAN_POINT('',(170.42170120356,-114.3279432958,4.51));
#6810 = CARTESIAN_POINT('',(178.24701166906,-114.3279432958,-0.49));
#6811 = CARTESIAN_POINT('',(178.24701166906,-114.3279432958,4.51));
#6812 = ADVANCED_FACE('',(#6813),#6840,.F.);
#6813 = FACE_BOUND('',#6814,.F.);
#6814 = EDGE_LOOP('',(#6815,#6825,#6832,#6833));
#6815 = ORIENTED_EDGE('',*,*,#6816,.F.);
#6816 = EDGE_CURVE('',#6817,#6819,#6821,.T.);
#6817 = VERTEX_POINT('',#6818);
#6818 = CARTESIAN_POINT('',(173.26014551916,-91.247809365,-0.49));
#6819 = VERTEX_POINT('',#6820);
#6820 = CARTESIAN_POINT('',(173.26014551916,-91.247809365,1.51));
#6821 = LINE('',#6822,#6823);
#6822 = CARTESIAN_POINT('',(173.26014551916,-91.247809365,-0.49));
#6823 = VECTOR('',#6824,1.);
#6824 = DIRECTION('',(0.,0.,1.));
#6825 = ORIENTED_EDGE('',*,*,#6826,.T.);
#6826 = EDGE_CURVE('',#6817,#6761,#6827,.T.);
#6827 = B_SPLINE_CURVE_WITH_KNOTS('',3,(#6828,#6829,#6830,#6831),
  .UNSPECIFIED.,.F.,.F.,(4,4),(-1.,0.),.PIECEWISE_BEZIER_KNOTS.);
#6828 = CARTESIAN_POINT('',(173.26014551916,-91.247809365,-0.49));
#6829 = CARTESIAN_POINT('',(168.8003273022,-92.75275949419,-0.49));
#6830 = CARTESIAN_POINT('',(168.72413040278,-93.00041072151,-0.49));
#6831 = CARTESIAN_POINT('',(169.48612523514,-103.5562263546,-0.49));
#6832 = ORIENTED_EDGE('',*,*,#6760,.T.);
#6833 = ORIENTED_EDGE('',*,*,#6834,.T.);
#6834 = EDGE_CURVE('',#6763,#6819,#6835,.T.);
#6835 = B_SPLINE_CURVE_WITH_KNOTS('',3,(#6836,#6837,#6838,#6839),
  .UNSPECIFIED.,.F.,.F.,(4,4),(0.,3.184141740955),
  .PIECEWISE_BEZIER_KNOTS.);
#6836 = CARTESIAN_POINT('',(169.48612523514,-103.5562263546,1.51));
#6837 = CARTESIAN_POINT('',(168.72413040278,-93.00041072151,1.51));
#6838 = CARTESIAN_POINT('',(168.8003273022,-92.75275949419,1.51));
#6839 = CARTESIAN_POINT('',(173.26014551916,-91.247809365,1.51));
#6840 = B_SPLINE_SURFACE_WITH_KNOTS('',3,1,(
    (#6841,#6842)
    ,(#6843,#6844)
    ,(#6845,#6846)
    ,(#6847,#6848
    )),.UNSPECIFIED.,.F.,.F.,.F.,(4,4),(2,2),(-1.,0.),(0.,0.5),
  .PIECEWISE_BEZIER_KNOTS.);
#6841 = CARTESIAN_POINT('',(173.26014551916,-91.247809365,-0.49));
#6842 = CARTESIAN_POINT('',(173.26014551916,-91.247809365,4.51));
#6843 = CARTESIAN_POINT('',(168.8003273022,-92.75275949419,-0.49));
#6844 = CARTESIAN_POINT('',(168.8003273022,-92.75275949419,4.51));
#6845 = CARTESIAN_POINT('',(168.72413040278,-93.00041072151,-0.49));
#6846 = CARTESIAN_POINT('',(168.72413040278,-93.00041072151,4.51));
#6847 = CARTESIAN_POINT('',(169.48612523514,-103.5562263546,-0.49));
#6848 = CARTESIAN_POINT('',(169.48612523514,-103.5562263546,4.51));
#6849 = ADVANCED_FACE('',(#6850),#6877,.F.);
#6850 = FACE_BOUND('',#6851,.F.);
#6851 = EDGE_LOOP('',(#6852,#6862,#6869,#6870));
#6852 = ORIENTED_EDGE('',*,*,#6853,.F.);
#6853 = EDGE_CURVE('',#6854,#6856,#6858,.T.);
#6854 = VERTEX_POINT('',#6855);
#6855 = CARTESIAN_POINT('',(180.35521631994,-92.08177654843,-0.49));
#6856 = VERTEX_POINT('',#6857);
#6857 = CARTESIAN_POINT('',(180.35521631994,-92.08177654843,1.51));
#6858 = LINE('',#6859,#6860);
#6859 = CARTESIAN_POINT('',(180.35521631994,-92.08177654843,-0.49));
#6860 = VECTOR('',#6861,1.);
#6861 = DIRECTION('',(0.,0.,1.));
#6862 = ORIENTED_EDGE('',*,*,#6863,.T.);
#6863 = EDGE_CURVE('',#6854,#6817,#6864,.T.);
#6864 = B_SPLINE_CURVE_WITH_KNOTS('',3,(#6865,#6866,#6867,#6868),
  .UNSPECIFIED.,.F.,.F.,(4,4),(-1.,0.),.PIECEWISE_BEZIER_KNOTS.);
#6865 = CARTESIAN_POINT('',(180.35521631994,-92.08177654843,-0.49));
#6866 = CARTESIAN_POINT('',(177.86389551916,-89.75979295672,-0.49));
#6867 = CARTESIAN_POINT('',(177.72208246984,-89.74285923581,-0.49));
#6868 = CARTESIAN_POINT('',(173.26014551916,-91.247809365,-0.49));
#6869 = ORIENTED_EDGE('',*,*,#6816,.T.);
#6870 = ORIENTED_EDGE('',*,*,#6871,.T.);
#6871 = EDGE_CURVE('',#6819,#6856,#6872,.T.);
#6872 = B_SPLINE_CURVE_WITH_KNOTS('',3,(#6873,#6874,#6875,#6876),
  .UNSPECIFIED.,.F.,.F.,(4,4),(0.,1.412198520481),
  .PIECEWISE_BEZIER_KNOTS.);
#6873 = CARTESIAN_POINT('',(173.26014551916,-91.247809365,1.51));
#6874 = CARTESIAN_POINT('',(177.72208246984,-89.74285923581,1.51));
#6875 = CARTESIAN_POINT('',(177.86389551916,-89.75979295672,1.51));
#6876 = CARTESIAN_POINT('',(180.35521631994,-92.08177654843,1.51));
#6877 = B_SPLINE_SURFACE_WITH_KNOTS('',3,1,(
    (#6878,#6879)
    ,(#6880,#6881)
    ,(#6882,#6883)
    ,(#6884,#6885
    )),.UNSPECIFIED.,.F.,.F.,.F.,(4,4),(2,2),(-1.,0.),(0.,0.5),
  .PIECEWISE_BEZIER_KNOTS.);
#6878 = CARTESIAN_POINT('',(180.35521631994,-92.08177654843,-0.49));
#6879 = CARTESIAN_POINT('',(180.35521631994,-92.08177654843,4.51));
#6880 = CARTESIAN_POINT('',(177.86389551916,-89.75979295672,-0.49));
#6881 = CARTESIAN_POINT('',(177.86389551916,-89.75979295672,4.51));
#6882 = CARTESIAN_POINT('',(177.72208246984,-89.74285923581,-0.49));
#6883 = CARTESIAN_POINT('',(177.72208246984,-89.74285923581,4.51));
#6884 = CARTESIAN_POINT('',(173.26014551916,-91.247809365,-0.49));
#6885 = CARTESIAN_POINT('',(173.26014551916,-91.247809365,4.51));
#6886 = ADVANCED_FACE('',(#6887),#6914,.F.);
#6887 = FACE_BOUND('',#6888,.F.);
#6888 = EDGE_LOOP('',(#6889,#6899,#6906,#6907));
#6889 = ORIENTED_EDGE('',*,*,#6890,.F.);
#6890 = EDGE_CURVE('',#6891,#6893,#6895,.T.);
#6891 = VERTEX_POINT('',#6892);
#6892 = CARTESIAN_POINT('',(184.56526942052,-104.390193538,-0.49));
#6893 = VERTEX_POINT('',#6894);
#6894 = CARTESIAN_POINT('',(184.56526942052,-104.390193538,1.51));
#6895 = LINE('',#6896,#6897);
#6896 = CARTESIAN_POINT('',(184.56526942052,-104.390193538,-0.49));
#6897 = VECTOR('',#6898,1.);
#6898 = DIRECTION('',(0.,0.,1.));
#6899 = ORIENTED_EDGE('',*,*,#6900,.T.);
#6900 = EDGE_CURVE('',#6891,#6854,#6901,.T.);
#6901 = B_SPLINE_CURVE_WITH_KNOTS('',3,(#6902,#6903,#6904,#6905),
  .UNSPECIFIED.,.F.,.F.,(4,4),(-1.,0.),.PIECEWISE_BEZIER_KNOTS.);
#6902 = CARTESIAN_POINT('',(184.56526942052,-104.390193538,-0.49));
#6903 = CARTESIAN_POINT('',(182.93119603592,-94.65140975257,-0.49));
#6904 = CARTESIAN_POINT('',(182.84653712072,-94.40587725898,-0.49));
#6905 = CARTESIAN_POINT('',(180.35521631994,-92.08177654843,-0.49));
#6906 = ORIENTED_EDGE('',*,*,#6853,.T.);
#6907 = ORIENTED_EDGE('',*,*,#6908,.T.);
#6908 = EDGE_CURVE('',#6856,#6893,#6909,.T.);
#6909 = B_SPLINE_CURVE_WITH_KNOTS('',3,(#6910,#6911,#6912,#6913),
  .UNSPECIFIED.,.F.,.F.,(4,4),(0.,1.035031262611),
  .PIECEWISE_BEZIER_KNOTS.);
#6910 = CARTESIAN_POINT('',(180.35521631994,-92.08177654843,1.51));
#6911 = CARTESIAN_POINT('',(182.84653712072,-94.40587725898,1.51));
#6912 = CARTESIAN_POINT('',(182.93119603592,-94.65140975257,1.51));
#6913 = CARTESIAN_POINT('',(184.56526942052,-104.390193538,1.51));
#6914 = B_SPLINE_SURFACE_WITH_KNOTS('',3,1,(
    (#6915,#6916)
    ,(#6917,#6918)
    ,(#6919,#6920)
    ,(#6921,#6922
    )),.UNSPECIFIED.,.F.,.F.,.F.,(4,4),(2,2),(-1.,0.),(0.,0.5),
  .PIECEWISE_BEZIER_KNOTS.);
#6915 = CARTESIAN_POINT('',(184.56526942052,-104.390193538,-0.49));
#6916 = CARTESIAN_POINT('',(184.56526942052,-104.390193538,4.51));
#6917 = CARTESIAN_POINT('',(182.93119603592,-94.65140975257,-0.49));
#6918 = CARTESIAN_POINT('',(182.93119603592,-94.65140975257,4.51));
#6919 = CARTESIAN_POINT('',(182.84653712072,-94.40587725898,-0.49));
#6920 = CARTESIAN_POINT('',(182.84653712072,-94.40587725898,4.51));
#6921 = CARTESIAN_POINT('',(180.35521631994,-92.08177654843,-0.49));
#6922 = CARTESIAN_POINT('',(180.35521631994,-92.08177654843,4.51));
#6923 = ADVANCED_FACE('',(#6924),#6942,.F.);
#6924 = FACE_BOUND('',#6925,.F.);
#6925 = EDGE_LOOP('',(#6926,#6927,#6934,#6935));
#6926 = ORIENTED_EDGE('',*,*,#6779,.F.);
#6927 = ORIENTED_EDGE('',*,*,#6928,.T.);
#6928 = EDGE_CURVE('',#6771,#6891,#6929,.T.);
#6929 = B_SPLINE_CURVE_WITH_KNOTS('',3,(#6930,#6931,#6932,#6933),
  .UNSPECIFIED.,.F.,.F.,(4,4),(-1.,0.),.PIECEWISE_BEZIER_KNOTS.);
#6930 = CARTESIAN_POINT('',(178.24701166906,-114.3279432958,-0.49));
#6931 = CARTESIAN_POINT('',(186.07233505366,-114.3279432958,-0.49));
#6932 = CARTESIAN_POINT('',(186.19932988602,-114.1289767179,-0.49));
#6933 = CARTESIAN_POINT('',(184.56526942052,-104.390193538,-0.49));
#6934 = ORIENTED_EDGE('',*,*,#6890,.T.);
#6935 = ORIENTED_EDGE('',*,*,#6936,.T.);
#6936 = EDGE_CURVE('',#6893,#6780,#6937,.T.);
#6937 = B_SPLINE_CURVE_WITH_KNOTS('',3,(#6938,#6939,#6940,#6941),
  .UNSPECIFIED.,.F.,.F.,(4,4),(0.,2.874890357186),
  .PIECEWISE_BEZIER_KNOTS.);
#6938 = CARTESIAN_POINT('',(184.56526942052,-104.390193538,1.51));
#6939 = CARTESIAN_POINT('',(186.19932988602,-114.1289767179,1.51));
#6940 = CARTESIAN_POINT('',(186.07233505366,-114.3279432958,1.51));
#6941 = CARTESIAN_POINT('',(178.24701166906,-114.3279432958,1.51));
#6942 = B_SPLINE_SURFACE_WITH_KNOTS('',3,1,(
    (#6943,#6944)
    ,(#6945,#6946)
    ,(#6947,#6948)
    ,(#6949,#6950
    )),.UNSPECIFIED.,.F.,.F.,.F.,(4,4),(2,2),(-1.,0.),(0.,0.5),
  .PIECEWISE_BEZIER_KNOTS.);
#6943 = CARTESIAN_POINT('',(178.24701166906,-114.3279432958,-0.49));
#6944 = CARTESIAN_POINT('',(178.24701166906,-114.3279432958,4.51));
#6945 = CARTESIAN_POINT('',(186.07233505366,-114.3279432958,-0.49));
#6946 = CARTESIAN_POINT('',(186.07233505366,-114.3279432958,4.51));
#6947 = CARTESIAN_POINT('',(186.19932988602,-114.1289767179,-0.49));
#6948 = CARTESIAN_POINT('',(186.19932988602,-114.1289767179,4.51));
#6949 = CARTESIAN_POINT('',(184.56526942052,-104.390193538,-0.49));
#6950 = CARTESIAN_POINT('',(184.56526942052,-104.390193538,4.51));
#6951 = ADVANCED_FACE('',(#6952),#6988,.F.);
#6952 = FACE_BOUND('',#6953,.F.);
#6953 = EDGE_LOOP('',(#6954,#6964,#6973,#6981));
#6954 = ORIENTED_EDGE('',*,*,#6955,.F.);
#6955 = EDGE_CURVE('',#6956,#6958,#6960,.T.);
#6956 = VERTEX_POINT('',#6957);
#6957 = CARTESIAN_POINT('',(159.79391321935,-83.19389205238,-0.49));
#6958 = VERTEX_POINT('',#6959);
#6959 = CARTESIAN_POINT('',(159.79391321935,-83.19389205238,1.51));
#6960 = LINE('',#6961,#6962);
#6961 = CARTESIAN_POINT('',(159.79391321935,-83.19389205238,-0.49));
#6962 = VECTOR('',#6963,1.);
#6963 = DIRECTION('',(0.,0.,1.));
#6964 = ORIENTED_EDGE('',*,*,#6965,.T.);
#6965 = EDGE_CURVE('',#6956,#6966,#6968,.T.);
#6966 = VERTEX_POINT('',#6967);
#6967 = CARTESIAN_POINT('',(165.82006993729,-72.784126936,-0.49));
#6968 = B_SPLINE_CURVE_WITH_KNOTS('',3,(#6969,#6970,#6971,#6972),
  .UNSPECIFIED.,.F.,.F.,(4,4),(-1.,0.),.PIECEWISE_BEZIER_KNOTS.);
#6969 = CARTESIAN_POINT('',(159.79391321935,-83.19389205238,-0.49));
#6970 = CARTESIAN_POINT('',(161.22054448563,-84.89145962338,-0.49));
#6971 = CARTESIAN_POINT('',(161.34119603592,-84.68402719439,-0.49));
#6972 = CARTESIAN_POINT('',(165.82006993729,-72.784126936,-0.49));
#6973 = ORIENTED_EDGE('',*,*,#6974,.T.);
#6974 = EDGE_CURVE('',#6966,#6975,#6977,.T.);
#6975 = VERTEX_POINT('',#6976);
#6976 = CARTESIAN_POINT('',(165.82006993729,-72.784126936,1.51));
#6977 = LINE('',#6978,#6979);
#6978 = CARTESIAN_POINT('',(165.82006993729,-72.784126936,-0.49));
#6979 = VECTOR('',#6980,1.);
#6980 = DIRECTION('',(0.,0.,1.));
#6981 = ORIENTED_EDGE('',*,*,#6982,.T.);
#6982 = EDGE_CURVE('',#6975,#6958,#6983,.T.);
#6983 = B_SPLINE_CURVE_WITH_KNOTS('',3,(#6984,#6985,#6986,#6987),
  .UNSPECIFIED.,.F.,.F.,(4,4),(0.,3.806531339016),
  .PIECEWISE_BEZIER_KNOTS.);
#6984 = CARTESIAN_POINT('',(165.82006993729,-72.784126936,1.51));
#6985 = CARTESIAN_POINT('',(161.34119603592,-84.68402719439,1.51));
#6986 = CARTESIAN_POINT('',(161.22054448563,-84.89145962338,1.51));
#6987 = CARTESIAN_POINT('',(159.79391321935,-83.19389205238,1.51));
#6988 = B_SPLINE_SURFACE_WITH_KNOTS('',3,1,(
    (#6989,#6990)
    ,(#6991,#6992)
    ,(#6993,#6994)
    ,(#6995,#6996
    )),.UNSPECIFIED.,.F.,.F.,.F.,(4,4),(2,2),(-1.,0.),(0.,0.5),
  .PIECEWISE_BEZIER_KNOTS.);
#6989 = CARTESIAN_POINT('',(159.79391321935,-83.19389205238,-0.49));
#6990 = CARTESIAN_POINT('',(159.79391321935,-83.19389205238,4.51));
#6991 = CARTESIAN_POINT('',(161.22054448563,-84.89145962338,-0.49));
#6992 = CARTESIAN_POINT('',(161.22054448563,-84.89145962338,4.51));
#6993 = CARTESIAN_POINT('',(161.34119603592,-84.68402719439,-0.49));
#6994 = CARTESIAN_POINT('',(161.34119603592,-84.68402719439,4.51));
#6995 = CARTESIAN_POINT('',(165.82006993729,-72.784126936,-0.49));
#6996 = CARTESIAN_POINT('',(165.82006993729,-72.784126936,4.51));
#6997 = ADVANCED_FACE('',(#6998),#7025,.F.);
#6998 = FACE_BOUND('',#6999,.F.);
#6999 = EDGE_LOOP('',(#7000,#7010,#7017,#7018));
#7000 = ORIENTED_EDGE('',*,*,#7001,.F.);
#7001 = EDGE_CURVE('',#7002,#7004,#7006,.T.);
#7002 = VERTEX_POINT('',#7003);
#7003 = CARTESIAN_POINT('',(158.76521631994,-69.44190846066,-0.49));
#7004 = VERTEX_POINT('',#7005);
#7005 = CARTESIAN_POINT('',(158.76521631994,-69.44190846066,1.51));
#7006 = LINE('',#7007,#7008);
#7007 = CARTESIAN_POINT('',(158.76521631994,-69.44190846066,-0.49));
#7008 = VECTOR('',#7009,1.);
#7009 = DIRECTION('',(0.,0.,1.));
#7010 = ORIENTED_EDGE('',*,*,#7011,.T.);
#7011 = EDGE_CURVE('',#7002,#6956,#7012,.T.);
#7012 = B_SPLINE_CURVE_WITH_KNOTS('',3,(#7013,#7014,#7015,#7016),
  .UNSPECIFIED.,.F.,.F.,(4,4),(-1.,0.),.PIECEWISE_BEZIER_KNOTS.);
#7013 = CARTESIAN_POINT('',(158.76521631994,-69.44190846066,-0.49));
#7014 = CARTESIAN_POINT('',(158.34612045405,-81.21904489458,-0.49));
#7015 = CARTESIAN_POINT('',(158.36728195308,-81.49420897743,-0.49));
#7016 = CARTESIAN_POINT('',(159.79391321935,-83.19389205238,-0.49));
#7017 = ORIENTED_EDGE('',*,*,#6955,.T.);
#7018 = ORIENTED_EDGE('',*,*,#7019,.T.);
#7019 = EDGE_CURVE('',#6958,#7004,#7020,.T.);
#7020 = B_SPLINE_CURVE_WITH_KNOTS('',3,(#7021,#7022,#7023,#7024),
  .UNSPECIFIED.,.F.,.F.,(4,4),(0.,0.666269620053),
  .PIECEWISE_BEZIER_KNOTS.);
#7021 = CARTESIAN_POINT('',(159.79391321935,-83.19389205238,1.51));
#7022 = CARTESIAN_POINT('',(158.36728195308,-81.49420897743,1.51));
#7023 = CARTESIAN_POINT('',(158.34612045405,-81.21904489458,1.51));
#7024 = CARTESIAN_POINT('',(158.76521631994,-69.44190846066,1.51));
#7025 = B_SPLINE_SURFACE_WITH_KNOTS('',3,1,(
    (#7026,#7027)
    ,(#7028,#7029)
    ,(#7030,#7031)
    ,(#7032,#7033
    )),.UNSPECIFIED.,.F.,.F.,.F.,(4,4),(2,2),(-1.,0.),(0.,0.5),
  .PIECEWISE_BEZIER_KNOTS.);
#7026 = CARTESIAN_POINT('',(158.76521631994,-69.44190846066,-0.49));
#7027 = CARTESIAN_POINT('',(158.76521631994,-69.44190846066,4.51));
#7028 = CARTESIAN_POINT('',(158.34612045405,-81.21904489458,-0.49));
#7029 = CARTESIAN_POINT('',(158.34612045405,-81.21904489458,4.51));
#7030 = CARTESIAN_POINT('',(158.36728195308,-81.49420897743,-0.49));
#7031 = CARTESIAN_POINT('',(158.36728195308,-81.49420897743,4.51));
#7032 = CARTESIAN_POINT('',(159.79391321935,-83.19389205238,-0.49));
#7033 = CARTESIAN_POINT('',(159.79391321935,-83.19389205238,4.51));
#7034 = ADVANCED_FACE('',(#7035),#7062,.F.);
#7035 = FACE_BOUND('',#7036,.F.);
#7036 = EDGE_LOOP('',(#7037,#7047,#7054,#7055));
#7037 = ORIENTED_EDGE('',*,*,#7038,.F.);
#7038 = EDGE_CURVE('',#7039,#7041,#7043,.T.);
#7039 = VERTEX_POINT('',#7040);
#7040 = CARTESIAN_POINT('',(164.78924138504,-59.03214334429,-0.49));
#7041 = VERTEX_POINT('',#7042);
#7042 = CARTESIAN_POINT('',(164.78924138504,-59.03214334429,1.51));
#7043 = LINE('',#7044,#7045);
#7044 = CARTESIAN_POINT('',(164.78924138504,-59.03214334429,-0.49));
#7045 = VECTOR('',#7046,1.);
#7046 = DIRECTION('',(0.,0.,1.));
#7047 = ORIENTED_EDGE('',*,*,#7048,.T.);
#7048 = EDGE_CURVE('',#7039,#7002,#7049,.T.);
#7049 = B_SPLINE_CURVE_WITH_KNOTS('',3,(#7050,#7051,#7052,#7053),
  .UNSPECIFIED.,.F.,.F.,(4,4),(-1.,0.),.PIECEWISE_BEZIER_KNOTS.);
#7050 = CARTESIAN_POINT('',(164.78924138504,-59.03214334429,-0.49));
#7051 = CARTESIAN_POINT('',(159.30072626867,-57.45311181963,-0.49));
#7052 = CARTESIAN_POINT('',(159.1821934521,-57.66265975257,-0.49));
#7053 = CARTESIAN_POINT('',(158.76521631994,-69.44190846066,-0.49));
#7054 = ORIENTED_EDGE('',*,*,#7001,.T.);
#7055 = ORIENTED_EDGE('',*,*,#7056,.T.);
#7056 = EDGE_CURVE('',#7004,#7041,#7057,.T.);
#7057 = B_SPLINE_CURVE_WITH_KNOTS('',3,(#7058,#7059,#7060,#7061),
  .UNSPECIFIED.,.F.,.F.,(4,4),(0.,3.409517097852),
  .PIECEWISE_BEZIER_KNOTS.);
#7058 = CARTESIAN_POINT('',(158.76521631994,-69.44190846066,1.51));
#7059 = CARTESIAN_POINT('',(159.1821934521,-57.66265975257,1.51));
#7060 = CARTESIAN_POINT('',(159.30072626867,-57.45311181963,1.51));
#7061 = CARTESIAN_POINT('',(164.78924138504,-59.03214334429,1.51));
#7062 = B_SPLINE_SURFACE_WITH_KNOTS('',3,1,(
    (#7063,#7064)
    ,(#7065,#7066)
    ,(#7067,#7068)
    ,(#7069,#7070
    )),.UNSPECIFIED.,.F.,.F.,.F.,(4,4),(2,2),(-1.,0.),(0.,0.5),
  .PIECEWISE_BEZIER_KNOTS.);
#7063 = CARTESIAN_POINT('',(164.78924138504,-59.03214334429,-0.49));
#7064 = CARTESIAN_POINT('',(164.78924138504,-59.03214334429,4.51));
#7065 = CARTESIAN_POINT('',(159.30072626867,-57.45311181963,-0.49));
#7066 = CARTESIAN_POINT('',(159.30072626867,-57.45311181963,4.51));
#7067 = CARTESIAN_POINT('',(159.1821934521,-57.66265975257,-0.49));
#7068 = CARTESIAN_POINT('',(159.1821934521,-57.66265975257,4.51));
#7069 = CARTESIAN_POINT('',(158.76521631994,-69.44190846066,-0.49));
#7070 = CARTESIAN_POINT('',(158.76521631994,-69.44190846066,4.51));
#7071 = ADVANCED_FACE('',(#7072),#7090,.F.);
#7072 = FACE_BOUND('',#7073,.F.);
#7073 = EDGE_LOOP('',(#7074,#7075,#7082,#7083));
#7074 = ORIENTED_EDGE('',*,*,#6974,.F.);
#7075 = ORIENTED_EDGE('',*,*,#7076,.T.);
#7076 = EDGE_CURVE('',#6966,#7039,#7077,.T.);
#7077 = B_SPLINE_CURVE_WITH_KNOTS('',3,(#7078,#7079,#7080,#7081),
  .UNSPECIFIED.,.F.,.F.,(4,4),(-1.,0.),.PIECEWISE_BEZIER_KNOTS.);
#7078 = CARTESIAN_POINT('',(165.82006993729,-72.784126936,-0.49));
#7079 = CARTESIAN_POINT('',(170.29893091955,-60.88634541135,-0.49));
#7080 = CARTESIAN_POINT('',(170.27987523514,-60.61117486895,-0.49));
#7081 = CARTESIAN_POINT('',(164.78924138504,-59.03214334429,-0.49));
#7082 = ORIENTED_EDGE('',*,*,#7038,.T.);
#7083 = ORIENTED_EDGE('',*,*,#7084,.T.);
#7084 = EDGE_CURVE('',#7041,#6975,#7085,.T.);
#7085 = B_SPLINE_CURVE_WITH_KNOTS('',3,(#7086,#7087,#7088,#7089),
  .UNSPECIFIED.,.F.,.F.,(4,4),(0.,1.765047513506),
  .PIECEWISE_BEZIER_KNOTS.);
#7086 = CARTESIAN_POINT('',(164.78924138504,-59.03214334429,1.51));
#7087 = CARTESIAN_POINT('',(170.27987523514,-60.61117486895,1.51));
#7088 = CARTESIAN_POINT('',(170.29893091955,-60.88634541135,1.51));
#7089 = CARTESIAN_POINT('',(165.82006993729,-72.784126936,1.51));
#7090 = B_SPLINE_SURFACE_WITH_KNOTS('',3,1,(
    (#7091,#7092)
    ,(#7093,#7094)
    ,(#7095,#7096)
    ,(#7097,#7098
    )),.UNSPECIFIED.,.F.,.F.,.F.,(4,4),(2,2),(-1.,0.),(0.,0.5),
  .PIECEWISE_BEZIER_KNOTS.);
#7091 = CARTESIAN_POINT('',(165.82006993729,-72.784126936,-0.49));
#7092 = CARTESIAN_POINT('',(165.82006993729,-72.784126936,4.51));
#7093 = CARTESIAN_POINT('',(170.29893091955,-60.88634541135,-0.49));
#7094 = CARTESIAN_POINT('',(170.29893091955,-60.88634541135,4.51));
#7095 = CARTESIAN_POINT('',(170.27987523514,-60.61117486895,-0.49));
#7096 = CARTESIAN_POINT('',(170.27987523514,-60.61117486895,4.51));
#7097 = CARTESIAN_POINT('',(164.78924138504,-59.03214334429,-0.49));
#7098 = CARTESIAN_POINT('',(164.78924138504,-59.03214334429,4.51));
#7099 = ADVANCED_FACE('',(#7100),#7136,.F.);
#7100 = FACE_BOUND('',#7101,.F.);
#7101 = EDGE_LOOP('',(#7102,#7112,#7121,#7129));
#7102 = ORIENTED_EDGE('',*,*,#7103,.F.);
#7103 = EDGE_CURVE('',#7104,#7106,#7108,.T.);
#7104 = VERTEX_POINT('',#7105);
#7105 = CARTESIAN_POINT('',(122.77764551916,-62.46749566973,-0.49));
#7106 = VERTEX_POINT('',#7107);
#7107 = CARTESIAN_POINT('',(122.77764551916,-62.46749566973,1.51));
#7108 = LINE('',#7109,#7110);
#7109 = CARTESIAN_POINT('',(122.77764551916,-62.46749566973,-0.49));
#7110 = VECTOR('',#7111,1.);
#7111 = DIRECTION('',(0.,0.,1.));
#7112 = ORIENTED_EDGE('',*,*,#7113,.T.);
#7113 = EDGE_CURVE('',#7104,#7114,#7116,.T.);
#7114 = VERTEX_POINT('',#7115);
#7115 = CARTESIAN_POINT('',(118.11462911087,-72.07292680681,-0.49));
#7116 = B_SPLINE_CURVE_WITH_KNOTS('',3,(#7117,#7118,#7119,#7120),
  .UNSPECIFIED.,.F.,.F.,(4,4),(-1.,0.),.PIECEWISE_BEZIER_KNOTS.);
#7117 = CARTESIAN_POINT('',(122.77764551916,-62.46749566973,-0.49));
#7118 = CARTESIAN_POINT('',(114.24960017004,-67.8459432151,-0.49));
#7119 = CARTESIAN_POINT('',(114.15646631994,-68.03856065691,-0.49));
#7120 = CARTESIAN_POINT('',(118.11462911087,-72.07292680681,-0.49));
#7121 = ORIENTED_EDGE('',*,*,#7122,.T.);
#7122 = EDGE_CURVE('',#7114,#7123,#7125,.T.);
#7123 = VERTEX_POINT('',#7124);
#7124 = CARTESIAN_POINT('',(118.11462911087,-72.07292680681,1.51));
#7125 = LINE('',#7126,#7127);
#7126 = CARTESIAN_POINT('',(118.11462911087,-72.07292680681,-0.49));
#7127 = VECTOR('',#7128,1.);
#7128 = DIRECTION('',(0.,0.,1.));
#7129 = ORIENTED_EDGE('',*,*,#7130,.T.);
#7130 = EDGE_CURVE('',#7123,#7106,#7131,.T.);
#7131 = B_SPLINE_CURVE_WITH_KNOTS('',3,(#7132,#7133,#7134,#7135),
  .UNSPECIFIED.,.F.,.F.,(4,4),(0.,1.817354857944),
  .PIECEWISE_BEZIER_KNOTS.);
#7132 = CARTESIAN_POINT('',(118.11462911087,-72.07292680681,1.51));
#7133 = CARTESIAN_POINT('',(114.15646631994,-68.03856065691,1.51));
#7134 = CARTESIAN_POINT('',(114.24960017004,-67.8459432151,1.51));
#7135 = CARTESIAN_POINT('',(122.77764551916,-62.46749566973,1.51));
#7136 = B_SPLINE_SURFACE_WITH_KNOTS('',3,1,(
    (#7137,#7138)
    ,(#7139,#7140)
    ,(#7141,#7142)
    ,(#7143,#7144
    )),.UNSPECIFIED.,.F.,.F.,.F.,(4,4),(2,2),(-1.,0.),(0.,0.5),
  .PIECEWISE_BEZIER_KNOTS.);
#7137 = CARTESIAN_POINT('',(122.77764551916,-62.46749566973,-0.49));
#7138 = CARTESIAN_POINT('',(122.77764551916,-62.46749566973,4.51));
#7139 = CARTESIAN_POINT('',(114.24960017004,-67.8459432151,-0.49));
#7140 = CARTESIAN_POINT('',(114.24960017004,-67.8459432151,4.51));
#7141 = CARTESIAN_POINT('',(114.15646631994,-68.03856065691,-0.49));
#7142 = CARTESIAN_POINT('',(114.15646631994,-68.03856065691,4.51));
#7143 = CARTESIAN_POINT('',(118.11462911087,-72.07292680681,-0.49));
#7144 = CARTESIAN_POINT('',(118.11462911087,-72.07292680681,4.51));
#7145 = ADVANCED_FACE('',(#7146),#7173,.F.);
#7146 = FACE_BOUND('',#7147,.F.);
#7147 = EDGE_LOOP('',(#7148,#7158,#7165,#7166));
#7148 = ORIENTED_EDGE('',*,*,#7149,.F.);
#7149 = EDGE_CURVE('',#7150,#7152,#7154,.T.);
#7150 = VERTEX_POINT('',#7151);
#7151 = CARTESIAN_POINT('',(130.13306218582,-66.48915910662,-0.49));
#7152 = VERTEX_POINT('',#7153);
#7153 = CARTESIAN_POINT('',(130.13306218582,-66.48915910662,1.51));
#7154 = LINE('',#7155,#7156);
#7155 = CARTESIAN_POINT('',(130.13306218582,-66.48915910662,-0.49));
#7156 = VECTOR('',#7157,1.);
#7157 = DIRECTION('',(0.,0.,1.));
#7158 = ORIENTED_EDGE('',*,*,#7159,.T.);
#7159 = EDGE_CURVE('',#7150,#7104,#7160,.T.);
#7160 = B_SPLINE_CURVE_WITH_KNOTS('',3,(#7161,#7162,#7163,#7164),
  .UNSPECIFIED.,.F.,.F.,(4,4),(-1.,0.),.PIECEWISE_BEZIER_KNOTS.);
#7161 = CARTESIAN_POINT('',(130.13306218582,-66.48915910662,-0.49));
#7162 = CARTESIAN_POINT('',(131.4517478446,-57.16736052772,-0.49));
#7163 = CARTESIAN_POINT('',(131.30569732783,-57.08692616086,-0.49));
#7164 = CARTESIAN_POINT('',(122.77764551916,-62.46749566973,-0.49));
#7165 = ORIENTED_EDGE('',*,*,#7103,.T.);
#7166 = ORIENTED_EDGE('',*,*,#7167,.T.);
#7167 = EDGE_CURVE('',#7106,#7152,#7168,.T.);
#7168 = B_SPLINE_CURVE_WITH_KNOTS('',3,(#7169,#7170,#7171,#7172),
  .UNSPECIFIED.,.F.,.F.,(4,4),(0.,3.252531874567),
  .PIECEWISE_BEZIER_KNOTS.);
#7169 = CARTESIAN_POINT('',(122.77764551916,-62.46749566973,1.51));
#7170 = CARTESIAN_POINT('',(131.30569732783,-57.08692616086,1.51));
#7171 = CARTESIAN_POINT('',(131.4517478446,-57.16736052772,1.51));
#7172 = CARTESIAN_POINT('',(130.13306218582,-66.48915910662,1.51));
#7173 = B_SPLINE_SURFACE_WITH_KNOTS('',3,1,(
    (#7174,#7175)
    ,(#7176,#7177)
    ,(#7178,#7179)
    ,(#7180,#7181
    )),.UNSPECIFIED.,.F.,.F.,.F.,(4,4),(2,2),(-1.,0.),(0.,0.5),
  .PIECEWISE_BEZIER_KNOTS.);
#7174 = CARTESIAN_POINT('',(130.13306218582,-66.48915910662,-0.49));
#7175 = CARTESIAN_POINT('',(130.13306218582,-66.48915910662,4.51));
#7176 = CARTESIAN_POINT('',(131.4517478446,-57.16736052772,-0.49));
#7177 = CARTESIAN_POINT('',(131.4517478446,-57.16736052772,4.51));
#7178 = CARTESIAN_POINT('',(131.30569732783,-57.08692616086,-0.49));
#7179 = CARTESIAN_POINT('',(131.30569732783,-57.08692616086,4.51));
#7180 = CARTESIAN_POINT('',(122.77764551916,-62.46749566973,-0.49));
#7181 = CARTESIAN_POINT('',(122.77764551916,-62.46749566973,4.51));
#7182 = ADVANCED_FACE('',(#7183),#7210,.F.);
#7183 = FACE_BOUND('',#7184,.F.);
#7184 = EDGE_LOOP('',(#7185,#7195,#7202,#7203));
#7185 = ORIENTED_EDGE('',*,*,#7186,.F.);
#7186 = EDGE_CURVE('',#7187,#7189,#7191,.T.);
#7187 = VERTEX_POINT('',#7188);
#7188 = CARTESIAN_POINT('',(125.47216451126,-76.09459347348,-0.49));
#7189 = VERTEX_POINT('',#7190);
#7190 = CARTESIAN_POINT('',(125.47216451126,-76.09459347348,1.51));
#7191 = LINE('',#7192,#7193);
#7192 = CARTESIAN_POINT('',(125.47216451126,-76.09459347348,-0.49));
#7193 = VECTOR('',#7194,1.);
#7194 = DIRECTION('',(0.,0.,1.));
#7195 = ORIENTED_EDGE('',*,*,#7196,.T.);
#7196 = EDGE_CURVE('',#7187,#7150,#7197,.T.);
#7197 = B_SPLINE_CURVE_WITH_KNOTS('',3,(#7198,#7199,#7200,#7201),
  .UNSPECIFIED.,.F.,.F.,(4,4),(-1.,0.),.PIECEWISE_BEZIER_KNOTS.);
#7198 = CARTESIAN_POINT('',(125.47216451126,-76.09459347348,-0.49));
#7199 = CARTESIAN_POINT('',(128.72336141068,-76.00145962338,-0.49));
#7200 = CARTESIAN_POINT('',(128.81649526077,-75.80884218157,-0.49));
#7201 = CARTESIAN_POINT('',(130.13306218582,-66.48915910662,-0.49));
#7202 = ORIENTED_EDGE('',*,*,#7149,.T.);
#7203 = ORIENTED_EDGE('',*,*,#7204,.T.);
#7204 = EDGE_CURVE('',#7152,#7189,#7205,.T.);
#7205 = B_SPLINE_CURVE_WITH_KNOTS('',3,(#7206,#7207,#7208,#7209),
  .UNSPECIFIED.,.F.,.F.,(4,4),(0.,2.849992785732),
  .PIECEWISE_BEZIER_KNOTS.);
#7206 = CARTESIAN_POINT('',(130.13306218582,-66.48915910662,1.51));
#7207 = CARTESIAN_POINT('',(128.81649526077,-75.80884218157,1.51));
#7208 = CARTESIAN_POINT('',(128.72336141068,-76.00145962338,1.51));
#7209 = CARTESIAN_POINT('',(125.47216451126,-76.09459347348,1.51));
#7210 = B_SPLINE_SURFACE_WITH_KNOTS('',3,1,(
    (#7211,#7212)
    ,(#7213,#7214)
    ,(#7215,#7216)
    ,(#7217,#7218
    )),.UNSPECIFIED.,.F.,.F.,.F.,(4,4),(2,2),(-1.,0.),(0.,0.5),
  .PIECEWISE_BEZIER_KNOTS.);
#7211 = CARTESIAN_POINT('',(125.47216451126,-76.09459347348,-0.49));
#7212 = CARTESIAN_POINT('',(125.47216451126,-76.09459347348,4.51));
#7213 = CARTESIAN_POINT('',(128.72336141068,-76.00145962338,-0.49));
#7214 = CARTESIAN_POINT('',(128.72336141068,-76.00145962338,4.51));
#7215 = CARTESIAN_POINT('',(128.81649526077,-75.80884218157,-0.49));
#7216 = CARTESIAN_POINT('',(128.81649526077,-75.80884218157,4.51));
#7217 = CARTESIAN_POINT('',(130.13306218582,-66.48915910662,-0.49));
#7218 = CARTESIAN_POINT('',(130.13306218582,-66.48915910662,4.51));
#7219 = ADVANCED_FACE('',(#7220),#7238,.F.);
#7220 = FACE_BOUND('',#7221,.F.);
#7221 = EDGE_LOOP('',(#7222,#7223,#7230,#7231));
#7222 = ORIENTED_EDGE('',*,*,#7122,.F.);
#7223 = ORIENTED_EDGE('',*,*,#7224,.T.);
#7224 = EDGE_CURVE('',#7114,#7187,#7225,.T.);
#7225 = B_SPLINE_CURVE_WITH_KNOTS('',3,(#7226,#7227,#7228,#7229),
  .UNSPECIFIED.,.F.,.F.,(4,4),(-1.,0.),.PIECEWISE_BEZIER_KNOTS.);
#7226 = CARTESIAN_POINT('',(118.11462911087,-72.07292680681,-0.49));
#7227 = CARTESIAN_POINT('',(122.07491709508,-76.10729295672,-0.49));
#7228 = CARTESIAN_POINT('',(122.2209611523,-76.18772732358,-0.49));
#7229 = CARTESIAN_POINT('',(125.47216451126,-76.09459347348,-0.49));
#7230 = ORIENTED_EDGE('',*,*,#7186,.T.);
#7231 = ORIENTED_EDGE('',*,*,#7232,.T.);
#7232 = EDGE_CURVE('',#7189,#7123,#7233,.T.);
#7233 = B_SPLINE_CURVE_WITH_KNOTS('',3,(#7234,#7235,#7236,#7237),
  .UNSPECIFIED.,.F.,.F.,(4,4),(0.,0.974573084282),
  .PIECEWISE_BEZIER_KNOTS.);
#7234 = CARTESIAN_POINT('',(125.47216451126,-76.09459347348,1.51));
#7235 = CARTESIAN_POINT('',(122.2209611523,-76.18772732358,1.51));
#7236 = CARTESIAN_POINT('',(122.07491709508,-76.10729295672,1.51));
#7237 = CARTESIAN_POINT('',(118.11462911087,-72.07292680681,1.51));
#7238 = B_SPLINE_SURFACE_WITH_KNOTS('',3,1,(
    (#7239,#7240)
    ,(#7241,#7242)
    ,(#7243,#7244)
    ,(#7245,#7246
    )),.UNSPECIFIED.,.F.,.F.,.F.,(4,4),(2,2),(-1.,0.),(0.,0.5),
  .PIECEWISE_BEZIER_KNOTS.);
#7239 = CARTESIAN_POINT('',(118.11462911087,-72.07292680681,-0.49));
#7240 = CARTESIAN_POINT('',(118.11462911087,-72.07292680681,4.51));
#7241 = CARTESIAN_POINT('',(122.07491709508,-76.10729295672,-0.49));
#7242 = CARTESIAN_POINT('',(122.07491709508,-76.10729295672,4.51));
#7243 = CARTESIAN_POINT('',(122.2209611523,-76.18772732358,-0.49));
#7244 = CARTESIAN_POINT('',(122.2209611523,-76.18772732358,4.51));
#7245 = CARTESIAN_POINT('',(125.47216451126,-76.09459347348,-0.49));
#7246 = CARTESIAN_POINT('',(125.47216451126,-76.09459347348,4.51));
#7247 = ADVANCED_FACE('',(#7248),#7288,.F.);
#7248 = FACE_BOUND('',#7249,.F.);
#7249 = EDGE_LOOP('',(#7250,#7260,#7269,#7277));
#7250 = ORIENTED_EDGE('',*,*,#7251,.F.);
#7251 = EDGE_CURVE('',#7252,#7254,#7256,.T.);
#7252 = VERTEX_POINT('',#7253);
#7253 = CARTESIAN_POINT('',(133.83511657832,-73.40430871905,-0.49));
#7254 = VERTEX_POINT('',#7255);
#7255 = CARTESIAN_POINT('',(133.83511657832,-73.40430871905,1.51));
#7256 = LINE('',#7257,#7258);
#7257 = CARTESIAN_POINT('',(133.83511657832,-73.40430871905,-0.49));
#7258 = VECTOR('',#7259,1.);
#7259 = DIRECTION('',(0.,0.,1.));
#7260 = ORIENTED_EDGE('',*,*,#7261,.T.);
#7261 = EDGE_CURVE('',#7252,#7262,#7264,.T.);
#7262 = VERTEX_POINT('',#7263);
#7263 = CARTESIAN_POINT('',(140.91325042842,-62.68974308591,-0.49));
#7264 = B_SPLINE_CURVE_WITH_KNOTS('',3,(#7265,#7266,#7267,#7268),
  .UNSPECIFIED.,.F.,.F.,(4,4),(-1.,0.),.PIECEWISE_BEZIER_KNOTS.);
#7265 = CARTESIAN_POINT('',(133.83511657832,-73.40430871905,-0.49));
#7266 = CARTESIAN_POINT('',(136.72436528641,-72.29305871905,-0.49));
#7267 = CARTESIAN_POINT('',(136.86617833573,-72.07927654843,-0.49));
#7268 = CARTESIAN_POINT('',(140.91325042842,-62.68974308591,-0.49));
#7269 = ORIENTED_EDGE('',*,*,#7270,.T.);
#7270 = EDGE_CURVE('',#7262,#7271,#7273,.T.);
#7271 = VERTEX_POINT('',#7272);
#7272 = CARTESIAN_POINT('',(140.91325042842,-62.68974308591,1.51));
#7273 = LINE('',#7274,#7275);
#7274 = CARTESIAN_POINT('',(140.91325042842,-62.68974308591,-0.49));
#7275 = VECTOR('',#7276,1.);
#7276 = DIRECTION('',(0.,0.,1.));
#7277 = ORIENTED_EDGE('',*,*,#7278,.T.);
#7278 = EDGE_CURVE('',#7271,#7254,#7279,.T.);
#7279 = B_SPLINE_CURVE_WITH_KNOTS('',3,(#7280,#7281,#7282,#7283,#7284,
    #7285,#7286,#7287),.UNSPECIFIED.,.F.,.F.,(4,2,2,4),(0.,
    1.534032203723,2.301026454307,3.069831947285),.UNSPECIFIED.);
#7280 = CARTESIAN_POINT('',(140.91325042842,-62.68974308591,1.51));
#7281 = CARTESIAN_POINT('',(138.8892598422,-67.38556438631,1.51));
#7282 = CARTESIAN_POINT('',(137.84252249378,-69.78529422887,1.51));
#7283 = CARTESIAN_POINT('',(136.48875121017,-71.83440672793,1.51));
#7284 = CARTESIAN_POINT('',(136.07368664435,-72.25873046096,1.51));
#7285 = CARTESIAN_POINT('',(135.10688771943,-72.90553712577,1.51));
#7286 = CARTESIAN_POINT('',(134.55549784126,-73.12723887864,1.51));
#7287 = CARTESIAN_POINT('',(133.83511657832,-73.40430871905,1.51));
#7288 = B_SPLINE_SURFACE_WITH_KNOTS('',3,1,(
    (#7289,#7290)
    ,(#7291,#7292)
    ,(#7293,#7294)
    ,(#7295,#7296
    )),.UNSPECIFIED.,.F.,.F.,.F.,(4,4),(2,2),(-1.,0.),(0.,0.5),
  .PIECEWISE_BEZIER_KNOTS.);
#7289 = CARTESIAN_POINT('',(133.83511657832,-73.40430871905,-0.49));
#7290 = CARTESIAN_POINT('',(133.83511657832,-73.40430871905,4.51));
#7291 = CARTESIAN_POINT('',(136.72436528641,-72.29305871905,-0.49));
#7292 = CARTESIAN_POINT('',(136.72436528641,-72.29305871905,4.51));
#7293 = CARTESIAN_POINT('',(136.86617833573,-72.07927654843,-0.49));
#7294 = CARTESIAN_POINT('',(136.86617833573,-72.07927654843,4.51));
#7295 = CARTESIAN_POINT('',(140.91325042842,-62.68974308591,-0.49));
#7296 = CARTESIAN_POINT('',(140.91325042842,-62.68974308591,4.51));
#7297 = ADVANCED_FACE('',(#7298),#7325,.F.);
#7298 = FACE_BOUND('',#7299,.F.);
#7299 = EDGE_LOOP('',(#7300,#7310,#7317,#7318));
#7300 = ORIENTED_EDGE('',*,*,#7301,.F.);
#7301 = EDGE_CURVE('',#7302,#7304,#7306,.T.);
#7302 = VERTEX_POINT('',#7303);
#7303 = CARTESIAN_POINT('',(132.18200042842,-65.06675884824,-0.49));
#7304 = VERTEX_POINT('',#7305);
#7305 = CARTESIAN_POINT('',(132.18200042842,-65.06675884824,1.51));
#7306 = LINE('',#7307,#7308);
#7307 = CARTESIAN_POINT('',(132.18200042842,-65.06675884824,-0.49));
#7308 = VECTOR('',#7309,1.);
#7309 = DIRECTION('',(0.,0.,1.));
#7310 = ORIENTED_EDGE('',*,*,#7311,.T.);
#7311 = EDGE_CURVE('',#7302,#7252,#7312,.T.);
#7312 = B_SPLINE_CURVE_WITH_KNOTS('',3,(#7313,#7314,#7315,#7316),
  .UNSPECIFIED.,.F.,.F.,(4,4),(-1.,0.),.PIECEWISE_BEZIER_KNOTS.);
#7313 = CARTESIAN_POINT('',(132.18200042842,-65.06675884824,-0.49));
#7314 = CARTESIAN_POINT('',(130.90988169469,-74.34834347348,-0.49));
#7315 = CARTESIAN_POINT('',(130.94374913651,-74.51555871905,-0.49));
#7316 = CARTESIAN_POINT('',(133.83511657832,-73.40430871905,-0.49));
#7317 = ORIENTED_EDGE('',*,*,#7251,.T.);
#7318 = ORIENTED_EDGE('',*,*,#7319,.T.);
#7319 = EDGE_CURVE('',#7254,#7304,#7320,.T.);
#7320 = B_SPLINE_CURVE_WITH_KNOTS('',3,(#7321,#7322,#7323,#7324),
  .UNSPECIFIED.,.F.,.F.,(4,4),(0.,1.026998483614),
  .PIECEWISE_BEZIER_KNOTS.);
#7321 = CARTESIAN_POINT('',(133.83511657832,-73.40430871905,1.51));
#7322 = CARTESIAN_POINT('',(130.94374913651,-74.51555871905,1.51));
#7323 = CARTESIAN_POINT('',(130.90988169469,-74.34834347348,1.51));
#7324 = CARTESIAN_POINT('',(132.18200042842,-65.06675884824,1.51));
#7325 = B_SPLINE_SURFACE_WITH_KNOTS('',3,1,(
    (#7326,#7327)
    ,(#7328,#7329)
    ,(#7330,#7331)
    ,(#7332,#7333
    )),.UNSPECIFIED.,.F.,.F.,.F.,(4,4),(2,2),(-1.,0.),(0.,0.5),
  .PIECEWISE_BEZIER_KNOTS.);
#7326 = CARTESIAN_POINT('',(132.18200042842,-65.06675884824,-0.49));
#7327 = CARTESIAN_POINT('',(132.18200042842,-65.06675884824,4.51));
#7328 = CARTESIAN_POINT('',(130.90988169469,-74.34834347348,-0.49));
#7329 = CARTESIAN_POINT('',(130.90988169469,-74.34834347348,4.51));
#7330 = CARTESIAN_POINT('',(130.94374913651,-74.51555871905,-0.49));
#7331 = CARTESIAN_POINT('',(130.94374913651,-74.51555871905,4.51));
#7332 = CARTESIAN_POINT('',(133.83511657832,-73.40430871905,-0.49));
#7333 = CARTESIAN_POINT('',(133.83511657832,-73.40430871905,4.51));
#7334 = ADVANCED_FACE('',(#7335),#7362,.F.);
#7335 = FACE_BOUND('',#7336,.F.);
#7336 = EDGE_LOOP('',(#7337,#7347,#7354,#7355));
#7337 = ORIENTED_EDGE('',*,*,#7338,.F.);
#7338 = EDGE_CURVE('',#7339,#7341,#7343,.T.);
#7339 = VERTEX_POINT('',#7340);
#7340 = CARTESIAN_POINT('',(135.03526296097,-52.49375691037,-0.49));
#7341 = VERTEX_POINT('',#7342);
#7342 = CARTESIAN_POINT('',(135.03526296097,-52.49375691037,1.51));
#7343 = LINE('',#7344,#7345);
#7344 = CARTESIAN_POINT('',(135.03526296097,-52.49375691037,-0.49));
#7345 = VECTOR('',#7346,1.);
#7346 = DIRECTION('',(0.,0.,1.));
#7347 = ORIENTED_EDGE('',*,*,#7348,.T.);
#7348 = EDGE_CURVE('',#7339,#7302,#7349,.T.);
#7349 = B_SPLINE_CURVE_WITH_KNOTS('',3,(#7350,#7351,#7352,#7353),
  .UNSPECIFIED.,.F.,.F.,(4,4),(-1.,0.),.PIECEWISE_BEZIER_KNOTS.);
#7350 = CARTESIAN_POINT('',(135.03526296097,-52.49375691037,-0.49));
#7351 = CARTESIAN_POINT('',(133.50914810298,-55.5354123364,-0.49));
#7352 = CARTESIAN_POINT('',(133.45200042842,-55.78729618649,-0.49));
#7353 = CARTESIAN_POINT('',(132.18200042842,-65.06675884824,-0.49));
#7354 = ORIENTED_EDGE('',*,*,#7301,.T.);
#7355 = ORIENTED_EDGE('',*,*,#7356,.T.);
#7356 = EDGE_CURVE('',#7304,#7341,#7357,.T.);
#7357 = B_SPLINE_CURVE_WITH_KNOTS('',3,(#7358,#7359,#7360,#7361),
  .UNSPECIFIED.,.F.,.F.,(4,4),(0.,2.744714140894),
  .PIECEWISE_BEZIER_KNOTS.);
#7358 = CARTESIAN_POINT('',(132.18200042842,-65.06675884824,1.51));
#7359 = CARTESIAN_POINT('',(133.45200042842,-55.78729618649,1.51));
#7360 = CARTESIAN_POINT('',(133.50914810298,-55.5354123364,1.51));
#7361 = CARTESIAN_POINT('',(135.03526296097,-52.49375691037,1.51));
#7362 = B_SPLINE_SURFACE_WITH_KNOTS('',3,1,(
    (#7363,#7364)
    ,(#7365,#7366)
    ,(#7367,#7368)
    ,(#7369,#7370
    )),.UNSPECIFIED.,.F.,.F.,.F.,(4,4),(2,2),(-1.,0.),(0.,0.5),
  .PIECEWISE_BEZIER_KNOTS.);
#7363 = CARTESIAN_POINT('',(135.03526296097,-52.49375691037,-0.49));
#7364 = CARTESIAN_POINT('',(135.03526296097,-52.49375691037,4.51));
#7365 = CARTESIAN_POINT('',(133.50914810298,-55.5354123364,-0.49));
#7366 = CARTESIAN_POINT('',(133.50914810298,-55.5354123364,4.51));
#7367 = CARTESIAN_POINT('',(133.45200042842,-55.78729618649,-0.49));
#7368 = CARTESIAN_POINT('',(133.45200042842,-55.78729618649,4.51));
#7369 = CARTESIAN_POINT('',(132.18200042842,-65.06675884824,-0.49));
#7370 = CARTESIAN_POINT('',(132.18200042842,-65.06675884824,4.51));
#7371 = ADVANCED_FACE('',(#7372),#7399,.F.);
#7372 = FACE_BOUND('',#7373,.F.);
#7373 = EDGE_LOOP('',(#7374,#7384,#7391,#7392));
#7374 = ORIENTED_EDGE('',*,*,#7375,.F.);
#7375 = EDGE_CURVE('',#7376,#7378,#7380,.T.);
#7376 = VERTEX_POINT('',#7377);
#7377 = CARTESIAN_POINT('',(140.81587911087,-51.2491623364,-0.49));
#7378 = VERTEX_POINT('',#7379);
#7379 = CARTESIAN_POINT('',(140.81587911087,-51.2491623364,1.51));
#7380 = LINE('',#7381,#7382);
#7381 = CARTESIAN_POINT('',(140.81587911087,-51.2491623364,-0.49));
#7382 = VECTOR('',#7383,1.);
#7383 = DIRECTION('',(0.,0.,1.));
#7384 = ORIENTED_EDGE('',*,*,#7385,.T.);
#7385 = EDGE_CURVE('',#7376,#7339,#7386,.T.);
#7386 = B_SPLINE_CURVE_WITH_KNOTS('',3,(#7387,#7388,#7389,#7390),
  .UNSPECIFIED.,.F.,.F.,(4,4),(-1.,0.),.PIECEWISE_BEZIER_KNOTS.);
#7387 = CARTESIAN_POINT('',(140.81587911087,-51.2491623364,-0.49));
#7388 = CARTESIAN_POINT('',(136.67567962764,-49.42670897743,-0.49));
#7389 = CARTESIAN_POINT('',(136.56137781896,-49.4521079439,-0.49));
#7390 = CARTESIAN_POINT('',(135.03526296097,-52.49375691037,-0.49));
#7391 = ORIENTED_EDGE('',*,*,#7338,.T.);
#7392 = ORIENTED_EDGE('',*,*,#7393,.T.);
#7393 = EDGE_CURVE('',#7341,#7378,#7394,.T.);
#7394 = B_SPLINE_CURVE_WITH_KNOTS('',3,(#7395,#7396,#7397,#7398),
  .UNSPECIFIED.,.F.,.F.,(4,4),(0.,1.029225907584),
  .PIECEWISE_BEZIER_KNOTS.);
#7395 = CARTESIAN_POINT('',(135.03526296097,-52.49375691037,1.51));
#7396 = CARTESIAN_POINT('',(136.56137781896,-49.4521079439,1.51));
#7397 = CARTESIAN_POINT('',(136.67567962764,-49.42670897743,1.51));
#7398 = CARTESIAN_POINT('',(140.81587911087,-51.2491623364,1.51));
#7399 = B_SPLINE_SURFACE_WITH_KNOTS('',3,1,(
    (#7400,#7401)
    ,(#7402,#7403)
    ,(#7404,#7405)
    ,(#7406,#7407
    )),.UNSPECIFIED.,.F.,.F.,.F.,(4,4),(2,2),(-1.,0.),(0.,0.5),
  .PIECEWISE_BEZIER_KNOTS.);
#7400 = CARTESIAN_POINT('',(140.81587911087,-51.2491623364,-0.49));
#7401 = CARTESIAN_POINT('',(140.81587911087,-51.2491623364,4.51));
#7402 = CARTESIAN_POINT('',(136.67567962764,-49.42670897743,-0.49));
#7403 = CARTESIAN_POINT('',(136.67567962764,-49.42670897743,4.51));
#7404 = CARTESIAN_POINT('',(136.56137781896,-49.4521079439,-0.49));
#7405 = CARTESIAN_POINT('',(136.56137781896,-49.4521079439,4.51));
#7406 = CARTESIAN_POINT('',(135.03526296097,-52.49375691037,-0.49));
#7407 = CARTESIAN_POINT('',(135.03526296097,-52.49375691037,4.51));
#7408 = ADVANCED_FACE('',(#7409),#7427,.F.);
#7409 = FACE_BOUND('',#7410,.F.);
#7410 = EDGE_LOOP('',(#7411,#7412,#7419,#7420));
#7411 = ORIENTED_EDGE('',*,*,#7270,.F.);
#7412 = ORIENTED_EDGE('',*,*,#7413,.T.);
#7413 = EDGE_CURVE('',#7262,#7376,#7414,.T.);
#7414 = B_SPLINE_CURVE_WITH_KNOTS('',3,(#7415,#7416,#7417,#7418),
  .UNSPECIFIED.,.F.,.F.,(4,4),(-1.,0.),.PIECEWISE_BEZIER_KNOTS.);
#7415 = CARTESIAN_POINT('',(140.91325042842,-62.68974308591,-0.49));
#7416 = CARTESIAN_POINT('',(144.95819732783,-53.30021285316,-0.49));
#7417 = CARTESIAN_POINT('',(144.95607859411,-53.07160923581,-0.49));
#7418 = CARTESIAN_POINT('',(140.81587911087,-51.2491623364,-0.49));
#7419 = ORIENTED_EDGE('',*,*,#7375,.T.);
#7420 = ORIENTED_EDGE('',*,*,#7421,.T.);
#7421 = EDGE_CURVE('',#7378,#7271,#7422,.T.);
#7422 = B_SPLINE_CURVE_WITH_KNOTS('',3,(#7423,#7424,#7425,#7426),
  .UNSPECIFIED.,.F.,.F.,(4,4),(0.,1.437201814901),
  .PIECEWISE_BEZIER_KNOTS.);
#7423 = CARTESIAN_POINT('',(140.81587911087,-51.2491623364,1.51));
#7424 = CARTESIAN_POINT('',(144.95607859411,-53.07160923581,1.51));
#7425 = CARTESIAN_POINT('',(144.95819732783,-53.30021285316,1.51));
#7426 = CARTESIAN_POINT('',(140.91325042842,-62.68974308591,1.51));
#7427 = B_SPLINE_SURFACE_WITH_KNOTS('',3,1,(
    (#7428,#7429)
    ,(#7430,#7431)
    ,(#7432,#7433)
    ,(#7434,#7435
    )),.UNSPECIFIED.,.F.,.F.,.F.,(4,4),(2,2),(-1.,0.),(0.,0.5),
  .PIECEWISE_BEZIER_KNOTS.);
#7428 = CARTESIAN_POINT('',(140.91325042842,-62.68974308591,-0.49));
#7429 = CARTESIAN_POINT('',(140.91325042842,-62.68974308591,4.51));
#7430 = CARTESIAN_POINT('',(144.95819732783,-53.30021285316,-0.49));
#7431 = CARTESIAN_POINT('',(144.95819732783,-53.30021285316,4.51));
#7432 = CARTESIAN_POINT('',(144.95607859411,-53.07160923581,-0.49));
#7433 = CARTESIAN_POINT('',(144.95607859411,-53.07160923581,4.51));
#7434 = CARTESIAN_POINT('',(140.81587911087,-51.2491623364,-0.49));
#7435 = CARTESIAN_POINT('',(140.81587911087,-51.2491623364,4.51));
#7436 = ADVANCED_FACE('',(#7437),#7473,.F.);
#7437 = FACE_BOUND('',#7438,.F.);
#7438 = EDGE_LOOP('',(#7439,#7449,#7458,#7466));
#7439 = ORIENTED_EDGE('',*,*,#7440,.F.);
#7440 = EDGE_CURVE('',#7441,#7443,#7445,.T.);
#7441 = VERTEX_POINT('',#7442);
#7442 = CARTESIAN_POINT('',(129.2059611523,-44.88222538571,-0.49));
#7443 = VERTEX_POINT('',#7444);
#7444 = CARTESIAN_POINT('',(129.2059611523,-44.88222538571,1.51));
#7445 = LINE('',#7446,#7447);
#7446 = CARTESIAN_POINT('',(129.2059611523,-44.88222538571,-0.49));
#7447 = VECTOR('',#7448,1.);
#7448 = DIRECTION('',(0.,0.,1.));
#7449 = ORIENTED_EDGE('',*,*,#7450,.T.);
#7450 = EDGE_CURVE('',#7441,#7451,#7453,.T.);
#7451 = VERTEX_POINT('',#7452);
#7452 = CARTESIAN_POINT('',(133.56841451126,-41.66489592811,-0.49));
#7453 = B_SPLINE_CURVE_WITH_KNOTS('',3,(#7454,#7455,#7456,#7457),
  .UNSPECIFIED.,.F.,.F.,(4,4),(-1.,0.),.PIECEWISE_BEZIER_KNOTS.);
#7454 = CARTESIAN_POINT('',(129.2059611523,-44.88222538571,-0.49));
#7455 = CARTESIAN_POINT('',(133.66366709508,-44.23029489458,-0.49));
#7456 = CARTESIAN_POINT('',(133.75044474401,-44.16467874468,-0.49));
#7457 = CARTESIAN_POINT('',(133.56841451126,-41.66489592811,-0.49));
#7458 = ORIENTED_EDGE('',*,*,#7459,.T.);
#7459 = EDGE_CURVE('',#7451,#7460,#7462,.T.);
#7460 = VERTEX_POINT('',#7461);
#7461 = CARTESIAN_POINT('',(133.56841451126,-41.66489592811,1.51));
#7462 = LINE('',#7463,#7464);
#7463 = CARTESIAN_POINT('',(133.56841451126,-41.66489592811,-0.49));
#7464 = VECTOR('',#7465,1.);
#7465 = DIRECTION('',(0.,0.,1.));
#7466 = ORIENTED_EDGE('',*,*,#7467,.T.);
#7467 = EDGE_CURVE('',#7460,#7443,#7468,.T.);
#7468 = B_SPLINE_CURVE_WITH_KNOTS('',3,(#7469,#7470,#7471,#7472),
  .UNSPECIFIED.,.F.,.F.,(4,4),(0.,0.785621792247),
  .PIECEWISE_BEZIER_KNOTS.);
#7469 = CARTESIAN_POINT('',(133.56841451126,-41.66489592811,1.51));
#7470 = CARTESIAN_POINT('',(133.75044474401,-44.16467874468,1.51));
#7471 = CARTESIAN_POINT('',(133.66366709508,-44.23029489458,1.51));
#7472 = CARTESIAN_POINT('',(129.2059611523,-44.88222538571,1.51));
#7473 = B_SPLINE_SURFACE_WITH_KNOTS('',3,1,(
    (#7474,#7475)
    ,(#7476,#7477)
    ,(#7478,#7479)
    ,(#7480,#7481
    )),.UNSPECIFIED.,.F.,.F.,.F.,(4,4),(2,2),(-1.,0.),(0.,0.5),
  .PIECEWISE_BEZIER_KNOTS.);
#7474 = CARTESIAN_POINT('',(129.2059611523,-44.88222538571,-0.49));
#7475 = CARTESIAN_POINT('',(129.2059611523,-44.88222538571,4.51));
#7476 = CARTESIAN_POINT('',(133.66366709508,-44.23029489458,-0.49));
#7477 = CARTESIAN_POINT('',(133.66366709508,-44.23029489458,4.51));
#7478 = CARTESIAN_POINT('',(133.75044474401,-44.16467874468,-0.49));
#7479 = CARTESIAN_POINT('',(133.75044474401,-44.16467874468,4.51));
#7480 = CARTESIAN_POINT('',(133.56841451126,-41.66489592811,-0.49));
#7481 = CARTESIAN_POINT('',(133.56841451126,-41.66489592811,4.51));
#7482 = ADVANCED_FACE('',(#7483),#7510,.F.);
#7483 = FACE_BOUND('',#7484,.F.);
#7484 = EDGE_LOOP('',(#7485,#7495,#7502,#7503));
#7485 = ORIENTED_EDGE('',*,*,#7486,.F.);
#7486 = EDGE_CURVE('',#7487,#7489,#7491,.T.);
#7487 = VERTEX_POINT('',#7488);
#7488 = CARTESIAN_POINT('',(120.14663040278,-40.5621079439,-0.49));
#7489 = VERTEX_POINT('',#7490);
#7490 = CARTESIAN_POINT('',(120.14663040278,-40.5621079439,1.51));
#7491 = LINE('',#7492,#7493);
#7492 = CARTESIAN_POINT('',(120.14663040278,-40.5621079439,-0.49));
#7493 = VECTOR('',#7494,1.);
#7494 = DIRECTION('',(0.,0.,1.));
#7495 = ORIENTED_EDGE('',*,*,#7496,.T.);
#7496 = EDGE_CURVE('',#7487,#7441,#7497,.T.);
#7497 = B_SPLINE_CURVE_WITH_KNOTS('',3,(#7498,#7499,#7500,#7501),
  .UNSPECIFIED.,.F.,.F.,(4,4),(-1.,0.),.PIECEWISE_BEZIER_KNOTS.);
#7498 = CARTESIAN_POINT('',(120.14663040278,-40.5621079439,-0.49));
#7499 = CARTESIAN_POINT('',(124.56835017004,-45.44737822792,-0.49));
#7500 = CARTESIAN_POINT('',(124.75038040278,-45.5341623364,-0.49));
#7501 = CARTESIAN_POINT('',(129.2059611523,-44.88222538571,-0.49));
#7502 = ORIENTED_EDGE('',*,*,#7440,.T.);
#7503 = ORIENTED_EDGE('',*,*,#7504,.T.);
#7504 = EDGE_CURVE('',#7443,#7489,#7505,.T.);
#7505 = B_SPLINE_CURVE_WITH_KNOTS('',3,(#7506,#7507,#7508,#7509),
  .UNSPECIFIED.,.F.,.F.,(4,4),(0.,1.385423427679),
  .PIECEWISE_BEZIER_KNOTS.);
#7506 = CARTESIAN_POINT('',(129.2059611523,-44.88222538571,1.51));
#7507 = CARTESIAN_POINT('',(124.75038040278,-45.5341623364,1.51));
#7508 = CARTESIAN_POINT('',(124.56835017004,-45.44737822792,1.51));
#7509 = CARTESIAN_POINT('',(120.14663040278,-40.5621079439,1.51));
#7510 = B_SPLINE_SURFACE_WITH_KNOTS('',3,1,(
    (#7511,#7512)
    ,(#7513,#7514)
    ,(#7515,#7516)
    ,(#7517,#7518
    )),.UNSPECIFIED.,.F.,.F.,.F.,(4,4),(2,2),(-1.,0.),(0.,0.5),
  .PIECEWISE_BEZIER_KNOTS.);
#7511 = CARTESIAN_POINT('',(120.14663040278,-40.5621079439,-0.49));
#7512 = CARTESIAN_POINT('',(120.14663040278,-40.5621079439,4.51));
#7513 = CARTESIAN_POINT('',(124.56835017004,-45.44737822792,-0.49));
#7514 = CARTESIAN_POINT('',(124.56835017004,-45.44737822792,4.51));
#7515 = CARTESIAN_POINT('',(124.75038040278,-45.5341623364,-0.49));
#7516 = CARTESIAN_POINT('',(124.75038040278,-45.5341623364,4.51));
#7517 = CARTESIAN_POINT('',(129.2059611523,-44.88222538571,-0.49));
#7518 = CARTESIAN_POINT('',(129.2059611523,-44.88222538571,4.51));
#7519 = ADVANCED_FACE('',(#7520),#7547,.F.);
#7520 = FACE_BOUND('',#7521,.F.);
#7521 = EDGE_LOOP('',(#7522,#7532,#7539,#7540));
#7522 = ORIENTED_EDGE('',*,*,#7523,.F.);
#7523 = EDGE_CURVE('',#7524,#7526,#7528,.T.);
#7524 = VERTEX_POINT('',#7525);
#7525 = CARTESIAN_POINT('',(115.70586141068,-29.53004231076,-0.49));
#7526 = VERTEX_POINT('',#7527);
#7527 = CARTESIAN_POINT('',(115.70586141068,-29.53004231076,1.51));
#7528 = LINE('',#7529,#7530);
#7529 = CARTESIAN_POINT('',(115.70586141068,-29.53004231076,-0.49));
#7530 = VECTOR('',#7531,1.);
#7531 = DIRECTION('',(0.,0.,1.));
#7532 = ORIENTED_EDGE('',*,*,#7533,.T.);
#7533 = EDGE_CURVE('',#7524,#7487,#7534,.T.);
#7534 = B_SPLINE_CURVE_WITH_KNOTS('',3,(#7535,#7536,#7537,#7538),
  .UNSPECIFIED.,.F.,.F.,(4,4),(-1.,0.),.PIECEWISE_BEZIER_KNOTS.);
#7535 = CARTESIAN_POINT('',(115.70586141068,-29.53004231076,-0.49));
#7536 = CARTESIAN_POINT('',(115.63601425288,-35.4545902437,-0.49));
#7537 = CARTESIAN_POINT('',(115.72491709508,-35.67684411944,-0.49));
#7538 = CARTESIAN_POINT('',(120.14663040278,-40.5621079439,-0.49));
#7539 = ORIENTED_EDGE('',*,*,#7486,.T.);
#7540 = ORIENTED_EDGE('',*,*,#7541,.T.);
#7541 = EDGE_CURVE('',#7489,#7526,#7542,.T.);
#7542 = B_SPLINE_CURVE_WITH_KNOTS('',3,(#7543,#7544,#7545,#7546),
  .UNSPECIFIED.,.F.,.F.,(4,4),(0.,1.976450922117),
  .PIECEWISE_BEZIER_KNOTS.);
#7543 = CARTESIAN_POINT('',(120.14663040278,-40.5621079439,1.51));
#7544 = CARTESIAN_POINT('',(115.72491709508,-35.67684411944,1.51));
#7545 = CARTESIAN_POINT('',(115.63601425288,-35.4545902437,1.51));
#7546 = CARTESIAN_POINT('',(115.70586141068,-29.53004231076,1.51));
#7547 = B_SPLINE_SURFACE_WITH_KNOTS('',3,1,(
    (#7548,#7549)
    ,(#7550,#7551)
    ,(#7552,#7553)
    ,(#7554,#7555
    )),.UNSPECIFIED.,.F.,.F.,.F.,(4,4),(2,2),(-1.,0.),(0.,0.5),
  .PIECEWISE_BEZIER_KNOTS.);
#7548 = CARTESIAN_POINT('',(115.70586141068,-29.53004231076,-0.49));
#7549 = CARTESIAN_POINT('',(115.70586141068,-29.53004231076,4.51));
#7550 = CARTESIAN_POINT('',(115.63601425288,-35.4545902437,-0.49));
#7551 = CARTESIAN_POINT('',(115.63601425288,-35.4545902437,4.51));
#7552 = CARTESIAN_POINT('',(115.72491709508,-35.67684411944,-0.49));
#7553 = CARTESIAN_POINT('',(115.72491709508,-35.67684411944,4.51));
#7554 = CARTESIAN_POINT('',(120.14663040278,-40.5621079439,-0.49));
#7555 = CARTESIAN_POINT('',(120.14663040278,-40.5621079439,4.51));
#7556 = ADVANCED_FACE('',(#7557),#7584,.F.);
#7557 = FACE_BOUND('',#7558,.F.);
#7558 = EDGE_LOOP('',(#7559,#7569,#7576,#7577));
#7559 = ORIENTED_EDGE('',*,*,#7560,.F.);
#7560 = EDGE_CURVE('',#7561,#7563,#7565,.T.);
#7561 = VERTEX_POINT('',#7562);
#7562 = CARTESIAN_POINT('',(119.80796244421,-23.4827240938,-0.49));
#7563 = VERTEX_POINT('',#7564);
#7564 = CARTESIAN_POINT('',(119.80796244421,-23.4827240938,1.51));
#7565 = LINE('',#7566,#7567);
#7566 = CARTESIAN_POINT('',(119.80796244421,-23.4827240938,-0.49));
#7567 = VECTOR('',#7568,1.);
#7568 = DIRECTION('',(0.,0.,1.));
#7569 = ORIENTED_EDGE('',*,*,#7570,.T.);
#7570 = EDGE_CURVE('',#7561,#7524,#7571,.T.);
#7571 = B_SPLINE_CURVE_WITH_KNOTS('',3,(#7572,#7573,#7574,#7575),
  .UNSPECIFIED.,.F.,.F.,(4,4),(-1.,0.),.PIECEWISE_BEZIER_KNOTS.);
#7572 = CARTESIAN_POINT('',(119.80796244421,-23.4827240938,-0.49));
#7573 = CARTESIAN_POINT('',(115.85826166906,-23.4827240938,-0.49));
#7574 = CARTESIAN_POINT('',(115.77571502803,-23.60549437782,-0.49));
#7575 = CARTESIAN_POINT('',(115.70586141068,-29.53004231076,-0.49));
#7576 = ORIENTED_EDGE('',*,*,#7523,.T.);
#7577 = ORIENTED_EDGE('',*,*,#7578,.T.);
#7578 = EDGE_CURVE('',#7526,#7563,#7579,.T.);
#7579 = B_SPLINE_CURVE_WITH_KNOTS('',3,(#7580,#7581,#7582,#7583),
  .UNSPECIFIED.,.F.,.F.,(4,4),(0.,1.77761383153),
  .PIECEWISE_BEZIER_KNOTS.);
#7580 = CARTESIAN_POINT('',(115.70586141068,-29.53004231076,1.51));
#7581 = CARTESIAN_POINT('',(115.77571502803,-23.60549437782,1.51));
#7582 = CARTESIAN_POINT('',(115.85826166906,-23.4827240938,1.51));
#7583 = CARTESIAN_POINT('',(119.80796244421,-23.4827240938,1.51));
#7584 = B_SPLINE_SURFACE_WITH_KNOTS('',3,1,(
    (#7585,#7586)
    ,(#7587,#7588)
    ,(#7589,#7590)
    ,(#7591,#7592
    )),.UNSPECIFIED.,.F.,.F.,.F.,(4,4),(2,2),(-1.,0.),(0.,0.5),
  .PIECEWISE_BEZIER_KNOTS.);
#7585 = CARTESIAN_POINT('',(119.80796244421,-23.4827240938,-0.49));
#7586 = CARTESIAN_POINT('',(119.80796244421,-23.4827240938,4.51));
#7587 = CARTESIAN_POINT('',(115.85826166906,-23.4827240938,-0.49));
#7588 = CARTESIAN_POINT('',(115.85826166906,-23.4827240938,4.51));
#7589 = CARTESIAN_POINT('',(115.77571502803,-23.60549437782,-0.49));
#7590 = CARTESIAN_POINT('',(115.77571502803,-23.60549437782,4.51));
#7591 = CARTESIAN_POINT('',(115.70586141068,-29.53004231076,-0.49));
#7592 = CARTESIAN_POINT('',(115.70586141068,-29.53004231076,4.51));
#7593 = ADVANCED_FACE('',(#7594),#7621,.F.);
#7594 = FACE_BOUND('',#7595,.F.);
#7595 = EDGE_LOOP('',(#7596,#7606,#7613,#7614));
#7596 = ORIENTED_EDGE('',*,*,#7597,.F.);
#7597 = EDGE_CURVE('',#7598,#7600,#7602,.T.);
#7598 = VERTEX_POINT('',#7599);
#7599 = CARTESIAN_POINT('',(128.61117833573,-31.29746026934,-0.49));
#7600 = VERTEX_POINT('',#7601);
#7601 = CARTESIAN_POINT('',(128.61117833573,-31.29746026934,1.51));
#7602 = LINE('',#7603,#7604);
#7603 = CARTESIAN_POINT('',(128.61117833573,-31.29746026934,-0.49));
#7604 = VECTOR('',#7605,1.);
#7605 = DIRECTION('',(0.,0.,1.));
#7606 = ORIENTED_EDGE('',*,*,#7607,.T.);
#7607 = EDGE_CURVE('',#7598,#7561,#7608,.T.);
#7608 = B_SPLINE_CURVE_WITH_KNOTS('',3,(#7609,#7610,#7611,#7612),
  .UNSPECIFIED.,.F.,.F.,(4,4),(-1.,0.),.PIECEWISE_BEZIER_KNOTS.);
#7609 = CARTESIAN_POINT('',(128.61117833573,-31.29746026934,-0.49));
#7610 = CARTESIAN_POINT('',(123.93546244421,-23.63936181963,-0.49));
#7611 = CARTESIAN_POINT('',(123.75978195308,-23.4827240938,-0.49));
#7612 = CARTESIAN_POINT('',(119.80796244421,-23.4827240938,-0.49));
#7613 = ORIENTED_EDGE('',*,*,#7560,.T.);
#7614 = ORIENTED_EDGE('',*,*,#7615,.T.);
#7615 = EDGE_CURVE('',#7563,#7600,#7616,.T.);
#7616 = B_SPLINE_CURVE_WITH_KNOTS('',3,(#7617,#7618,#7619,#7620),
  .UNSPECIFIED.,.F.,.F.,(4,4),(0.,1.189650514525),
  .PIECEWISE_BEZIER_KNOTS.);
#7617 = CARTESIAN_POINT('',(119.80796244421,-23.4827240938,1.51));
#7618 = CARTESIAN_POINT('',(123.75978195308,-23.4827240938,1.51));
#7619 = CARTESIAN_POINT('',(123.93546244421,-23.63936181963,1.51));
#7620 = CARTESIAN_POINT('',(128.61117833573,-31.29746026934,1.51));
#7621 = B_SPLINE_SURFACE_WITH_KNOTS('',3,1,(
    (#7622,#7623)
    ,(#7624,#7625)
    ,(#7626,#7627)
    ,(#7628,#7629
    )),.UNSPECIFIED.,.F.,.F.,.F.,(4,4),(2,2),(-1.,0.),(0.,0.5),
  .PIECEWISE_BEZIER_KNOTS.);
#7622 = CARTESIAN_POINT('',(128.61117833573,-31.29746026934,-0.49));
#7623 = CARTESIAN_POINT('',(128.61117833573,-31.29746026934,4.51));
#7624 = CARTESIAN_POINT('',(123.93546244421,-23.63936181963,-0.49));
#7625 = CARTESIAN_POINT('',(123.93546244421,-23.63936181963,4.51));
#7626 = CARTESIAN_POINT('',(123.75978195308,-23.4827240938,-0.49));
#7627 = CARTESIAN_POINT('',(123.75978195308,-23.4827240938,4.51));
#7628 = CARTESIAN_POINT('',(119.80796244421,-23.4827240938,-0.49));
#7629 = CARTESIAN_POINT('',(119.80796244421,-23.4827240938,4.51));
#7630 = ADVANCED_FACE('',(#7631),#7649,.F.);
#7631 = FACE_BOUND('',#7632,.F.);
#7632 = EDGE_LOOP('',(#7633,#7634,#7641,#7642));
#7633 = ORIENTED_EDGE('',*,*,#7459,.F.);
#7634 = ORIENTED_EDGE('',*,*,#7635,.T.);
#7635 = EDGE_CURVE('',#7451,#7598,#7636,.T.);
#7636 = B_SPLINE_CURVE_WITH_KNOTS('',3,(#7637,#7638,#7639,#7640),
  .UNSPECIFIED.,.F.,.F.,(4,4),(-1.,0.),.PIECEWISE_BEZIER_KNOTS.);
#7637 = CARTESIAN_POINT('',(133.56841451126,-41.66489592811,-0.49));
#7638 = CARTESIAN_POINT('',(133.38637781896,-39.16299437782,-0.49));
#7639 = CARTESIAN_POINT('',(133.2869006868,-38.95555871905,-0.49));
#7640 = CARTESIAN_POINT('',(128.61117833573,-31.29746026934,-0.49));
#7641 = ORIENTED_EDGE('',*,*,#7597,.T.);
#7642 = ORIENTED_EDGE('',*,*,#7643,.T.);
#7643 = EDGE_CURVE('',#7600,#7460,#7644,.T.);
#7644 = B_SPLINE_CURVE_WITH_KNOTS('',3,(#7645,#7646,#7647,#7648),
  .UNSPECIFIED.,.F.,.F.,(4,4),(0.,2.692529305205),
  .PIECEWISE_BEZIER_KNOTS.);
#7645 = CARTESIAN_POINT('',(128.61117833573,-31.29746026934,1.51));
#7646 = CARTESIAN_POINT('',(133.2869006868,-38.95555871905,1.51));
#7647 = CARTESIAN_POINT('',(133.38637781896,-39.16299437782,1.51));
#7648 = CARTESIAN_POINT('',(133.56841451126,-41.66489592811,1.51));
#7649 = B_SPLINE_SURFACE_WITH_KNOTS('',3,1,(
    (#7650,#7651)
    ,(#7652,#7653)
    ,(#7654,#7655)
    ,(#7656,#7657
    )),.UNSPECIFIED.,.F.,.F.,.F.,(4,4),(2,2),(-1.,0.),(0.,0.5),
  .PIECEWISE_BEZIER_KNOTS.);
#7650 = CARTESIAN_POINT('',(133.56841451126,-41.66489592811,-0.49));
#7651 = CARTESIAN_POINT('',(133.56841451126,-41.66489592811,4.51));
#7652 = CARTESIAN_POINT('',(133.38637781896,-39.16299437782,-0.49));
#7653 = CARTESIAN_POINT('',(133.38637781896,-39.16299437782,4.51));
#7654 = CARTESIAN_POINT('',(133.2869006868,-38.95555871905,-0.49));
#7655 = CARTESIAN_POINT('',(133.2869006868,-38.95555871905,4.51));
#7656 = CARTESIAN_POINT('',(128.61117833573,-31.29746026934,-0.49));
#7657 = CARTESIAN_POINT('',(128.61117833573,-31.29746026934,4.51));
#7658 = ADVANCED_FACE('',(#7659),#7695,.F.);
#7659 = FACE_BOUND('',#7660,.F.);
#7660 = EDGE_LOOP('',(#7661,#7671,#7680,#7688));
#7661 = ORIENTED_EDGE('',*,*,#7662,.F.);
#7662 = EDGE_CURVE('',#7663,#7665,#7667,.T.);
#7663 = VERTEX_POINT('',#7664);
#7664 = CARTESIAN_POINT('',(83.15153066117,-41.11879231076,-0.49));
#7665 = VERTEX_POINT('',#7666);
#7666 = CARTESIAN_POINT('',(83.15153066117,-41.11879231076,1.51));
#7667 = LINE('',#7668,#7669);
#7668 = CARTESIAN_POINT('',(83.15153066117,-41.11879231076,-0.49));
#7669 = VECTOR('',#7670,1.);
#7670 = DIRECTION('',(0.,0.,1.));
#7671 = ORIENTED_EDGE('',*,*,#7672,.T.);
#7672 = EDGE_CURVE('',#7663,#7673,#7675,.T.);
#7673 = VERTEX_POINT('',#7674);
#7674 = CARTESIAN_POINT('',(92.932648748939,-44.40597538571,-0.49));
#7675 = B_SPLINE_CURVE_WITH_KNOTS('',3,(#7676,#7677,#7678,#7679),
  .UNSPECIFIED.,.F.,.F.,(4,4),(-1.,0.),.PIECEWISE_BEZIER_KNOTS.);
#7676 = CARTESIAN_POINT('',(83.15153066117,-41.11879231076,-0.49));
#7677 = CARTESIAN_POINT('',(83.98126360693,-42.08611052772,-0.49));
#7678 = CARTESIAN_POINT('',(84.17599655269,-42.15384541135,-0.49));
#7679 = CARTESIAN_POINT('',(92.932648748939,-44.40597538571,-0.49));
#7680 = ORIENTED_EDGE('',*,*,#7681,.T.);
#7681 = EDGE_CURVE('',#7673,#7682,#7684,.T.);
#7682 = VERTEX_POINT('',#7683);
#7683 = CARTESIAN_POINT('',(92.932648748939,-44.40597538571,1.51));
#7684 = LINE('',#7685,#7686);
#7685 = CARTESIAN_POINT('',(92.932648748939,-44.40597538571,-0.49));
#7686 = VECTOR('',#7687,1.);
#7687 = DIRECTION('',(0.,0.,1.));
#7688 = ORIENTED_EDGE('',*,*,#7689,.T.);
#7689 = EDGE_CURVE('',#7682,#7665,#7690,.T.);
#7690 = B_SPLINE_CURVE_WITH_KNOTS('',3,(#7691,#7692,#7693,#7694),
  .UNSPECIFIED.,.F.,.F.,(4,4),(0.,2.713826589722),
  .PIECEWISE_BEZIER_KNOTS.);
#7691 = CARTESIAN_POINT('',(92.932648748939,-44.40597538571,1.51));
#7692 = CARTESIAN_POINT('',(84.17599655269,-42.15384541135,1.51));
#7693 = CARTESIAN_POINT('',(83.98126360693,-42.08611052772,1.51));
#7694 = CARTESIAN_POINT('',(83.15153066117,-41.11879231076,1.51));
#7695 = B_SPLINE_SURFACE_WITH_KNOTS('',3,1,(
    (#7696,#7697)
    ,(#7698,#7699)
    ,(#7700,#7701)
    ,(#7702,#7703
    )),.UNSPECIFIED.,.F.,.F.,.F.,(4,4),(2,2),(-1.,0.),(0.,0.5),
  .PIECEWISE_BEZIER_KNOTS.);
#7696 = CARTESIAN_POINT('',(83.15153066117,-41.11879231076,-0.49));
#7697 = CARTESIAN_POINT('',(83.15153066117,-41.11879231076,4.51));
#7698 = CARTESIAN_POINT('',(83.98126360693,-42.08611052772,-0.49));
#7699 = CARTESIAN_POINT('',(83.98126360693,-42.08611052772,4.51));
#7700 = CARTESIAN_POINT('',(84.17599655269,-42.15384541135,-0.49));
#7701 = CARTESIAN_POINT('',(84.17599655269,-42.15384541135,4.51));
#7702 = CARTESIAN_POINT('',(92.932648748939,-44.40597538571,-0.49));
#7703 = CARTESIAN_POINT('',(92.932648748939,-44.40597538571,4.51));
#7704 = ADVANCED_FACE('',(#7705),#7732,.F.);
#7705 = FACE_BOUND('',#7706,.F.);
#7706 = EDGE_LOOP('',(#7707,#7717,#7724,#7725));
#7707 = ORIENTED_EDGE('',*,*,#7708,.F.);
#7708 = EDGE_CURVE('',#7709,#7711,#7713,.T.);
#7709 = VERTEX_POINT('',#7710);
#7710 = CARTESIAN_POINT('',(90.401113994503,-31.80122796953,-0.49));
#7711 = VERTEX_POINT('',#7712);
#7712 = CARTESIAN_POINT('',(90.401113994503,-31.80122796953,1.51));
#7713 = LINE('',#7714,#7715);
#7714 = CARTESIAN_POINT('',(90.401113994503,-31.80122796953,-0.49));
#7715 = VECTOR('',#7716,1.);
#7716 = DIRECTION('',(0.,0.,1.));
#7717 = ORIENTED_EDGE('',*,*,#7718,.T.);
#7718 = EDGE_CURVE('',#7709,#7663,#7719,.T.);
#7719 = B_SPLINE_CURVE_WITH_KNOTS('',3,(#7720,#7721,#7722,#7723),
  .UNSPECIFIED.,.F.,.F.,(4,4),(-1.,0.),.PIECEWISE_BEZIER_KNOTS.);
#7720 = CARTESIAN_POINT('',(90.401113994503,-31.80122796953,-0.49));
#7721 = CARTESIAN_POINT('',(82.467848232174,-39.96309411944,-0.49));
#7722 = CARTESIAN_POINT('',(82.323913219357,-40.14936181963,-0.49));
#7723 = CARTESIAN_POINT('',(83.15153066117,-41.11879231076,-0.49));
#7724 = ORIENTED_EDGE('',*,*,#7662,.T.);
#7725 = ORIENTED_EDGE('',*,*,#7726,.T.);
#7726 = EDGE_CURVE('',#7665,#7711,#7727,.T.);
#7727 = B_SPLINE_CURVE_WITH_KNOTS('',3,(#7728,#7729,#7730,#7731),
  .UNSPECIFIED.,.F.,.F.,(4,4),(0.,0.38889447335),
  .PIECEWISE_BEZIER_KNOTS.);
#7728 = CARTESIAN_POINT('',(83.15153066117,-41.11879231076,1.51));
#7729 = CARTESIAN_POINT('',(82.323913219357,-40.14936181963,1.51));
#7730 = CARTESIAN_POINT('',(82.467848232174,-39.96309411944,1.51));
#7731 = CARTESIAN_POINT('',(90.401113994503,-31.80122796953,1.51));
#7732 = B_SPLINE_SURFACE_WITH_KNOTS('',3,1,(
    (#7733,#7734)
    ,(#7735,#7736)
    ,(#7737,#7738)
    ,(#7739,#7740
    )),.UNSPECIFIED.,.F.,.F.,.F.,(4,4),(2,2),(-1.,0.),(0.,0.5),
  .PIECEWISE_BEZIER_KNOTS.);
#7733 = CARTESIAN_POINT('',(90.401113994503,-31.80122796953,-0.49));
#7734 = CARTESIAN_POINT('',(90.401113994503,-31.80122796953,4.51));
#7735 = CARTESIAN_POINT('',(82.467848232174,-39.96309411944,-0.49));
#7736 = CARTESIAN_POINT('',(82.467848232174,-39.96309411944,4.51));
#7737 = CARTESIAN_POINT('',(82.323913219357,-40.14936181963,-0.49));
#7738 = CARTESIAN_POINT('',(82.323913219357,-40.14936181963,4.51));
#7739 = CARTESIAN_POINT('',(83.15153066117,-41.11879231076,-0.49));
#7740 = CARTESIAN_POINT('',(83.15153066117,-41.11879231076,4.51));
#7741 = ADVANCED_FACE('',(#7742),#7769,.F.);
#7742 = FACE_BOUND('',#7743,.F.);
#7743 = EDGE_LOOP('',(#7744,#7754,#7761,#7762));
#7744 = ORIENTED_EDGE('',*,*,#7745,.F.);
#7745 = EDGE_CURVE('',#7746,#7748,#7750,.T.);
#7746 = VERTEX_POINT('',#7747);
#7747 = CARTESIAN_POINT('',(100.18222885249,-35.09052977821,-0.49));
#7748 = VERTEX_POINT('',#7749);
#7749 = CARTESIAN_POINT('',(100.18222885249,-35.09052977821,1.51));
#7750 = LINE('',#7751,#7752);
#7751 = CARTESIAN_POINT('',(100.18222885249,-35.09052977821,-0.49));
#7752 = VECTOR('',#7753,1.);
#7753 = DIRECTION('',(0.,0.,1.));
#7754 = ORIENTED_EDGE('',*,*,#7755,.T.);
#7755 = EDGE_CURVE('',#7746,#7709,#7756,.T.);
#7756 = B_SPLINE_CURVE_WITH_KNOTS('',3,(#7757,#7758,#7759,#7760),
  .UNSPECIFIED.,.F.,.F.,(4,4),(-1.,0.),.PIECEWISE_BEZIER_KNOTS.);
#7757 = CARTESIAN_POINT('',(100.18222885249,-35.09052977821,-0.49));
#7758 = CARTESIAN_POINT('',(98.529112702593,-23.7070902437,-0.49));
#7759 = CARTESIAN_POINT('',(98.334382986609,-23.6414740938,-0.49));
#7760 = CARTESIAN_POINT('',(90.401113994503,-31.80122796953,-0.49));
#7761 = ORIENTED_EDGE('',*,*,#7708,.T.);
#7762 = ORIENTED_EDGE('',*,*,#7763,.T.);
#7763 = EDGE_CURVE('',#7711,#7748,#7764,.T.);
#7764 = B_SPLINE_CURVE_WITH_KNOTS('',3,(#7765,#7766,#7767,#7768),
  .UNSPECIFIED.,.F.,.F.,(4,4),(0.,3.499413401648),
  .PIECEWISE_BEZIER_KNOTS.);
#7765 = CARTESIAN_POINT('',(90.401113994503,-31.80122796953,1.51));
#7766 = CARTESIAN_POINT('',(98.334382986609,-23.6414740938,1.51));
#7767 = CARTESIAN_POINT('',(98.529112702593,-23.7070902437,1.51));
#7768 = CARTESIAN_POINT('',(100.18222885249,-35.09052977821,1.51));
#7769 = B_SPLINE_SURFACE_WITH_KNOTS('',3,1,(
    (#7770,#7771)
    ,(#7772,#7773)
    ,(#7774,#7775)
    ,(#7776,#7777
    )),.UNSPECIFIED.,.F.,.F.,.F.,(4,4),(2,2),(-1.,0.),(0.,0.5),
  .PIECEWISE_BEZIER_KNOTS.);
#7770 = CARTESIAN_POINT('',(100.18222885249,-35.09052977821,-0.49));
#7771 = CARTESIAN_POINT('',(100.18222885249,-35.09052977821,4.51));
#7772 = CARTESIAN_POINT('',(98.529112702593,-23.7070902437,-0.49));
#7773 = CARTESIAN_POINT('',(98.529112702593,-23.7070902437,4.51));
#7774 = CARTESIAN_POINT('',(98.334382986609,-23.6414740938,-0.49));
#7775 = CARTESIAN_POINT('',(98.334382986609,-23.6414740938,4.51));
#7776 = CARTESIAN_POINT('',(90.401113994503,-31.80122796953,-0.49));
#7777 = CARTESIAN_POINT('',(90.401113994503,-31.80122796953,4.51));
#7778 = ADVANCED_FACE('',(#7779),#7797,.F.);
#7779 = FACE_BOUND('',#7780,.F.);
#7780 = EDGE_LOOP('',(#7781,#7782,#7789,#7790));
#7781 = ORIENTED_EDGE('',*,*,#7681,.F.);
#7782 = ORIENTED_EDGE('',*,*,#7783,.T.);
#7783 = EDGE_CURVE('',#7673,#7746,#7784,.T.);
#7784 = B_SPLINE_CURVE_WITH_KNOTS('',3,(#7785,#7786,#7787,#7788),
  .UNSPECIFIED.,.F.,.F.,(4,4),(-1.,0.),.PIECEWISE_BEZIER_KNOTS.);
#7785 = CARTESIAN_POINT('',(92.932648748939,-44.40597538571,-0.49));
#7786 = CARTESIAN_POINT('',(101.68929448563,-46.65811181963,-0.49));
#7787 = CARTESIAN_POINT('',(101.83534500239,-46.47184411944,-0.49));
#7788 = CARTESIAN_POINT('',(100.18222885249,-35.09052977821,-0.49));
#7789 = ORIENTED_EDGE('',*,*,#7745,.T.);
#7790 = ORIENTED_EDGE('',*,*,#7791,.T.);
#7791 = EDGE_CURVE('',#7748,#7682,#7792,.T.);
#7792 = B_SPLINE_CURVE_WITH_KNOTS('',3,(#7793,#7794,#7795,#7796),
  .UNSPECIFIED.,.F.,.F.,(4,4),(0.,3.642411166545),
  .PIECEWISE_BEZIER_KNOTS.);
#7793 = CARTESIAN_POINT('',(100.18222885249,-35.09052977821,1.51));
#7794 = CARTESIAN_POINT('',(101.83534500239,-46.47184411944,1.51));
#7795 = CARTESIAN_POINT('',(101.68929448563,-46.65811181963,1.51));
#7796 = CARTESIAN_POINT('',(92.932648748939,-44.40597538571,1.51));
#7797 = B_SPLINE_SURFACE_WITH_KNOTS('',3,1,(
    (#7798,#7799)
    ,(#7800,#7801)
    ,(#7802,#7803)
    ,(#7804,#7805
    )),.UNSPECIFIED.,.F.,.F.,.F.,(4,4),(2,2),(-1.,0.),(0.,0.5),
  .PIECEWISE_BEZIER_KNOTS.);
#7798 = CARTESIAN_POINT('',(92.932648748939,-44.40597538571,-0.49));
#7799 = CARTESIAN_POINT('',(92.932648748939,-44.40597538571,4.51));
#7800 = CARTESIAN_POINT('',(101.68929448563,-46.65811181963,-0.49));
#7801 = CARTESIAN_POINT('',(101.68929448563,-46.65811181963,4.51));
#7802 = CARTESIAN_POINT('',(101.83534500239,-46.47184411944,-0.49));
#7803 = CARTESIAN_POINT('',(101.83534500239,-46.47184411944,4.51));
#7804 = CARTESIAN_POINT('',(100.18222885249,-35.09052977821,-0.49));
#7805 = CARTESIAN_POINT('',(100.18222885249,-35.09052977821,4.51));
#7806 = ADVANCED_FACE('',(#7807),#7843,.F.);
#7807 = FACE_BOUND('',#7808,.F.);
#7808 = EDGE_LOOP('',(#7809,#7819,#7828,#7836));
#7809 = ORIENTED_EDGE('',*,*,#7810,.F.);
#7810 = EDGE_CURVE('',#7811,#7813,#7815,.T.);
#7811 = VERTEX_POINT('',#7812);
#7812 = CARTESIAN_POINT('',(62.751097909197,-22.48365716875,-0.49));
#7813 = VERTEX_POINT('',#7814);
#7814 = CARTESIAN_POINT('',(62.751097909197,-22.48365716875,1.51));
#7815 = LINE('',#7816,#7817);
#7816 = CARTESIAN_POINT('',(62.751097909197,-22.48365716875,-0.49));
#7817 = VECTOR('',#7818,1.);
#7818 = DIRECTION('',(0.,0.,1.));
#7819 = ORIENTED_EDGE('',*,*,#7820,.T.);
#7820 = EDGE_CURVE('',#7811,#7821,#7823,.T.);
#7821 = VERTEX_POINT('',#7822);
#7822 = CARTESIAN_POINT('',(56.758813477739,-23.81716104448,-0.49));
#7823 = B_SPLINE_CURVE_WITH_KNOTS('',3,(#7824,#7825,#7826,#7827),
  .UNSPECIFIED.,.F.,.F.,(4,4),(-1.,0.),.PIECEWISE_BEZIER_KNOTS.);
#7824 = CARTESIAN_POINT('',(62.751097909197,-22.48365716875,-0.49));
#7825 = CARTESIAN_POINT('',(56.847714705054,-22.48365716875,-0.49));
#7826 = CARTESIAN_POINT('',(56.729180273597,-22.51117486895,-0.49));
#7827 = CARTESIAN_POINT('',(56.758813477739,-23.81716104448,-0.49));
#7828 = ORIENTED_EDGE('',*,*,#7829,.T.);
#7829 = EDGE_CURVE('',#7821,#7830,#7832,.T.);
#7830 = VERTEX_POINT('',#7831);
#7831 = CARTESIAN_POINT('',(56.758813477739,-23.81716104448,1.51));
#7832 = LINE('',#7833,#7834);
#7833 = CARTESIAN_POINT('',(56.758813477739,-23.81716104448,-0.49));
#7834 = VECTOR('',#7835,1.);
#7835 = DIRECTION('',(0.,0.,1.));
#7836 = ORIENTED_EDGE('',*,*,#7837,.T.);
#7837 = EDGE_CURVE('',#7830,#7813,#7838,.T.);
#7838 = B_SPLINE_CURVE_WITH_KNOTS('',3,(#7839,#7840,#7841,#7842),
  .UNSPECIFIED.,.F.,.F.,(4,4),(0.,0.423843881985),
  .PIECEWISE_BEZIER_KNOTS.);
#7839 = CARTESIAN_POINT('',(56.758813477739,-23.81716104448,1.51));
#7840 = CARTESIAN_POINT('',(56.729180273597,-22.51117486895,1.51));
#7841 = CARTESIAN_POINT('',(56.847714705054,-22.48365716875,1.51));
#7842 = CARTESIAN_POINT('',(62.751097909197,-22.48365716875,1.51));
#7843 = B_SPLINE_SURFACE_WITH_KNOTS('',3,1,(
    (#7844,#7845)
    ,(#7846,#7847)
    ,(#7848,#7849)
    ,(#7850,#7851
    )),.UNSPECIFIED.,.F.,.F.,.F.,(4,4),(2,2),(-1.,0.),(0.,0.5),
  .PIECEWISE_BEZIER_KNOTS.);
#7844 = CARTESIAN_POINT('',(62.751097909197,-22.48365716875,-0.49));
#7845 = CARTESIAN_POINT('',(62.751097909197,-22.48365716875,4.51));
#7846 = CARTESIAN_POINT('',(56.847714705054,-22.48365716875,-0.49));
#7847 = CARTESIAN_POINT('',(56.847714705054,-22.48365716875,4.51));
#7848 = CARTESIAN_POINT('',(56.729180273597,-22.51117486895,-0.49));
#7849 = CARTESIAN_POINT('',(56.729180273597,-22.51117486895,4.51));
#7850 = CARTESIAN_POINT('',(56.758813477739,-23.81716104448,-0.49));
#7851 = CARTESIAN_POINT('',(56.758813477739,-23.81716104448,4.51));
#7852 = ADVANCED_FACE('',(#7853),#7880,.F.);
#7853 = FACE_BOUND('',#7854,.F.);
#7854 = EDGE_LOOP('',(#7855,#7865,#7872,#7873));
#7855 = ORIENTED_EDGE('',*,*,#7856,.F.);
#7856 = EDGE_CURVE('',#7857,#7859,#7861,.T.);
#7857 = VERTEX_POINT('',#7858);
#7858 = CARTESIAN_POINT('',(69.012196681881,-29.37764205238,-0.49));
#7859 = VERTEX_POINT('',#7860);
#7860 = CARTESIAN_POINT('',(69.012196681881,-29.37764205238,1.51));
#7861 = LINE('',#7862,#7863);
#7862 = CARTESIAN_POINT('',(69.012196681881,-29.37764205238,-0.49));
#7863 = VECTOR('',#7864,1.);
#7864 = DIRECTION('',(0.,0.,1.));
#7865 = ORIENTED_EDGE('',*,*,#7866,.T.);
#7866 = EDGE_CURVE('',#7857,#7811,#7867,.T.);
#7867 = B_SPLINE_CURVE_WITH_KNOTS('',3,(#7868,#7869,#7870,#7871),
  .UNSPECIFIED.,.F.,.F.,(4,4),(-1.,0.),.PIECEWISE_BEZIER_KNOTS.);
#7868 = CARTESIAN_POINT('',(69.012196681881,-29.37764205238,-0.49));
#7869 = CARTESIAN_POINT('',(68.779365286414,-22.62124566973,-0.49));
#7870 = CARTESIAN_POINT('',(68.65447949845,-22.48365716875,-0.49));
#7871 = CARTESIAN_POINT('',(62.751097909197,-22.48365716875,-0.49));
#7872 = ORIENTED_EDGE('',*,*,#7810,.T.);
#7873 = ORIENTED_EDGE('',*,*,#7874,.T.);
#7874 = EDGE_CURVE('',#7813,#7859,#7875,.T.);
#7875 = B_SPLINE_CURVE_WITH_KNOTS('',3,(#7876,#7877,#7878,#7879),
  .UNSPECIFIED.,.F.,.F.,(4,4),(0.,1.731146048102),
  .PIECEWISE_BEZIER_KNOTS.);
#7876 = CARTESIAN_POINT('',(62.751097909197,-22.48365716875,1.51));
#7877 = CARTESIAN_POINT('',(68.65447949845,-22.48365716875,1.51));
#7878 = CARTESIAN_POINT('',(68.779365286414,-22.62124566973,1.51));
#7879 = CARTESIAN_POINT('',(69.012196681881,-29.37764205238,1.51));
#7880 = B_SPLINE_SURFACE_WITH_KNOTS('',3,1,(
    (#7881,#7882)
    ,(#7883,#7884)
    ,(#7885,#7886)
    ,(#7887,#7888
    )),.UNSPECIFIED.,.F.,.F.,.F.,(4,4),(2,2),(-1.,0.),(0.,0.5),
  .PIECEWISE_BEZIER_KNOTS.);
#7881 = CARTESIAN_POINT('',(69.012196681881,-29.37764205238,-0.49));
#7882 = CARTESIAN_POINT('',(69.012196681881,-29.37764205238,4.51));
#7883 = CARTESIAN_POINT('',(68.779365286414,-22.62124566973,-0.49));
#7884 = CARTESIAN_POINT('',(68.779365286414,-22.62124566973,4.51));
#7885 = CARTESIAN_POINT('',(68.65447949845,-22.48365716875,-0.49));
#7886 = CARTESIAN_POINT('',(68.65447949845,-22.48365716875,4.51));
#7887 = CARTESIAN_POINT('',(62.751097909197,-22.48365716875,-0.49));
#7888 = CARTESIAN_POINT('',(62.751097909197,-22.48365716875,4.51));
#7889 = ADVANCED_FACE('',(#7890),#7917,.F.);
#7890 = FACE_BOUND('',#7891,.F.);
#7891 = EDGE_LOOP('',(#7892,#7902,#7909,#7910));
#7892 = ORIENTED_EDGE('',*,*,#7893,.F.);
#7893 = EDGE_CURVE('',#7894,#7896,#7898,.T.);
#7894 = VERTEX_POINT('',#7895);
#7895 = CARTESIAN_POINT('',(66.239363671526,-36.37111052772,-0.49));
#7896 = VERTEX_POINT('',#7897);
#7897 = CARTESIAN_POINT('',(66.239363671526,-36.37111052772,1.51));
#7898 = LINE('',#7899,#7900);
#7899 = CARTESIAN_POINT('',(66.239363671526,-36.37111052772,-0.49));
#7900 = VECTOR('',#7901,1.);
#7901 = DIRECTION('',(0.,0.,1.));
#7902 = ORIENTED_EDGE('',*,*,#7903,.T.);
#7903 = EDGE_CURVE('',#7894,#7857,#7904,.T.);
#7904 = B_SPLINE_CURVE_WITH_KNOTS('',3,(#7905,#7906,#7907,#7908),
  .UNSPECIFIED.,.F.,.F.,(4,4),(-1.,0.),.PIECEWISE_BEZIER_KNOTS.);
#7905 = CARTESIAN_POINT('',(66.239363671526,-36.37111052772,-0.49));
#7906 = CARTESIAN_POINT('',(69.192114640459,-36.27374566973,-0.49));
#7907 = CARTESIAN_POINT('',(69.247146811072,-36.13404489458,-0.49));
#7908 = CARTESIAN_POINT('',(69.012196681881,-29.37764205238,-0.49));
#7909 = ORIENTED_EDGE('',*,*,#7856,.T.);
#7910 = ORIENTED_EDGE('',*,*,#7911,.T.);
#7911 = EDGE_CURVE('',#7859,#7896,#7912,.T.);
#7912 = B_SPLINE_CURVE_WITH_KNOTS('',3,(#7913,#7914,#7915,#7916),
  .UNSPECIFIED.,.F.,.F.,(4,4),(0.,2.056403779241),
  .PIECEWISE_BEZIER_KNOTS.);
#7913 = CARTESIAN_POINT('',(69.012196681881,-29.37764205238,1.51));
#7914 = CARTESIAN_POINT('',(69.247146811072,-36.13404489458,1.51));
#7915 = CARTESIAN_POINT('',(69.192114640459,-36.27374566973,1.51));
#7916 = CARTESIAN_POINT('',(66.239363671526,-36.37111052772,1.51));
#7917 = B_SPLINE_SURFACE_WITH_KNOTS('',3,1,(
    (#7918,#7919)
    ,(#7920,#7921)
    ,(#7922,#7923)
    ,(#7924,#7925
    )),.UNSPECIFIED.,.F.,.F.,.F.,(4,4),(2,2),(-1.,0.),(0.,0.5),
  .PIECEWISE_BEZIER_KNOTS.);
#7918 = CARTESIAN_POINT('',(66.239363671526,-36.37111052772,-0.49));
#7919 = CARTESIAN_POINT('',(66.239363671526,-36.37111052772,4.51));
#7920 = CARTESIAN_POINT('',(69.192114640459,-36.27374566973,-0.49));
#7921 = CARTESIAN_POINT('',(69.192114640459,-36.27374566973,4.51));
#7922 = CARTESIAN_POINT('',(69.247146811072,-36.13404489458,-0.49));
#7923 = CARTESIAN_POINT('',(69.247146811072,-36.13404489458,4.51));
#7924 = CARTESIAN_POINT('',(69.012196681881,-29.37764205238,-0.49));
#7925 = CARTESIAN_POINT('',(69.012196681881,-29.37764205238,4.51));
#7926 = ADVANCED_FACE('',(#7927),#7954,.F.);
#7927 = FACE_BOUND('',#7928,.F.);
#7928 = EDGE_LOOP('',(#7929,#7939,#7946,#7947));
#7929 = ORIENTED_EDGE('',*,*,#7930,.F.);
#7930 = EDGE_CURVE('',#7931,#7933,#7935,.T.);
#7931 = VERTEX_POINT('',#7932);
#7932 = CARTESIAN_POINT('',(60.007898102983,-30.81062951983,-0.49));
#7933 = VERTEX_POINT('',#7934);
#7934 = CARTESIAN_POINT('',(60.007898102983,-30.81062951983,1.51));
#7935 = LINE('',#7936,#7937);
#7936 = CARTESIAN_POINT('',(60.007898102983,-30.81062951983,-0.49));
#7937 = VECTOR('',#7938,1.);
#7938 = DIRECTION('',(0.,0.,1.));
#7939 = ORIENTED_EDGE('',*,*,#7940,.T.);
#7940 = EDGE_CURVE('',#7931,#7894,#7941,.T.);
#7941 = B_SPLINE_CURVE_WITH_KNOTS('',3,(#7942,#7943,#7944,#7945),
  .UNSPECIFIED.,.F.,.F.,(4,4),(-1.,0.),.PIECEWISE_BEZIER_KNOTS.);
#7942 = CARTESIAN_POINT('',(60.007898102983,-30.81062951983,-0.49));
#7943 = CARTESIAN_POINT('',(63.159614640459,-36.35841104448,-0.49));
#7944 = CARTESIAN_POINT('',(63.284497198646,-36.46847538571,-0.49));
#7945 = CARTESIAN_POINT('',(66.239363671526,-36.37111052772,-0.49));
#7946 = ORIENTED_EDGE('',*,*,#7893,.T.);
#7947 = ORIENTED_EDGE('',*,*,#7948,.T.);
#7948 = EDGE_CURVE('',#7896,#7933,#7949,.T.);
#7949 = B_SPLINE_CURVE_WITH_KNOTS('',3,(#7950,#7951,#7952,#7953),
  .UNSPECIFIED.,.F.,.F.,(4,4),(0.,0.888738130155),
  .PIECEWISE_BEZIER_KNOTS.);
#7950 = CARTESIAN_POINT('',(66.239363671526,-36.37111052772,1.51));
#7951 = CARTESIAN_POINT('',(63.284497198646,-36.46847538571,1.51));
#7952 = CARTESIAN_POINT('',(63.159614640459,-36.35841104448,1.51));
#7953 = CARTESIAN_POINT('',(60.007898102983,-30.81062951983,1.51));
#7954 = B_SPLINE_SURFACE_WITH_KNOTS('',3,1,(
    (#7955,#7956)
    ,(#7957,#7958)
    ,(#7959,#7960)
    ,(#7961,#7962
    )),.UNSPECIFIED.,.F.,.F.,.F.,(4,4),(2,2),(-1.,0.),(0.,0.5),
  .PIECEWISE_BEZIER_KNOTS.);
#7955 = CARTESIAN_POINT('',(60.007898102983,-30.81062951983,-0.49));
#7956 = CARTESIAN_POINT('',(60.007898102983,-30.81062951983,4.51));
#7957 = CARTESIAN_POINT('',(63.159614640459,-36.35841104448,-0.49));
#7958 = CARTESIAN_POINT('',(63.159614640459,-36.35841104448,4.51));
#7959 = CARTESIAN_POINT('',(63.284497198646,-36.46847538571,-0.49));
#7960 = CARTESIAN_POINT('',(63.284497198646,-36.46847538571,4.51));
#7961 = CARTESIAN_POINT('',(66.239363671526,-36.37111052772,-0.49));
#7962 = CARTESIAN_POINT('',(66.239363671526,-36.37111052772,4.51));
#7963 = ADVANCED_FACE('',(#7964),#7982,.F.);
#7964 = FACE_BOUND('',#7965,.F.);
#7965 = EDGE_LOOP('',(#7966,#7967,#7974,#7975));
#7966 = ORIENTED_EDGE('',*,*,#7829,.F.);
#7967 = ORIENTED_EDGE('',*,*,#7968,.T.);
#7968 = EDGE_CURVE('',#7821,#7931,#7969,.T.);
#7969 = B_SPLINE_CURVE_WITH_KNOTS('',3,(#7970,#7971,#7972,#7973),
  .UNSPECIFIED.,.F.,.F.,(4,4),(-1.,0.),.PIECEWISE_BEZIER_KNOTS.);
#7970 = CARTESIAN_POINT('',(56.758813477739,-23.81716104448,-0.49));
#7971 = CARTESIAN_POINT('',(56.790563800717,-25.12314076047,-0.49));
#7972 = CARTESIAN_POINT('',(56.856181565508,-25.26284153561,-0.49));
#7973 = CARTESIAN_POINT('',(60.007898102983,-30.81062951983,-0.49));
#7974 = ORIENTED_EDGE('',*,*,#7930,.T.);
#7975 = ORIENTED_EDGE('',*,*,#7976,.T.);
#7976 = EDGE_CURVE('',#7933,#7830,#7977,.T.);
#7977 = B_SPLINE_CURVE_WITH_KNOTS('',3,(#7978,#7979,#7980,#7981),
  .UNSPECIFIED.,.F.,.F.,(4,4),(0.,1.916193753212),
  .PIECEWISE_BEZIER_KNOTS.);
#7978 = CARTESIAN_POINT('',(60.007898102983,-30.81062951983,1.51));
#7979 = CARTESIAN_POINT('',(56.856181565508,-25.26284153561,1.51));
#7980 = CARTESIAN_POINT('',(56.790563800717,-25.12314076047,1.51));
#7981 = CARTESIAN_POINT('',(56.758813477739,-23.81716104448,1.51));
#7982 = B_SPLINE_SURFACE_WITH_KNOTS('',3,1,(
    (#7983,#7984)
    ,(#7985,#7986)
    ,(#7987,#7988)
    ,(#7989,#7990
    )),.UNSPECIFIED.,.F.,.F.,.F.,(4,4),(2,2),(-1.,0.),(0.,0.5),
  .PIECEWISE_BEZIER_KNOTS.);
#7983 = CARTESIAN_POINT('',(56.758813477739,-23.81716104448,-0.49));
#7984 = CARTESIAN_POINT('',(56.758813477739,-23.81716104448,4.51));
#7985 = CARTESIAN_POINT('',(56.790563800717,-25.12314076047,-0.49));
#7986 = CARTESIAN_POINT('',(56.790563800717,-25.12314076047,4.51));
#7987 = CARTESIAN_POINT('',(56.856181565508,-25.26284153561,-0.49));
#7988 = CARTESIAN_POINT('',(56.856181565508,-25.26284153561,4.51));
#7989 = CARTESIAN_POINT('',(60.007898102983,-30.81062951983,-0.49));
#7990 = CARTESIAN_POINT('',(60.007898102983,-30.81062951983,4.51));
#7991 = ADVANCED_FACE('',(#7992),#8028,.F.);
#7992 = FACE_BOUND('',#7993,.F.);
#7993 = EDGE_LOOP('',(#7994,#8004,#8013,#8021));
#7994 = ORIENTED_EDGE('',*,*,#7995,.F.);
#7995 = EDGE_CURVE('',#7996,#7998,#8000,.T.);
#7996 = VERTEX_POINT('',#7997);
#7997 = CARTESIAN_POINT('',(77.273546423499,-65.13660923581,-0.49));
#7998 = VERTEX_POINT('',#7999);
#7999 = CARTESIAN_POINT('',(77.273546423499,-65.13660923581,1.51));
#8000 = LINE('',#8001,#8002);
#8001 = CARTESIAN_POINT('',(77.273546423499,-65.13660923581,-0.49));
#8002 = VECTOR('',#8003,1.);
#8003 = DIRECTION('',(0.,0.,1.));
#8004 = ORIENTED_EDGE('',*,*,#8005,.T.);
#8005 = EDGE_CURVE('',#7996,#8006,#8008,.T.);
#8006 = VERTEX_POINT('',#8007);
#8007 = CARTESIAN_POINT('',(83.847915803178,-61.25464334429,-0.49));
#8008 = B_SPLINE_CURVE_WITH_KNOTS('',3,(#8009,#8010,#8011,#8012),
  .UNSPECIFIED.,.F.,.F.,(4,4),(-1.,0.),.PIECEWISE_BEZIER_KNOTS.);
#8009 = CARTESIAN_POINT('',(77.273546423499,-65.13660923581,-0.49));
#8010 = CARTESIAN_POINT('',(83.195982082272,-65.00749243995,-0.49));
#8011 = CARTESIAN_POINT('',(83.327214382077,-64.92917680681,-0.49));
#8012 = CARTESIAN_POINT('',(83.847915803178,-61.25464334429,-0.49));
#8013 = ORIENTED_EDGE('',*,*,#8014,.T.);
#8014 = EDGE_CURVE('',#8006,#8015,#8017,.T.);
#8015 = VERTEX_POINT('',#8016);
#8016 = CARTESIAN_POINT('',(83.847915803178,-61.25464334429,1.51));
#8017 = LINE('',#8018,#8019);
#8018 = CARTESIAN_POINT('',(83.847915803178,-61.25464334429,-0.49));
#8019 = VECTOR('',#8020,1.);
#8020 = DIRECTION('',(0.,0.,1.));
#8021 = ORIENTED_EDGE('',*,*,#8022,.T.);
#8022 = EDGE_CURVE('',#8015,#7998,#8023,.T.);
#8023 = B_SPLINE_CURVE_WITH_KNOTS('',3,(#8024,#8025,#8026,#8027),
  .UNSPECIFIED.,.F.,.F.,(4,4),(0.,1.163207033602),
  .PIECEWISE_BEZIER_KNOTS.);
#8024 = CARTESIAN_POINT('',(83.847915803178,-61.25464334429,1.51));
#8025 = CARTESIAN_POINT('',(83.327214382077,-64.92917680681,1.51));
#8026 = CARTESIAN_POINT('',(83.195982082272,-65.00749243995,1.51));
#8027 = CARTESIAN_POINT('',(77.273546423499,-65.13660923581,1.51));
#8028 = B_SPLINE_SURFACE_WITH_KNOTS('',3,1,(
    (#8029,#8030)
    ,(#8031,#8032)
    ,(#8033,#8034)
    ,(#8035,#8036
    )),.UNSPECIFIED.,.F.,.F.,.F.,(4,4),(2,2),(-1.,0.),(0.,0.5),
  .PIECEWISE_BEZIER_KNOTS.);
#8029 = CARTESIAN_POINT('',(77.273546423499,-65.13660923581,-0.49));
#8030 = CARTESIAN_POINT('',(77.273546423499,-65.13660923581,4.51));
#8031 = CARTESIAN_POINT('',(83.195982082272,-65.00749243995,-0.49));
#8032 = CARTESIAN_POINT('',(83.195982082272,-65.00749243995,4.51));
#8033 = CARTESIAN_POINT('',(83.327214382077,-64.92917680681,-0.49));
#8034 = CARTESIAN_POINT('',(83.327214382077,-64.92917680681,4.51));
#8035 = CARTESIAN_POINT('',(83.847915803178,-61.25464334429,-0.49));
#8036 = CARTESIAN_POINT('',(83.847915803178,-61.25464334429,4.51));
#8037 = ADVANCED_FACE('',(#8038),#8065,.F.);
#8038 = FACE_BOUND('',#8039,.F.);
#8039 = EDGE_LOOP('',(#8040,#8050,#8057,#8058));
#8040 = ORIENTED_EDGE('',*,*,#8041,.F.);
#8041 = EDGE_CURVE('',#8042,#8044,#8046,.T.);
#8042 = VERTEX_POINT('',#8043);
#8043 = CARTESIAN_POINT('',(69.820764898841,-64.98632771115,-0.49));
#8044 = VERTEX_POINT('',#8045);
#8045 = CARTESIAN_POINT('',(69.820764898841,-64.98632771115,1.51));
#8046 = LINE('',#8047,#8048);
#8047 = CARTESIAN_POINT('',(69.820764898841,-64.98632771115,-0.49));
#8048 = VECTOR('',#8049,1.);
#8049 = DIRECTION('',(0.,0.,1.));
#8050 = ORIENTED_EDGE('',*,*,#8051,.T.);
#8051 = EDGE_CURVE('',#8042,#7996,#8052,.T.);
#8052 = B_SPLINE_CURVE_WITH_KNOTS('',3,(#8053,#8054,#8055,#8056),
  .UNSPECIFIED.,.F.,.F.,(4,4),(-1.,0.),.PIECEWISE_BEZIER_KNOTS.);
#8053 = CARTESIAN_POINT('',(69.820764898841,-64.98632771115,-0.49));
#8054 = CARTESIAN_POINT('',(71.202947973792,-65.26361052772,-0.49));
#8055 = CARTESIAN_POINT('',(71.351113994503,-65.26784476539,-0.49));
#8056 = CARTESIAN_POINT('',(77.273546423499,-65.13660923581,-0.49));
#8057 = ORIENTED_EDGE('',*,*,#7995,.T.);
#8058 = ORIENTED_EDGE('',*,*,#8059,.T.);
#8059 = EDGE_CURVE('',#7998,#8044,#8060,.T.);
#8060 = B_SPLINE_CURVE_WITH_KNOTS('',3,(#8061,#8062,#8063,#8064),
  .UNSPECIFIED.,.F.,.F.,(4,4),(0.,1.700270884907),
  .PIECEWISE_BEZIER_KNOTS.);
#8061 = CARTESIAN_POINT('',(77.273546423499,-65.13660923581,1.51));
#8062 = CARTESIAN_POINT('',(71.351113994503,-65.26784476539,1.51));
#8063 = CARTESIAN_POINT('',(71.202947973792,-65.26361052772,1.51));
#8064 = CARTESIAN_POINT('',(69.820764898841,-64.98632771115,1.51));
#8065 = B_SPLINE_SURFACE_WITH_KNOTS('',3,1,(
    (#8066,#8067)
    ,(#8068,#8069)
    ,(#8070,#8071)
    ,(#8072,#8073
    )),.UNSPECIFIED.,.F.,.F.,.F.,(4,4),(2,2),(-1.,0.),(0.,0.5),
  .PIECEWISE_BEZIER_KNOTS.);
#8066 = CARTESIAN_POINT('',(69.820764898841,-64.98632771115,-0.49));
#8067 = CARTESIAN_POINT('',(69.820764898841,-64.98632771115,4.51));
#8068 = CARTESIAN_POINT('',(71.202947973792,-65.26361052772,-0.49));
#8069 = CARTESIAN_POINT('',(71.202947973792,-65.26361052772,4.51));
#8070 = CARTESIAN_POINT('',(71.351113994503,-65.26784476539,-0.49));
#8071 = CARTESIAN_POINT('',(71.351113994503,-65.26784476539,4.51));
#8072 = CARTESIAN_POINT('',(77.273546423499,-65.13660923581,-0.49));
#8073 = CARTESIAN_POINT('',(77.273546423499,-65.13660923581,4.51));
#8074 = ADVANCED_FACE('',(#8075),#8104,.F.);
#8075 = FACE_BOUND('',#8076,.F.);
#8076 = EDGE_LOOP('',(#8077,#8087,#8094,#8095));
#8077 = ORIENTED_EDGE('',*,*,#8078,.F.);
#8078 = EDGE_CURVE('',#8079,#8081,#8083,.T.);
#8079 = VERTEX_POINT('',#8080);
#8080 = CARTESIAN_POINT('',(67.452214382077,-63.67822603167,-0.49));
#8081 = VERTEX_POINT('',#8082);
#8082 = CARTESIAN_POINT('',(67.452214382077,-63.67822603167,1.51));
#8083 = LINE('',#8084,#8085);
#8084 = CARTESIAN_POINT('',(67.452214382077,-63.67822603167,-0.49));
#8085 = VECTOR('',#8086,1.);
#8086 = DIRECTION('',(0.,0.,1.));
#8087 = ORIENTED_EDGE('',*,*,#8088,.T.);
#8088 = EDGE_CURVE('',#8079,#8042,#8089,.T.);
#8089 = B_SPLINE_CURVE_WITH_KNOTS('',3,(#8090,#8091,#8092,#8093),
  .UNSPECIFIED.,.F.,.F.,(4,4),(-1.,0.),.PIECEWISE_BEZIER_KNOTS.);
#8090 = CARTESIAN_POINT('',(67.452214382077,-63.67822603167,-0.49));
#8091 = CARTESIAN_POINT('',(68.389896165117,-64.68152719439,-0.49));
#8092 = CARTESIAN_POINT('',(68.436463090166,-64.70692616086,-0.49));
#8093 = CARTESIAN_POINT('',(69.820764898841,-64.98632771115,-0.49));
#8094 = ORIENTED_EDGE('',*,*,#8041,.T.);
#8095 = ORIENTED_EDGE('',*,*,#8096,.T.);
#8096 = EDGE_CURVE('',#8044,#8081,#8097,.T.);
#8097 = B_SPLINE_CURVE_WITH_KNOTS('',3,(#8098,#8099,#8100,#8101,#8102,
    #8103),.UNSPECIFIED.,.F.,.F.,(4,2,4),(0.,0.211907362549,
    0.423809692973),.UNSPECIFIED.);
#8098 = CARTESIAN_POINT('',(69.820764898841,-64.98632771115,1.51));
#8099 = CARTESIAN_POINT('',(69.128369525932,-64.84657759351,1.51));
#8100 = CARTESIAN_POINT('',(68.770968338212,-64.77046630033,1.51));
#8101 = CARTESIAN_POINT('',(68.167053094097,-64.43701611104,1.51));
#8102 = CARTESIAN_POINT('',(67.921181703855,-64.18001189093,1.51));
#8103 = CARTESIAN_POINT('',(67.452214382077,-63.67822603167,1.51));
#8104 = B_SPLINE_SURFACE_WITH_KNOTS('',3,1,(
    (#8105,#8106)
    ,(#8107,#8108)
    ,(#8109,#8110)
    ,(#8111,#8112
    )),.UNSPECIFIED.,.F.,.F.,.F.,(4,4),(2,2),(-1.,0.),(0.,0.5),
  .PIECEWISE_BEZIER_KNOTS.);
#8105 = CARTESIAN_POINT('',(67.452214382077,-63.67822603167,-0.49));
#8106 = CARTESIAN_POINT('',(67.452214382077,-63.67822603167,4.51));
#8107 = CARTESIAN_POINT('',(68.389896165117,-64.68152719439,-0.49));
#8108 = CARTESIAN_POINT('',(68.389896165117,-64.68152719439,4.51));
#8109 = CARTESIAN_POINT('',(68.436463090166,-64.70692616086,-0.49));
#8110 = CARTESIAN_POINT('',(68.436463090166,-64.70692616086,4.51));
#8111 = CARTESIAN_POINT('',(69.820764898841,-64.98632771115,-0.49));
#8112 = CARTESIAN_POINT('',(69.820764898841,-64.98632771115,4.51));
#8113 = ADVANCED_FACE('',(#8114),#8141,.F.);
#8114 = FACE_BOUND('',#8115,.F.);
#8115 = EDGE_LOOP('',(#8116,#8126,#8133,#8134));
#8116 = ORIENTED_EDGE('',*,*,#8117,.F.);
#8117 = EDGE_CURVE('',#8118,#8120,#8122,.T.);
#8118 = VERTEX_POINT('',#8119);
#8119 = CARTESIAN_POINT('',(70.347812831784,-52.61864592811,-0.49));
#8120 = VERTEX_POINT('',#8121);
#8121 = CARTESIAN_POINT('',(70.347812831784,-52.61864592811,1.51));
#8122 = LINE('',#8123,#8124);
#8123 = CARTESIAN_POINT('',(70.347812831784,-52.61864592811,-0.49));
#8124 = VECTOR('',#8125,1.);
#8125 = DIRECTION('',(0.,0.,1.));
#8126 = ORIENTED_EDGE('',*,*,#8127,.T.);
#8127 = EDGE_CURVE('',#8118,#8079,#8128,.T.);
#8128 = B_SPLINE_CURVE_WITH_KNOTS('',3,(#8129,#8130,#8131,#8132),
  .UNSPECIFIED.,.F.,.F.,(4,4),(-1.,0.),.PIECEWISE_BEZIER_KNOTS.);
#8129 = CARTESIAN_POINT('',(70.347812831784,-52.61864592811,-0.49));
#8130 = CARTESIAN_POINT('',(66.571680273597,-62.45267745277,-0.49));
#8131 = CARTESIAN_POINT('',(66.514530984148,-62.67492809872,-0.49));
#8132 = CARTESIAN_POINT('',(67.452214382077,-63.67822603167,-0.49));
#8133 = ORIENTED_EDGE('',*,*,#8078,.T.);
#8134 = ORIENTED_EDGE('',*,*,#8135,.T.);
#8135 = EDGE_CURVE('',#8081,#8120,#8136,.T.);
#8136 = B_SPLINE_CURVE_WITH_KNOTS('',3,(#8137,#8138,#8139,#8140),
  .UNSPECIFIED.,.F.,.F.,(4,4),(0.,0.410953374368),
  .PIECEWISE_BEZIER_KNOTS.);
#8137 = CARTESIAN_POINT('',(67.452214382077,-63.67822603167,1.51));
#8138 = CARTESIAN_POINT('',(66.514530984148,-62.67492809872,1.51));
#8139 = CARTESIAN_POINT('',(66.571680273597,-62.45267745277,1.51));
#8140 = CARTESIAN_POINT('',(70.347812831784,-52.61864592811,1.51));
#8141 = B_SPLINE_SURFACE_WITH_KNOTS('',3,1,(
    (#8142,#8143)
    ,(#8144,#8145)
    ,(#8146,#8147)
    ,(#8148,#8149
    )),.UNSPECIFIED.,.F.,.F.,.F.,(4,4),(2,2),(-1.,0.),(0.,0.5),
  .PIECEWISE_BEZIER_KNOTS.);
#8142 = CARTESIAN_POINT('',(70.347812831784,-52.61864592811,-0.49));
#8143 = CARTESIAN_POINT('',(70.347812831784,-52.61864592811,4.51));
#8144 = CARTESIAN_POINT('',(66.571680273597,-62.45267745277,-0.49));
#8145 = CARTESIAN_POINT('',(66.571680273597,-62.45267745277,4.51));
#8146 = CARTESIAN_POINT('',(66.514530984148,-62.67492809872,-0.49));
#8147 = CARTESIAN_POINT('',(66.514530984148,-62.67492809872,4.51));
#8148 = CARTESIAN_POINT('',(67.452214382077,-63.67822603167,-0.49));
#8149 = CARTESIAN_POINT('',(67.452214382077,-63.67822603167,4.51));
#8150 = ADVANCED_FACE('',(#8151),#8178,.F.);
#8151 = FACE_BOUND('',#8152,.F.);
#8152 = EDGE_LOOP('',(#8153,#8163,#8170,#8171));
#8153 = ORIENTED_EDGE('',*,*,#8154,.F.);
#8154 = EDGE_CURVE('',#8155,#8157,#8159,.T.);
#8155 = VERTEX_POINT('',#8156);
#8156 = CARTESIAN_POINT('',(76.987798361365,-42.9010284863,-0.49));
#8157 = VERTEX_POINT('',#8158);
#8158 = CARTESIAN_POINT('',(76.987798361365,-42.9010284863,1.51));
#8159 = LINE('',#8160,#8161);
#8160 = CARTESIAN_POINT('',(76.987798361365,-42.9010284863,-0.49));
#8161 = VECTOR('',#8162,1.);
#8162 = DIRECTION('',(0.,0.,1.));
#8163 = ORIENTED_EDGE('',*,*,#8164,.T.);
#8164 = EDGE_CURVE('',#8155,#8118,#8165,.T.);
#8165 = B_SPLINE_CURVE_WITH_KNOTS('',3,(#8166,#8167,#8168,#8169),
  .UNSPECIFIED.,.F.,.F.,(4,4),(-1.,0.),.PIECEWISE_BEZIER_KNOTS.);
#8166 = CARTESIAN_POINT('',(76.987798361365,-42.9010284863,-0.49));
#8167 = CARTESIAN_POINT('',(74.257296423499,-42.58987822792,-0.49));
#8168 = CARTESIAN_POINT('',(74.123948619747,-42.7846079439,-0.49));
#8169 = CARTESIAN_POINT('',(70.347812831784,-52.61864592811,-0.49));
#8170 = ORIENTED_EDGE('',*,*,#8117,.T.);
#8171 = ORIENTED_EDGE('',*,*,#8172,.T.);
#8172 = EDGE_CURVE('',#8120,#8157,#8173,.T.);
#8173 = B_SPLINE_CURVE_WITH_KNOTS('',3,(#8174,#8175,#8176,#8177),
  .UNSPECIFIED.,.F.,.F.,(4,4),(0.,3.082923180842),
  .PIECEWISE_BEZIER_KNOTS.);
#8174 = CARTESIAN_POINT('',(70.347812831784,-52.61864592811,1.51));
#8175 = CARTESIAN_POINT('',(74.123948619747,-42.7846079439,1.51));
#8176 = CARTESIAN_POINT('',(74.257296423499,-42.58987822792,1.51));
#8177 = CARTESIAN_POINT('',(76.987798361365,-42.9010284863,1.51));
#8178 = B_SPLINE_SURFACE_WITH_KNOTS('',3,1,(
    (#8179,#8180)
    ,(#8181,#8182)
    ,(#8183,#8184)
    ,(#8185,#8186
    )),.UNSPECIFIED.,.F.,.F.,.F.,(4,4),(2,2),(-1.,0.),(0.,0.5),
  .PIECEWISE_BEZIER_KNOTS.);
#8179 = CARTESIAN_POINT('',(76.987798361365,-42.9010284863,-0.49));
#8180 = CARTESIAN_POINT('',(76.987798361365,-42.9010284863,4.51));
#8181 = CARTESIAN_POINT('',(74.257296423499,-42.58987822792,-0.49));
#8182 = CARTESIAN_POINT('',(74.257296423499,-42.58987822792,4.51));
#8183 = CARTESIAN_POINT('',(74.123948619747,-42.7846079439,-0.49));
#8184 = CARTESIAN_POINT('',(74.123948619747,-42.7846079439,4.51));
#8185 = CARTESIAN_POINT('',(70.347812831784,-52.61864592811,-0.49));
#8186 = CARTESIAN_POINT('',(70.347812831784,-52.61864592811,4.51));
#8187 = ADVANCED_FACE('',(#8188),#8215,.F.);
#8188 = FACE_BOUND('',#8189,.F.);
#8189 = EDGE_LOOP('',(#8190,#8200,#8207,#8208));
#8190 = ORIENTED_EDGE('',*,*,#8191,.F.);
#8191 = EDGE_CURVE('',#8192,#8194,#8196,.T.);
#8192 = VERTEX_POINT('',#8193);
#8193 = CARTESIAN_POINT('',(80.619999136512,-44.20700820228,-0.49));
#8194 = VERTEX_POINT('',#8195);
#8195 = CARTESIAN_POINT('',(80.619999136512,-44.20700820228,1.51));
#8196 = LINE('',#8197,#8198);
#8197 = CARTESIAN_POINT('',(80.619999136512,-44.20700820228,-0.49));
#8198 = VECTOR('',#8199,1.);
#8199 = DIRECTION('',(0.,0.,1.));
#8200 = ORIENTED_EDGE('',*,*,#8201,.T.);
#8201 = EDGE_CURVE('',#8192,#8155,#8202,.T.);
#8202 = B_SPLINE_CURVE_WITH_KNOTS('',3,(#8203,#8204,#8205,#8206),
  .UNSPECIFIED.,.F.,.F.,(4,4),(-1.,0.),.PIECEWISE_BEZIER_KNOTS.);
#8203 = CARTESIAN_POINT('',(80.619999136512,-44.20700820228,-0.49));
#8204 = CARTESIAN_POINT('',(79.792381694699,-43.23757771115,-0.49));
#8205 = CARTESIAN_POINT('',(79.718297069454,-43.21217874468,-0.49));
#8206 = CARTESIAN_POINT('',(76.987798361365,-42.9010284863,-0.49));
#8207 = ORIENTED_EDGE('',*,*,#8154,.T.);
#8208 = ORIENTED_EDGE('',*,*,#8209,.T.);
#8209 = EDGE_CURVE('',#8157,#8194,#8210,.T.);
#8210 = B_SPLINE_CURVE_WITH_KNOTS('',3,(#8211,#8212,#8213,#8214),
  .UNSPECIFIED.,.F.,.F.,(4,4),(0.,0.823306380562),
  .PIECEWISE_BEZIER_KNOTS.);
#8211 = CARTESIAN_POINT('',(76.987798361365,-42.9010284863,1.51));
#8212 = CARTESIAN_POINT('',(79.718297069454,-43.21217874468,1.51));
#8213 = CARTESIAN_POINT('',(79.792381694699,-43.23757771115,1.51));
#8214 = CARTESIAN_POINT('',(80.619999136512,-44.20700820228,1.51));
#8215 = B_SPLINE_SURFACE_WITH_KNOTS('',3,1,(
    (#8216,#8217)
    ,(#8218,#8219)
    ,(#8220,#8221)
    ,(#8222,#8223
    )),.UNSPECIFIED.,.F.,.F.,.F.,(4,4),(2,2),(-1.,0.),(0.,0.5),
  .PIECEWISE_BEZIER_KNOTS.);
#8216 = CARTESIAN_POINT('',(80.619999136512,-44.20700820228,-0.49));
#8217 = CARTESIAN_POINT('',(80.619999136512,-44.20700820228,4.51));
#8218 = CARTESIAN_POINT('',(79.792381694699,-43.23757771115,-0.49));
#8219 = CARTESIAN_POINT('',(79.792381694699,-43.23757771115,4.51));
#8220 = CARTESIAN_POINT('',(79.718297069454,-43.21217874468,-0.49));
#8221 = CARTESIAN_POINT('',(79.718297069454,-43.21217874468,4.51));
#8222 = CARTESIAN_POINT('',(76.987798361365,-42.9010284863,-0.49));
#8223 = CARTESIAN_POINT('',(76.987798361365,-42.9010284863,4.51));
#8224 = ADVANCED_FACE('',(#8225),#8252,.F.);
#8225 = FACE_BOUND('',#8226,.F.);
#8226 = EDGE_LOOP('',(#8227,#8237,#8244,#8245));
#8227 = ORIENTED_EDGE('',*,*,#8228,.F.);
#8228 = EDGE_CURVE('',#8229,#8231,#8233,.T.);
#8229 = VERTEX_POINT('',#8230);
#8230 = CARTESIAN_POINT('',(82.922930273597,-51.34864592811,-0.49));
#8231 = VERTEX_POINT('',#8232);
#8232 = CARTESIAN_POINT('',(82.922930273597,-51.34864592811,1.51));
#8233 = LINE('',#8234,#8235);
#8234 = CARTESIAN_POINT('',(82.922930273597,-51.34864592811,-0.49));
#8235 = VECTOR('',#8236,1.);
#8236 = DIRECTION('',(0.,0.,1.));
#8237 = ORIENTED_EDGE('',*,*,#8238,.T.);
#8238 = EDGE_CURVE('',#8229,#8192,#8239,.T.);
#8239 = B_SPLINE_CURVE_WITH_KNOTS('',3,(#8240,#8241,#8242,#8243),
  .UNSPECIFIED.,.F.,.F.,(4,4),(-1.,0.),.PIECEWISE_BEZIER_KNOTS.);
#8240 = CARTESIAN_POINT('',(82.922930273597,-51.34864592811,-0.49));
#8241 = CARTESIAN_POINT('',(81.496299007321,-45.31825820228,-0.49));
#8242 = CARTESIAN_POINT('',(81.449732082272,-45.17644515296,-0.49));
#8243 = CARTESIAN_POINT('',(80.619999136512,-44.20700820228,-0.49));
#8244 = ORIENTED_EDGE('',*,*,#8191,.T.);
#8245 = ORIENTED_EDGE('',*,*,#8246,.T.);
#8246 = EDGE_CURVE('',#8194,#8231,#8247,.T.);
#8247 = B_SPLINE_CURVE_WITH_KNOTS('',3,(#8248,#8249,#8250,#8251),
  .UNSPECIFIED.,.F.,.F.,(4,4),(0.,0.382781259074),
  .PIECEWISE_BEZIER_KNOTS.);
#8248 = CARTESIAN_POINT('',(80.619999136512,-44.20700820228,1.51));
#8249 = CARTESIAN_POINT('',(81.449732082272,-45.17644515296,1.51));
#8250 = CARTESIAN_POINT('',(81.496299007321,-45.31825820228,1.51));
#8251 = CARTESIAN_POINT('',(82.922930273597,-51.34864592811,1.51));
#8252 = B_SPLINE_SURFACE_WITH_KNOTS('',3,1,(
    (#8253,#8254)
    ,(#8255,#8256)
    ,(#8257,#8258)
    ,(#8259,#8260
    )),.UNSPECIFIED.,.F.,.F.,.F.,(4,4),(2,2),(-1.,0.),(0.,0.5),
  .PIECEWISE_BEZIER_KNOTS.);
#8253 = CARTESIAN_POINT('',(82.922930273597,-51.34864592811,-0.49));
#8254 = CARTESIAN_POINT('',(82.922930273597,-51.34864592811,4.51));
#8255 = CARTESIAN_POINT('',(81.496299007321,-45.31825820228,-0.49));
#8256 = CARTESIAN_POINT('',(81.496299007321,-45.31825820228,4.51));
#8257 = CARTESIAN_POINT('',(81.449732082272,-45.17644515296,-0.49));
#8258 = CARTESIAN_POINT('',(81.449732082272,-45.17644515296,4.51));
#8259 = CARTESIAN_POINT('',(80.619999136512,-44.20700820228,-0.49));
#8260 = CARTESIAN_POINT('',(80.619999136512,-44.20700820228,4.51));
#8261 = ADVANCED_FACE('',(#8262),#8280,.F.);
#8262 = FACE_BOUND('',#8263,.F.);
#8263 = EDGE_LOOP('',(#8264,#8265,#8272,#8273));
#8264 = ORIENTED_EDGE('',*,*,#8014,.F.);
#8265 = ORIENTED_EDGE('',*,*,#8266,.T.);
#8266 = EDGE_CURVE('',#8006,#8229,#8267,.T.);
#8267 = B_SPLINE_CURVE_WITH_KNOTS('',3,(#8268,#8269,#8270,#8271),
  .UNSPECIFIED.,.F.,.F.,(4,4),(-1.,0.),.PIECEWISE_BEZIER_KNOTS.);
#8268 = CARTESIAN_POINT('',(83.847915803178,-61.25464334429,-0.49));
#8269 = CARTESIAN_POINT('',(84.368613994503,-57.57799437782,-0.49));
#8270 = CARTESIAN_POINT('',(84.34956476965,-57.38114592811,-0.49));
#8271 = CARTESIAN_POINT('',(82.922930273597,-51.34864592811,-0.49));
#8272 = ORIENTED_EDGE('',*,*,#8228,.T.);
#8273 = ORIENTED_EDGE('',*,*,#8274,.T.);
#8274 = EDGE_CURVE('',#8231,#8015,#8275,.T.);
#8275 = B_SPLINE_CURVE_WITH_KNOTS('',3,(#8276,#8277,#8278,#8279),
  .UNSPECIFIED.,.F.,.F.,(4,4),(0.,1.861980236309),
  .PIECEWISE_BEZIER_KNOTS.);
#8276 = CARTESIAN_POINT('',(82.922930273597,-51.34864592811,1.51));
#8277 = CARTESIAN_POINT('',(84.34956476965,-57.38114592811,1.51));
#8278 = CARTESIAN_POINT('',(84.368613994503,-57.57799437782,1.51));
#8279 = CARTESIAN_POINT('',(83.847915803178,-61.25464334429,1.51));
#8280 = B_SPLINE_SURFACE_WITH_KNOTS('',3,1,(
    (#8281,#8282)
    ,(#8283,#8284)
    ,(#8285,#8286)
    ,(#8287,#8288
    )),.UNSPECIFIED.,.F.,.F.,.F.,(4,4),(2,2),(-1.,0.),(0.,0.5),
  .PIECEWISE_BEZIER_KNOTS.);
#8281 = CARTESIAN_POINT('',(83.847915803178,-61.25464334429,-0.49));
#8282 = CARTESIAN_POINT('',(83.847915803178,-61.25464334429,4.51));
#8283 = CARTESIAN_POINT('',(84.368613994503,-57.57799437782,-0.49));
#8284 = CARTESIAN_POINT('',(84.368613994503,-57.57799437782,4.51));
#8285 = CARTESIAN_POINT('',(84.34956476965,-57.38114592811,-0.49));
#8286 = CARTESIAN_POINT('',(84.34956476965,-57.38114592811,4.51));
#8287 = CARTESIAN_POINT('',(82.922930273597,-51.34864592811,-0.49));
#8288 = CARTESIAN_POINT('',(82.922930273597,-51.34864592811,4.51));
#8289 = ADVANCED_FACE('',(#8290),#8326,.F.);
#8290 = FACE_BOUND('',#8291,.F.);
#8291 = EDGE_LOOP('',(#8292,#8302,#8311,#8319));
#8292 = ORIENTED_EDGE('',*,*,#8293,.F.);
#8293 = EDGE_CURVE('',#8294,#8296,#8298,.T.);
#8294 = VERTEX_POINT('',#8295);
#8295 = CARTESIAN_POINT('',(69.611213736121,-82.45729295672,-0.49));
#8296 = VERTEX_POINT('',#8297);
#8297 = CARTESIAN_POINT('',(69.611213736121,-82.45729295672,1.51));
#8298 = LINE('',#8299,#8300);
#8299 = CARTESIAN_POINT('',(69.611213736121,-82.45729295672,-0.49));
#8300 = VECTOR('',#8301,1.);
#8301 = DIRECTION('',(0.,0.,1.));
#8302 = ORIENTED_EDGE('',*,*,#8303,.T.);
#8303 = EDGE_CURVE('',#8294,#8304,#8306,.T.);
#8304 = VERTEX_POINT('',#8305);
#8305 = CARTESIAN_POINT('',(75.656413219357,-85.33384218157,-0.49));
#8306 = B_SPLINE_CURVE_WITH_KNOTS('',3,(#8307,#8308,#8309,#8310),
  .UNSPECIFIED.,.F.,.F.,(4,4),(-1.,0.),.PIECEWISE_BEZIER_KNOTS.);
#8307 = CARTESIAN_POINT('',(69.611213736121,-82.45729295672,-0.49));
#8308 = CARTESIAN_POINT('',(73.522812831784,-85.850309365,-0.49));
#8309 = CARTESIAN_POINT('',(73.643464382077,-85.90746026934,-0.49));
#8310 = CARTESIAN_POINT('',(75.656413219357,-85.33384218157,-0.49));
#8311 = ORIENTED_EDGE('',*,*,#8312,.T.);
#8312 = EDGE_CURVE('',#8304,#8313,#8315,.T.);
#8313 = VERTEX_POINT('',#8314);
#8314 = CARTESIAN_POINT('',(75.656413219357,-85.33384218157,1.51));
#8315 = LINE('',#8316,#8317);
#8316 = CARTESIAN_POINT('',(75.656413219357,-85.33384218157,-0.49));
#8317 = VECTOR('',#8318,1.);
#8318 = DIRECTION('',(0.,0.,1.));
#8319 = ORIENTED_EDGE('',*,*,#8320,.T.);
#8320 = EDGE_CURVE('',#8313,#8296,#8321,.T.);
#8321 = B_SPLINE_CURVE_WITH_KNOTS('',3,(#8322,#8323,#8324,#8325),
  .UNSPECIFIED.,.F.,.F.,(4,4),(0.,0.630274524952),
  .PIECEWISE_BEZIER_KNOTS.);
#8322 = CARTESIAN_POINT('',(75.656413219357,-85.33384218157,1.51));
#8323 = CARTESIAN_POINT('',(73.643464382077,-85.90746026934,1.51));
#8324 = CARTESIAN_POINT('',(73.522812831784,-85.850309365,1.51));
#8325 = CARTESIAN_POINT('',(69.611213736121,-82.45729295672,1.51));
#8326 = B_SPLINE_SURFACE_WITH_KNOTS('',3,1,(
    (#8327,#8328)
    ,(#8329,#8330)
    ,(#8331,#8332)
    ,(#8333,#8334
    )),.UNSPECIFIED.,.F.,.F.,.F.,(4,4),(2,2),(-1.,0.),(0.,0.5),
  .PIECEWISE_BEZIER_KNOTS.);
#8327 = CARTESIAN_POINT('',(69.611213736121,-82.45729295672,-0.49));
#8328 = CARTESIAN_POINT('',(69.611213736121,-82.45729295672,4.51));
#8329 = CARTESIAN_POINT('',(73.522812831784,-85.850309365,-0.49));
#8330 = CARTESIAN_POINT('',(73.522812831784,-85.850309365,4.51));
#8331 = CARTESIAN_POINT('',(73.643464382077,-85.90746026934,-0.49));
#8332 = CARTESIAN_POINT('',(73.643464382077,-85.90746026934,4.51));
#8333 = CARTESIAN_POINT('',(75.656413219357,-85.33384218157,-0.49));
#8334 = CARTESIAN_POINT('',(75.656413219357,-85.33384218157,4.51));
#8335 = ADVANCED_FACE('',(#8336),#8363,.F.);
#8336 = FACE_BOUND('',#8337,.F.);
#8337 = EDGE_LOOP('',(#8338,#8348,#8355,#8356));
#8338 = ORIENTED_EDGE('',*,*,#8339,.F.);
#8339 = EDGE_CURVE('',#8340,#8342,#8344,.T.);
#8340 = VERTEX_POINT('',#8341);
#8341 = CARTESIAN_POINT('',(66.628831177934,-73.45722538571,-0.49));
#8342 = VERTEX_POINT('',#8343);
#8343 = CARTESIAN_POINT('',(66.628831177934,-73.45722538571,1.51));
#8344 = LINE('',#8345,#8346);
#8345 = CARTESIAN_POINT('',(66.628831177934,-73.45722538571,-0.49));
#8346 = VECTOR('',#8347,1.);
#8347 = DIRECTION('',(0.,0.,1.));
#8348 = ORIENTED_EDGE('',*,*,#8349,.T.);
#8349 = EDGE_CURVE('',#8340,#8294,#8350,.T.);
#8350 = B_SPLINE_CURVE_WITH_KNOTS('',3,(#8351,#8352,#8353,#8354),
  .UNSPECIFIED.,.F.,.F.,(4,4),(-1.,0.),.PIECEWISE_BEZIER_KNOTS.);
#8351 = CARTESIAN_POINT('',(66.628831177934,-73.45722538571,-0.49));
#8352 = CARTESIAN_POINT('',(65.640348232174,-78.88435858985,-0.49));
#8353 = CARTESIAN_POINT('',(65.699614640459,-79.06427654843,-0.49));
#8354 = CARTESIAN_POINT('',(69.611213736121,-82.45729295672,-0.49));
#8355 = ORIENTED_EDGE('',*,*,#8293,.T.);
#8356 = ORIENTED_EDGE('',*,*,#8357,.T.);
#8357 = EDGE_CURVE('',#8296,#8342,#8358,.T.);
#8358 = B_SPLINE_CURVE_WITH_KNOTS('',3,(#8359,#8360,#8361,#8362),
  .UNSPECIFIED.,.F.,.F.,(4,4),(0.,1.551864037915),
  .PIECEWISE_BEZIER_KNOTS.);
#8359 = CARTESIAN_POINT('',(69.611213736121,-82.45729295672,1.51));
#8360 = CARTESIAN_POINT('',(65.699614640459,-79.06427654843,1.51));
#8361 = CARTESIAN_POINT('',(65.640348232174,-78.88435858985,1.51));
#8362 = CARTESIAN_POINT('',(66.628831177934,-73.45722538571,1.51));
#8363 = B_SPLINE_SURFACE_WITH_KNOTS('',3,1,(
    (#8364,#8365)
    ,(#8366,#8367)
    ,(#8368,#8369)
    ,(#8370,#8371
    )),.UNSPECIFIED.,.F.,.F.,.F.,(4,4),(2,2),(-1.,0.),(0.,0.5),
  .PIECEWISE_BEZIER_KNOTS.);
#8364 = CARTESIAN_POINT('',(66.628831177934,-73.45722538571,-0.49));
#8365 = CARTESIAN_POINT('',(66.628831177934,-73.45722538571,4.51));
#8366 = CARTESIAN_POINT('',(65.640348232174,-78.88435858985,-0.49));
#8367 = CARTESIAN_POINT('',(65.640348232174,-78.88435858985,4.51));
#8368 = CARTESIAN_POINT('',(65.699614640459,-79.06427654843,-0.49));
#8369 = CARTESIAN_POINT('',(65.699614640459,-79.06427654843,4.51));
#8370 = CARTESIAN_POINT('',(69.611213736121,-82.45729295672,-0.49));
#8371 = CARTESIAN_POINT('',(69.611213736121,-82.45729295672,4.51));
#8372 = ADVANCED_FACE('',(#8373),#8400,.F.);
#8373 = FACE_BOUND('',#8374,.F.);
#8374 = EDGE_LOOP('',(#8375,#8385,#8392,#8393));
#8375 = ORIENTED_EDGE('',*,*,#8376,.F.);
#8376 = EDGE_CURVE('',#8377,#8379,#8381,.T.);
#8377 = VERTEX_POINT('',#8378);
#8378 = CARTESIAN_POINT('',(69.046064123694,-68.20366039853,-0.49));
#8379 = VERTEX_POINT('',#8380);
#8380 = CARTESIAN_POINT('',(69.046064123694,-68.20366039853,1.51));
#8381 = LINE('',#8382,#8383);
#8382 = CARTESIAN_POINT('',(69.046064123694,-68.20366039853,-0.49));
#8383 = VECTOR('',#8384,1.);
#8384 = DIRECTION('',(0.,0.,1.));
#8385 = ORIENTED_EDGE('',*,*,#8386,.T.);
#8386 = EDGE_CURVE('',#8377,#8340,#8387,.T.);
#8387 = B_SPLINE_CURVE_WITH_KNOTS('',3,(#8388,#8389,#8390,#8391),
  .UNSPECIFIED.,.F.,.F.,(4,4),(-1.,0.),.PIECEWISE_BEZIER_KNOTS.);
#8388 = CARTESIAN_POINT('',(69.046064123694,-68.20366039853,-0.49));
#8389 = CARTESIAN_POINT('',(67.663881048743,-67.92425884824,-0.49));
#8390 = CARTESIAN_POINT('',(67.615197004859,-68.03009218157,-0.49));
#8391 = CARTESIAN_POINT('',(66.628831177934,-73.45722538571,-0.49));
#8392 = ORIENTED_EDGE('',*,*,#8339,.T.);
#8393 = ORIENTED_EDGE('',*,*,#8394,.T.);
#8394 = EDGE_CURVE('',#8342,#8379,#8395,.T.);
#8395 = B_SPLINE_CURVE_WITH_KNOTS('',3,(#8396,#8397,#8398,#8399),
  .UNSPECIFIED.,.F.,.F.,(4,4),(0.,1.67397235945),
  .PIECEWISE_BEZIER_KNOTS.);
#8396 = CARTESIAN_POINT('',(66.628831177934,-73.45722538571,1.51));
#8397 = CARTESIAN_POINT('',(67.615197004859,-68.03009218157,1.51));
#8398 = CARTESIAN_POINT('',(67.663881048743,-67.92425884824,1.51));
#8399 = CARTESIAN_POINT('',(69.046064123694,-68.20366039853,1.51));
#8400 = B_SPLINE_SURFACE_WITH_KNOTS('',3,1,(
    (#8401,#8402)
    ,(#8403,#8404)
    ,(#8405,#8406)
    ,(#8407,#8408
    )),.UNSPECIFIED.,.F.,.F.,.F.,(4,4),(2,2),(-1.,0.),(0.,0.5),
  .PIECEWISE_BEZIER_KNOTS.);
#8401 = CARTESIAN_POINT('',(69.046064123694,-68.20366039853,-0.49));
#8402 = CARTESIAN_POINT('',(69.046064123694,-68.20366039853,4.51));
#8403 = CARTESIAN_POINT('',(67.663881048743,-67.92425884824,-0.49));
#8404 = CARTESIAN_POINT('',(67.663881048743,-67.92425884824,4.51));
#8405 = CARTESIAN_POINT('',(67.615197004859,-68.03009218157,-0.49));
#8406 = CARTESIAN_POINT('',(67.615197004859,-68.03009218157,4.51));
#8407 = CARTESIAN_POINT('',(66.628831177934,-73.45722538571,-0.49));
#8408 = CARTESIAN_POINT('',(66.628831177934,-73.45722538571,4.51));
#8409 = ADVANCED_FACE('',(#8410),#8437,.F.);
#8410 = FACE_BOUND('',#8411,.F.);
#8411 = EDGE_LOOP('',(#8412,#8422,#8429,#8430));
#8412 = ORIENTED_EDGE('',*,*,#8413,.F.);
#8413 = EDGE_CURVE('',#8414,#8416,#8418,.T.);
#8414 = VERTEX_POINT('',#8415);
#8415 = CARTESIAN_POINT('',(74.083731436316,-76.61741039853,-0.49));
#8416 = VERTEX_POINT('',#8417);
#8417 = CARTESIAN_POINT('',(74.083731436316,-76.61741039853,1.51));
#8418 = LINE('',#8419,#8420);
#8419 = CARTESIAN_POINT('',(74.083731436316,-76.61741039853,-0.49));
#8420 = VECTOR('',#8421,1.);
#8421 = DIRECTION('',(0.,0.,1.));
#8422 = ORIENTED_EDGE('',*,*,#8423,.T.);
#8423 = EDGE_CURVE('',#8414,#8377,#8424,.T.);
#8424 = B_SPLINE_CURVE_WITH_KNOTS('',3,(#8425,#8426,#8427,#8428),
  .UNSPECIFIED.,.F.,.F.,(4,4),(-1.,0.),.PIECEWISE_BEZIER_KNOTS.);
#8425 = CARTESIAN_POINT('',(74.083731436316,-76.61741039853,-0.49));
#8426 = CARTESIAN_POINT('',(70.529846294308,-68.65027719439,-0.49));
#8427 = CARTESIAN_POINT('',(70.430362702593,-68.4809432151,-0.49));
#8428 = CARTESIAN_POINT('',(69.046064123694,-68.20366039853,-0.49));
#8429 = ORIENTED_EDGE('',*,*,#8376,.T.);
#8430 = ORIENTED_EDGE('',*,*,#8431,.T.);
#8431 = EDGE_CURVE('',#8379,#8416,#8432,.T.);
#8432 = B_SPLINE_CURVE_WITH_KNOTS('',3,(#8433,#8434,#8435,#8436),
  .UNSPECIFIED.,.F.,.F.,(4,4),(0.,0.434203200351),
  .PIECEWISE_BEZIER_KNOTS.);
#8433 = CARTESIAN_POINT('',(69.046064123694,-68.20366039853,1.51));
#8434 = CARTESIAN_POINT('',(70.430362702593,-68.4809432151,1.51));
#8435 = CARTESIAN_POINT('',(70.529846294308,-68.65027719439,1.51));
#8436 = CARTESIAN_POINT('',(74.083731436316,-76.61741039853,1.51));
#8437 = B_SPLINE_SURFACE_WITH_KNOTS('',3,1,(
    (#8438,#8439)
    ,(#8440,#8441)
    ,(#8442,#8443)
    ,(#8444,#8445
    )),.UNSPECIFIED.,.F.,.F.,.F.,(4,4),(2,2),(-1.,0.),(0.,0.5),
  .PIECEWISE_BEZIER_KNOTS.);
#8438 = CARTESIAN_POINT('',(74.083731436316,-76.61741039853,-0.49));
#8439 = CARTESIAN_POINT('',(74.083731436316,-76.61741039853,4.51));
#8440 = CARTESIAN_POINT('',(70.529846294308,-68.65027719439,-0.49));
#8441 = CARTESIAN_POINT('',(70.529846294308,-68.65027719439,4.51));
#8442 = CARTESIAN_POINT('',(70.430362702593,-68.4809432151,-0.49));
#8443 = CARTESIAN_POINT('',(70.430362702593,-68.4809432151,4.51));
#8444 = CARTESIAN_POINT('',(69.046064123694,-68.20366039853,-0.49));
#8445 = CARTESIAN_POINT('',(69.046064123694,-68.20366039853,4.51));
#8446 = ADVANCED_FACE('',(#8447),#8465,.F.);
#8447 = FACE_BOUND('',#8448,.F.);
#8448 = EDGE_LOOP('',(#8449,#8450,#8457,#8458));
#8449 = ORIENTED_EDGE('',*,*,#8312,.F.);
#8450 = ORIENTED_EDGE('',*,*,#8451,.T.);
#8451 = EDGE_CURVE('',#8304,#8414,#8452,.T.);
#8452 = B_SPLINE_CURVE_WITH_KNOTS('',3,(#8453,#8454,#8455,#8456),
  .UNSPECIFIED.,.F.,.F.,(4,4),(-1.,0.),.PIECEWISE_BEZIER_KNOTS.);
#8453 = CARTESIAN_POINT('',(75.656413219357,-85.33384218157,-0.49));
#8454 = CARTESIAN_POINT('',(77.66724655269,-84.76022732358,-0.49));
#8455 = CARTESIAN_POINT('',(77.637613348548,-84.58665910662,-0.49));
#8456 = CARTESIAN_POINT('',(74.083731436316,-76.61741039853,-0.49));
#8457 = ORIENTED_EDGE('',*,*,#8413,.T.);
#8458 = ORIENTED_EDGE('',*,*,#8459,.T.);
#8459 = EDGE_CURVE('',#8416,#8313,#8460,.T.);
#8460 = B_SPLINE_CURVE_WITH_KNOTS('',3,(#8461,#8462,#8463,#8464),
  .UNSPECIFIED.,.F.,.F.,(4,4),(0.,2.653379042283),
  .PIECEWISE_BEZIER_KNOTS.);
#8461 = CARTESIAN_POINT('',(74.083731436316,-76.61741039853,1.51));
#8462 = CARTESIAN_POINT('',(77.637613348548,-84.58665910662,1.51));
#8463 = CARTESIAN_POINT('',(77.66724655269,-84.76022732358,1.51));
#8464 = CARTESIAN_POINT('',(75.656413219357,-85.33384218157,1.51));
#8465 = B_SPLINE_SURFACE_WITH_KNOTS('',3,1,(
    (#8466,#8467)
    ,(#8468,#8469)
    ,(#8470,#8471)
    ,(#8472,#8473
    )),.UNSPECIFIED.,.F.,.F.,.F.,(4,4),(2,2),(-1.,0.),(0.,0.5),
  .PIECEWISE_BEZIER_KNOTS.);
#8466 = CARTESIAN_POINT('',(75.656413219357,-85.33384218157,-0.49));
#8467 = CARTESIAN_POINT('',(75.656413219357,-85.33384218157,4.51));
#8468 = CARTESIAN_POINT('',(77.66724655269,-84.76022732358,-0.49));
#8469 = CARTESIAN_POINT('',(77.66724655269,-84.76022732358,4.51));
#8470 = CARTESIAN_POINT('',(77.637613348548,-84.58665910662,-0.49));
#8471 = CARTESIAN_POINT('',(77.637613348548,-84.58665910662,4.51));
#8472 = CARTESIAN_POINT('',(74.083731436316,-76.61741039853,-0.49));
#8473 = CARTESIAN_POINT('',(74.083731436316,-76.61741039853,4.51));
#8474 = ADVANCED_FACE('',(#8475),#8511,.F.);
#8475 = FACE_BOUND('',#8476,.F.);
#8476 = EDGE_LOOP('',(#8477,#8487,#8496,#8504));
#8477 = ORIENTED_EDGE('',*,*,#8478,.F.);
#8478 = EDGE_CURVE('',#8479,#8481,#8483,.T.);
#8479 = VERTEX_POINT('',#8480);
#8480 = CARTESIAN_POINT('',(56.981064123694,-99.51974308591,-0.49));
#8481 = VERTEX_POINT('',#8482);
#8482 = CARTESIAN_POINT('',(56.981064123694,-99.51974308591,1.51));
#8483 = LINE('',#8484,#8485);
#8484 = CARTESIAN_POINT('',(56.981064123694,-99.51974308591,-0.49));
#8485 = VECTOR('',#8486,1.);
#8486 = DIRECTION('',(0.,0.,1.));
#8487 = ORIENTED_EDGE('',*,*,#8488,.T.);
#8488 = EDGE_CURVE('',#8479,#8489,#8491,.T.);
#8489 = VERTEX_POINT('',#8490);
#8490 = CARTESIAN_POINT('',(64.560846940263,-97.17024340888,-0.49));
#8491 = B_SPLINE_CURVE_WITH_KNOTS('',3,(#8492,#8493,#8494,#8495),
  .UNSPECIFIED.,.F.,.F.,(4,4),(-1.,0.),.PIECEWISE_BEZIER_KNOTS.);
#8492 = CARTESIAN_POINT('',(56.981064123694,-99.51974308591,-0.49));
#8493 = CARTESIAN_POINT('',(60.465097263241,-99.42237661303,-0.49));
#8494 = CARTESIAN_POINT('',(60.617497521623,-99.37580968798,-0.49));
#8495 = CARTESIAN_POINT('',(64.560846940263,-97.17024340888,-0.49));
#8496 = ORIENTED_EDGE('',*,*,#8497,.T.);
#8497 = EDGE_CURVE('',#8489,#8498,#8500,.T.);
#8498 = VERTEX_POINT('',#8499);
#8499 = CARTESIAN_POINT('',(64.560846940263,-97.17024340888,1.51));
#8500 = LINE('',#8501,#8502);
#8501 = CARTESIAN_POINT('',(64.560846940263,-97.17024340888,-0.49));
#8502 = VECTOR('',#8503,1.);
#8503 = DIRECTION('',(0.,0.,1.));
#8504 = ORIENTED_EDGE('',*,*,#8505,.T.);
#8505 = EDGE_CURVE('',#8498,#8481,#8506,.T.);
#8506 = B_SPLINE_CURVE_WITH_KNOTS('',3,(#8507,#8508,#8509,#8510),
  .UNSPECIFIED.,.F.,.F.,(4,4),(0.,1.356142490779),
  .PIECEWISE_BEZIER_KNOTS.);
#8507 = CARTESIAN_POINT('',(64.560846940263,-97.17024340888,1.51));
#8508 = CARTESIAN_POINT('',(60.617497521623,-99.37580968798,1.51));
#8509 = CARTESIAN_POINT('',(60.465097263241,-99.42237661303,1.51));
#8510 = CARTESIAN_POINT('',(56.981064123694,-99.51974308591,1.51));
#8511 = B_SPLINE_SURFACE_WITH_KNOTS('',3,1,(
    (#8512,#8513)
    ,(#8514,#8515)
    ,(#8516,#8517)
    ,(#8518,#8519
    )),.UNSPECIFIED.,.F.,.F.,.F.,(4,4),(2,2),(-1.,0.),(0.,0.5),
  .PIECEWISE_BEZIER_KNOTS.);
#8512 = CARTESIAN_POINT('',(56.981064123694,-99.51974308591,-0.49));
#8513 = CARTESIAN_POINT('',(56.981064123694,-99.51974308591,4.51));
#8514 = CARTESIAN_POINT('',(60.465097263241,-99.42237661303,-0.49));
#8515 = CARTESIAN_POINT('',(60.465097263241,-99.42237661303,4.51));
#8516 = CARTESIAN_POINT('',(60.617497521623,-99.37580968798,-0.49));
#8517 = CARTESIAN_POINT('',(60.617497521623,-99.37580968798,4.51));
#8518 = CARTESIAN_POINT('',(64.560846940263,-97.17024340888,-0.49));
#8519 = CARTESIAN_POINT('',(64.560846940263,-97.17024340888,4.51));
#8520 = ADVANCED_FACE('',(#8521),#8548,.F.);
#8521 = FACE_BOUND('',#8522,.F.);
#8522 = EDGE_LOOP('',(#8523,#8533,#8540,#8541));
#8523 = ORIENTED_EDGE('',*,*,#8524,.F.);
#8524 = EDGE_CURVE('',#8525,#8527,#8529,.T.);
#8525 = VERTEX_POINT('',#8526);
#8526 = CARTESIAN_POINT('',(52.692697812303,-99.136626936,-0.49));
#8527 = VERTEX_POINT('',#8528);
#8528 = CARTESIAN_POINT('',(52.692697812303,-99.136626936,1.51));
#8529 = LINE('',#8530,#8531);
#8530 = CARTESIAN_POINT('',(52.692697812303,-99.136626936,-0.49));
#8531 = VECTOR('',#8532,1.);
#8532 = DIRECTION('',(0.,0.,1.));
#8533 = ORIENTED_EDGE('',*,*,#8534,.T.);
#8534 = EDGE_CURVE('',#8525,#8479,#8535,.T.);
#8535 = B_SPLINE_CURVE_WITH_KNOTS('',3,(#8536,#8537,#8538,#8539),
  .UNSPECIFIED.,.F.,.F.,(4,4),(-1.,0.),.PIECEWISE_BEZIER_KNOTS.);
#8536 = CARTESIAN_POINT('',(52.692697812303,-99.136626936,-0.49));
#8537 = CARTESIAN_POINT('',(53.410247683112,-99.60652719439,-0.49));
#8538 = CARTESIAN_POINT('',(53.494913865312,-99.61499405484,-0.49));
#8539 = CARTESIAN_POINT('',(56.981064123694,-99.51974308591,-0.49));
#8540 = ORIENTED_EDGE('',*,*,#8478,.T.);
#8541 = ORIENTED_EDGE('',*,*,#8542,.T.);
#8542 = EDGE_CURVE('',#8481,#8527,#8543,.T.);
#8543 = B_SPLINE_CURVE_WITH_KNOTS('',3,(#8544,#8545,#8546,#8547),
  .UNSPECIFIED.,.F.,.F.,(4,4),(0.,1.047145536365),
  .PIECEWISE_BEZIER_KNOTS.);
#8544 = CARTESIAN_POINT('',(56.981064123694,-99.51974308591,1.51));
#8545 = CARTESIAN_POINT('',(53.494913865312,-99.61499405484,1.51));
#8546 = CARTESIAN_POINT('',(53.410247683112,-99.60652719439,1.51));
#8547 = CARTESIAN_POINT('',(52.692697812303,-99.136626936,1.51));
#8548 = B_SPLINE_SURFACE_WITH_KNOTS('',3,1,(
    (#8549,#8550)
    ,(#8551,#8552)
    ,(#8553,#8554)
    ,(#8555,#8556
    )),.UNSPECIFIED.,.F.,.F.,.F.,(4,4),(2,2),(-1.,0.),(0.,0.5),
  .PIECEWISE_BEZIER_KNOTS.);
#8549 = CARTESIAN_POINT('',(52.692697812303,-99.136626936,-0.49));
#8550 = CARTESIAN_POINT('',(52.692697812303,-99.136626936,4.51));
#8551 = CARTESIAN_POINT('',(53.410247683112,-99.60652719439,-0.49));
#8552 = CARTESIAN_POINT('',(53.410247683112,-99.60652719439,4.51));
#8553 = CARTESIAN_POINT('',(53.494913865312,-99.61499405484,-0.49));
#8554 = CARTESIAN_POINT('',(53.494913865312,-99.61499405484,4.51));
#8555 = CARTESIAN_POINT('',(56.981064123694,-99.51974308591,-0.49));
#8556 = CARTESIAN_POINT('',(56.981064123694,-99.51974308591,4.51));
#8557 = ADVANCED_FACE('',(#8558),#8585,.F.);
#8558 = FACE_BOUND('',#8559,.F.);
#8559 = EDGE_LOOP('',(#8560,#8570,#8577,#8578));
#8560 = ORIENTED_EDGE('',*,*,#8561,.F.);
#8561 = EDGE_CURVE('',#8562,#8564,#8566,.T.);
#8562 = VERTEX_POINT('',#8563);
#8563 = CARTESIAN_POINT('',(52.328630887254,-98.05712725898,-0.49));
#8564 = VERTEX_POINT('',#8565);
#8565 = CARTESIAN_POINT('',(52.328630887254,-98.05712725898,1.51));
#8566 = LINE('',#8567,#8568);
#8567 = CARTESIAN_POINT('',(52.328630887254,-98.05712725898,-0.49));
#8568 = VECTOR('',#8569,1.);
#8569 = DIRECTION('',(0.,0.,1.));
#8570 = ORIENTED_EDGE('',*,*,#8571,.T.);
#8571 = EDGE_CURVE('',#8562,#8525,#8572,.T.);
#8572 = B_SPLINE_CURVE_WITH_KNOTS('',3,(#8573,#8574,#8575,#8576),
  .UNSPECIFIED.,.F.,.F.,(4,4),(-1.,0.),.PIECEWISE_BEZIER_KNOTS.);
#8573 = CARTESIAN_POINT('',(52.328630887254,-98.05712725898,-0.49));
#8574 = CARTESIAN_POINT('',(51.968797392432,-98.64556033393,-0.49));
#8575 = CARTESIAN_POINT('',(51.977264252885,-98.66672667762,-0.49));
#8576 = CARTESIAN_POINT('',(52.692697812303,-99.136626936,-0.49));
#8577 = ORIENTED_EDGE('',*,*,#8524,.T.);
#8578 = ORIENTED_EDGE('',*,*,#8579,.T.);
#8579 = EDGE_CURVE('',#8527,#8564,#8580,.T.);
#8580 = B_SPLINE_CURVE_WITH_KNOTS('',3,(#8581,#8582,#8583,#8584),
  .UNSPECIFIED.,.F.,.F.,(4,4),(0.,0.258618983012),
  .PIECEWISE_BEZIER_KNOTS.);
#8581 = CARTESIAN_POINT('',(52.692697812303,-99.136626936,1.51));
#8582 = CARTESIAN_POINT('',(51.977264252885,-98.66672667762,1.51));
#8583 = CARTESIAN_POINT('',(51.968797392432,-98.64556033393,1.51));
#8584 = CARTESIAN_POINT('',(52.328630887254,-98.05712725898,1.51));
#8585 = B_SPLINE_SURFACE_WITH_KNOTS('',3,1,(
    (#8586,#8587)
    ,(#8588,#8589)
    ,(#8590,#8591)
    ,(#8592,#8593
    )),.UNSPECIFIED.,.F.,.F.,.F.,(4,4),(2,2),(-1.,0.),(0.,0.5),
  .PIECEWISE_BEZIER_KNOTS.);
#8586 = CARTESIAN_POINT('',(52.328630887254,-98.05712725898,-0.49));
#8587 = CARTESIAN_POINT('',(52.328630887254,-98.05712725898,4.51));
#8588 = CARTESIAN_POINT('',(51.968797392432,-98.64556033393,-0.49));
#8589 = CARTESIAN_POINT('',(51.968797392432,-98.64556033393,4.51));
#8590 = CARTESIAN_POINT('',(51.977264252885,-98.66672667762,-0.49));
#8591 = CARTESIAN_POINT('',(51.977264252885,-98.66672667762,4.51));
#8592 = CARTESIAN_POINT('',(52.692697812303,-99.136626936,-0.49));
#8593 = CARTESIAN_POINT('',(52.692697812303,-99.136626936,4.51));
#8594 = ADVANCED_FACE('',(#8595),#8622,.F.);
#8595 = FACE_BOUND('',#8596,.F.);
#8596 = EDGE_LOOP('',(#8597,#8607,#8614,#8615));
#8597 = ORIENTED_EDGE('',*,*,#8598,.F.);
#8598 = EDGE_CURVE('',#8599,#8601,#8603,.T.);
#8599 = VERTEX_POINT('',#8600);
#8600 = CARTESIAN_POINT('',(56.058197327837,-93.38352687141,-0.49));
#8601 = VERTEX_POINT('',#8602);
#8602 = CARTESIAN_POINT('',(56.058197327837,-93.38352687141,1.51));
#8603 = LINE('',#8604,#8605);
#8604 = CARTESIAN_POINT('',(56.058197327837,-93.38352687141,-0.49));
#8605 = VECTOR('',#8606,1.);
#8606 = DIRECTION('',(0.,0.,1.));
#8607 = ORIENTED_EDGE('',*,*,#8608,.T.);
#8608 = EDGE_CURVE('',#8599,#8562,#8609,.T.);
#8609 = B_SPLINE_CURVE_WITH_KNOTS('',3,(#8610,#8611,#8612,#8613),
  .UNSPECIFIED.,.F.,.F.,(4,4),(-1.,0.),.PIECEWISE_BEZIER_KNOTS.);
#8610 = CARTESIAN_POINT('',(56.058197327837,-93.38352687141,-0.49));
#8611 = CARTESIAN_POINT('',(52.762547392432,-97.37556033393,-0.49));
#8612 = CARTESIAN_POINT('',(52.688464382077,-97.46869256914,-0.49));
#8613 = CARTESIAN_POINT('',(52.328630887254,-98.05712725898,-0.49));
#8614 = ORIENTED_EDGE('',*,*,#8561,.T.);
#8615 = ORIENTED_EDGE('',*,*,#8616,.T.);
#8616 = EDGE_CURVE('',#8564,#8601,#8617,.T.);
#8617 = B_SPLINE_CURVE_WITH_KNOTS('',3,(#8618,#8619,#8620,#8621),
  .UNSPECIFIED.,.F.,.F.,(4,4),(0.,0.239526048134),
  .PIECEWISE_BEZIER_KNOTS.);
#8618 = CARTESIAN_POINT('',(52.328630887254,-98.05712725898,1.51));
#8619 = CARTESIAN_POINT('',(52.688464382077,-97.46869256914,1.51));
#8620 = CARTESIAN_POINT('',(52.762547392432,-97.37556033393,1.51));
#8621 = CARTESIAN_POINT('',(56.058197327837,-93.38352687141,1.51));
#8622 = B_SPLINE_SURFACE_WITH_KNOTS('',3,1,(
    (#8623,#8624)
    ,(#8625,#8626)
    ,(#8627,#8628)
    ,(#8629,#8630
    )),.UNSPECIFIED.,.F.,.F.,.F.,(4,4),(2,2),(-1.,0.),(0.,0.5),
  .PIECEWISE_BEZIER_KNOTS.);
#8623 = CARTESIAN_POINT('',(56.058197327837,-93.38352687141,-0.49));
#8624 = CARTESIAN_POINT('',(56.058197327837,-93.38352687141,4.51));
#8625 = CARTESIAN_POINT('',(52.762547392432,-97.37556033393,-0.49));
#8626 = CARTESIAN_POINT('',(52.762547392432,-97.37556033393,4.51));
#8627 = CARTESIAN_POINT('',(52.688464382077,-97.46869256914,-0.49));
#8628 = CARTESIAN_POINT('',(52.688464382077,-97.46869256914,4.51));
#8629 = CARTESIAN_POINT('',(52.328630887254,-98.05712725898,-0.49));
#8630 = CARTESIAN_POINT('',(52.328630887254,-98.05712725898,4.51));
#8631 = ADVANCED_FACE('',(#8632),#8659,.F.);
#8632 = FACE_BOUND('',#8633,.F.);
#8633 = EDGE_LOOP('',(#8634,#8644,#8651,#8652));
#8634 = ORIENTED_EDGE('',*,*,#8635,.F.);
#8635 = EDGE_CURVE('',#8636,#8638,#8640,.T.);
#8636 = VERTEX_POINT('',#8637);
#8637 = CARTESIAN_POINT('',(65.263580209001,-89.58834347348,-0.49));
#8638 = VERTEX_POINT('',#8639);
#8639 = CARTESIAN_POINT('',(65.263580209001,-89.58834347348,1.51));
#8640 = LINE('',#8641,#8642);
#8641 = CARTESIAN_POINT('',(65.263580209001,-89.58834347348,-0.49));
#8642 = VECTOR('',#8643,1.);
#8643 = DIRECTION('',(0.,0.,1.));
#8644 = ORIENTED_EDGE('',*,*,#8645,.T.);
#8645 = EDGE_CURVE('',#8636,#8599,#8646,.T.);
#8646 = B_SPLINE_CURVE_WITH_KNOTS('',3,(#8647,#8648,#8649,#8650),
  .UNSPECIFIED.,.F.,.F.,(4,4),(-1.,0.),.PIECEWISE_BEZIER_KNOTS.);
#8647 = CARTESIAN_POINT('',(65.263580209001,-89.58834347348,-0.49));
#8648 = CARTESIAN_POINT('',(59.535880725766,-89.31741039853,-0.49));
#8649 = CARTESIAN_POINT('',(59.351730144406,-89.39361052772,-0.49));
#8650 = CARTESIAN_POINT('',(56.058197327837,-93.38352687141,-0.49));
#8651 = ORIENTED_EDGE('',*,*,#8598,.T.);
#8652 = ORIENTED_EDGE('',*,*,#8653,.T.);
#8653 = EDGE_CURVE('',#8601,#8638,#8654,.T.);
#8654 = B_SPLINE_CURVE_WITH_KNOTS('',3,(#8655,#8656,#8657,#8658),
  .UNSPECIFIED.,.F.,.F.,(4,4),(0.,1.554791956698),
  .PIECEWISE_BEZIER_KNOTS.);
#8655 = CARTESIAN_POINT('',(56.058197327837,-93.38352687141,1.51));
#8656 = CARTESIAN_POINT('',(59.351730144406,-89.39361052772,1.51));
#8657 = CARTESIAN_POINT('',(59.535880725766,-89.31741039853,1.51));
#8658 = CARTESIAN_POINT('',(65.263580209001,-89.58834347348,1.51));
#8659 = B_SPLINE_SURFACE_WITH_KNOTS('',3,1,(
    (#8660,#8661)
    ,(#8662,#8663)
    ,(#8664,#8665)
    ,(#8666,#8667
    )),.UNSPECIFIED.,.F.,.F.,.F.,(4,4),(2,2),(-1.,0.),(0.,0.5),
  .PIECEWISE_BEZIER_KNOTS.);
#8660 = CARTESIAN_POINT('',(65.263580209001,-89.58834347348,-0.49));
#8661 = CARTESIAN_POINT('',(65.263580209001,-89.58834347348,4.51));
#8662 = CARTESIAN_POINT('',(59.535880725766,-89.31741039853,-0.49));
#8663 = CARTESIAN_POINT('',(59.535880725766,-89.31741039853,4.51));
#8664 = CARTESIAN_POINT('',(59.351730144406,-89.39361052772,-0.49));
#8665 = CARTESIAN_POINT('',(59.351730144406,-89.39361052772,4.51));
#8666 = CARTESIAN_POINT('',(56.058197327837,-93.38352687141,-0.49));
#8667 = CARTESIAN_POINT('',(56.058197327837,-93.38352687141,4.51));
#8668 = ADVANCED_FACE('',(#8669),#8696,.F.);
#8669 = FACE_BOUND('',#8670,.F.);
#8670 = EDGE_LOOP('',(#8671,#8681,#8688,#8689));
#8671 = ORIENTED_EDGE('',*,*,#8672,.F.);
#8672 = EDGE_CURVE('',#8673,#8675,#8677,.T.);
#8673 = VERTEX_POINT('',#8674);
#8674 = CARTESIAN_POINT('',(69.846163865312,-92.39292680681,-0.49));
#8675 = VERTEX_POINT('',#8676);
#8676 = CARTESIAN_POINT('',(69.846163865312,-92.39292680681,1.51));
#8677 = LINE('',#8678,#8679);
#8678 = CARTESIAN_POINT('',(69.846163865312,-92.39292680681,-0.49));
#8679 = VECTOR('',#8680,1.);
#8680 = DIRECTION('',(0.,0.,1.));
#8681 = ORIENTED_EDGE('',*,*,#8682,.T.);
#8682 = EDGE_CURVE('',#8673,#8636,#8683,.T.);
#8683 = B_SPLINE_CURVE_WITH_KNOTS('',3,(#8684,#8685,#8686,#8687),
  .UNSPECIFIED.,.F.,.F.,(4,4),(-1.,0.),.PIECEWISE_BEZIER_KNOTS.);
#8684 = CARTESIAN_POINT('',(69.846163865312,-92.39292680681,-0.49));
#8685 = CARTESIAN_POINT('',(71.082296423499,-89.91642745277,-0.49));
#8686 = CARTESIAN_POINT('',(70.991281307125,-89.86139366727,-0.49));
#8687 = CARTESIAN_POINT('',(65.263580209001,-89.58834347348,-0.49));
#8688 = ORIENTED_EDGE('',*,*,#8635,.T.);
#8689 = ORIENTED_EDGE('',*,*,#8690,.T.);
#8690 = EDGE_CURVE('',#8638,#8675,#8691,.T.);
#8691 = B_SPLINE_CURVE_WITH_KNOTS('',3,(#8692,#8693,#8694,#8695),
  .UNSPECIFIED.,.F.,.F.,(4,4),(0.,1.772590149273),
  .PIECEWISE_BEZIER_KNOTS.);
#8692 = CARTESIAN_POINT('',(65.263580209001,-89.58834347348,1.51));
#8693 = CARTESIAN_POINT('',(70.991281307125,-89.86139366727,1.51));
#8694 = CARTESIAN_POINT('',(71.082296423499,-89.91642745277,1.51));
#8695 = CARTESIAN_POINT('',(69.846163865312,-92.39292680681,1.51));
#8696 = B_SPLINE_SURFACE_WITH_KNOTS('',3,1,(
    (#8697,#8698)
    ,(#8699,#8700)
    ,(#8701,#8702)
    ,(#8703,#8704
    )),.UNSPECIFIED.,.F.,.F.,.F.,(4,4),(2,2),(-1.,0.),(0.,0.5),
  .PIECEWISE_BEZIER_KNOTS.);
#8697 = CARTESIAN_POINT('',(69.846163865312,-92.39292680681,-0.49));
#8698 = CARTESIAN_POINT('',(69.846163865312,-92.39292680681,4.51));
#8699 = CARTESIAN_POINT('',(71.082296423499,-89.91642745277,-0.49));
#8700 = CARTESIAN_POINT('',(71.082296423499,-89.91642745277,4.51));
#8701 = CARTESIAN_POINT('',(70.991281307125,-89.86139366727,-0.49));
#8702 = CARTESIAN_POINT('',(70.991281307125,-89.86139366727,4.51));
#8703 = CARTESIAN_POINT('',(65.263580209001,-89.58834347348,-0.49));
#8704 = CARTESIAN_POINT('',(65.263580209001,-89.58834347348,4.51));
#8705 = ADVANCED_FACE('',(#8706),#8724,.F.);
#8706 = FACE_BOUND('',#8707,.F.);
#8707 = EDGE_LOOP('',(#8708,#8709,#8716,#8717));
#8708 = ORIENTED_EDGE('',*,*,#8497,.F.);
#8709 = ORIENTED_EDGE('',*,*,#8710,.T.);
#8710 = EDGE_CURVE('',#8489,#8673,#8711,.T.);
#8711 = B_SPLINE_CURVE_WITH_KNOTS('',3,(#8712,#8713,#8714,#8715),
  .UNSPECIFIED.,.F.,.F.,(4,4),(-1.,0.),.PIECEWISE_BEZIER_KNOTS.);
#8712 = CARTESIAN_POINT('',(64.560846940263,-97.17024340888,-0.49));
#8713 = CARTESIAN_POINT('',(68.506313477739,-94.96256001096,-0.49));
#8714 = CARTESIAN_POINT('',(68.612146811072,-94.86731065691,-0.49));
#8715 = CARTESIAN_POINT('',(69.846163865312,-92.39292680681,-0.49));
#8716 = ORIENTED_EDGE('',*,*,#8672,.T.);
#8717 = ORIENTED_EDGE('',*,*,#8718,.T.);
#8718 = EDGE_CURVE('',#8675,#8498,#8719,.T.);
#8719 = B_SPLINE_CURVE_WITH_KNOTS('',3,(#8720,#8721,#8722,#8723),
  .UNSPECIFIED.,.F.,.F.,(4,4),(0.,0.829508843529),
  .PIECEWISE_BEZIER_KNOTS.);
#8720 = CARTESIAN_POINT('',(69.846163865312,-92.39292680681,1.51));
#8721 = CARTESIAN_POINT('',(68.612146811072,-94.86731065691,1.51));
#8722 = CARTESIAN_POINT('',(68.506313477739,-94.96256001096,1.51));
#8723 = CARTESIAN_POINT('',(64.560846940263,-97.17024340888,1.51));
#8724 = B_SPLINE_SURFACE_WITH_KNOTS('',3,1,(
    (#8725,#8726)
    ,(#8727,#8728)
    ,(#8729,#8730)
    ,(#8731,#8732
    )),.UNSPECIFIED.,.F.,.F.,.F.,(4,4),(2,2),(-1.,0.),(0.,0.5),
  .PIECEWISE_BEZIER_KNOTS.);
#8725 = CARTESIAN_POINT('',(64.560846940263,-97.17024340888,-0.49));
#8726 = CARTESIAN_POINT('',(64.560846940263,-97.17024340888,4.51));
#8727 = CARTESIAN_POINT('',(68.506313477739,-94.96256001096,-0.49));
#8728 = CARTESIAN_POINT('',(68.506313477739,-94.96256001096,4.51));
#8729 = CARTESIAN_POINT('',(68.612146811072,-94.86731065691,-0.49));
#8730 = CARTESIAN_POINT('',(68.612146811072,-94.86731065691,4.51));
#8731 = CARTESIAN_POINT('',(69.846163865312,-92.39292680681,-0.49));
#8732 = CARTESIAN_POINT('',(69.846163865312,-92.39292680681,4.51));
#8733 = ADVANCED_FACE('',(#8734),#8770,.F.);
#8734 = FACE_BOUND('',#8735,.F.);
#8735 = EDGE_LOOP('',(#8736,#8746,#8755,#8763));
#8736 = ORIENTED_EDGE('',*,*,#8737,.F.);
#8737 = EDGE_CURVE('',#8738,#8740,#8742,.T.);
#8738 = VERTEX_POINT('',#8739);
#8739 = CARTESIAN_POINT('',(60.038136375408,-132.8045837966,-0.49));
#8740 = VERTEX_POINT('',#8741);
#8741 = CARTESIAN_POINT('',(60.038136375408,-132.8045837966,1.51));
#8742 = LINE('',#8743,#8744);
#8743 = CARTESIAN_POINT('',(60.038136375408,-132.8045837966,-0.49));
#8744 = VECTOR('',#8745,1.);
#8745 = DIRECTION('',(0.,0.,1.));
#8746 = ORIENTED_EDGE('',*,*,#8747,.T.);
#8747 = EDGE_CURVE('',#8738,#8748,#8750,.T.);
#8748 = VERTEX_POINT('',#8749);
#8749 = CARTESIAN_POINT('',(55.56751338453,-126.8721367951,-0.49));
#8750 = B_SPLINE_CURVE_WITH_KNOTS('',3,(#8751,#8752,#8753,#8754),
  .UNSPECIFIED.,.F.,.F.,(4,4),(0.,1.),.PIECEWISE_BEZIER_KNOTS.);
#8751 = CARTESIAN_POINT('',(60.038136375408,-132.8045837966,-0.49));
#8752 = CARTESIAN_POINT('',(60.492873542449,-130.5970322887,-0.49));
#8753 = CARTESIAN_POINT('',(60.404635529892,-130.4787003205,-0.49));
#8754 = CARTESIAN_POINT('',(55.56751338453,-126.8721367951,-0.49));
#8755 = ORIENTED_EDGE('',*,*,#8756,.T.);
#8756 = EDGE_CURVE('',#8748,#8757,#8759,.T.);
#8757 = VERTEX_POINT('',#8758);
#8758 = CARTESIAN_POINT('',(55.56751338453,-126.8721367951,1.51));
#8759 = LINE('',#8760,#8761);
#8760 = CARTESIAN_POINT('',(55.56751338453,-126.8721367951,-0.49));
#8761 = VECTOR('',#8762,1.);
#8762 = DIRECTION('',(0.,0.,1.));
#8763 = ORIENTED_EDGE('',*,*,#8764,.T.);
#8764 = EDGE_CURVE('',#8757,#8740,#8765,.T.);
#8765 = B_SPLINE_CURVE_WITH_KNOTS('',3,(#8766,#8767,#8768,#8769),
  .UNSPECIFIED.,.F.,.F.,(4,4),(0.,1.816766089946),
  .PIECEWISE_BEZIER_KNOTS.);
#8766 = CARTESIAN_POINT('',(55.56751338453,-126.8721367951,1.51));
#8767 = CARTESIAN_POINT('',(60.404635529892,-130.4787003205,1.51));
#8768 = CARTESIAN_POINT('',(60.492873542449,-130.5970322887,1.51));
#8769 = CARTESIAN_POINT('',(60.038136375408,-132.8045837966,1.51));
#8770 = B_SPLINE_SURFACE_WITH_KNOTS('',3,1,(
    (#8771,#8772)
    ,(#8773,#8774)
    ,(#8775,#8776)
    ,(#8777,#8778
    )),.UNSPECIFIED.,.F.,.F.,.F.,(4,4),(2,2),(0.,1.),(0.,0.5),
  .PIECEWISE_BEZIER_KNOTS.);
#8771 = CARTESIAN_POINT('',(60.038136375408,-132.8045837966,-0.49));
#8772 = CARTESIAN_POINT('',(60.038136375408,-132.8045837966,4.51));
#8773 = CARTESIAN_POINT('',(60.492873542449,-130.5970322887,-0.49));
#8774 = CARTESIAN_POINT('',(60.492873542449,-130.5970322887,4.51));
#8775 = CARTESIAN_POINT('',(60.404635529892,-130.4787003205,-0.49));
#8776 = CARTESIAN_POINT('',(60.404635529892,-130.4787003205,4.51));
#8777 = CARTESIAN_POINT('',(55.56751338453,-126.8721367951,-0.49));
#8778 = CARTESIAN_POINT('',(55.56751338453,-126.8721367951,4.51));
#8779 = ADVANCED_FACE('',(#8780),#8807,.F.);
#8780 = FACE_BOUND('',#8781,.F.);
#8781 = EDGE_LOOP('',(#8782,#8792,#8799,#8800));
#8782 = ORIENTED_EDGE('',*,*,#8783,.F.);
#8783 = EDGE_CURVE('',#8784,#8786,#8788,.T.);
#8784 = VERTEX_POINT('',#8785);
#8785 = CARTESIAN_POINT('',(53.986813565204,-133.8786724428,-0.49));
#8786 = VERTEX_POINT('',#8787);
#8787 = CARTESIAN_POINT('',(53.986813565204,-133.8786724428,1.51));
#8788 = LINE('',#8789,#8790);
#8789 = CARTESIAN_POINT('',(53.986813565204,-133.8786724428,-0.49));
#8790 = VECTOR('',#8791,1.);
#8791 = DIRECTION('',(0.,0.,1.));
#8792 = ORIENTED_EDGE('',*,*,#8793,.T.);
#8793 = EDGE_CURVE('',#8784,#8738,#8794,.T.);
#8794 = B_SPLINE_CURVE_WITH_KNOTS('',3,(#8795,#8796,#8797,#8798),
  .UNSPECIFIED.,.F.,.F.,(4,4),(0.,1.),.PIECEWISE_BEZIER_KNOTS.);
#8795 = CARTESIAN_POINT('',(53.986813565204,-133.8786724428,-0.49));
#8796 = CARTESIAN_POINT('',(59.459780342008,-135.0337192722,-0.49));
#8797 = CARTESIAN_POINT('',(59.580910133711,-135.0135698401,-0.49));
#8798 = CARTESIAN_POINT('',(60.038136375408,-132.8045837966,-0.49));
#8799 = ORIENTED_EDGE('',*,*,#8737,.T.);
#8800 = ORIENTED_EDGE('',*,*,#8801,.T.);
#8801 = EDGE_CURVE('',#8740,#8786,#8802,.T.);
#8802 = B_SPLINE_CURVE_WITH_KNOTS('',3,(#8803,#8804,#8805,#8806),
  .UNSPECIFIED.,.F.,.F.,(4,4),(0.,0.748215864506),
  .PIECEWISE_BEZIER_KNOTS.);
#8803 = CARTESIAN_POINT('',(60.038136375408,-132.8045837966,1.51));
#8804 = CARTESIAN_POINT('',(59.580910133711,-135.0135698401,1.51));
#8805 = CARTESIAN_POINT('',(59.459780342008,-135.0337192722,1.51));
#8806 = CARTESIAN_POINT('',(53.986813565204,-133.8786724428,1.51));
#8807 = B_SPLINE_SURFACE_WITH_KNOTS('',3,1,(
    (#8808,#8809)
    ,(#8810,#8811)
    ,(#8812,#8813)
    ,(#8814,#8815
    )),.UNSPECIFIED.,.F.,.F.,.F.,(4,4),(2,2),(0.,1.),(0.,0.5),
  .PIECEWISE_BEZIER_KNOTS.);
#8808 = CARTESIAN_POINT('',(53.986813565204,-133.8786724428,-0.49));
#8809 = CARTESIAN_POINT('',(53.986813565204,-133.8786724428,4.51));
#8810 = CARTESIAN_POINT('',(59.459780342008,-135.0337192722,-0.49));
#8811 = CARTESIAN_POINT('',(59.459780342008,-135.0337192722,4.51));
#8812 = CARTESIAN_POINT('',(59.580910133711,-135.0135698401,-0.49));
#8813 = CARTESIAN_POINT('',(59.580910133711,-135.0135698401,4.51));
#8814 = CARTESIAN_POINT('',(60.038136375408,-132.8045837966,-0.49));
#8815 = CARTESIAN_POINT('',(60.038136375408,-132.8045837966,4.51));
#8816 = ADVANCED_FACE('',(#8817),#8844,.F.);
#8817 = FACE_BOUND('',#8818,.F.);
#8818 = EDGE_LOOP('',(#8819,#8829,#8836,#8837));
#8819 = ORIENTED_EDGE('',*,*,#8820,.F.);
#8820 = EDGE_CURVE('',#8821,#8823,#8825,.T.);
#8821 = VERTEX_POINT('',#8822);
#8822 = CARTESIAN_POINT('',(47.738797982418,-128.9724035326,-0.49));
#8823 = VERTEX_POINT('',#8824);
#8824 = CARTESIAN_POINT('',(47.738797982418,-128.9724035326,1.51));
#8825 = LINE('',#8826,#8827);
#8826 = CARTESIAN_POINT('',(47.738797982418,-128.9724035326,-0.49));
#8827 = VECTOR('',#8828,1.);
#8828 = DIRECTION('',(0.,0.,1.));
#8829 = ORIENTED_EDGE('',*,*,#8830,.T.);
#8830 = EDGE_CURVE('',#8821,#8784,#8831,.T.);
#8831 = B_SPLINE_CURVE_WITH_KNOTS('',3,(#8832,#8833,#8834,#8835),
  .UNSPECIFIED.,.F.,.F.,(4,4),(0.,1.),.PIECEWISE_BEZIER_KNOTS.);
#8832 = CARTESIAN_POINT('',(47.738797982418,-128.9724035326,-0.49));
#8833 = CARTESIAN_POINT('',(48.386840177041,-132.6243568696,-0.49));
#8834 = CARTESIAN_POINT('',(48.51385058684,-132.7236234203,-0.49));
#8835 = CARTESIAN_POINT('',(53.986813565204,-133.8786724428,-0.49));
#8836 = ORIENTED_EDGE('',*,*,#8783,.T.);
#8837 = ORIENTED_EDGE('',*,*,#8838,.T.);
#8838 = EDGE_CURVE('',#8786,#8823,#8839,.T.);
#8839 = B_SPLINE_CURVE_WITH_KNOTS('',3,(#8840,#8841,#8842,#8843),
  .UNSPECIFIED.,.F.,.F.,(4,4),(0.,1.680071100589),
  .PIECEWISE_BEZIER_KNOTS.);
#8840 = CARTESIAN_POINT('',(53.986813565204,-133.8786724428,1.51));
#8841 = CARTESIAN_POINT('',(48.51385058684,-132.7236234203,1.51));
#8842 = CARTESIAN_POINT('',(48.386840177041,-132.6243568696,1.51));
#8843 = CARTESIAN_POINT('',(47.738797982418,-128.9724035326,1.51));
#8844 = B_SPLINE_SURFACE_WITH_KNOTS('',3,1,(
    (#8845,#8846)
    ,(#8847,#8848)
    ,(#8849,#8850)
    ,(#8851,#8852
    )),.UNSPECIFIED.,.F.,.F.,.F.,(4,4),(2,2),(0.,1.),(0.,0.5),
  .PIECEWISE_BEZIER_KNOTS.);
#8845 = CARTESIAN_POINT('',(47.738797982418,-128.9724035326,-0.49));
#8846 = CARTESIAN_POINT('',(47.738797982418,-128.9724035326,4.51));
#8847 = CARTESIAN_POINT('',(48.386840177041,-132.6243568696,-0.49));
#8848 = CARTESIAN_POINT('',(48.386840177041,-132.6243568696,4.51));
#8849 = CARTESIAN_POINT('',(48.51385058684,-132.7236234203,-0.49));
#8850 = CARTESIAN_POINT('',(48.51385058684,-132.7236234203,4.51));
#8851 = CARTESIAN_POINT('',(53.986813565204,-133.8786724428,-0.49));
#8852 = CARTESIAN_POINT('',(53.986813565204,-133.8786724428,4.51));
#8853 = ADVANCED_FACE('',(#8854),#8881,.F.);
#8854 = FACE_BOUND('',#8855,.F.);
#8855 = EDGE_LOOP('',(#8856,#8866,#8873,#8874));
#8856 = ORIENTED_EDGE('',*,*,#8857,.F.);
#8857 = EDGE_CURVE('',#8858,#8860,#8862,.T.);
#8858 = VERTEX_POINT('',#8859);
#8859 = CARTESIAN_POINT('',(48.855675214998,-124.2151754668,-0.49));
#8860 = VERTEX_POINT('',#8861);
#8861 = CARTESIAN_POINT('',(48.855675214998,-124.2151754668,1.51));
#8862 = LINE('',#8863,#8864);
#8863 = CARTESIAN_POINT('',(48.855675214998,-124.2151754668,-0.49));
#8864 = VECTOR('',#8865,1.);
#8865 = DIRECTION('',(0.,0.,1.));
#8866 = ORIENTED_EDGE('',*,*,#8867,.T.);
#8867 = EDGE_CURVE('',#8858,#8821,#8868,.T.);
#8868 = B_SPLINE_CURVE_WITH_KNOTS('',3,(#8869,#8870,#8871,#8872),
  .UNSPECIFIED.,.F.,.F.,(4,4),(0.,1.),.PIECEWISE_BEZIER_KNOTS.);
#8869 = CARTESIAN_POINT('',(48.855675214998,-124.2151754668,-0.49));
#8870 = CARTESIAN_POINT('',(47.113133309268,-125.2212325052,-0.49));
#8871 = CARTESIAN_POINT('',(47.091810033013,-125.3165216904,-0.49));
#8872 = CARTESIAN_POINT('',(47.738797982418,-128.9724035326,-0.49));
#8873 = ORIENTED_EDGE('',*,*,#8820,.T.);
#8874 = ORIENTED_EDGE('',*,*,#8875,.T.);
#8875 = EDGE_CURVE('',#8823,#8860,#8876,.T.);
#8876 = B_SPLINE_CURVE_WITH_KNOTS('',3,(#8877,#8878,#8879,#8880),
  .UNSPECIFIED.,.F.,.F.,(4,4),(0.,1.118301123041),
  .PIECEWISE_BEZIER_KNOTS.);
#8877 = CARTESIAN_POINT('',(47.738797982418,-128.9724035326,1.51));
#8878 = CARTESIAN_POINT('',(47.091810033013,-125.3165216904,1.51));
#8879 = CARTESIAN_POINT('',(47.113133309268,-125.2212325052,1.51));
#8880 = CARTESIAN_POINT('',(48.855675214998,-124.2151754668,1.51));
#8881 = B_SPLINE_SURFACE_WITH_KNOTS('',3,1,(
    (#8882,#8883)
    ,(#8884,#8885)
    ,(#8886,#8887)
    ,(#8888,#8889
    )),.UNSPECIFIED.,.F.,.F.,.F.,(4,4),(2,2),(0.,1.),(0.,0.5),
  .PIECEWISE_BEZIER_KNOTS.);
#8882 = CARTESIAN_POINT('',(48.855675214998,-124.2151754668,-0.49));
#8883 = CARTESIAN_POINT('',(48.855675214998,-124.2151754668,4.51));
#8884 = CARTESIAN_POINT('',(47.113133309268,-125.2212325052,-0.49));
#8885 = CARTESIAN_POINT('',(47.113133309268,-125.2212325052,4.51));
#8886 = CARTESIAN_POINT('',(47.091810033013,-125.3165216904,-0.49));
#8887 = CARTESIAN_POINT('',(47.091810033013,-125.3165216904,4.51));
#8888 = CARTESIAN_POINT('',(47.738797982418,-128.9724035326,-0.49));
#8889 = CARTESIAN_POINT('',(47.738797982418,-128.9724035326,4.51));
#8890 = ADVANCED_FACE('',(#8891),#8909,.F.);
#8891 = FACE_BOUND('',#8892,.F.);
#8892 = EDGE_LOOP('',(#8893,#8894,#8901,#8902));
#8893 = ORIENTED_EDGE('',*,*,#8756,.F.);
#8894 = ORIENTED_EDGE('',*,*,#8895,.T.);
#8895 = EDGE_CURVE('',#8748,#8858,#8896,.T.);
#8896 = B_SPLINE_CURVE_WITH_KNOTS('',3,(#8897,#8898,#8899,#8900),
  .UNSPECIFIED.,.F.,.F.,(4,4),(0.,1.),.PIECEWISE_BEZIER_KNOTS.);
#8897 = CARTESIAN_POINT('',(55.56751338453,-126.8721367951,-0.49));
#8898 = CARTESIAN_POINT('',(50.728949909363,-123.2630855853,-0.49));
#8899 = CARTESIAN_POINT('',(50.595729142587,-123.2105548633,-0.49));
#8900 = CARTESIAN_POINT('',(48.855675214998,-124.2151754668,-0.49));
#8901 = ORIENTED_EDGE('',*,*,#8857,.T.);
#8902 = ORIENTED_EDGE('',*,*,#8903,.T.);
#8903 = EDGE_CURVE('',#8860,#8757,#8904,.T.);
#8904 = B_SPLINE_CURVE_WITH_KNOTS('',3,(#8905,#8906,#8907,#8908),
  .UNSPECIFIED.,.F.,.F.,(4,4),(0.,0.600922894628),
  .PIECEWISE_BEZIER_KNOTS.);
#8905 = CARTESIAN_POINT('',(48.855675214998,-124.2151754668,1.51));
#8906 = CARTESIAN_POINT('',(50.595729142587,-123.2105548633,1.51));
#8907 = CARTESIAN_POINT('',(50.728949909363,-123.2630855853,1.51));
#8908 = CARTESIAN_POINT('',(55.56751338453,-126.8721367951,1.51));
#8909 = B_SPLINE_SURFACE_WITH_KNOTS('',3,1,(
    (#8910,#8911)
    ,(#8912,#8913)
    ,(#8914,#8915)
    ,(#8916,#8917
    )),.UNSPECIFIED.,.F.,.F.,.F.,(4,4),(2,2),(0.,1.),(0.,0.5),
  .PIECEWISE_BEZIER_KNOTS.);
#8910 = CARTESIAN_POINT('',(55.56751338453,-126.8721367951,-0.49));
#8911 = CARTESIAN_POINT('',(55.56751338453,-126.8721367951,4.51));
#8912 = CARTESIAN_POINT('',(50.728949909363,-123.2630855853,-0.49));
#8913 = CARTESIAN_POINT('',(50.728949909363,-123.2630855853,4.51));
#8914 = CARTESIAN_POINT('',(50.595729142587,-123.2105548633,-0.49));
#8915 = CARTESIAN_POINT('',(50.595729142587,-123.2105548633,4.51));
#8916 = CARTESIAN_POINT('',(48.855675214998,-124.2151754668,-0.49));
#8917 = CARTESIAN_POINT('',(48.855675214998,-124.2151754668,4.51));
#8918 = ADVANCED_FACE('',(#8919),#8955,.F.);
#8919 = FACE_BOUND('',#8920,.F.);
#8920 = EDGE_LOOP('',(#8921,#8931,#8940,#8948));
#8921 = ORIENTED_EDGE('',*,*,#8922,.F.);
#8922 = EDGE_CURVE('',#8923,#8925,#8927,.T.);
#8923 = VERTEX_POINT('',#8924);
#8924 = CARTESIAN_POINT('',(58.999286540457,-140.1919786293,-0.49));
#8925 = VERTEX_POINT('',#8926);
#8926 = CARTESIAN_POINT('',(58.999286540457,-140.1919786293,1.51));
#8927 = LINE('',#8928,#8929);
#8928 = CARTESIAN_POINT('',(58.999286540457,-140.1919786293,-0.49));
#8929 = VECTOR('',#8930,1.);
#8930 = DIRECTION('',(0.,0.,1.));
#8931 = ORIENTED_EDGE('',*,*,#8932,.T.);
#8932 = EDGE_CURVE('',#8923,#8933,#8935,.T.);
#8933 = VERTEX_POINT('',#8934);
#8934 = CARTESIAN_POINT('',(54.129869937086,-135.3394710415,-0.49));
#8935 = B_SPLINE_CURVE_WITH_KNOTS('',3,(#8936,#8937,#8938,#8939),
  .UNSPECIFIED.,.F.,.F.,(4,4),(0.,1.),.PIECEWISE_BEZIER_KNOTS.);
#8936 = CARTESIAN_POINT('',(58.999286540457,-140.1919786293,-0.49));
#8937 = CARTESIAN_POINT('',(59.70025736479,-136.5942714267,-0.49));
#8938 = CARTESIAN_POINT('',(59.60283671389,-136.4945178709,-0.49));
#8939 = CARTESIAN_POINT('',(54.129869937086,-135.3394710415,-0.49));
#8940 = ORIENTED_EDGE('',*,*,#8941,.T.);
#8941 = EDGE_CURVE('',#8933,#8942,#8944,.T.);
#8942 = VERTEX_POINT('',#8943);
#8943 = CARTESIAN_POINT('',(54.129869937086,-135.3394710415,1.51));
#8944 = LINE('',#8945,#8946);
#8945 = CARTESIAN_POINT('',(54.129869937086,-135.3394710415,-0.49));
#8946 = VECTOR('',#8947,1.);
#8947 = DIRECTION('',(0.,0.,1.));
#8948 = ORIENTED_EDGE('',*,*,#8949,.T.);
#8949 = EDGE_CURVE('',#8942,#8925,#8950,.T.);
#8950 = B_SPLINE_CURVE_WITH_KNOTS('',3,(#8951,#8952,#8953,#8954),
  .UNSPECIFIED.,.F.,.F.,(4,4),(0.,1.683697868677),
  .PIECEWISE_BEZIER_KNOTS.);
#8951 = CARTESIAN_POINT('',(54.129869937086,-135.3394710415,1.51));
#8952 = CARTESIAN_POINT('',(59.60283671389,-136.4945178709,1.51));
#8953 = CARTESIAN_POINT('',(59.70025736479,-136.5942714267,1.51));
#8954 = CARTESIAN_POINT('',(58.999286540457,-140.1919786293,1.51));
#8955 = B_SPLINE_SURFACE_WITH_KNOTS('',3,1,(
    (#8956,#8957)
    ,(#8958,#8959)
    ,(#8960,#8961)
    ,(#8962,#8963
    )),.UNSPECIFIED.,.F.,.F.,.F.,(4,4),(2,2),(0.,1.),(0.,0.5),
  .PIECEWISE_BEZIER_KNOTS.);
#8956 = CARTESIAN_POINT('',(58.999286540457,-140.1919786293,-0.49));
#8957 = CARTESIAN_POINT('',(58.999286540457,-140.1919786293,4.51));
#8958 = CARTESIAN_POINT('',(59.70025736479,-136.5942714267,-0.49));
#8959 = CARTESIAN_POINT('',(59.70025736479,-136.5942714267,4.51));
#8960 = CARTESIAN_POINT('',(59.60283671389,-136.4945178709,-0.49));
#8961 = CARTESIAN_POINT('',(59.60283671389,-136.4945178709,4.51));
#8962 = CARTESIAN_POINT('',(54.129869937086,-135.3394710415,-0.49));
#8963 = CARTESIAN_POINT('',(54.129869937086,-135.3394710415,4.51));
#8964 = ADVANCED_FACE('',(#8965),#8992,.F.);
#8965 = FACE_BOUND('',#8966,.F.);
#8966 = EDGE_LOOP('',(#8967,#8977,#8984,#8985));
#8967 = ORIENTED_EDGE('',*,*,#8968,.F.);
#8968 = EDGE_CURVE('',#8969,#8971,#8973,.T.);
#8969 = VERTEX_POINT('',#8970);
#8970 = CARTESIAN_POINT('',(56.777292647991,-143.3800258425,-0.49));
#8971 = VERTEX_POINT('',#8972);
#8972 = CARTESIAN_POINT('',(56.777292647991,-143.3800258425,1.51));
#8973 = LINE('',#8974,#8975);
#8974 = CARTESIAN_POINT('',(56.777292647991,-143.3800258425,-0.49));
#8975 = VECTOR('',#8976,1.);
#8976 = DIRECTION('',(0.,0.,1.));
#8977 = ORIENTED_EDGE('',*,*,#8978,.T.);
#8978 = EDGE_CURVE('',#8969,#8923,#8979,.T.);
#8979 = B_SPLINE_CURVE_WITH_KNOTS('',3,(#8980,#8981,#8982,#8983),
  .UNSPECIFIED.,.F.,.F.,(4,4),(0.,1.),.PIECEWISE_BEZIER_KNOTS.);
#8980 = CARTESIAN_POINT('',(56.777292647991,-143.3800258425,-0.49));
#8981 = CARTESIAN_POINT('',(58.254378513726,-143.8515610596,-0.49));
#8982 = CARTESIAN_POINT('',(58.298311917683,-143.7896880248,-0.49));
#8983 = CARTESIAN_POINT('',(58.999286540457,-140.1919786293,-0.49));
#8984 = ORIENTED_EDGE('',*,*,#8922,.T.);
#8985 = ORIENTED_EDGE('',*,*,#8986,.T.);
#8986 = EDGE_CURVE('',#8925,#8971,#8987,.T.);
#8987 = B_SPLINE_CURVE_WITH_KNOTS('',3,(#8988,#8989,#8990,#8991),
  .UNSPECIFIED.,.F.,.F.,(4,4),(0.,1.09546509235),
  .PIECEWISE_BEZIER_KNOTS.);
#8988 = CARTESIAN_POINT('',(58.999286540457,-140.1919786293,1.51));
#8989 = CARTESIAN_POINT('',(58.298311917683,-143.7896880248,1.51));
#8990 = CARTESIAN_POINT('',(58.254378513726,-143.8515610596,1.51));
#8991 = CARTESIAN_POINT('',(56.777292647991,-143.3800258425,1.51));
#8992 = B_SPLINE_SURFACE_WITH_KNOTS('',3,1,(
    (#8993,#8994)
    ,(#8995,#8996)
    ,(#8997,#8998)
    ,(#8999,#9000
    )),.UNSPECIFIED.,.F.,.F.,.F.,(4,4),(2,2),(0.,1.),(0.,0.5),
  .PIECEWISE_BEZIER_KNOTS.);
#8993 = CARTESIAN_POINT('',(56.777292647991,-143.3800258425,-0.49));
#8994 = CARTESIAN_POINT('',(56.777292647991,-143.3800258425,4.51));
#8995 = CARTESIAN_POINT('',(58.254378513726,-143.8515610596,-0.49));
#8996 = CARTESIAN_POINT('',(58.254378513726,-143.8515610596,4.51));
#8997 = CARTESIAN_POINT('',(58.298311917683,-143.7896880248,-0.49));
#8998 = CARTESIAN_POINT('',(58.298311917683,-143.7896880248,4.51));
#8999 = CARTESIAN_POINT('',(58.999286540457,-140.1919786293,-0.49));
#9000 = CARTESIAN_POINT('',(58.999286540457,-140.1919786293,4.51));
#9001 = ADVANCED_FACE('',(#9002),#9029,.F.);
#9002 = FACE_BOUND('',#9003,.F.);
#9003 = EDGE_LOOP('',(#9004,#9014,#9021,#9022));
#9004 = ORIENTED_EDGE('',*,*,#9005,.F.);
#9005 = EDGE_CURVE('',#9006,#9008,#9010,.T.);
#9006 = VERTEX_POINT('',#9007);
#9007 = CARTESIAN_POINT('',(52.211679715947,-140.4564452367,-0.49));
#9008 = VERTEX_POINT('',#9009);
#9009 = CARTESIAN_POINT('',(52.211679715947,-140.4564452367,1.51));
#9010 = LINE('',#9011,#9012);
#9011 = CARTESIAN_POINT('',(52.211679715947,-140.4564452367,-0.49));
#9012 = VECTOR('',#9013,1.);
#9013 = DIRECTION('',(0.,0.,1.));
#9014 = ORIENTED_EDGE('',*,*,#9015,.T.);
#9015 = EDGE_CURVE('',#9006,#8969,#9016,.T.);
#9016 = B_SPLINE_CURVE_WITH_KNOTS('',3,(#9017,#9018,#9019,#9020),
  .UNSPECIFIED.,.F.,.F.,(4,4),(0.,1.),.PIECEWISE_BEZIER_KNOTS.);
#9017 = CARTESIAN_POINT('',(52.211679715947,-140.4564452367,-0.49));
#9018 = CARTESIAN_POINT('',(55.210459696816,-142.850774316,-0.49));
#9019 = CARTESIAN_POINT('',(55.304132291763,-142.9095440679,-0.49));
#9020 = CARTESIAN_POINT('',(56.777292647991,-143.3800258425,-0.49));
#9021 = ORIENTED_EDGE('',*,*,#8968,.T.);
#9022 = ORIENTED_EDGE('',*,*,#9023,.T.);
#9023 = EDGE_CURVE('',#8971,#9008,#9024,.T.);
#9024 = B_SPLINE_CURVE_WITH_KNOTS('',3,(#9025,#9026,#9027,#9028),
  .UNSPECIFIED.,.F.,.F.,(4,4),(0.,0.465916467275),
  .PIECEWISE_BEZIER_KNOTS.);
#9025 = CARTESIAN_POINT('',(56.777292647991,-143.3800258425,1.51));
#9026 = CARTESIAN_POINT('',(55.304132291763,-142.9095440679,1.51));
#9027 = CARTESIAN_POINT('',(55.210459696816,-142.850774316,1.51));
#9028 = CARTESIAN_POINT('',(52.211679715947,-140.4564452367,1.51));
#9029 = B_SPLINE_SURFACE_WITH_KNOTS('',3,1,(
    (#9030,#9031)
    ,(#9032,#9033)
    ,(#9034,#9035)
    ,(#9036,#9037
    )),.UNSPECIFIED.,.F.,.F.,.F.,(4,4),(2,2),(0.,1.),(0.,0.5),
  .PIECEWISE_BEZIER_KNOTS.);
#9030 = CARTESIAN_POINT('',(52.211679715947,-140.4564452367,-0.49));
#9031 = CARTESIAN_POINT('',(52.211679715947,-140.4564452367,4.51));
#9032 = CARTESIAN_POINT('',(55.210459696816,-142.850774316,-0.49));
#9033 = CARTESIAN_POINT('',(55.210459696816,-142.850774316,4.51));
#9034 = CARTESIAN_POINT('',(55.304132291763,-142.9095440679,-0.49));
#9035 = CARTESIAN_POINT('',(55.304132291763,-142.9095440679,4.51));
#9036 = CARTESIAN_POINT('',(56.777292647991,-143.3800258425,-0.49));
#9037 = CARTESIAN_POINT('',(56.777292647991,-143.3800258425,4.51));
#9038 = ADVANCED_FACE('',(#9039),#9066,.F.);
#9039 = FACE_BOUND('',#9040,.F.);
#9040 = EDGE_LOOP('',(#9041,#9051,#9058,#9059));
#9041 = ORIENTED_EDGE('',*,*,#9042,.F.);
#9042 = EDGE_CURVE('',#9043,#9045,#9047,.T.);
#9043 = VERTEX_POINT('',#9044);
#9044 = CARTESIAN_POINT('',(48.848275375022,-136.0853283626,-0.49));
#9045 = VERTEX_POINT('',#9046);
#9046 = CARTESIAN_POINT('',(48.848275375022,-136.0853283626,1.51));
#9047 = LINE('',#9048,#9049);
#9048 = CARTESIAN_POINT('',(48.848275375022,-136.0853283626,-0.49));
#9049 = VECTOR('',#9050,1.);
#9050 = DIRECTION('',(0.,0.,1.));
#9051 = ORIENTED_EDGE('',*,*,#9052,.T.);
#9052 = EDGE_CURVE('',#9043,#9006,#9053,.T.);
#9053 = B_SPLINE_CURVE_WITH_KNOTS('',3,(#9054,#9055,#9056,#9057),
  .UNSPECIFIED.,.F.,.F.,(4,4),(0.,1.),.PIECEWISE_BEZIER_KNOTS.);
#9054 = CARTESIAN_POINT('',(48.848275375022,-136.0853283626,-0.49));
#9055 = CARTESIAN_POINT('',(49.144396787494,-137.9722205849,-0.49));
#9056 = CARTESIAN_POINT('',(49.211463300229,-138.0596281791,-0.49));
#9057 = CARTESIAN_POINT('',(52.211679715947,-140.4564452367,-0.49));
#9058 = ORIENTED_EDGE('',*,*,#9005,.T.);
#9059 = ORIENTED_EDGE('',*,*,#9060,.T.);
#9060 = EDGE_CURVE('',#9008,#9045,#9061,.T.);
#9061 = B_SPLINE_CURVE_WITH_KNOTS('',3,(#9062,#9063,#9064,#9065),
  .UNSPECIFIED.,.F.,.F.,(4,4),(0.,1.153250809017),
  .PIECEWISE_BEZIER_KNOTS.);
#9062 = CARTESIAN_POINT('',(52.211679715947,-140.4564452367,1.51));
#9063 = CARTESIAN_POINT('',(49.211463300229,-138.0596281791,1.51));
#9064 = CARTESIAN_POINT('',(49.144396787494,-137.9722205849,1.51));
#9065 = CARTESIAN_POINT('',(48.848275375022,-136.0853283626,1.51));
#9066 = B_SPLINE_SURFACE_WITH_KNOTS('',3,1,(
    (#9067,#9068)
    ,(#9069,#9070)
    ,(#9071,#9072)
    ,(#9073,#9074
    )),.UNSPECIFIED.,.F.,.F.,.F.,(4,4),(2,2),(0.,1.),(0.,0.5),
  .PIECEWISE_BEZIER_KNOTS.);
#9067 = CARTESIAN_POINT('',(48.848275375022,-136.0853283626,-0.49));
#9068 = CARTESIAN_POINT('',(48.848275375022,-136.0853283626,4.51));
#9069 = CARTESIAN_POINT('',(49.144396787494,-137.9722205849,-0.49));
#9070 = CARTESIAN_POINT('',(49.144396787494,-137.9722205849,4.51));
#9071 = CARTESIAN_POINT('',(49.211463300229,-138.0596281791,-0.49));
#9072 = CARTESIAN_POINT('',(49.211463300229,-138.0596281791,4.51));
#9073 = CARTESIAN_POINT('',(52.211679715947,-140.4564452367,-0.49));
#9074 = CARTESIAN_POINT('',(52.211679715947,-140.4564452367,4.51));
#9075 = ADVANCED_FACE('',(#9076),#9094,.F.);
#9076 = FACE_BOUND('',#9077,.F.);
#9077 = EDGE_LOOP('',(#9078,#9079,#9086,#9087));
#9078 = ORIENTED_EDGE('',*,*,#8941,.F.);
#9079 = ORIENTED_EDGE('',*,*,#9080,.T.);
#9080 = EDGE_CURVE('',#8933,#9043,#9081,.T.);
#9081 = B_SPLINE_CURVE_WITH_KNOTS('',3,(#9082,#9083,#9084,#9085),
  .UNSPECIFIED.,.F.,.F.,(4,4),(0.,1.),.PIECEWISE_BEZIER_KNOTS.);
#9082 = CARTESIAN_POINT('',(54.129869937086,-135.3394710415,-0.49));
#9083 = CARTESIAN_POINT('',(48.656910757163,-134.1844198259,-0.49));
#9084 = CARTESIAN_POINT('',(48.549661089455,-134.1998728689,-0.49));
#9085 = CARTESIAN_POINT('',(48.848275375022,-136.0853283626,-0.49));
#9086 = ORIENTED_EDGE('',*,*,#9042,.T.);
#9087 = ORIENTED_EDGE('',*,*,#9088,.T.);
#9088 = EDGE_CURVE('',#9045,#8942,#9089,.T.);
#9089 = B_SPLINE_CURVE_WITH_KNOTS('',3,(#9090,#9091,#9092,#9093),
  .UNSPECIFIED.,.F.,.F.,(4,4),(0.,0.617394223639),
  .PIECEWISE_BEZIER_KNOTS.);
#9090 = CARTESIAN_POINT('',(48.848275375022,-136.0853283626,1.51));
#9091 = CARTESIAN_POINT('',(48.549661089455,-134.1998728689,1.51));
#9092 = CARTESIAN_POINT('',(48.656910757163,-134.1844198259,1.51));
#9093 = CARTESIAN_POINT('',(54.129869937086,-135.3394710415,1.51));
#9094 = B_SPLINE_SURFACE_WITH_KNOTS('',3,1,(
    (#9095,#9096)
    ,(#9097,#9098)
    ,(#9099,#9100)
    ,(#9101,#9102
    )),.UNSPECIFIED.,.F.,.F.,.F.,(4,4),(2,2),(0.,1.),(0.,0.5),
  .PIECEWISE_BEZIER_KNOTS.);
#9095 = CARTESIAN_POINT('',(54.129869937086,-135.3394710415,-0.49));
#9096 = CARTESIAN_POINT('',(54.129869937086,-135.3394710415,4.51));
#9097 = CARTESIAN_POINT('',(48.656910757163,-134.1844198259,-0.49));
#9098 = CARTESIAN_POINT('',(48.656910757163,-134.1844198259,4.51));
#9099 = CARTESIAN_POINT('',(48.549661089455,-134.1998728689,-0.49));
#9100 = CARTESIAN_POINT('',(48.549661089455,-134.1998728689,4.51));
#9101 = CARTESIAN_POINT('',(48.848275375022,-136.0853283626,-0.49));
#9102 = CARTESIAN_POINT('',(48.848275375022,-136.0853283626,4.51));
#9103 = ADVANCED_FACE('',(#9104),#9140,.F.);
#9104 = FACE_BOUND('',#9105,.F.);
#9105 = EDGE_LOOP('',(#9106,#9116,#9125,#9133));
#9106 = ORIENTED_EDGE('',*,*,#9107,.F.);
#9107 = EDGE_CURVE('',#9108,#9110,#9112,.T.);
#9108 = VERTEX_POINT('',#9109);
#9109 = CARTESIAN_POINT('',(100.14419264127,-141.0847961412,-0.49));
#9110 = VERTEX_POINT('',#9111);
#9111 = CARTESIAN_POINT('',(100.14419264127,-141.0847961412,1.51));
#9112 = LINE('',#9113,#9114);
#9113 = CARTESIAN_POINT('',(100.14419264127,-141.0847961412,-0.49));
#9114 = VECTOR('',#9115,1.);
#9115 = DIRECTION('',(0.,0.,1.));
#9116 = ORIENTED_EDGE('',*,*,#9117,.T.);
#9117 = EDGE_CURVE('',#9108,#9118,#9120,.T.);
#9118 = VERTEX_POINT('',#9119);
#9119 = CARTESIAN_POINT('',(102.44294532829,-127.9116449663,-0.49));
#9120 = B_SPLINE_CURVE_WITH_KNOTS('',3,(#9121,#9122,#9123,#9124),
  .UNSPECIFIED.,.F.,.F.,(4,4),(0.,1.),.PIECEWISE_BEZIER_KNOTS.);
#9121 = CARTESIAN_POINT('',(100.14419264127,-141.0847961412,-0.49));
#9122 = CARTESIAN_POINT('',(109.21536854114,-135.8475502936,-0.49));
#9123 = CARTESIAN_POINT('',(109.26124877371,-135.582084223,-0.49));
#9124 = CARTESIAN_POINT('',(102.44294532829,-127.9116449663,-0.49));
#9125 = ORIENTED_EDGE('',*,*,#9126,.T.);
#9126 = EDGE_CURVE('',#9118,#9127,#9129,.T.);
#9127 = VERTEX_POINT('',#9128);
#9128 = CARTESIAN_POINT('',(102.44294532829,-127.9116449663,1.51));
#9129 = LINE('',#9130,#9131);
#9130 = CARTESIAN_POINT('',(102.44294532829,-127.9116449663,-0.49));
#9131 = VECTOR('',#9132,1.);
#9132 = DIRECTION('',(0.,0.,1.));
#9133 = ORIENTED_EDGE('',*,*,#9134,.T.);
#9134 = EDGE_CURVE('',#9127,#9110,#9135,.T.);
#9135 = B_SPLINE_CURVE_WITH_KNOTS('',3,(#9136,#9137,#9138,#9139),
  .UNSPECIFIED.,.F.,.F.,(4,4),(0.,2.649047649626),
  .PIECEWISE_BEZIER_KNOTS.);
#9136 = CARTESIAN_POINT('',(102.44294532829,-127.9116449663,1.51));
#9137 = CARTESIAN_POINT('',(109.26124877371,-135.582084223,1.51));
#9138 = CARTESIAN_POINT('',(109.21536854114,-135.8475502936,1.51));
#9139 = CARTESIAN_POINT('',(100.14419264127,-141.0847961412,1.51));
#9140 = B_SPLINE_SURFACE_WITH_KNOTS('',3,1,(
    (#9141,#9142)
    ,(#9143,#9144)
    ,(#9145,#9146)
    ,(#9147,#9148
    )),.UNSPECIFIED.,.F.,.F.,.F.,(4,4),(2,2),(0.,1.),(0.,0.5),
  .PIECEWISE_BEZIER_KNOTS.);
#9141 = CARTESIAN_POINT('',(100.14419264127,-141.0847961412,-0.49));
#9142 = CARTESIAN_POINT('',(100.14419264127,-141.0847961412,4.51));
#9143 = CARTESIAN_POINT('',(109.21536854114,-135.8475502936,-0.49));
#9144 = CARTESIAN_POINT('',(109.21536854114,-135.8475502936,4.51));
#9145 = CARTESIAN_POINT('',(109.26124877371,-135.582084223,-0.49));
#9146 = CARTESIAN_POINT('',(109.26124877371,-135.582084223,4.51));
#9147 = CARTESIAN_POINT('',(102.44294532829,-127.9116449663,-0.49));
#9148 = CARTESIAN_POINT('',(102.44294532829,-127.9116449663,4.51));
#9149 = ADVANCED_FACE('',(#9150),#9177,.F.);
#9150 = FACE_BOUND('',#9151,.F.);
#9151 = EDGE_LOOP('',(#9152,#9162,#9169,#9170));
#9152 = ORIENTED_EDGE('',*,*,#9153,.F.);
#9153 = EDGE_CURVE('',#9154,#9156,#9158,.T.);
#9154 = VERTEX_POINT('',#9155);
#9155 = CARTESIAN_POINT('',(89.616207350222,-143.6780477881,-0.49));
#9156 = VERTEX_POINT('',#9157);
#9157 = CARTESIAN_POINT('',(89.616207350222,-143.6780477881,1.51));
#9158 = LINE('',#9159,#9160);
#9159 = CARTESIAN_POINT('',(89.616207350222,-143.6780477881,-0.49));
#9160 = VECTOR('',#9161,1.);
#9161 = DIRECTION('',(0.,0.,1.));
#9162 = ORIENTED_EDGE('',*,*,#9163,.T.);
#9163 = EDGE_CURVE('',#9154,#9108,#9164,.T.);
#9164 = B_SPLINE_CURVE_WITH_KNOTS('',3,(#9165,#9166,#9167,#9168),
  .UNSPECIFIED.,.F.,.F.,(4,4),(0.,1.),.PIECEWISE_BEZIER_KNOTS.);
#9165 = CARTESIAN_POINT('',(89.616207350222,-143.6780477881,-0.49));
#9166 = CARTESIAN_POINT('',(90.861111961812,-146.3746835816,-0.49));
#9167 = CARTESIAN_POINT('',(91.073018640633,-146.3220408924,-0.49));
#9168 = CARTESIAN_POINT('',(100.14419264127,-141.0847961412,-0.49));
#9169 = ORIENTED_EDGE('',*,*,#9107,.T.);
#9170 = ORIENTED_EDGE('',*,*,#9171,.T.);
#9171 = EDGE_CURVE('',#9110,#9156,#9172,.T.);
#9172 = B_SPLINE_CURVE_WITH_KNOTS('',3,(#9173,#9174,#9175,#9176),
  .UNSPECIFIED.,.F.,.F.,(4,4),(0.,3.07044180821),
  .PIECEWISE_BEZIER_KNOTS.);
#9173 = CARTESIAN_POINT('',(100.14419264127,-141.0847961412,1.51));
#9174 = CARTESIAN_POINT('',(91.073018640633,-146.3220408924,1.51));
#9175 = CARTESIAN_POINT('',(90.861111961812,-146.3746835816,1.51));
#9176 = CARTESIAN_POINT('',(89.616207350222,-143.6780477881,1.51));
#9177 = B_SPLINE_SURFACE_WITH_KNOTS('',3,1,(
    (#9178,#9179)
    ,(#9180,#9181)
    ,(#9182,#9183)
    ,(#9184,#9185
    )),.UNSPECIFIED.,.F.,.F.,.F.,(4,4),(2,2),(0.,1.),(0.,0.5),
  .PIECEWISE_BEZIER_KNOTS.);
#9178 = CARTESIAN_POINT('',(89.616207350222,-143.6780477881,-0.49));
#9179 = CARTESIAN_POINT('',(89.616207350222,-143.6780477881,4.51));
#9180 = CARTESIAN_POINT('',(90.861111961812,-146.3746835816,-0.49));
#9181 = CARTESIAN_POINT('',(90.861111961812,-146.3746835816,4.51));
#9182 = CARTESIAN_POINT('',(91.073018640633,-146.3220408924,-0.49));
#9183 = CARTESIAN_POINT('',(91.073018640633,-146.3220408924,4.51));
#9184 = CARTESIAN_POINT('',(100.14419264127,-141.0847961412,-0.49));
#9185 = CARTESIAN_POINT('',(100.14419264127,-141.0847961412,4.51));
#9186 = ADVANCED_FACE('',(#9187),#9214,.F.);
#9187 = FACE_BOUND('',#9188,.F.);
#9188 = EDGE_LOOP('',(#9189,#9199,#9206,#9207));
#9189 = ORIENTED_EDGE('',*,*,#9190,.F.);
#9190 = EDGE_CURVE('',#9191,#9193,#9195,.T.);
#9191 = VERTEX_POINT('',#9192);
#9192 = CARTESIAN_POINT('',(88.059098795218,-138.5262750282,-0.49));
#9193 = VERTEX_POINT('',#9194);
#9194 = CARTESIAN_POINT('',(88.059098795218,-138.5262750282,1.51));
#9195 = LINE('',#9196,#9197);
#9196 = CARTESIAN_POINT('',(88.059098795218,-138.5262750282,-0.49));
#9197 = VECTOR('',#9198,1.);
#9198 = DIRECTION('',(0.,0.,1.));
#9199 = ORIENTED_EDGE('',*,*,#9200,.T.);
#9200 = EDGE_CURVE('',#9191,#9154,#9201,.T.);
#9201 = B_SPLINE_CURVE_WITH_KNOTS('',3,(#9202,#9203,#9204,#9205),
  .UNSPECIFIED.,.F.,.F.,(4,4),(0.,1.),.PIECEWISE_BEZIER_KNOTS.);
#9202 = CARTESIAN_POINT('',(88.059098795218,-138.5262750282,-0.49));
#9203 = CARTESIAN_POINT('',(88.335552285597,-140.8792439015,-0.49));
#9204 = CARTESIAN_POINT('',(88.368814486362,-140.9828479548,-0.49));
#9205 = CARTESIAN_POINT('',(89.616207350222,-143.6780477881,-0.49));
#9206 = ORIENTED_EDGE('',*,*,#9153,.T.);
#9207 = ORIENTED_EDGE('',*,*,#9208,.T.);
#9208 = EDGE_CURVE('',#9156,#9193,#9209,.T.);
#9209 = B_SPLINE_CURVE_WITH_KNOTS('',3,(#9210,#9211,#9212,#9213),
  .UNSPECIFIED.,.F.,.F.,(4,4),(0.,0.891322647457),
  .PIECEWISE_BEZIER_KNOTS.);
#9210 = CARTESIAN_POINT('',(89.616207350222,-143.6780477881,1.51));
#9211 = CARTESIAN_POINT('',(88.368814486362,-140.9828479548,1.51));
#9212 = CARTESIAN_POINT('',(88.335552285597,-140.8792439015,1.51));
#9213 = CARTESIAN_POINT('',(88.059098795218,-138.5262750282,1.51));
#9214 = B_SPLINE_SURFACE_WITH_KNOTS('',3,1,(
    (#9215,#9216)
    ,(#9217,#9218)
    ,(#9219,#9220)
    ,(#9221,#9222
    )),.UNSPECIFIED.,.F.,.F.,.F.,(4,4),(2,2),(0.,1.),(0.,0.5),
  .PIECEWISE_BEZIER_KNOTS.);
#9215 = CARTESIAN_POINT('',(88.059098795218,-138.5262750282,-0.49));
#9216 = CARTESIAN_POINT('',(88.059098795218,-138.5262750282,4.51));
#9217 = CARTESIAN_POINT('',(88.335552285597,-140.8792439015,-0.49));
#9218 = CARTESIAN_POINT('',(88.335552285597,-140.8792439015,4.51));
#9219 = CARTESIAN_POINT('',(88.368814486362,-140.9828479548,-0.49));
#9220 = CARTESIAN_POINT('',(88.368814486362,-140.9828479548,4.51));
#9221 = CARTESIAN_POINT('',(89.616207350222,-143.6780477881,-0.49));
#9222 = CARTESIAN_POINT('',(89.616207350222,-143.6780477881,4.51));
#9223 = ADVANCED_FACE('',(#9224),#9251,.F.);
#9224 = FACE_BOUND('',#9225,.F.);
#9225 = EDGE_LOOP('',(#9226,#9236,#9243,#9244));
#9226 = ORIENTED_EDGE('',*,*,#9227,.F.);
#9227 = EDGE_CURVE('',#9228,#9230,#9232,.T.);
#9228 = VERTEX_POINT('',#9229);
#9229 = CARTESIAN_POINT('',(91.627960229087,-128.1049103544,-0.49));
#9230 = VERTEX_POINT('',#9231);
#9231 = CARTESIAN_POINT('',(91.627960229087,-128.1049103544,1.51));
#9232 = LINE('',#9233,#9234);
#9233 = CARTESIAN_POINT('',(91.627960229087,-128.1049103544,-0.49));
#9234 = VECTOR('',#9235,1.);
#9235 = DIRECTION('',(0.,0.,1.));
#9236 = ORIENTED_EDGE('',*,*,#9237,.T.);
#9237 = EDGE_CURVE('',#9228,#9191,#9238,.T.);
#9238 = B_SPLINE_CURVE_WITH_KNOTS('',3,(#9239,#9240,#9241,#9242),
  .UNSPECIFIED.,.F.,.F.,(4,4),(0.,1.),.PIECEWISE_BEZIER_KNOTS.);
#9239 = CARTESIAN_POINT('',(91.627960229087,-128.1049103544,-0.49));
#9240 = CARTESIAN_POINT('',(87.852678609103,-135.9669160359,-0.49));
#9241 = CARTESIAN_POINT('',(87.780157326698,-136.1747425897,-0.49));
#9242 = CARTESIAN_POINT('',(88.059098795218,-138.5262750282,-0.49));
#9243 = ORIENTED_EDGE('',*,*,#9190,.T.);
#9244 = ORIENTED_EDGE('',*,*,#9245,.T.);
#9245 = EDGE_CURVE('',#9193,#9230,#9246,.T.);
#9246 = B_SPLINE_CURVE_WITH_KNOTS('',3,(#9247,#9248,#9249,#9250),
  .UNSPECIFIED.,.F.,.F.,(4,4),(0.,0.710392253278),
  .PIECEWISE_BEZIER_KNOTS.);
#9247 = CARTESIAN_POINT('',(88.059098795218,-138.5262750282,1.51));
#9248 = CARTESIAN_POINT('',(87.780157326698,-136.1747425897,1.51));
#9249 = CARTESIAN_POINT('',(87.852678609103,-135.9669160359,1.51));
#9250 = CARTESIAN_POINT('',(91.627960229087,-128.1049103544,1.51));
#9251 = B_SPLINE_SURFACE_WITH_KNOTS('',3,1,(
    (#9252,#9253)
    ,(#9254,#9255)
    ,(#9256,#9257)
    ,(#9258,#9259
    )),.UNSPECIFIED.,.F.,.F.,.F.,(4,4),(2,2),(0.,1.),(0.,0.5),
  .PIECEWISE_BEZIER_KNOTS.);
#9252 = CARTESIAN_POINT('',(91.627960229087,-128.1049103544,-0.49));
#9253 = CARTESIAN_POINT('',(91.627960229087,-128.1049103544,4.51));
#9254 = CARTESIAN_POINT('',(87.852678609103,-135.9669160359,-0.49));
#9255 = CARTESIAN_POINT('',(87.852678609103,-135.9669160359,4.51));
#9256 = CARTESIAN_POINT('',(87.780157326698,-136.1747425897,-0.49));
#9257 = CARTESIAN_POINT('',(87.780157326698,-136.1747425897,4.51));
#9258 = CARTESIAN_POINT('',(88.059098795218,-138.5262750282,-0.49));
#9259 = CARTESIAN_POINT('',(88.059098795218,-138.5262750282,4.51));
#9260 = ADVANCED_FACE('',(#9261),#9279,.F.);
#9261 = FACE_BOUND('',#9262,.F.);
#9262 = EDGE_LOOP('',(#9263,#9264,#9271,#9272));
#9263 = ORIENTED_EDGE('',*,*,#9126,.F.);
#9264 = ORIENTED_EDGE('',*,*,#9265,.T.);
#9265 = EDGE_CURVE('',#9118,#9228,#9266,.T.);
#9266 = B_SPLINE_CURVE_WITH_KNOTS('',3,(#9267,#9268,#9269,#9270),
  .UNSPECIFIED.,.F.,.F.,(4,4),(0.,1.),.PIECEWISE_BEZIER_KNOTS.);
#9267 = CARTESIAN_POINT('',(102.44294532829,-127.9116449663,-0.49));
#9268 = CARTESIAN_POINT('',(95.623206045142,-120.2387143797,-0.49));
#9269 = CARTESIAN_POINT('',(95.407168161282,-120.2439551197,-0.49));
#9270 = CARTESIAN_POINT('',(91.627960229087,-128.1049103544,-0.49));
#9271 = ORIENTED_EDGE('',*,*,#9227,.T.);
#9272 = ORIENTED_EDGE('',*,*,#9273,.T.);
#9273 = EDGE_CURVE('',#9230,#9127,#9274,.T.);
#9274 = B_SPLINE_CURVE_WITH_KNOTS('',3,(#9275,#9276,#9277,#9278),
  .UNSPECIFIED.,.F.,.F.,(4,4),(0.,2.706313081686),
  .PIECEWISE_BEZIER_KNOTS.);
#9275 = CARTESIAN_POINT('',(91.627960229087,-128.1049103544,1.51));
#9276 = CARTESIAN_POINT('',(95.407168161282,-120.2439551197,1.51));
#9277 = CARTESIAN_POINT('',(95.623206045142,-120.2387143797,1.51));
#9278 = CARTESIAN_POINT('',(102.44294532829,-127.9116449663,1.51));
#9279 = B_SPLINE_SURFACE_WITH_KNOTS('',3,1,(
    (#9280,#9281)
    ,(#9282,#9283)
    ,(#9284,#9285)
    ,(#9286,#9287
    )),.UNSPECIFIED.,.F.,.F.,.F.,(4,4),(2,2),(0.,1.),(0.,0.5),
  .PIECEWISE_BEZIER_KNOTS.);
#9280 = CARTESIAN_POINT('',(102.44294532829,-127.9116449663,-0.49));
#9281 = CARTESIAN_POINT('',(102.44294532829,-127.9116449663,4.51));
#9282 = CARTESIAN_POINT('',(95.623206045142,-120.2387143797,-0.49));
#9283 = CARTESIAN_POINT('',(95.623206045142,-120.2387143797,4.51));
#9284 = CARTESIAN_POINT('',(95.407168161282,-120.2439551197,-0.49));
#9285 = CARTESIAN_POINT('',(95.407168161282,-120.2439551197,4.51));
#9286 = CARTESIAN_POINT('',(91.627960229087,-128.1049103544,-0.49));
#9287 = CARTESIAN_POINT('',(91.627960229087,-128.1049103544,4.51));
#9288 = ADVANCED_FACE('',(#9289),#9325,.F.);
#9289 = FACE_BOUND('',#9290,.F.);
#9290 = EDGE_LOOP('',(#9291,#9301,#9310,#9318));
#9291 = ORIENTED_EDGE('',*,*,#9292,.F.);
#9292 = EDGE_CURVE('',#9293,#9295,#9297,.T.);
#9293 = VERTEX_POINT('',#9294);
#9294 = CARTESIAN_POINT('',(66.384381587118,-130.4649085546,-0.49));
#9295 = VERTEX_POINT('',#9296);
#9296 = CARTESIAN_POINT('',(66.384381587118,-130.4649085546,1.51));
#9297 = LINE('',#9298,#9299);
#9298 = CARTESIAN_POINT('',(66.384381587118,-130.4649085546,-0.49));
#9299 = VECTOR('',#9300,1.);
#9300 = DIRECTION('',(0.,0.,1.));
#9301 = ORIENTED_EDGE('',*,*,#9302,.T.);
#9302 = EDGE_CURVE('',#9293,#9303,#9305,.T.);
#9303 = VERTEX_POINT('',#9304);
#9304 = CARTESIAN_POINT('',(61.818152924561,-134.2894701332,-0.49));
#9305 = B_SPLINE_CURVE_WITH_KNOTS('',3,(#9306,#9307,#9308,#9309),
  .UNSPECIFIED.,.F.,.F.,(4,4),(0.,1.),.PIECEWISE_BEZIER_KNOTS.);
#9306 = CARTESIAN_POINT('',(66.384381587118,-130.4649085546,-0.49));
#9307 = CARTESIAN_POINT('',(62.364889847029,-132.0055687509,-0.49));
#9308 = CARTESIAN_POINT('',(62.275378069743,-132.0804821904,-0.49));
#9309 = CARTESIAN_POINT('',(61.818152924561,-134.2894701332,-0.49));
#9310 = ORIENTED_EDGE('',*,*,#9311,.T.);
#9311 = EDGE_CURVE('',#9303,#9312,#9314,.T.);
#9312 = VERTEX_POINT('',#9313);
#9313 = CARTESIAN_POINT('',(61.818152924561,-134.2894701332,1.51));
#9314 = LINE('',#9315,#9316);
#9315 = CARTESIAN_POINT('',(61.818152924561,-134.2894701332,-0.49));
#9316 = VECTOR('',#9317,1.);
#9317 = DIRECTION('',(0.,0.,1.));
#9318 = ORIENTED_EDGE('',*,*,#9319,.T.);
#9319 = EDGE_CURVE('',#9312,#9295,#9320,.T.);
#9320 = B_SPLINE_CURVE_WITH_KNOTS('',3,(#9321,#9322,#9323,#9324),
  .UNSPECIFIED.,.F.,.F.,(4,4),(0.,0.676993462447),
  .PIECEWISE_BEZIER_KNOTS.);
#9321 = CARTESIAN_POINT('',(61.818152924561,-134.2894701332,1.51));
#9322 = CARTESIAN_POINT('',(62.275378069743,-132.0804821904,1.51));
#9323 = CARTESIAN_POINT('',(62.364889847029,-132.0055687509,1.51));
#9324 = CARTESIAN_POINT('',(66.384381587118,-130.4649085546,1.51));
#9325 = B_SPLINE_SURFACE_WITH_KNOTS('',3,1,(
    (#9326,#9327)
    ,(#9328,#9329)
    ,(#9330,#9331)
    ,(#9332,#9333
    )),.UNSPECIFIED.,.F.,.F.,.F.,(4,4),(2,2),(0.,1.),(0.,0.5),
  .PIECEWISE_BEZIER_KNOTS.);
#9326 = CARTESIAN_POINT('',(66.384381587118,-130.4649085546,-0.49));
#9327 = CARTESIAN_POINT('',(66.384381587118,-130.4649085546,4.51));
#9328 = CARTESIAN_POINT('',(62.364889847029,-132.0055687509,-0.49));
#9329 = CARTESIAN_POINT('',(62.364889847029,-132.0055687509,4.51));
#9330 = CARTESIAN_POINT('',(62.275378069743,-132.0804821904,-0.49));
#9331 = CARTESIAN_POINT('',(62.275378069743,-132.0804821904,4.51));
#9332 = CARTESIAN_POINT('',(61.818152924561,-134.2894701332,-0.49));
#9333 = CARTESIAN_POINT('',(61.818152924561,-134.2894701332,4.51));
#9334 = ADVANCED_FACE('',(#9335),#9372,.F.);
#9335 = FACE_BOUND('',#9336,.F.);
#9336 = EDGE_LOOP('',(#9337,#9347,#9354,#9355));
#9337 = ORIENTED_EDGE('',*,*,#9338,.F.);
#9338 = EDGE_CURVE('',#9339,#9341,#9343,.T.);
#9339 = VERTEX_POINT('',#9340);
#9340 = CARTESIAN_POINT('',(71.576916488953,-132.6979426849,-0.49));
#9341 = VERTEX_POINT('',#9342);
#9342 = CARTESIAN_POINT('',(71.576916488953,-132.6979426849,1.51));
#9343 = LINE('',#9344,#9345);
#9344 = CARTESIAN_POINT('',(71.576916488953,-132.6979426849,-0.49));
#9345 = VECTOR('',#9346,1.);
#9346 = DIRECTION('',(0.,0.,1.));
#9347 = ORIENTED_EDGE('',*,*,#9348,.T.);
#9348 = EDGE_CURVE('',#9339,#9293,#9349,.T.);
#9349 = B_SPLINE_CURVE_WITH_KNOTS('',3,(#9350,#9351,#9352,#9353),
  .UNSPECIFIED.,.F.,.F.,(4,4),(0.,1.),.PIECEWISE_BEZIER_KNOTS.);
#9350 = CARTESIAN_POINT('',(71.576916488953,-132.6979426849,-0.49));
#9351 = CARTESIAN_POINT('',(70.507118347011,-128.9708517951,-0.49));
#9352 = CARTESIAN_POINT('',(70.402819081991,-128.9281768635,-0.49));
#9353 = CARTESIAN_POINT('',(66.384381587118,-130.4649085546,-0.49));
#9354 = ORIENTED_EDGE('',*,*,#9292,.T.);
#9355 = ORIENTED_EDGE('',*,*,#9356,.T.);
#9356 = EDGE_CURVE('',#9295,#9341,#9357,.T.);
#9357 = B_SPLINE_CURVE_WITH_KNOTS('',3,(#9358,#9359,#9360,#9361,#9362,
    #9363,#9364,#9365,#9366,#9367,#9368,#9369,#9370,#9371),
  .UNSPECIFIED.,.F.,.F.,(4,2,2,2,2,2,4),(0.,0.331349790726,
    0.545719226444,0.667803995458,0.781377496229,0.938512243926,
    1.277061367319),.UNSPECIFIED.);
#9358 = CARTESIAN_POINT('',(66.384381587118,-130.4649085546,1.51));
#9359 = CARTESIAN_POINT('',(67.416018037253,-130.0703899317,1.51));
#9360 = CARTESIAN_POINT('',(68.189760042363,-129.7798974671,1.51));
#9361 = CARTESIAN_POINT('',(69.175697622181,-129.531605989,1.51));
#9362 = CARTESIAN_POINT('',(69.489434280979,-129.4925041979,1.51));
#9363 = CARTESIAN_POINT('',(69.902885654744,-129.5388200344,1.51));
#9364 = CARTESIAN_POINT('',(70.044850777679,-129.5788756,1.51));
#9365 = CARTESIAN_POINT('',(70.300728458583,-129.7200527328,1.51));
#9366 = CARTESIAN_POINT('',(70.405331966455,-129.8108824669,1.51));
#9367 = CARTESIAN_POINT('',(70.624227491561,-130.064176266,1.51));
#9368 = CARTESIAN_POINT('',(70.737897939412,-130.2534256907,1.51));
#9369 = CARTESIAN_POINT('',(71.082838553613,-130.998427435,1.51));
#9370 = CARTESIAN_POINT('',(71.296759019094,-131.7218965387,1.51));
#9371 = CARTESIAN_POINT('',(71.576916488953,-132.6979426849,1.51));
#9372 = B_SPLINE_SURFACE_WITH_KNOTS('',3,1,(
    (#9373,#9374)
    ,(#9375,#9376)
    ,(#9377,#9378)
    ,(#9379,#9380
    )),.UNSPECIFIED.,.F.,.F.,.F.,(4,4),(2,2),(0.,1.),(0.,0.5),
  .PIECEWISE_BEZIER_KNOTS.);
#9373 = CARTESIAN_POINT('',(71.576916488953,-132.6979426849,-0.49));
#9374 = CARTESIAN_POINT('',(71.576916488953,-132.6979426849,4.51));
#9375 = CARTESIAN_POINT('',(70.507118347011,-128.9708517951,-0.49));
#9376 = CARTESIAN_POINT('',(70.507118347011,-128.9708517951,4.51));
#9377 = CARTESIAN_POINT('',(70.402819081991,-128.9281768635,-0.49));
#9378 = CARTESIAN_POINT('',(70.402819081991,-128.9281768635,4.51));
#9379 = CARTESIAN_POINT('',(66.384381587118,-130.4649085546,-0.49));
#9380 = CARTESIAN_POINT('',(66.384381587118,-130.4649085546,4.51));
#9381 = ADVANCED_FACE('',(#9382),#9409,.F.);
#9382 = FACE_BOUND('',#9383,.F.);
#9383 = EDGE_LOOP('',(#9384,#9394,#9401,#9402));
#9384 = ORIENTED_EDGE('',*,*,#9385,.F.);
#9385 = EDGE_CURVE('',#9386,#9388,#9390,.T.);
#9386 = VERTEX_POINT('',#9387);
#9387 = CARTESIAN_POINT('',(69.853010754226,-142.8540300853,-0.49));
#9388 = VERTEX_POINT('',#9389);
#9389 = CARTESIAN_POINT('',(69.853010754226,-142.8540300853,1.51));
#9390 = LINE('',#9391,#9392);
#9391 = CARTESIAN_POINT('',(69.853010754226,-142.8540300853,-0.49));
#9392 = VECTOR('',#9393,1.);
#9393 = DIRECTION('',(0.,0.,1.));
#9394 = ORIENTED_EDGE('',*,*,#9395,.T.);
#9395 = EDGE_CURVE('',#9386,#9339,#9396,.T.);
#9396 = B_SPLINE_CURVE_WITH_KNOTS('',3,(#9397,#9398,#9399,#9400),
  .UNSPECIFIED.,.F.,.F.,(4,4),(0.,1.),.PIECEWISE_BEZIER_KNOTS.);
#9397 = CARTESIAN_POINT('',(69.853010754226,-142.8540300853,-0.49));
#9398 = CARTESIAN_POINT('',(72.612689977027,-136.6305455118,-0.49));
#9399 = CARTESIAN_POINT('',(72.646717332819,-136.4250294825,-0.49));
#9400 = CARTESIAN_POINT('',(71.576916488953,-132.6979426849,-0.49));
#9401 = ORIENTED_EDGE('',*,*,#9338,.T.);
#9402 = ORIENTED_EDGE('',*,*,#9403,.T.);
#9403 = EDGE_CURVE('',#9341,#9388,#9404,.T.);
#9404 = B_SPLINE_CURVE_WITH_KNOTS('',3,(#9405,#9406,#9407,#9408),
  .UNSPECIFIED.,.F.,.F.,(4,4),(0.,1.192196785057),
  .PIECEWISE_BEZIER_KNOTS.);
#9405 = CARTESIAN_POINT('',(71.576916488953,-132.6979426849,1.51));
#9406 = CARTESIAN_POINT('',(72.646717332819,-136.4250294825,1.51));
#9407 = CARTESIAN_POINT('',(72.612689977027,-136.6305455118,1.51));
#9408 = CARTESIAN_POINT('',(69.853010754226,-142.8540300853,1.51));
#9409 = B_SPLINE_SURFACE_WITH_KNOTS('',3,1,(
    (#9410,#9411)
    ,(#9412,#9413)
    ,(#9414,#9415)
    ,(#9416,#9417
    )),.UNSPECIFIED.,.F.,.F.,.F.,(4,4),(2,2),(0.,1.),(0.,0.5),
  .PIECEWISE_BEZIER_KNOTS.);
#9410 = CARTESIAN_POINT('',(69.853010754226,-142.8540300853,-0.49));
#9411 = CARTESIAN_POINT('',(69.853010754226,-142.8540300853,4.51));
#9412 = CARTESIAN_POINT('',(72.612689977027,-136.6305455118,-0.49));
#9413 = CARTESIAN_POINT('',(72.612689977027,-136.6305455118,4.51));
#9414 = CARTESIAN_POINT('',(72.646717332819,-136.4250294825,-0.49));
#9415 = CARTESIAN_POINT('',(72.646717332819,-136.4250294825,4.51));
#9416 = CARTESIAN_POINT('',(71.576916488953,-132.6979426849,-0.49));
#9417 = CARTESIAN_POINT('',(71.576916488953,-132.6979426849,4.51));
#9418 = ADVANCED_FACE('',(#9419),#9446,.F.);
#9419 = FACE_BOUND('',#9420,.F.);
#9420 = EDGE_LOOP('',(#9421,#9431,#9438,#9439));
#9421 = ORIENTED_EDGE('',*,*,#9422,.F.);
#9422 = EDGE_CURVE('',#9423,#9425,#9427,.T.);
#9423 = VERTEX_POINT('',#9424);
#9424 = CARTESIAN_POINT('',(64.511190151899,-148.4108818436,-0.49));
#9425 = VERTEX_POINT('',#9426);
#9426 = CARTESIAN_POINT('',(64.511190151899,-148.4108818436,1.51));
#9427 = LINE('',#9428,#9429);
#9428 = CARTESIAN_POINT('',(64.511190151899,-148.4108818436,-0.49));
#9429 = VECTOR('',#9430,1.);
#9430 = DIRECTION('',(0.,0.,1.));
#9431 = ORIENTED_EDGE('',*,*,#9432,.T.);
#9432 = EDGE_CURVE('',#9423,#9386,#9433,.T.);
#9433 = B_SPLINE_CURVE_WITH_KNOTS('',3,(#9434,#9435,#9436,#9437),
  .UNSPECIFIED.,.F.,.F.,(4,4),(0.,1.),.PIECEWISE_BEZIER_KNOTS.);
#9434 = CARTESIAN_POINT('',(64.511190151899,-148.4108818436,-0.49));
#9435 = CARTESIAN_POINT('',(66.989371841821,-149.1906418019,-0.49));
#9436 = CARTESIAN_POINT('',(67.094769062791,-149.0800045361,-0.49));
#9437 = CARTESIAN_POINT('',(69.853010754226,-142.8540300853,-0.49));
#9438 = ORIENTED_EDGE('',*,*,#9385,.T.);
#9439 = ORIENTED_EDGE('',*,*,#9440,.T.);
#9440 = EDGE_CURVE('',#9388,#9425,#9441,.T.);
#9441 = B_SPLINE_CURVE_WITH_KNOTS('',3,(#9442,#9443,#9444,#9445),
  .UNSPECIFIED.,.F.,.F.,(4,4),(0.,2.07835260381),
  .PIECEWISE_BEZIER_KNOTS.);
#9442 = CARTESIAN_POINT('',(69.853010754226,-142.8540300853,1.51));
#9443 = CARTESIAN_POINT('',(67.094769062791,-149.0800045361,1.51));
#9444 = CARTESIAN_POINT('',(66.989371841821,-149.1906418019,1.51));
#9445 = CARTESIAN_POINT('',(64.511190151899,-148.4108818436,1.51));
#9446 = B_SPLINE_SURFACE_WITH_KNOTS('',3,1,(
    (#9447,#9448)
    ,(#9449,#9450)
    ,(#9451,#9452)
    ,(#9453,#9454
    )),.UNSPECIFIED.,.F.,.F.,.F.,(4,4),(2,2),(0.,1.),(0.,0.5),
  .PIECEWISE_BEZIER_KNOTS.);
#9447 = CARTESIAN_POINT('',(64.511190151899,-148.4108818436,-0.49));
#9448 = CARTESIAN_POINT('',(64.511190151899,-148.4108818436,4.51));
#9449 = CARTESIAN_POINT('',(66.989371841821,-149.1906418019,-0.49));
#9450 = CARTESIAN_POINT('',(66.989371841821,-149.1906418019,4.51));
#9451 = CARTESIAN_POINT('',(67.094769062791,-149.0800045361,-0.49));
#9452 = CARTESIAN_POINT('',(67.094769062791,-149.0800045361,4.51));
#9453 = CARTESIAN_POINT('',(69.853010754226,-142.8540300853,-0.49));
#9454 = CARTESIAN_POINT('',(69.853010754226,-142.8540300853,4.51));
#9455 = ADVANCED_FACE('',(#9456),#9483,.F.);
#9456 = FACE_BOUND('',#9457,.F.);
#9457 = EDGE_LOOP('',(#9458,#9468,#9475,#9476));
#9458 = ORIENTED_EDGE('',*,*,#9459,.F.);
#9459 = EDGE_CURVE('',#9460,#9462,#9464,.T.);
#9460 = VERTEX_POINT('',#9461);
#9461 = CARTESIAN_POINT('',(60.950392172695,-145.7502297278,-0.49));
#9462 = VERTEX_POINT('',#9463);
#9463 = CARTESIAN_POINT('',(60.950392172695,-145.7502297278,1.51));
#9464 = LINE('',#9465,#9466);
#9465 = CARTESIAN_POINT('',(60.950392172695,-145.7502297278,-0.49));
#9466 = VECTOR('',#9467,1.);
#9467 = DIRECTION('',(0.,0.,1.));
#9468 = ORIENTED_EDGE('',*,*,#9469,.T.);
#9469 = EDGE_CURVE('',#9460,#9423,#9470,.T.);
#9470 = B_SPLINE_CURVE_WITH_KNOTS('',3,(#9471,#9472,#9473,#9474),
  .UNSPECIFIED.,.F.,.F.,(4,4),(0.,1.),.PIECEWISE_BEZIER_KNOTS.);
#9471 = CARTESIAN_POINT('',(60.950392172695,-145.7502297278,-0.49));
#9472 = CARTESIAN_POINT('',(61.958966116485,-147.5776152539,-0.49));
#9473 = CARTESIAN_POINT('',(62.030520483836,-147.6325583202,-0.49));
#9474 = CARTESIAN_POINT('',(64.511190151899,-148.4108818436,-0.49));
#9475 = ORIENTED_EDGE('',*,*,#9422,.T.);
#9476 = ORIENTED_EDGE('',*,*,#9477,.T.);
#9477 = EDGE_CURVE('',#9425,#9462,#9478,.T.);
#9478 = B_SPLINE_CURVE_WITH_KNOTS('',3,(#9479,#9480,#9481,#9482),
  .UNSPECIFIED.,.F.,.F.,(4,4),(0.,0.785716679315),
  .PIECEWISE_BEZIER_KNOTS.);
#9479 = CARTESIAN_POINT('',(64.511190151899,-148.4108818436,1.51));
#9480 = CARTESIAN_POINT('',(62.030520483836,-147.6325583202,1.51));
#9481 = CARTESIAN_POINT('',(61.958966116485,-147.5776152539,1.51));
#9482 = CARTESIAN_POINT('',(60.950392172695,-145.7502297278,1.51));
#9483 = B_SPLINE_SURFACE_WITH_KNOTS('',3,1,(
    (#9484,#9485)
    ,(#9486,#9487)
    ,(#9488,#9489)
    ,(#9490,#9491
    )),.UNSPECIFIED.,.F.,.F.,.F.,(4,4),(2,2),(0.,1.),(0.,0.5),
  .PIECEWISE_BEZIER_KNOTS.);
#9484 = CARTESIAN_POINT('',(60.950392172695,-145.7502297278,-0.49));
#9485 = CARTESIAN_POINT('',(60.950392172695,-145.7502297278,4.51));
#9486 = CARTESIAN_POINT('',(61.958966116485,-147.5776152539,-0.49));
#9487 = CARTESIAN_POINT('',(61.958966116485,-147.5776152539,4.51));
#9488 = CARTESIAN_POINT('',(62.030520483836,-147.6325583202,-0.49));
#9489 = CARTESIAN_POINT('',(62.030520483836,-147.6325583202,4.51));
#9490 = CARTESIAN_POINT('',(64.511190151899,-148.4108818436,-0.49));
#9491 = CARTESIAN_POINT('',(64.511190151899,-148.4108818436,4.51));
#9492 = ADVANCED_FACE('',(#9493),#9520,.F.);
#9493 = FACE_BOUND('',#9494,.F.);
#9494 = EDGE_LOOP('',(#9495,#9505,#9512,#9513));
#9495 = ORIENTED_EDGE('',*,*,#9496,.F.);
#9496 = EDGE_CURVE('',#9497,#9499,#9501,.T.);
#9497 = VERTEX_POINT('',#9498);
#9498 = CARTESIAN_POINT('',(60.634808089847,-140.2135745906,-0.49));
#9499 = VERTEX_POINT('',#9500);
#9500 = CARTESIAN_POINT('',(60.634808089847,-140.2135745906,1.51));
#9501 = LINE('',#9502,#9503);
#9502 = CARTESIAN_POINT('',(60.634808089847,-140.2135745906,-0.49));
#9503 = VECTOR('',#9504,1.);
#9504 = DIRECTION('',(0.,0.,1.));
#9505 = ORIENTED_EDGE('',*,*,#9506,.T.);
#9506 = EDGE_CURVE('',#9497,#9460,#9507,.T.);
#9507 = B_SPLINE_CURVE_WITH_KNOTS('',3,(#9508,#9509,#9510,#9511),
  .UNSPECIFIED.,.F.,.F.,(4,4),(0.,1.),.PIECEWISE_BEZIER_KNOTS.);
#9508 = CARTESIAN_POINT('',(60.634808089847,-140.2135745906,-0.49));
#9509 = CARTESIAN_POINT('',(59.933833467074,-143.8112839861,-0.49));
#9510 = CARTESIAN_POINT('',(59.941817680648,-143.9228432522,-0.49));
#9511 = CARTESIAN_POINT('',(60.950392172695,-145.7502297278,-0.49));
#9512 = ORIENTED_EDGE('',*,*,#9459,.T.);
#9513 = ORIENTED_EDGE('',*,*,#9514,.T.);
#9514 = EDGE_CURVE('',#9462,#9499,#9515,.T.);
#9515 = B_SPLINE_CURVE_WITH_KNOTS('',3,(#9516,#9517,#9518,#9519),
  .UNSPECIFIED.,.F.,.F.,(4,4),(0.,0.642141398537),
  .PIECEWISE_BEZIER_KNOTS.);
#9516 = CARTESIAN_POINT('',(60.950392172695,-145.7502297278,1.51));
#9517 = CARTESIAN_POINT('',(59.941817680648,-143.9228432522,1.51));
#9518 = CARTESIAN_POINT('',(59.933833467074,-143.8112839861,1.51));
#9519 = CARTESIAN_POINT('',(60.634808089847,-140.2135745906,1.51));
#9520 = B_SPLINE_SURFACE_WITH_KNOTS('',3,1,(
    (#9521,#9522)
    ,(#9523,#9524)
    ,(#9525,#9526)
    ,(#9527,#9528
    )),.UNSPECIFIED.,.F.,.F.,.F.,(4,4),(2,2),(0.,1.),(0.,0.5),
  .PIECEWISE_BEZIER_KNOTS.);
#9521 = CARTESIAN_POINT('',(60.634808089847,-140.2135745906,-0.49));
#9522 = CARTESIAN_POINT('',(60.634808089847,-140.2135745906,4.51));
#9523 = CARTESIAN_POINT('',(59.933833467074,-143.8112839861,-0.49));
#9524 = CARTESIAN_POINT('',(59.933833467074,-143.8112839861,4.51));
#9525 = CARTESIAN_POINT('',(59.941817680648,-143.9228432522,-0.49));
#9526 = CARTESIAN_POINT('',(59.941817680648,-143.9228432522,4.51));
#9527 = CARTESIAN_POINT('',(60.950392172695,-145.7502297278,-0.49));
#9528 = CARTESIAN_POINT('',(60.950392172695,-145.7502297278,4.51));
#9529 = ADVANCED_FACE('',(#9530),#9550,.F.);
#9530 = FACE_BOUND('',#9531,.F.);
#9531 = EDGE_LOOP('',(#9532,#9533,#9540,#9541));
#9532 = ORIENTED_EDGE('',*,*,#9311,.F.);
#9533 = ORIENTED_EDGE('',*,*,#9534,.T.);
#9534 = EDGE_CURVE('',#9303,#9497,#9535,.T.);
#9535 = B_SPLINE_CURVE_WITH_KNOTS('',3,(#9536,#9537,#9538,#9539),
  .UNSPECIFIED.,.F.,.F.,(4,4),(0.,1.),.PIECEWISE_BEZIER_KNOTS.);
#9536 = CARTESIAN_POINT('',(61.818152924561,-134.2894701332,-0.49));
#9537 = CARTESIAN_POINT('',(61.359490248015,-136.4959681986,-0.49));
#9538 = CARTESIAN_POINT('',(61.335780010696,-136.6158692873,-0.49));
#9539 = CARTESIAN_POINT('',(60.634808089847,-140.2135745906,-0.49));
#9540 = ORIENTED_EDGE('',*,*,#9496,.T.);
#9541 = ORIENTED_EDGE('',*,*,#9542,.T.);
#9542 = EDGE_CURVE('',#9499,#9312,#9543,.T.);
#9543 = B_SPLINE_CURVE_WITH_KNOTS('',3,(#9544,#9545,#9546,#9547,#9548,
    #9549),.UNSPECIFIED.,.F.,.F.,(4,2,4),(0.,7.099973844417E-02,
    0.132701186316),.UNSPECIFIED.);
#9544 = CARTESIAN_POINT('',(60.634808089847,-140.2135745906,1.51));
#9545 = CARTESIAN_POINT('',(60.680068635373,-139.9812769766,1.51));
#9546 = CARTESIAN_POINT('',(61.1123204689,-137.75643255,1.51));
#9547 = CARTESIAN_POINT('',(61.495521797162,-135.8376543543,1.51));
#9548 = CARTESIAN_POINT('',(61.784352461571,-134.4520747226,1.51));
#9549 = CARTESIAN_POINT('',(61.818152924561,-134.2894701332,1.51));
#9550 = B_SPLINE_SURFACE_WITH_KNOTS('',3,1,(
    (#9551,#9552)
    ,(#9553,#9554)
    ,(#9555,#9556)
    ,(#9557,#9558
    )),.UNSPECIFIED.,.F.,.F.,.F.,(4,4),(2,2),(0.,1.),(0.,0.5),
  .PIECEWISE_BEZIER_KNOTS.);
#9551 = CARTESIAN_POINT('',(61.818152924561,-134.2894701332,-0.49));
#9552 = CARTESIAN_POINT('',(61.818152924561,-134.2894701332,4.51));
#9553 = CARTESIAN_POINT('',(61.359490248015,-136.4959681986,-0.49));
#9554 = CARTESIAN_POINT('',(61.359490248015,-136.4959681986,4.51));
#9555 = CARTESIAN_POINT('',(61.335780010696,-136.6158692873,-0.49));
#9556 = CARTESIAN_POINT('',(61.335780010696,-136.6158692873,4.51));
#9557 = CARTESIAN_POINT('',(60.634808089847,-140.2135745906,-0.49));
#9558 = CARTESIAN_POINT('',(60.634808089847,-140.2135745906,4.51));
#9559 = ADVANCED_FACE('',(#9560),#9596,.F.);
#9560 = FACE_BOUND('',#9561,.F.);
#9561 = EDGE_LOOP('',(#9562,#9572,#9581,#9589));
#9562 = ORIENTED_EDGE('',*,*,#9563,.F.);
#9563 = EDGE_CURVE('',#9564,#9566,#9568,.T.);
#9564 = VERTEX_POINT('',#9565);
#9565 = CARTESIAN_POINT('',(57.900697234271,-125.5151154942,-0.49));
#9566 = VERTEX_POINT('',#9567);
#9567 = CARTESIAN_POINT('',(57.900697234271,-125.5151154942,1.51));
#9568 = LINE('',#9569,#9570);
#9569 = CARTESIAN_POINT('',(57.900697234271,-125.5151154942,-0.49));
#9570 = VECTOR('',#9571,1.);
#9571 = DIRECTION('',(0.,0.,1.));
#9572 = ORIENTED_EDGE('',*,*,#9573,.T.);
#9573 = EDGE_CURVE('',#9564,#9574,#9576,.T.);
#9574 = VERTEX_POINT('',#9575);
#9575 = CARTESIAN_POINT('',(66.938985322556,-127.6254888953,-0.49));
#9576 = B_SPLINE_CURVE_WITH_KNOTS('',3,(#9577,#9578,#9579,#9580),
  .UNSPECIFIED.,.F.,.F.,(4,4),(0.,1.),.PIECEWISE_BEZIER_KNOTS.);
#9577 = CARTESIAN_POINT('',(57.900697234271,-125.5151154942,-0.49));
#9578 = CARTESIAN_POINT('',(62.737819379633,-129.1216790197,-0.49));
#9579 = CARTESIAN_POINT('',(62.919493582467,-129.1661490916,-0.49));
#9580 = CARTESIAN_POINT('',(66.938985322556,-127.6254888953,-0.49));
#9581 = ORIENTED_EDGE('',*,*,#9582,.T.);
#9582 = EDGE_CURVE('',#9574,#9583,#9585,.T.);
#9583 = VERTEX_POINT('',#9584);
#9584 = CARTESIAN_POINT('',(66.938985322556,-127.6254888953,1.51));
#9585 = LINE('',#9586,#9587);
#9586 = CARTESIAN_POINT('',(66.938985322556,-127.6254888953,-0.49));
#9587 = VECTOR('',#9588,1.);
#9588 = DIRECTION('',(0.,0.,1.));
#9589 = ORIENTED_EDGE('',*,*,#9590,.T.);
#9590 = EDGE_CURVE('',#9583,#9566,#9591,.T.);
#9591 = B_SPLINE_CURVE_WITH_KNOTS('',3,(#9592,#9593,#9594,#9595),
  .UNSPECIFIED.,.F.,.F.,(4,4),(0.,1.298910569257),
  .PIECEWISE_BEZIER_KNOTS.);
#9592 = CARTESIAN_POINT('',(66.938985322556,-127.6254888953,1.51));
#9593 = CARTESIAN_POINT('',(62.919493582467,-129.1661490916,1.51));
#9594 = CARTESIAN_POINT('',(62.737819379633,-129.1216790197,1.51));
#9595 = CARTESIAN_POINT('',(57.900697234271,-125.5151154942,1.51));
#9596 = B_SPLINE_SURFACE_WITH_KNOTS('',3,1,(
    (#9597,#9598)
    ,(#9599,#9600)
    ,(#9601,#9602)
    ,(#9603,#9604
    )),.UNSPECIFIED.,.F.,.F.,.F.,(4,4),(2,2),(0.,1.),(0.,0.5),
  .PIECEWISE_BEZIER_KNOTS.);
#9597 = CARTESIAN_POINT('',(57.900697234271,-125.5151154942,-0.49));
#9598 = CARTESIAN_POINT('',(57.900697234271,-125.5151154942,4.51));
#9599 = CARTESIAN_POINT('',(62.737819379633,-129.1216790197,-0.49));
#9600 = CARTESIAN_POINT('',(62.737819379633,-129.1216790197,4.51));
#9601 = CARTESIAN_POINT('',(62.919493582467,-129.1661490916,-0.49));
#9602 = CARTESIAN_POINT('',(62.919493582467,-129.1661490916,4.51));
#9603 = CARTESIAN_POINT('',(66.938985322556,-127.6254888953,-0.49));
#9604 = CARTESIAN_POINT('',(66.938985322556,-127.6254888953,4.51));
#9605 = ADVANCED_FACE('',(#9606),#9633,.F.);
#9606 = FACE_BOUND('',#9607,.F.);
#9607 = EDGE_LOOP('',(#9608,#9618,#9625,#9626));
#9608 = ORIENTED_EDGE('',*,*,#9609,.F.);
#9609 = EDGE_CURVE('',#9610,#9612,#9614,.T.);
#9610 = VERTEX_POINT('',#9611);
#9611 = CARTESIAN_POINT('',(64.086157904971,-115.4118952087,-0.49));
#9612 = VERTEX_POINT('',#9613);
#9613 = CARTESIAN_POINT('',(64.086157904971,-115.4118952087,1.51));
#9614 = LINE('',#9615,#9616);
#9615 = CARTESIAN_POINT('',(64.086157904971,-115.4118952087,-0.49));
#9616 = VECTOR('',#9617,1.);
#9617 = DIRECTION('',(0.,0.,1.));
#9618 = ORIENTED_EDGE('',*,*,#9619,.T.);
#9619 = EDGE_CURVE('',#9610,#9564,#9620,.T.);
#9620 = B_SPLINE_CURVE_WITH_KNOTS('',3,(#9621,#9622,#9623,#9624),
  .UNSPECIFIED.,.F.,.F.,(4,4),(0.,1.),.PIECEWISE_BEZIER_KNOTS.);
#9621 = CARTESIAN_POINT('',(64.086157904971,-115.4118952087,-0.49));
#9622 = CARTESIAN_POINT('',(53.187803261294,-121.704063196,-0.49));
#9623 = CARTESIAN_POINT('',(53.066058172095,-121.9071158277,-0.49));
#9624 = CARTESIAN_POINT('',(57.900697234271,-125.5151154942,-0.49));
#9625 = ORIENTED_EDGE('',*,*,#9563,.T.);
#9626 = ORIENTED_EDGE('',*,*,#9627,.T.);
#9627 = EDGE_CURVE('',#9566,#9612,#9628,.T.);
#9628 = B_SPLINE_CURVE_WITH_KNOTS('',3,(#9629,#9630,#9631,#9632),
  .UNSPECIFIED.,.F.,.F.,(4,4),(0.,2.10803864974),
  .PIECEWISE_BEZIER_KNOTS.);
#9629 = CARTESIAN_POINT('',(57.900697234271,-125.5151154942,1.51));
#9630 = CARTESIAN_POINT('',(53.066058172095,-121.9071158277,1.51));
#9631 = CARTESIAN_POINT('',(53.187803261294,-121.704063196,1.51));
#9632 = CARTESIAN_POINT('',(64.086157904971,-115.4118952087,1.51));
#9633 = B_SPLINE_SURFACE_WITH_KNOTS('',3,1,(
    (#9634,#9635)
    ,(#9636,#9637)
    ,(#9638,#9639)
    ,(#9640,#9641
    )),.UNSPECIFIED.,.F.,.F.,.F.,(4,4),(2,2),(0.,1.),(0.,0.5),
  .PIECEWISE_BEZIER_KNOTS.);
#9634 = CARTESIAN_POINT('',(64.086157904971,-115.4118952087,-0.49));
#9635 = CARTESIAN_POINT('',(64.086157904971,-115.4118952087,4.51));
#9636 = CARTESIAN_POINT('',(53.187803261294,-121.704063196,-0.49));
#9637 = CARTESIAN_POINT('',(53.187803261294,-121.704063196,4.51));
#9638 = CARTESIAN_POINT('',(53.066058172095,-121.9071158277,-0.49));
#9639 = CARTESIAN_POINT('',(53.066058172095,-121.9071158277,4.51));
#9640 = CARTESIAN_POINT('',(57.900697234271,-125.5151154942,-0.49));
#9641 = CARTESIAN_POINT('',(57.900697234271,-125.5151154942,4.51));
#9642 = ADVANCED_FACE('',(#9643),#9670,.F.);
#9643 = FACE_BOUND('',#9644,.F.);
#9644 = EDGE_LOOP('',(#9645,#9655,#9662,#9663));
#9645 = ORIENTED_EDGE('',*,*,#9646,.F.);
#9646 = EDGE_CURVE('',#9647,#9649,#9651,.T.);
#9647 = VERTEX_POINT('',#9648);
#9648 = CARTESIAN_POINT('',(76.242507507292,-110.8329791227,-0.49));
#9649 = VERTEX_POINT('',#9650);
#9650 = CARTESIAN_POINT('',(76.242507507292,-110.8329791227,1.51));
#9651 = LINE('',#9652,#9653);
#9652 = CARTESIAN_POINT('',(76.242507507292,-110.8329791227,-0.49));
#9653 = VECTOR('',#9654,1.);
#9654 = DIRECTION('',(0.,0.,1.));
#9655 = ORIENTED_EDGE('',*,*,#9656,.T.);
#9656 = EDGE_CURVE('',#9647,#9610,#9657,.T.);
#9657 = B_SPLINE_CURVE_WITH_KNOTS('',3,(#9658,#9659,#9660,#9661),
  .UNSPECIFIED.,.F.,.F.,(4,4),(0.,1.),.PIECEWISE_BEZIER_KNOTS.);
#9658 = CARTESIAN_POINT('',(76.242507507292,-110.8329791227,-0.49));
#9659 = CARTESIAN_POINT('',(75.22762164119,-109.0291530072,-0.49));
#9660 = CARTESIAN_POINT('',(74.982024570506,-109.1211636563,-0.49));
#9661 = CARTESIAN_POINT('',(64.086157904971,-115.4118952087,-0.49));
#9662 = ORIENTED_EDGE('',*,*,#9609,.T.);
#9663 = ORIENTED_EDGE('',*,*,#9664,.T.);
#9664 = EDGE_CURVE('',#9612,#9649,#9665,.T.);
#9665 = B_SPLINE_CURVE_WITH_KNOTS('',3,(#9666,#9667,#9668,#9669),
  .UNSPECIFIED.,.F.,.F.,(4,4),(0.,3.389045573092),
  .PIECEWISE_BEZIER_KNOTS.);
#9666 = CARTESIAN_POINT('',(64.086157904971,-115.4118952087,1.51));
#9667 = CARTESIAN_POINT('',(74.982024570506,-109.1211636563,1.51));
#9668 = CARTESIAN_POINT('',(75.22762164119,-109.0291530072,1.51));
#9669 = CARTESIAN_POINT('',(76.242507507292,-110.8329791227,1.51));
#9670 = B_SPLINE_SURFACE_WITH_KNOTS('',3,1,(
    (#9671,#9672)
    ,(#9673,#9674)
    ,(#9675,#9676)
    ,(#9677,#9678
    )),.UNSPECIFIED.,.F.,.F.,.F.,(4,4),(2,2),(0.,1.),(0.,0.5),
  .PIECEWISE_BEZIER_KNOTS.);
#9671 = CARTESIAN_POINT('',(76.242507507292,-110.8329791227,-0.49));
#9672 = CARTESIAN_POINT('',(76.242507507292,-110.8329791227,4.51));
#9673 = CARTESIAN_POINT('',(75.22762164119,-109.0291530072,-0.49));
#9674 = CARTESIAN_POINT('',(75.22762164119,-109.0291530072,4.51));
#9675 = CARTESIAN_POINT('',(74.982024570506,-109.1211636563,-0.49));
#9676 = CARTESIAN_POINT('',(74.982024570506,-109.1211636563,4.51));
#9677 = CARTESIAN_POINT('',(64.086157904971,-115.4118952087,-0.49));
#9678 = CARTESIAN_POINT('',(64.086157904971,-115.4118952087,4.51));
#9679 = ADVANCED_FACE('',(#9680),#9707,.F.);
#9680 = FACE_BOUND('',#9681,.F.);
#9681 = EDGE_LOOP('',(#9682,#9692,#9699,#9700));
#9682 = ORIENTED_EDGE('',*,*,#9683,.F.);
#9683 = EDGE_CURVE('',#9684,#9686,#9688,.T.);
#9684 = VERTEX_POINT('',#9685);
#9685 = CARTESIAN_POINT('',(75.377933483537,-117.8841005569,-0.49));
#9686 = VERTEX_POINT('',#9687);
#9687 = CARTESIAN_POINT('',(75.377933483537,-117.8841005569,1.51));
#9688 = LINE('',#9689,#9690);
#9689 = CARTESIAN_POINT('',(75.377933483537,-117.8841005569,-0.49));
#9690 = VECTOR('',#9691,1.);
#9691 = DIRECTION('',(0.,0.,1.));
#9692 = ORIENTED_EDGE('',*,*,#9693,.T.);
#9693 = EDGE_CURVE('',#9684,#9647,#9694,.T.);
#9694 = B_SPLINE_CURVE_WITH_KNOTS('',3,(#9695,#9696,#9697,#9698),
  .UNSPECIFIED.,.F.,.F.,(4,4),(0.,1.),.PIECEWISE_BEZIER_KNOTS.);
#9695 = CARTESIAN_POINT('',(75.377933483537,-117.8841005569,-0.49));
#9696 = CARTESIAN_POINT('',(77.241257877487,-112.7755719033,-0.49));
#9697 = CARTESIAN_POINT('',(77.258448715125,-112.6328786322,-0.49));
#9698 = CARTESIAN_POINT('',(76.242507507292,-110.8329791227,-0.49));
#9699 = ORIENTED_EDGE('',*,*,#9646,.T.);
#9700 = ORIENTED_EDGE('',*,*,#9701,.T.);
#9701 = EDGE_CURVE('',#9649,#9686,#9702,.T.);
#9702 = B_SPLINE_CURVE_WITH_KNOTS('',3,(#9703,#9704,#9705,#9706),
  .UNSPECIFIED.,.F.,.F.,(4,4),(0.,0.61909729537),
  .PIECEWISE_BEZIER_KNOTS.);
#9703 = CARTESIAN_POINT('',(76.242507507292,-110.8329791227,1.51));
#9704 = CARTESIAN_POINT('',(77.258448715125,-112.6328786322,1.51));
#9705 = CARTESIAN_POINT('',(77.241257877487,-112.7755719033,1.51));
#9706 = CARTESIAN_POINT('',(75.377933483537,-117.8841005569,1.51));
#9707 = B_SPLINE_SURFACE_WITH_KNOTS('',3,1,(
    (#9708,#9709)
    ,(#9710,#9711)
    ,(#9712,#9713)
    ,(#9714,#9715
    )),.UNSPECIFIED.,.F.,.F.,.F.,(4,4),(2,2),(0.,1.),(0.,0.5),
  .PIECEWISE_BEZIER_KNOTS.);
#9708 = CARTESIAN_POINT('',(75.377933483537,-117.8841005569,-0.49));
#9709 = CARTESIAN_POINT('',(75.377933483537,-117.8841005569,4.51));
#9710 = CARTESIAN_POINT('',(77.241257877487,-112.7755719033,-0.49));
#9711 = CARTESIAN_POINT('',(77.241257877487,-112.7755719033,4.51));
#9712 = CARTESIAN_POINT('',(77.258448715125,-112.6328786322,-0.49));
#9713 = CARTESIAN_POINT('',(77.258448715125,-112.6328786322,4.51));
#9714 = CARTESIAN_POINT('',(76.242507507292,-110.8329791227,-0.49));
#9715 = CARTESIAN_POINT('',(76.242507507292,-110.8329791227,4.51));
#9716 = ADVANCED_FACE('',(#9717),#9744,.F.);
#9717 = FACE_BOUND('',#9718,.F.);
#9718 = EDGE_LOOP('',(#9719,#9729,#9736,#9737));
#9719 = ORIENTED_EDGE('',*,*,#9720,.F.);
#9720 = EDGE_CURVE('',#9721,#9723,#9725,.T.);
#9721 = VERTEX_POINT('',#9722);
#9722 = CARTESIAN_POINT('',(72.256328649628,-124.5787530848,-0.49));
#9723 = VERTEX_POINT('',#9724);
#9724 = CARTESIAN_POINT('',(72.256328649628,-124.5787530848,1.51));
#9725 = LINE('',#9726,#9727);
#9726 = CARTESIAN_POINT('',(72.256328649628,-124.5787530848,-0.49));
#9727 = VECTOR('',#9728,1.);
#9728 = DIRECTION('',(0.,0.,1.));
#9729 = ORIENTED_EDGE('',*,*,#9730,.T.);
#9730 = EDGE_CURVE('',#9721,#9684,#9731,.T.);
#9731 = B_SPLINE_CURVE_WITH_KNOTS('',3,(#9732,#9733,#9734,#9735),
  .UNSPECIFIED.,.F.,.F.,(4,4),(0.,1.),.PIECEWISE_BEZIER_KNOTS.);
#9732 = CARTESIAN_POINT('',(72.256328649628,-124.5787530848,-0.49));
#9733 = CARTESIAN_POINT('',(73.450686221736,-123.1291099315,-0.49));
#9734 = CARTESIAN_POINT('',(73.512122207961,-122.9940675445,-0.49));
#9735 = CARTESIAN_POINT('',(75.377933483537,-117.8841005569,-0.49));
#9736 = ORIENTED_EDGE('',*,*,#9683,.T.);
#9737 = ORIENTED_EDGE('',*,*,#9738,.T.);
#9738 = EDGE_CURVE('',#9686,#9723,#9739,.T.);
#9739 = B_SPLINE_CURVE_WITH_KNOTS('',3,(#9740,#9741,#9742,#9743),
  .UNSPECIFIED.,.F.,.F.,(4,4),(0.,1.588965051107),
  .PIECEWISE_BEZIER_KNOTS.);
#9740 = CARTESIAN_POINT('',(75.377933483537,-117.8841005569,1.51));
#9741 = CARTESIAN_POINT('',(73.512122207961,-122.9940675445,1.51));
#9742 = CARTESIAN_POINT('',(73.450686221736,-123.1291099315,1.51));
#9743 = CARTESIAN_POINT('',(72.256328649628,-124.5787530848,1.51));
#9744 = B_SPLINE_SURFACE_WITH_KNOTS('',3,1,(
    (#9745,#9746)
    ,(#9747,#9748)
    ,(#9749,#9750)
    ,(#9751,#9752
    )),.UNSPECIFIED.,.F.,.F.,.F.,(4,4),(2,2),(0.,1.),(0.,0.5),
  .PIECEWISE_BEZIER_KNOTS.);
#9745 = CARTESIAN_POINT('',(72.256328649628,-124.5787530848,-0.49));
#9746 = CARTESIAN_POINT('',(72.256328649628,-124.5787530848,4.51));
#9747 = CARTESIAN_POINT('',(73.450686221736,-123.1291099315,-0.49));
#9748 = CARTESIAN_POINT('',(73.450686221736,-123.1291099315,4.51));
#9749 = CARTESIAN_POINT('',(73.512122207961,-122.9940675445,-0.49));
#9750 = CARTESIAN_POINT('',(73.512122207961,-122.9940675445,4.51));
#9751 = CARTESIAN_POINT('',(75.377933483537,-117.8841005569,-0.49));
#9752 = CARTESIAN_POINT('',(75.377933483537,-117.8841005569,4.51));
#9753 = ADVANCED_FACE('',(#9754),#9772,.F.);
#9754 = FACE_BOUND('',#9755,.F.);
#9755 = EDGE_LOOP('',(#9756,#9757,#9764,#9765));
#9756 = ORIENTED_EDGE('',*,*,#9582,.F.);
#9757 = ORIENTED_EDGE('',*,*,#9758,.T.);
#9758 = EDGE_CURVE('',#9574,#9721,#9759,.T.);
#9759 = B_SPLINE_CURVE_WITH_KNOTS('',3,(#9760,#9761,#9762,#9763),
  .UNSPECIFIED.,.F.,.F.,(4,4),(0.,1.),.PIECEWISE_BEZIER_KNOTS.);
#9760 = CARTESIAN_POINT('',(66.938985322556,-127.6254888953,-0.49));
#9761 = CARTESIAN_POINT('',(70.95742281743,-126.0887572042,-0.49));
#9762 = CARTESIAN_POINT('',(71.064462854102,-126.0269576102,-0.49));
#9763 = CARTESIAN_POINT('',(72.256328649628,-124.5787530848,-0.49));
#9764 = ORIENTED_EDGE('',*,*,#9720,.T.);
#9765 = ORIENTED_EDGE('',*,*,#9766,.T.);
#9766 = EDGE_CURVE('',#9723,#9583,#9767,.T.);
#9767 = B_SPLINE_CURVE_WITH_KNOTS('',3,(#9768,#9769,#9770,#9771),
  .UNSPECIFIED.,.F.,.F.,(4,4),(0.,0.562537097478),
  .PIECEWISE_BEZIER_KNOTS.);
#9768 = CARTESIAN_POINT('',(72.256328649628,-124.5787530848,1.51));
#9769 = CARTESIAN_POINT('',(71.064462854102,-126.0269576102,1.51));
#9770 = CARTESIAN_POINT('',(70.95742281743,-126.0887572042,1.51));
#9771 = CARTESIAN_POINT('',(66.938985322556,-127.6254888953,1.51));
#9772 = B_SPLINE_SURFACE_WITH_KNOTS('',3,1,(
    (#9773,#9774)
    ,(#9775,#9776)
    ,(#9777,#9778)
    ,(#9779,#9780
    )),.UNSPECIFIED.,.F.,.F.,.F.,(4,4),(2,2),(0.,1.),(0.,0.5),
  .PIECEWISE_BEZIER_KNOTS.);
#9773 = CARTESIAN_POINT('',(66.938985322556,-127.6254888953,-0.49));
#9774 = CARTESIAN_POINT('',(66.938985322556,-127.6254888953,4.51));
#9775 = CARTESIAN_POINT('',(70.95742281743,-126.0887572042,-0.49));
#9776 = CARTESIAN_POINT('',(70.95742281743,-126.0887572042,4.51));
#9777 = CARTESIAN_POINT('',(71.064462854102,-126.0269576102,-0.49));
#9778 = CARTESIAN_POINT('',(71.064462854102,-126.0269576102,4.51));
#9779 = CARTESIAN_POINT('',(72.256328649628,-124.5787530848,-0.49));
#9780 = CARTESIAN_POINT('',(72.256328649628,-124.5787530848,4.51));
#9781 = ADVANCED_FACE('',(#9782),#9818,.F.);
#9782 = FACE_BOUND('',#9783,.F.);
#9783 = EDGE_LOOP('',(#9784,#9794,#9803,#9811));
#9784 = ORIENTED_EDGE('',*,*,#9785,.F.);
#9785 = EDGE_CURVE('',#9786,#9788,#9790,.T.);
#9786 = VERTEX_POINT('',#9787);
#9787 = CARTESIAN_POINT('',(41.681797614479,-84.00881001096,-0.49));
#9788 = VERTEX_POINT('',#9789);
#9789 = CARTESIAN_POINT('',(41.681797614479,-84.00881001096,1.51));
#9790 = LINE('',#9791,#9792);
#9791 = CARTESIAN_POINT('',(41.681797614479,-84.00881001096,-0.49));
#9792 = VECTOR('',#9793,1.);
#9793 = DIRECTION('',(0.,0.,1.));
#9794 = ORIENTED_EDGE('',*,*,#9795,.T.);
#9795 = EDGE_CURVE('',#9786,#9796,#9798,.T.);
#9796 = VERTEX_POINT('',#9797);
#9797 = CARTESIAN_POINT('',(46.116214139843,-96.58604295672,-0.49));
#9798 = B_SPLINE_CURVE_WITH_KNOTS('',3,(#9799,#9800,#9801,#9802),
  .UNSPECIFIED.,.F.,.F.,(4,4),(-1.,0.),.PIECEWISE_BEZIER_KNOTS.);
#9799 = CARTESIAN_POINT('',(41.681797614479,-84.00881001096,-0.49));
#9800 = CARTESIAN_POINT('',(41.681797614479,-95.93410923581,-0.49));
#9801 = CARTESIAN_POINT('',(41.770697630628,-96.18599308591,-0.49));
#9802 = CARTESIAN_POINT('',(46.116214139843,-96.58604295672,-0.49));
#9803 = ORIENTED_EDGE('',*,*,#9804,.T.);
#9804 = EDGE_CURVE('',#9796,#9805,#9807,.T.);
#9805 = VERTEX_POINT('',#9806);
#9806 = CARTESIAN_POINT('',(46.116214139843,-96.58604295672,1.51));
#9807 = LINE('',#9808,#9809);
#9808 = CARTESIAN_POINT('',(46.116214139843,-96.58604295672,-0.49));
#9809 = VECTOR('',#9810,1.);
#9810 = DIRECTION('',(0.,0.,1.));
#9811 = ORIENTED_EDGE('',*,*,#9812,.T.);
#9812 = EDGE_CURVE('',#9805,#9788,#9813,.T.);
#9813 = B_SPLINE_CURVE_WITH_KNOTS('',3,(#9814,#9815,#9816,#9817),
  .UNSPECIFIED.,.F.,.F.,(4,4),(0.,1.264058327878),
  .PIECEWISE_BEZIER_KNOTS.);
#9814 = CARTESIAN_POINT('',(46.116214139843,-96.58604295672,1.51));
#9815 = CARTESIAN_POINT('',(41.770697630628,-96.18599308591,1.51));
#9816 = CARTESIAN_POINT('',(41.681797614479,-95.93410923581,1.51));
#9817 = CARTESIAN_POINT('',(41.681797614479,-84.00881001096,1.51));
#9818 = B_SPLINE_SURFACE_WITH_KNOTS('',3,1,(
    (#9819,#9820)
    ,(#9821,#9822)
    ,(#9823,#9824)
    ,(#9825,#9826
    )),.UNSPECIFIED.,.F.,.F.,.F.,(4,4),(2,2),(-1.,0.),(0.,0.5),
  .PIECEWISE_BEZIER_KNOTS.);
#9819 = CARTESIAN_POINT('',(41.681797614479,-84.00881001096,-0.49));
#9820 = CARTESIAN_POINT('',(41.681797614479,-84.00881001096,4.51));
#9821 = CARTESIAN_POINT('',(41.681797614479,-95.93410923581,-0.49));
#9822 = CARTESIAN_POINT('',(41.681797614479,-95.93410923581,4.51));
#9823 = CARTESIAN_POINT('',(41.770697630628,-96.18599308591,-0.49));
#9824 = CARTESIAN_POINT('',(41.770697630628,-96.18599308591,4.51));
#9825 = CARTESIAN_POINT('',(46.116214139843,-96.58604295672,-0.49));
#9826 = CARTESIAN_POINT('',(46.116214139843,-96.58604295672,4.51));
#9827 = ADVANCED_FACE('',(#9828),#9855,.F.);
#9828 = FACE_BOUND('',#9829,.F.);
#9829 = EDGE_LOOP('',(#9830,#9840,#9847,#9848));
#9830 = ORIENTED_EDGE('',*,*,#9831,.F.);
#9831 = EDGE_CURVE('',#9832,#9834,#9836,.T.);
#9832 = VERTEX_POINT('',#9833);
#9833 = CARTESIAN_POINT('',(48.152447650814,-76.26180871905,-0.49));
#9834 = VERTEX_POINT('',#9835);
#9835 = CARTESIAN_POINT('',(48.152447650814,-76.26180871905,1.51));
#9836 = LINE('',#9837,#9838);
#9837 = CARTESIAN_POINT('',(48.152447650814,-76.26180871905,-0.49));
#9838 = VECTOR('',#9839,1.);
#9839 = DIRECTION('',(0.,0.,1.));
#9840 = ORIENTED_EDGE('',*,*,#9841,.T.);
#9841 = EDGE_CURVE('',#9832,#9786,#9842,.T.);
#9842 = B_SPLINE_CURVE_WITH_KNOTS('',3,(#9843,#9844,#9845,#9846),
  .UNSPECIFIED.,.F.,.F.,(4,4),(-1.,0.),.PIECEWISE_BEZIER_KNOTS.);
#9843 = CARTESIAN_POINT('',(48.152447650814,-76.26180871905,-0.49));
#9844 = CARTESIAN_POINT('',(41.810914208476,-71.93111052772,-0.49));
#9845 = CARTESIAN_POINT('',(41.681797614479,-72.08562629005,-0.49));
#9846 = CARTESIAN_POINT('',(41.681797614479,-84.00881001096,-0.49));
#9847 = ORIENTED_EDGE('',*,*,#9785,.T.);
#9848 = ORIENTED_EDGE('',*,*,#9849,.T.);
#9849 = EDGE_CURVE('',#9788,#9834,#9850,.T.);
#9850 = B_SPLINE_CURVE_WITH_KNOTS('',3,(#9851,#9852,#9853,#9854),
  .UNSPECIFIED.,.F.,.F.,(4,4),(0.,3.652139023405),
  .PIECEWISE_BEZIER_KNOTS.);
#9851 = CARTESIAN_POINT('',(41.681797614479,-84.00881001096,1.51));
#9852 = CARTESIAN_POINT('',(41.681797614479,-72.08562629005,1.51));
#9853 = CARTESIAN_POINT('',(41.810914208476,-71.93111052772,1.51));
#9854 = CARTESIAN_POINT('',(48.152447650814,-76.26180871905,1.51));
#9855 = B_SPLINE_SURFACE_WITH_KNOTS('',3,1,(
    (#9856,#9857)
    ,(#9858,#9859)
    ,(#9860,#9861)
    ,(#9862,#9863
    )),.UNSPECIFIED.,.F.,.F.,.F.,(4,4),(2,2),(-1.,0.),(0.,0.5),
  .PIECEWISE_BEZIER_KNOTS.);
#9856 = CARTESIAN_POINT('',(48.152447650814,-76.26180871905,-0.49));
#9857 = CARTESIAN_POINT('',(48.152447650814,-76.26180871905,4.51));
#9858 = CARTESIAN_POINT('',(41.810914208476,-71.93111052772,-0.49));
#9859 = CARTESIAN_POINT('',(41.810914208476,-71.93111052772,4.51));
#9860 = CARTESIAN_POINT('',(41.681797614479,-72.08562629005,-0.49));
#9861 = CARTESIAN_POINT('',(41.681797614479,-72.08562629005,4.51));
#9862 = CARTESIAN_POINT('',(41.681797614479,-84.00881001096,-0.49));
#9863 = CARTESIAN_POINT('',(41.681797614479,-84.00881001096,4.51));
#9864 = ADVANCED_FACE('',(#9865),#9892,.F.);
#9865 = FACE_BOUND('',#9866,.F.);
#9866 = EDGE_LOOP('',(#9867,#9877,#9884,#9885));
#9867 = ORIENTED_EDGE('',*,*,#9868,.F.);
#9868 = EDGE_CURVE('',#9869,#9871,#9873,.T.);
#9869 = VERTEX_POINT('',#9870);
#9870 = CARTESIAN_POINT('',(52.584747360135,-88.83904489458,-0.49));
#9871 = VERTEX_POINT('',#9872);
#9872 = CARTESIAN_POINT('',(52.584747360135,-88.83904489458,1.51));
#9873 = LINE('',#9874,#9875);
#9874 = CARTESIAN_POINT('',(52.584747360135,-88.83904489458,-0.49));
#9875 = VECTOR('',#9876,1.);
#9876 = DIRECTION('',(0.,0.,1.));
#9877 = ORIENTED_EDGE('',*,*,#9878,.T.);
#9878 = EDGE_CURVE('',#9869,#9832,#9879,.T.);
#9879 = B_SPLINE_CURVE_WITH_KNOTS('',3,(#9880,#9881,#9882,#9883),
  .UNSPECIFIED.,.F.,.F.,(4,4),(-1.,0.),.PIECEWISE_BEZIER_KNOTS.);
#9880 = CARTESIAN_POINT('',(52.584747360135,-88.83904489458,-0.49));
#9881 = CARTESIAN_POINT('',(54.580764898841,-80.84439399024,-0.49));
#9882 = CARTESIAN_POINT('',(54.491863671526,-80.59251014015,-0.49));
#9883 = CARTESIAN_POINT('',(48.152447650814,-76.26180871905,-0.49));
#9884 = ORIENTED_EDGE('',*,*,#9831,.T.);
#9885 = ORIENTED_EDGE('',*,*,#9886,.T.);
#9886 = EDGE_CURVE('',#9834,#9871,#9887,.T.);
#9887 = B_SPLINE_CURVE_WITH_KNOTS('',3,(#9888,#9889,#9890,#9891),
  .UNSPECIFIED.,.F.,.F.,(4,4),(0.,2.315376294173),
  .PIECEWISE_BEZIER_KNOTS.);
#9888 = CARTESIAN_POINT('',(48.152447650814,-76.26180871905,1.51));
#9889 = CARTESIAN_POINT('',(54.491863671526,-80.59251014015,1.51));
#9890 = CARTESIAN_POINT('',(54.580764898841,-80.84439399024,1.51));
#9891 = CARTESIAN_POINT('',(52.584747360135,-88.83904489458,1.51));
#9892 = B_SPLINE_SURFACE_WITH_KNOTS('',3,1,(
    (#9893,#9894)
    ,(#9895,#9896)
    ,(#9897,#9898)
    ,(#9899,#9900
    )),.UNSPECIFIED.,.F.,.F.,.F.,(4,4),(2,2),(-1.,0.),(0.,0.5),
  .PIECEWISE_BEZIER_KNOTS.);
#9893 = CARTESIAN_POINT('',(52.584747360135,-88.83904489458,-0.49));
#9894 = CARTESIAN_POINT('',(52.584747360135,-88.83904489458,4.51));
#9895 = CARTESIAN_POINT('',(54.580764898841,-80.84439399024,-0.49));
#9896 = CARTESIAN_POINT('',(54.580764898841,-80.84439399024,4.51));
#9897 = CARTESIAN_POINT('',(54.491863671526,-80.59251014015,-0.49));
#9898 = CARTESIAN_POINT('',(54.491863671526,-80.59251014015,4.51));
#9899 = CARTESIAN_POINT('',(48.152447650814,-76.26180871905,-0.49));
#9900 = CARTESIAN_POINT('',(48.152447650814,-76.26180871905,4.51));
#9901 = ADVANCED_FACE('',(#9902),#9920,.F.);
#9902 = FACE_BOUND('',#9903,.F.);
#9903 = EDGE_LOOP('',(#9904,#9905,#9912,#9913));
#9904 = ORIENTED_EDGE('',*,*,#9804,.F.);
#9905 = ORIENTED_EDGE('',*,*,#9906,.T.);
#9906 = EDGE_CURVE('',#9796,#9869,#9907,.T.);
#9907 = B_SPLINE_CURVE_WITH_KNOTS('',3,(#9908,#9909,#9910,#9911),
  .UNSPECIFIED.,.F.,.F.,(4,4),(-1.,0.),.PIECEWISE_BEZIER_KNOTS.);
#9908 = CARTESIAN_POINT('',(46.116214139843,-96.58604295672,-0.49));
#9909 = CARTESIAN_POINT('',(50.46173095185,-96.98820994636,-0.49));
#9910 = CARTESIAN_POINT('',(50.590847747708,-96.83369256914,-0.49));
#9911 = CARTESIAN_POINT('',(52.584747360135,-88.83904489458,-0.49));
#9912 = ORIENTED_EDGE('',*,*,#9868,.T.);
#9913 = ORIENTED_EDGE('',*,*,#9914,.T.);
#9914 = EDGE_CURVE('',#9871,#9805,#9915,.T.);
#9915 = B_SPLINE_CURVE_WITH_KNOTS('',3,(#9916,#9917,#9918,#9919),
  .UNSPECIFIED.,.F.,.F.,(4,4),(0.,2.506426513828),
  .PIECEWISE_BEZIER_KNOTS.);
#9916 = CARTESIAN_POINT('',(52.584747360135,-88.83904489458,1.51));
#9917 = CARTESIAN_POINT('',(50.590847747708,-96.83369256914,1.51));
#9918 = CARTESIAN_POINT('',(50.46173095185,-96.98820994636,1.51));
#9919 = CARTESIAN_POINT('',(46.116214139843,-96.58604295672,1.51));
#9920 = B_SPLINE_SURFACE_WITH_KNOTS('',3,1,(
    (#9921,#9922)
    ,(#9923,#9924)
    ,(#9925,#9926)
    ,(#9927,#9928
    )),.UNSPECIFIED.,.F.,.F.,.F.,(4,4),(2,2),(-1.,0.),(0.,0.5),
  .PIECEWISE_BEZIER_KNOTS.);
#9921 = CARTESIAN_POINT('',(46.116214139843,-96.58604295672,-0.49));
#9922 = CARTESIAN_POINT('',(46.116214139843,-96.58604295672,4.51));
#9923 = CARTESIAN_POINT('',(50.46173095185,-96.98820994636,-0.49));
#9924 = CARTESIAN_POINT('',(50.46173095185,-96.98820994636,4.51));
#9925 = CARTESIAN_POINT('',(50.590847747708,-96.83369256914,-0.49));
#9926 = CARTESIAN_POINT('',(50.590847747708,-96.83369256914,4.51));
#9927 = CARTESIAN_POINT('',(52.584747360135,-88.83904489458,-0.49));
#9928 = CARTESIAN_POINT('',(52.584747360135,-88.83904489458,4.51));
#9929 = ADVANCED_FACE('',(#9930),#9966,.F.);
#9930 = FACE_BOUND('',#9931,.F.);
#9931 = EDGE_LOOP('',(#9932,#9942,#9951,#9959));
#9932 = ORIENTED_EDGE('',*,*,#9933,.F.);
#9933 = EDGE_CURVE('',#9934,#9936,#9938,.T.);
#9934 = VERTEX_POINT('',#9935);
#9935 = CARTESIAN_POINT('',(85.966697973792,-91.86164302131,-0.49));
#9936 = VERTEX_POINT('',#9937);
#9937 = CARTESIAN_POINT('',(85.966697973792,-91.86164302131,1.51));
#9938 = LINE('',#9939,#9940);
#9939 = CARTESIAN_POINT('',(85.966697973792,-91.86164302131,-0.49));
#9940 = VECTOR('',#9941,1.);
#9941 = DIRECTION('',(0.,0.,1.));
#9942 = ORIENTED_EDGE('',*,*,#9943,.T.);
#9943 = EDGE_CURVE('',#9934,#9944,#9946,.T.);
#9944 = VERTEX_POINT('',#9945);
#9945 = CARTESIAN_POINT('',(91.768482082272,-97.13849308591,-0.49));
#9946 = B_SPLINE_CURVE_WITH_KNOTS('',3,(#9947,#9948,#9949,#9950),
  .UNSPECIFIED.,.F.,.F.,(4,4),(-1.,0.),.PIECEWISE_BEZIER_KNOTS.);
#9947 = CARTESIAN_POINT('',(85.966697973792,-91.86164302131,-0.49));
#9948 = CARTESIAN_POINT('',(86.25456476965,-96.72362661303,-0.49));
#9949 = CARTESIAN_POINT('',(86.370982082272,-96.82945994636,-0.49));
#9950 = CARTESIAN_POINT('',(91.768482082272,-97.13849308591,-0.49));
#9951 = ORIENTED_EDGE('',*,*,#9952,.T.);
#9952 = EDGE_CURVE('',#9944,#9953,#9955,.T.);
#9953 = VERTEX_POINT('',#9954);
#9954 = CARTESIAN_POINT('',(91.768482082272,-97.13849308591,1.51));
#9955 = LINE('',#9956,#9957);
#9956 = CARTESIAN_POINT('',(91.768482082272,-97.13849308591,-0.49));
#9957 = VECTOR('',#9958,1.);
#9958 = DIRECTION('',(0.,0.,1.));
#9959 = ORIENTED_EDGE('',*,*,#9960,.T.);
#9960 = EDGE_CURVE('',#9953,#9936,#9961,.T.);
#9961 = B_SPLINE_CURVE_WITH_KNOTS('',3,(#9962,#9963,#9964,#9965),
  .UNSPECIFIED.,.F.,.F.,(4,4),(0.,1.603967491667),
  .PIECEWISE_BEZIER_KNOTS.);
#9962 = CARTESIAN_POINT('',(91.768482082272,-97.13849308591,1.51));
#9963 = CARTESIAN_POINT('',(86.370982082272,-96.82945994636,1.51));
#9964 = CARTESIAN_POINT('',(86.25456476965,-96.72362661303,1.51));
#9965 = CARTESIAN_POINT('',(85.966697973792,-91.86164302131,1.51));
#9966 = B_SPLINE_SURFACE_WITH_KNOTS('',3,1,(
    (#9967,#9968)
    ,(#9969,#9970)
    ,(#9971,#9972)
    ,(#9973,#9974
    )),.UNSPECIFIED.,.F.,.F.,.F.,(4,4),(2,2),(-1.,0.),(0.,0.5),
  .PIECEWISE_BEZIER_KNOTS.);
#9967 = CARTESIAN_POINT('',(85.966697973792,-91.86164302131,-0.49));
#9968 = CARTESIAN_POINT('',(85.966697973792,-91.86164302131,4.51));
#9969 = CARTESIAN_POINT('',(86.25456476965,-96.72362661303,-0.49));
#9970 = CARTESIAN_POINT('',(86.25456476965,-96.72362661303,4.51));
#9971 = CARTESIAN_POINT('',(86.370982082272,-96.82945994636,-0.49));
#9972 = CARTESIAN_POINT('',(86.370982082272,-96.82945994636,4.51));
#9973 = CARTESIAN_POINT('',(91.768482082272,-97.13849308591,-0.49));
#9974 = CARTESIAN_POINT('',(91.768482082272,-97.13849308591,4.51));
#9975 = ADVANCED_FACE('',(#9976),#10003,.F.);
#9976 = FACE_BOUND('',#9977,.F.);
#9977 = EDGE_LOOP('',(#9978,#9988,#9995,#9996));
#9978 = ORIENTED_EDGE('',*,*,#9979,.F.);
#9979 = EDGE_CURVE('',#9980,#9982,#9984,.T.);
#9980 = VERTEX_POINT('',#9981);
#9981 = CARTESIAN_POINT('',(86.798546423499,-86.03869256914,-0.49));
#9982 = VERTEX_POINT('',#9983);
#9983 = CARTESIAN_POINT('',(86.798546423499,-86.03869256914,1.51));
#9984 = LINE('',#9985,#9986);
#9985 = CARTESIAN_POINT('',(86.798546423499,-86.03869256914,-0.49));
#9986 = VECTOR('',#9987,1.);
#9987 = DIRECTION('',(0.,0.,1.));
#9988 = ORIENTED_EDGE('',*,*,#9989,.T.);
#9989 = EDGE_CURVE('',#9980,#9934,#9990,.T.);
#9990 = B_SPLINE_CURVE_WITH_KNOTS('',3,(#9991,#9992,#9993,#9994),
  .UNSPECIFIED.,.F.,.F.,(4,4),(-1.,0.),.PIECEWISE_BEZIER_KNOTS.);
#9991 = CARTESIAN_POINT('',(86.798546423499,-86.03869256914,-0.49));
#9992 = CARTESIAN_POINT('',(85.693646165117,-86.88324373186,-0.49));
#9993 = CARTESIAN_POINT('',(85.676715673987,-86.99966104448,-0.49));
#9994 = CARTESIAN_POINT('',(85.966697973792,-91.86164302131,-0.49));
#9995 = ORIENTED_EDGE('',*,*,#9933,.T.);
#9996 = ORIENTED_EDGE('',*,*,#9997,.T.);
#9997 = EDGE_CURVE('',#9936,#9982,#9998,.T.);
#9998 = B_SPLINE_CURVE_WITH_KNOTS('',3,(#9999,#10000,#10001,#10002),
  .UNSPECIFIED.,.F.,.F.,(4,4),(0.,1.461653305424),
  .PIECEWISE_BEZIER_KNOTS.);
#9999 = CARTESIAN_POINT('',(85.966697973792,-91.86164302131,1.51));
#10000 = CARTESIAN_POINT('',(85.676715673987,-86.99966104448,1.51));
#10001 = CARTESIAN_POINT('',(85.693646165117,-86.88324373186,1.51));
#10002 = CARTESIAN_POINT('',(86.798546423499,-86.03869256914,1.51));
#10003 = B_SPLINE_SURFACE_WITH_KNOTS('',3,1,(
    (#10004,#10005)
    ,(#10006,#10007)
    ,(#10008,#10009)
    ,(#10010,#10011
    )),.UNSPECIFIED.,.F.,.F.,.F.,(4,4),(2,2),(-1.,0.),(0.,0.5),
  .PIECEWISE_BEZIER_KNOTS.);
#10004 = CARTESIAN_POINT('',(86.798546423499,-86.03869256914,-0.49));
#10005 = CARTESIAN_POINT('',(86.798546423499,-86.03869256914,4.51));
#10006 = CARTESIAN_POINT('',(85.693646165117,-86.88324373186,-0.49));
#10007 = CARTESIAN_POINT('',(85.693646165117,-86.88324373186,4.51));
#10008 = CARTESIAN_POINT('',(85.676715673987,-86.99966104448,-0.49));
#10009 = CARTESIAN_POINT('',(85.676715673987,-86.99966104448,4.51));
#10010 = CARTESIAN_POINT('',(85.966697973792,-91.86164302131,-0.49));
#10011 = CARTESIAN_POINT('',(85.966697973792,-91.86164302131,4.51));
#10012 = ADVANCED_FACE('',(#10013),#10040,.F.);
#10013 = FACE_BOUND('',#10014,.F.);
#10014 = EDGE_LOOP('',(#10015,#10025,#10032,#10033));
#10015 = ORIENTED_EDGE('',*,*,#10016,.F.);
#10016 = EDGE_CURVE('',#10017,#10019,#10021,.T.);
#10017 = VERTEX_POINT('',#10018);
#10018 = CARTESIAN_POINT('',(93.032132340654,-88.80729295672,-0.49));
#10019 = VERTEX_POINT('',#10020);
#10020 = CARTESIAN_POINT('',(93.032132340654,-88.80729295672,1.51));
#10021 = LINE('',#10022,#10023);
#10022 = CARTESIAN_POINT('',(93.032132340654,-88.80729295672,-0.49));
#10023 = VECTOR('',#10024,1.);
#10024 = DIRECTION('',(0.,0.,1.));
#10025 = ORIENTED_EDGE('',*,*,#10026,.T.);
#10026 = EDGE_CURVE('',#10017,#9980,#10027,.T.);
#10027 = B_SPLINE_CURVE_WITH_KNOTS('',3,(#10028,#10029,#10030,#10031),
  .UNSPECIFIED.,.F.,.F.,(4,4),(-1.,0.),.PIECEWISE_BEZIER_KNOTS.);
#10028 = CARTESIAN_POINT('',(93.032132340654,-88.80729295672,-0.49));
#10029 = CARTESIAN_POINT('',(88.028332469845,-85.25129231076,-0.49));
#10030 = CARTESIAN_POINT('',(87.903446681881,-85.1941446362,-0.49));
#10031 = CARTESIAN_POINT('',(86.798546423499,-86.03869256914,-0.49));
#10032 = ORIENTED_EDGE('',*,*,#9979,.T.);
#10033 = ORIENTED_EDGE('',*,*,#10034,.T.);
#10034 = EDGE_CURVE('',#9982,#10019,#10035,.T.);
#10035 = B_SPLINE_CURVE_WITH_KNOTS('',3,(#10036,#10037,#10038,#10039),
  .UNSPECIFIED.,.F.,.F.,(4,4),(0.,0.421643519616),
  .PIECEWISE_BEZIER_KNOTS.);
#10036 = CARTESIAN_POINT('',(86.798546423499,-86.03869256914,1.51));
#10037 = CARTESIAN_POINT('',(87.903446681881,-85.1941446362,1.51));
#10038 = CARTESIAN_POINT('',(88.028332469845,-85.25129231076,1.51));
#10039 = CARTESIAN_POINT('',(93.032132340654,-88.80729295672,1.51));
#10040 = B_SPLINE_SURFACE_WITH_KNOTS('',3,1,(
    (#10041,#10042)
    ,(#10043,#10044)
    ,(#10045,#10046)
    ,(#10047,#10048
    )),.UNSPECIFIED.,.F.,.F.,.F.,(4,4),(2,2),(-1.,0.),(0.,0.5),
  .PIECEWISE_BEZIER_KNOTS.);
#10041 = CARTESIAN_POINT('',(93.032132340654,-88.80729295672,-0.49));
#10042 = CARTESIAN_POINT('',(93.032132340654,-88.80729295672,4.51));
#10043 = CARTESIAN_POINT('',(88.028332469845,-85.25129231076,-0.49));
#10044 = CARTESIAN_POINT('',(88.028332469845,-85.25129231076,4.51));
#10045 = CARTESIAN_POINT('',(87.903446681881,-85.1941446362,-0.49));
#10046 = CARTESIAN_POINT('',(87.903446681881,-85.1941446362,4.51));
#10047 = CARTESIAN_POINT('',(86.798546423499,-86.03869256914,-0.49));
#10048 = CARTESIAN_POINT('',(86.798546423499,-86.03869256914,4.51));
#10049 = ADVANCED_FACE('',(#10050),#10077,.F.);
#10050 = FACE_BOUND('',#10051,.F.);
#10051 = EDGE_LOOP('',(#10052,#10062,#10069,#10070));
#10052 = ORIENTED_EDGE('',*,*,#10053,.F.);
#10053 = EDGE_CURVE('',#10054,#10056,#10058,.T.);
#10054 = VERTEX_POINT('',#10055);
#10055 = CARTESIAN_POINT('',(97.707845002397,-94.94562629005,-0.49));
#10056 = VERTEX_POINT('',#10057);
#10057 = CARTESIAN_POINT('',(97.707845002397,-94.94562629005,1.51));
#10058 = LINE('',#10059,#10060);
#10059 = CARTESIAN_POINT('',(97.707845002397,-94.94562629005,-0.49));
#10060 = VECTOR('',#10061,1.);
#10061 = DIRECTION('',(0.,0.,1.));
#10062 = ORIENTED_EDGE('',*,*,#10063,.T.);
#10063 = EDGE_CURVE('',#10054,#10017,#10064,.T.);
#10064 = B_SPLINE_CURVE_WITH_KNOTS('',3,(#10065,#10066,#10067,#10068),
  .UNSPECIFIED.,.F.,.F.,(4,4),(-1.,0.),.PIECEWISE_BEZIER_KNOTS.);
#10065 = CARTESIAN_POINT('',(97.707845002397,-94.94562629005,-0.49));
#10066 = CARTESIAN_POINT('',(98.129066061561,-92.48394353808,-0.49));
#10067 = CARTESIAN_POINT('',(98.035932211463,-92.36117648384,-0.49));
#10068 = CARTESIAN_POINT('',(93.032132340654,-88.80729295672,-0.49));
#10069 = ORIENTED_EDGE('',*,*,#10016,.T.);
#10070 = ORIENTED_EDGE('',*,*,#10071,.T.);
#10071 = EDGE_CURVE('',#10019,#10056,#10072,.T.);
#10072 = B_SPLINE_CURVE_WITH_KNOTS('',3,(#10073,#10074,#10075,#10076),
  .UNSPECIFIED.,.F.,.F.,(4,4),(0.,1.849841484392),
  .PIECEWISE_BEZIER_KNOTS.);
#10073 = CARTESIAN_POINT('',(93.032132340654,-88.80729295672,1.51));
#10074 = CARTESIAN_POINT('',(98.035932211463,-92.36117648384,1.51));
#10075 = CARTESIAN_POINT('',(98.129066061561,-92.48394353808,1.51));
#10076 = CARTESIAN_POINT('',(97.707845002397,-94.94562629005,1.51));
#10077 = B_SPLINE_SURFACE_WITH_KNOTS('',3,1,(
    (#10078,#10079)
    ,(#10080,#10081)
    ,(#10082,#10083)
    ,(#10084,#10085
    )),.UNSPECIFIED.,.F.,.F.,.F.,(4,4),(2,2),(-1.,0.),(0.,0.5),
  .PIECEWISE_BEZIER_KNOTS.);
#10078 = CARTESIAN_POINT('',(97.707845002397,-94.94562629005,-0.49));
#10079 = CARTESIAN_POINT('',(97.707845002397,-94.94562629005,4.51));
#10080 = CARTESIAN_POINT('',(98.129066061561,-92.48394353808,-0.49));
#10081 = CARTESIAN_POINT('',(98.129066061561,-92.48394353808,4.51));
#10082 = CARTESIAN_POINT('',(98.035932211463,-92.36117648384,-0.49));
#10083 = CARTESIAN_POINT('',(98.035932211463,-92.36117648384,4.51));
#10084 = CARTESIAN_POINT('',(93.032132340654,-88.80729295672,-0.49));
#10085 = CARTESIAN_POINT('',(93.032132340654,-88.80729295672,4.51));
#10086 = ADVANCED_FACE('',(#10087),#10105,.F.);
#10087 = FACE_BOUND('',#10088,.F.);
#10088 = EDGE_LOOP('',(#10089,#10090,#10097,#10098));
#10089 = ORIENTED_EDGE('',*,*,#9952,.F.);
#10090 = ORIENTED_EDGE('',*,*,#10091,.T.);
#10091 = EDGE_CURVE('',#9944,#10054,#10092,.T.);
#10092 = B_SPLINE_CURVE_WITH_KNOTS('',3,(#10093,#10094,#10095,#10096),
  .UNSPECIFIED.,.F.,.F.,(4,4),(-1.,0.),.PIECEWISE_BEZIER_KNOTS.);
#10093 = CARTESIAN_POINT('',(91.768482082272,-97.13849308591,-0.49));
#10094 = CARTESIAN_POINT('',(97.165978852495,-97.44964334429,-0.49));
#10095 = CARTESIAN_POINT('',(97.284511669064,-97.40519353808,-0.49));
#10096 = CARTESIAN_POINT('',(97.707845002397,-94.94562629005,-0.49));
#10097 = ORIENTED_EDGE('',*,*,#10053,.T.);
#10098 = ORIENTED_EDGE('',*,*,#10099,.T.);
#10099 = EDGE_CURVE('',#10056,#9953,#10100,.T.);
#10100 = B_SPLINE_CURVE_WITH_KNOTS('',3,(#10101,#10102,#10103,#10104),
  .UNSPECIFIED.,.F.,.F.,(4,4),(0.,0.747480725322),
  .PIECEWISE_BEZIER_KNOTS.);
#10101 = CARTESIAN_POINT('',(97.707845002397,-94.94562629005,1.51));
#10102 = CARTESIAN_POINT('',(97.284511669064,-97.40519353808,1.51));
#10103 = CARTESIAN_POINT('',(97.165978852495,-97.44964334429,1.51));
#10104 = CARTESIAN_POINT('',(91.768482082272,-97.13849308591,1.51));
#10105 = B_SPLINE_SURFACE_WITH_KNOTS('',3,1,(
    (#10106,#10107)
    ,(#10108,#10109)
    ,(#10110,#10111)
    ,(#10112,#10113
    )),.UNSPECIFIED.,.F.,.F.,.F.,(4,4),(2,2),(-1.,0.),(0.,0.5),
  .PIECEWISE_BEZIER_KNOTS.);
#10106 = CARTESIAN_POINT('',(91.768482082272,-97.13849308591,-0.49));
#10107 = CARTESIAN_POINT('',(91.768482082272,-97.13849308591,4.51));
#10108 = CARTESIAN_POINT('',(97.165978852495,-97.44964334429,-0.49));
#10109 = CARTESIAN_POINT('',(97.165978852495,-97.44964334429,4.51));
#10110 = CARTESIAN_POINT('',(97.284511669064,-97.40519353808,-0.49));
#10111 = CARTESIAN_POINT('',(97.284511669064,-97.40519353808,4.51));
#10112 = CARTESIAN_POINT('',(97.707845002397,-94.94562629005,-0.49));
#10113 = CARTESIAN_POINT('',(97.707845002397,-94.94562629005,4.51));
#10114 = ADVANCED_FACE('',(#10115),#10151,.F.);
#10115 = FACE_BOUND('',#10116,.F.);
#10116 = EDGE_LOOP('',(#10117,#10127,#10136,#10144));
#10117 = ORIENTED_EDGE('',*,*,#10118,.F.);
#10118 = EDGE_CURVE('',#10119,#10121,#10123,.T.);
#10119 = VERTEX_POINT('',#10120);
#10120 = CARTESIAN_POINT('',(66.36001360693,-87.9585107861,-0.49));
#10121 = VERTEX_POINT('',#10122);
#10122 = CARTESIAN_POINT('',(66.36001360693,-87.9585107861,1.51));
#10123 = LINE('',#10124,#10125);
#10124 = CARTESIAN_POINT('',(66.36001360693,-87.9585107861,-0.49));
#10125 = VECTOR('',#10126,1.);
#10126 = DIRECTION('',(0.,0.,1.));
#10127 = ORIENTED_EDGE('',*,*,#10128,.T.);
#10128 = EDGE_CURVE('',#10119,#10129,#10131,.T.);
#10129 = VERTEX_POINT('',#10130);
#10130 = CARTESIAN_POINT('',(72.60206476965,-87.64312629005,-0.49));
#10131 = B_SPLINE_CURVE_WITH_KNOTS('',3,(#10132,#10133,#10134,#10135),
  .UNSPECIFIED.,.F.,.F.,(4,4),(-1.,0.),.PIECEWISE_BEZIER_KNOTS.);
#10132 = CARTESIAN_POINT('',(66.36001360693,-87.9585107861,-0.49));
#10133 = CARTESIAN_POINT('',(72.087713090166,-88.22944386105,-0.49));
#10134 = CARTESIAN_POINT('',(72.21259887813,-88.22309411944,-0.49));
#10135 = CARTESIAN_POINT('',(72.60206476965,-87.64312629005,-0.49));
#10136 = ORIENTED_EDGE('',*,*,#10137,.T.);
#10137 = EDGE_CURVE('',#10129,#10138,#10140,.T.);
#10138 = VERTEX_POINT('',#10139);
#10139 = CARTESIAN_POINT('',(72.60206476965,-87.64312629005,1.51));
#10140 = LINE('',#10141,#10142);
#10141 = CARTESIAN_POINT('',(72.60206476965,-87.64312629005,-0.49));
#10142 = VECTOR('',#10143,1.);
#10143 = DIRECTION('',(0.,0.,1.));
#10144 = ORIENTED_EDGE('',*,*,#10145,.T.);
#10145 = EDGE_CURVE('',#10138,#10121,#10146,.T.);
#10146 = B_SPLINE_CURVE_WITH_KNOTS('',3,(#10147,#10148,#10149,#10150),
  .UNSPECIFIED.,.F.,.F.,(4,4),(0.,0.23644950778),
  .PIECEWISE_BEZIER_KNOTS.);
#10147 = CARTESIAN_POINT('',(72.60206476965,-87.64312629005,1.51));
#10148 = CARTESIAN_POINT('',(72.21259887813,-88.22309411944,1.51));
#10149 = CARTESIAN_POINT('',(72.087713090166,-88.22944386105,1.51));
#10150 = CARTESIAN_POINT('',(66.36001360693,-87.9585107861,1.51));
#10151 = B_SPLINE_SURFACE_WITH_KNOTS('',3,1,(
    (#10152,#10153)
    ,(#10154,#10155)
    ,(#10156,#10157)
    ,(#10158,#10159
    )),.UNSPECIFIED.,.F.,.F.,.F.,(4,4),(2,2),(-1.,0.),(0.,0.5),
  .PIECEWISE_BEZIER_KNOTS.);
#10152 = CARTESIAN_POINT('',(66.36001360693,-87.9585107861,-0.49));
#10153 = CARTESIAN_POINT('',(66.36001360693,-87.9585107861,4.51));
#10154 = CARTESIAN_POINT('',(72.087713090166,-88.22944386105,-0.49));
#10155 = CARTESIAN_POINT('',(72.087713090166,-88.22944386105,4.51));
#10156 = CARTESIAN_POINT('',(72.21259887813,-88.22309411944,-0.49));
#10157 = CARTESIAN_POINT('',(72.21259887813,-88.22309411944,4.51));
#10158 = CARTESIAN_POINT('',(72.60206476965,-87.64312629005,-0.49));
#10159 = CARTESIAN_POINT('',(72.60206476965,-87.64312629005,4.51));
#10160 = ADVANCED_FACE('',(#10161),#10188,.F.);
#10161 = FACE_BOUND('',#10162,.F.);
#10162 = EDGE_LOOP('',(#10163,#10173,#10180,#10181));
#10163 = ORIENTED_EDGE('',*,*,#10164,.F.);
#10164 = EDGE_CURVE('',#10165,#10167,#10169,.T.);
#10165 = VERTEX_POINT('',#10166);
#10166 = CARTESIAN_POINT('',(62.558480467383,-84.02150949419,-0.49));
#10167 = VERTEX_POINT('',#10168);
#10168 = CARTESIAN_POINT('',(62.558480467383,-84.02150949419,1.51));
#10169 = LINE('',#10170,#10171);
#10170 = CARTESIAN_POINT('',(62.558480467383,-84.02150949419,-0.49));
#10171 = VECTOR('',#10172,1.);
#10172 = DIRECTION('',(0.,0.,1.));
#10173 = ORIENTED_EDGE('',*,*,#10174,.T.);
#10174 = EDGE_CURVE('',#10165,#10119,#10175,.T.);
#10175 = B_SPLINE_CURVE_WITH_KNOTS('',3,(#10176,#10177,#10178,#10179),
  .UNSPECIFIED.,.F.,.F.,(4,4),(-1.,0.),.PIECEWISE_BEZIER_KNOTS.);
#10176 = CARTESIAN_POINT('',(62.558480467383,-84.02150949419,-0.49));
#10177 = CARTESIAN_POINT('',(60.556113994503,-87.60714334429,-0.49));
#10178 = CARTESIAN_POINT('',(60.632314123694,-87.68757771115,-0.49));
#10179 = CARTESIAN_POINT('',(66.36001360693,-87.9585107861,-0.49));
#10180 = ORIENTED_EDGE('',*,*,#10118,.T.);
#10181 = ORIENTED_EDGE('',*,*,#10182,.T.);
#10182 = EDGE_CURVE('',#10121,#10167,#10183,.T.);
#10183 = B_SPLINE_CURVE_WITH_KNOTS('',3,(#10184,#10185,#10186,#10187),
  .UNSPECIFIED.,.F.,.F.,(4,4),(0.,1.778562183086),
  .PIECEWISE_BEZIER_KNOTS.);
#10184 = CARTESIAN_POINT('',(66.36001360693,-87.9585107861,1.51));
#10185 = CARTESIAN_POINT('',(60.632314123694,-87.68757771115,1.51));
#10186 = CARTESIAN_POINT('',(60.556113994503,-87.60714334429,1.51));
#10187 = CARTESIAN_POINT('',(62.558480467383,-84.02150949419,1.51));
#10188 = B_SPLINE_SURFACE_WITH_KNOTS('',3,1,(
    (#10189,#10190)
    ,(#10191,#10192)
    ,(#10193,#10194)
    ,(#10195,#10196
    )),.UNSPECIFIED.,.F.,.F.,.F.,(4,4),(2,2),(-1.,0.),(0.,0.5),
  .PIECEWISE_BEZIER_KNOTS.);
#10189 = CARTESIAN_POINT('',(62.558480467383,-84.02150949419,-0.49));
#10190 = CARTESIAN_POINT('',(62.558480467383,-84.02150949419,4.51));
#10191 = CARTESIAN_POINT('',(60.556113994503,-87.60714334429,-0.49));
#10192 = CARTESIAN_POINT('',(60.556113994503,-87.60714334429,4.51));
#10193 = CARTESIAN_POINT('',(60.632314123694,-87.68757771115,-0.49));
#10194 = CARTESIAN_POINT('',(60.632314123694,-87.68757771115,4.51));
#10195 = CARTESIAN_POINT('',(66.36001360693,-87.9585107861,-0.49));
#10196 = CARTESIAN_POINT('',(66.36001360693,-87.9585107861,4.51));
#10197 = ADVANCED_FACE('',(#10198),#10225,.F.);
#10198 = FACE_BOUND('',#10199,.F.);
#10199 = EDGE_LOOP('',(#10200,#10210,#10217,#10218));
#10200 = ORIENTED_EDGE('',*,*,#10201,.F.);
#10201 = EDGE_CURVE('',#10202,#10204,#10206,.T.);
#10202 = VERTEX_POINT('',#10203);
#10203 = CARTESIAN_POINT('',(68.800530015215,-83.70612822792,-0.49));
#10204 = VERTEX_POINT('',#10205);
#10205 = CARTESIAN_POINT('',(68.800530015215,-83.70612822792,1.51));
#10206 = LINE('',#10207,#10208);
#10207 = CARTESIAN_POINT('',(68.800530015215,-83.70612822792,-0.49));
#10208 = VECTOR('',#10209,1.);
#10209 = DIRECTION('',(0.,0.,1.));
#10210 = ORIENTED_EDGE('',*,*,#10211,.T.);
#10211 = EDGE_CURVE('',#10202,#10165,#10212,.T.);
#10212 = B_SPLINE_CURVE_WITH_KNOTS('',3,(#10213,#10214,#10215,#10216),
  .UNSPECIFIED.,.F.,.F.,(4,4),(-1.,0.),.PIECEWISE_BEZIER_KNOTS.);
#10213 = CARTESIAN_POINT('',(68.800530015215,-83.70612822792,-0.49));
#10214 = CARTESIAN_POINT('',(64.685731113339,-80.4316446362,-0.49));
#10215 = CARTESIAN_POINT('',(64.560846940263,-80.43799437782,-0.49));
#10216 = CARTESIAN_POINT('',(62.558480467383,-84.02150949419,-0.49));
#10217 = ORIENTED_EDGE('',*,*,#10164,.T.);
#10218 = ORIENTED_EDGE('',*,*,#10219,.T.);
#10219 = EDGE_CURVE('',#10167,#10204,#10220,.T.);
#10220 = B_SPLINE_CURVE_WITH_KNOTS('',3,(#10221,#10222,#10223,#10224),
  .UNSPECIFIED.,.F.,.F.,(4,4),(0.,1.226902026669),
  .PIECEWISE_BEZIER_KNOTS.);
#10221 = CARTESIAN_POINT('',(62.558480467383,-84.02150949419,1.51));
#10222 = CARTESIAN_POINT('',(64.560846940263,-80.43799437782,1.51));
#10223 = CARTESIAN_POINT('',(64.685731113339,-80.4316446362,1.51));
#10224 = CARTESIAN_POINT('',(68.800530015215,-83.70612822792,1.51));
#10225 = B_SPLINE_SURFACE_WITH_KNOTS('',3,1,(
    (#10226,#10227)
    ,(#10228,#10229)
    ,(#10230,#10231)
    ,(#10232,#10233
    )),.UNSPECIFIED.,.F.,.F.,.F.,(4,4),(2,2),(-1.,0.),(0.,0.5),
  .PIECEWISE_BEZIER_KNOTS.);
#10226 = CARTESIAN_POINT('',(68.800530015215,-83.70612822792,-0.49));
#10227 = CARTESIAN_POINT('',(68.800530015215,-83.70612822792,4.51));
#10228 = CARTESIAN_POINT('',(64.685731113339,-80.4316446362,-0.49));
#10229 = CARTESIAN_POINT('',(64.685731113339,-80.4316446362,4.51));
#10230 = CARTESIAN_POINT('',(64.560846940263,-80.43799437782,-0.49));
#10231 = CARTESIAN_POINT('',(64.560846940263,-80.43799437782,4.51));
#10232 = CARTESIAN_POINT('',(62.558480467383,-84.02150949419,-0.49));
#10233 = CARTESIAN_POINT('',(62.558480467383,-84.02150949419,4.51));
#10234 = ADVANCED_FACE('',(#10235),#10261,.F.);
#10235 = FACE_BOUND('',#10236,.F.);
#10236 = EDGE_LOOP('',(#10237,#10238,#10245,#10246));
#10237 = ORIENTED_EDGE('',*,*,#10137,.F.);
#10238 = ORIENTED_EDGE('',*,*,#10239,.T.);
#10239 = EDGE_CURVE('',#10129,#10202,#10240,.T.);
#10240 = B_SPLINE_CURVE_WITH_KNOTS('',3,(#10241,#10242,#10243,#10244),
  .UNSPECIFIED.,.F.,.F.,(4,4),(-1.,0.),.PIECEWISE_BEZIER_KNOTS.);
#10241 = CARTESIAN_POINT('',(72.60206476965,-87.64312629005,-0.49));
#10242 = CARTESIAN_POINT('',(72.99153066117,-87.06104295672,-0.49));
#10243 = CARTESIAN_POINT('',(72.915330531979,-86.98272732358,-0.49));
#10244 = CARTESIAN_POINT('',(68.800530015215,-83.70612822792,-0.49));
#10245 = ORIENTED_EDGE('',*,*,#10201,.T.);
#10246 = ORIENTED_EDGE('',*,*,#10247,.T.);
#10247 = EDGE_CURVE('',#10204,#10138,#10248,.T.);
#10248 = B_SPLINE_CURVE_WITH_KNOTS('',3,(#10249,#10250,#10251,#10252,
    #10253,#10254,#10255,#10256,#10257,#10258,#10259,#10260),
  .UNSPECIFIED.,.F.,.F.,(4,2,2,2,2,4),(0.,0.789668867117,1.030247424271,
    1.185151100722,1.317101154135,1.568003604464),.UNSPECIFIED.);
#10249 = CARTESIAN_POINT('',(68.800530015215,-83.70612822792,1.51));
#10250 = CARTESIAN_POINT('',(70.859671254469,-85.34581411181,1.51));
#10251 = CARTESIAN_POINT('',(71.905637712812,-86.18311221992,1.51));
#10252 = CARTESIAN_POINT('',(72.538082946874,-86.83799608539,1.51));
#10253 = CARTESIAN_POINT('',(72.633512306086,-86.95966549559,1.51));
#10254 = CARTESIAN_POINT('',(72.72521786554,-87.12980120829,1.51));
#10255 = CARTESIAN_POINT('',(72.744460672462,-87.18840210203,1.51));
#10256 = CARTESIAN_POINT('',(72.756527072956,-87.28908668447,1.51));
#10257 = CARTESIAN_POINT('',(72.75299027251,-87.33357842235,1.51));
#10258 = CARTESIAN_POINT('',(72.718104872495,-87.4646770036,1.51));
#10259 = CARTESIAN_POINT('',(72.665979066664,-87.54760201472,1.51));
#10260 = CARTESIAN_POINT('',(72.60206476965,-87.64312629005,1.51));
#10261 = B_SPLINE_SURFACE_WITH_KNOTS('',3,1,(
    (#10262,#10263)
    ,(#10264,#10265)
    ,(#10266,#10267)
    ,(#10268,#10269
    )),.UNSPECIFIED.,.F.,.F.,.F.,(4,4),(2,2),(-1.,0.),(0.,0.5),
  .PIECEWISE_BEZIER_KNOTS.);
#10262 = CARTESIAN_POINT('',(72.60206476965,-87.64312629005,-0.49));
#10263 = CARTESIAN_POINT('',(72.60206476965,-87.64312629005,4.51));
#10264 = CARTESIAN_POINT('',(72.99153066117,-87.06104295672,-0.49));
#10265 = CARTESIAN_POINT('',(72.99153066117,-87.06104295672,4.51));
#10266 = CARTESIAN_POINT('',(72.915330531979,-86.98272732358,-0.49));
#10267 = CARTESIAN_POINT('',(72.915330531979,-86.98272732358,4.51));
#10268 = CARTESIAN_POINT('',(68.800530015215,-83.70612822792,-0.49));
#10269 = CARTESIAN_POINT('',(68.800530015215,-83.70612822792,4.51));
#10270 = ADVANCED_FACE('',(#10271),#10307,.F.);
#10271 = FACE_BOUND('',#10272,.F.);
#10272 = EDGE_LOOP('',(#10273,#10283,#10292,#10300));
#10273 = ORIENTED_EDGE('',*,*,#10274,.F.);
#10274 = EDGE_CURVE('',#10275,#10277,#10279,.T.);
#10275 = VERTEX_POINT('',#10276);
#10276 = CARTESIAN_POINT('',(51.888364640459,-38.176626936,-0.49));
#10277 = VERTEX_POINT('',#10278);
#10278 = CARTESIAN_POINT('',(51.888364640459,-38.176626936,1.51));
#10279 = LINE('',#10280,#10281);
#10280 = CARTESIAN_POINT('',(51.888364640459,-38.176626936,-0.49));
#10281 = VECTOR('',#10282,1.);
#10282 = DIRECTION('',(0.,0.,1.));
#10283 = ORIENTED_EDGE('',*,*,#10284,.T.);
#10284 = EDGE_CURVE('',#10275,#10285,#10287,.T.);
#10285 = VERTEX_POINT('',#10286);
#10286 = CARTESIAN_POINT('',(58.761181565508,-38.09196156125,-0.49));
#10287 = B_SPLINE_CURVE_WITH_KNOTS('',3,(#10288,#10289,#10290,#10291),
  .UNSPECIFIED.,.F.,.F.,(4,4),(-1.,0.),.PIECEWISE_BEZIER_KNOTS.);
#10288 = CARTESIAN_POINT('',(51.888364640459,-38.176626936,-0.49));
#10289 = CARTESIAN_POINT('',(55.558663865312,-38.88359282752,-0.49));
#10290 = CARTESIAN_POINT('',(55.696247521623,-38.88359282752,-0.49));
#10291 = CARTESIAN_POINT('',(58.761181565508,-38.09196156125,-0.49));
#10292 = ORIENTED_EDGE('',*,*,#10293,.T.);
#10293 = EDGE_CURVE('',#10285,#10294,#10296,.T.);
#10294 = VERTEX_POINT('',#10295);
#10295 = CARTESIAN_POINT('',(58.761181565508,-38.09196156125,1.51));
#10296 = LINE('',#10297,#10298);
#10297 = CARTESIAN_POINT('',(58.761181565508,-38.09196156125,-0.49));
#10298 = VECTOR('',#10299,1.);
#10299 = DIRECTION('',(0.,0.,1.));
#10300 = ORIENTED_EDGE('',*,*,#10301,.T.);
#10301 = EDGE_CURVE('',#10294,#10277,#10302,.T.);
#10302 = B_SPLINE_CURVE_WITH_KNOTS('',3,(#10303,#10304,#10305,#10306),
  .UNSPECIFIED.,.F.,.F.,(4,4),(0.,0.94979688412),
  .PIECEWISE_BEZIER_KNOTS.);
#10303 = CARTESIAN_POINT('',(58.761181565508,-38.09196156125,1.51));
#10304 = CARTESIAN_POINT('',(55.696247521623,-38.88359282752,1.51));
#10305 = CARTESIAN_POINT('',(55.558663865312,-38.88359282752,1.51));
#10306 = CARTESIAN_POINT('',(51.888364640459,-38.176626936,1.51));
#10307 = B_SPLINE_SURFACE_WITH_KNOTS('',3,1,(
    (#10308,#10309)
    ,(#10310,#10311)
    ,(#10312,#10313)
    ,(#10314,#10315
    )),.UNSPECIFIED.,.F.,.F.,.F.,(4,4),(2,2),(-1.,0.),(0.,0.5),
  .PIECEWISE_BEZIER_KNOTS.);
#10308 = CARTESIAN_POINT('',(51.888364640459,-38.176626936,-0.49));
#10309 = CARTESIAN_POINT('',(51.888364640459,-38.176626936,4.51));
#10310 = CARTESIAN_POINT('',(55.558663865312,-38.88359282752,-0.49));
#10311 = CARTESIAN_POINT('',(55.558663865312,-38.88359282752,4.51));
#10312 = CARTESIAN_POINT('',(55.696247521623,-38.88359282752,-0.49));
#10313 = CARTESIAN_POINT('',(55.696247521623,-38.88359282752,4.51));
#10314 = CARTESIAN_POINT('',(58.761181565508,-38.09196156125,-0.49));
#10315 = CARTESIAN_POINT('',(58.761181565508,-38.09196156125,4.51));
#10316 = ADVANCED_FACE('',(#10317),#10344,.F.);
#10317 = FACE_BOUND('',#10318,.F.);
#10318 = EDGE_LOOP('',(#10319,#10329,#10336,#10337));
#10319 = ORIENTED_EDGE('',*,*,#10320,.F.);
#10320 = EDGE_CURVE('',#10321,#10323,#10325,.T.);
#10321 = VERTEX_POINT('',#10322);
#10322 = CARTESIAN_POINT('',(48.61811447897,-33.93271285316,-0.49));
#10323 = VERTEX_POINT('',#10324);
#10324 = CARTESIAN_POINT('',(48.61811447897,-33.93271285316,1.51));
#10325 = LINE('',#10326,#10327);
#10326 = CARTESIAN_POINT('',(48.61811447897,-33.93271285316,-0.49));
#10327 = VECTOR('',#10328,1.);
#10328 = DIRECTION('',(0.,0.,1.));
#10329 = ORIENTED_EDGE('',*,*,#10330,.T.);
#10330 = EDGE_CURVE('',#10321,#10275,#10331,.T.);
#10331 = B_SPLINE_CURVE_WITH_KNOTS('',3,(#10332,#10333,#10334,#10335),
  .UNSPECIFIED.,.F.,.F.,(4,4),(-1.,0.),.PIECEWISE_BEZIER_KNOTS.);
#10332 = CARTESIAN_POINT('',(48.61811447897,-33.93271285316,-0.49));
#10333 = CARTESIAN_POINT('',(48.154563962206,-37.382876936,-0.49));
#10334 = CARTESIAN_POINT('',(48.220180919552,-37.46754231076,-0.49));
#10335 = CARTESIAN_POINT('',(51.888364640459,-38.176626936,-0.49));
#10336 = ORIENTED_EDGE('',*,*,#10274,.T.);
#10337 = ORIENTED_EDGE('',*,*,#10338,.T.);
#10338 = EDGE_CURVE('',#10277,#10323,#10339,.T.);
#10339 = B_SPLINE_CURVE_WITH_KNOTS('',3,(#10340,#10341,#10342,#10343),
  .UNSPECIFIED.,.F.,.F.,(4,4),(0.,1.134809637015),
  .PIECEWISE_BEZIER_KNOTS.);
#10340 = CARTESIAN_POINT('',(51.888364640459,-38.176626936,1.51));
#10341 = CARTESIAN_POINT('',(48.220180919552,-37.46754231076,1.51));
#10342 = CARTESIAN_POINT('',(48.154563962206,-37.382876936,1.51));
#10343 = CARTESIAN_POINT('',(48.61811447897,-33.93271285316,1.51));
#10344 = B_SPLINE_SURFACE_WITH_KNOTS('',3,1,(
    (#10345,#10346)
    ,(#10347,#10348)
    ,(#10349,#10350)
    ,(#10351,#10352
    )),.UNSPECIFIED.,.F.,.F.,.F.,(4,4),(2,2),(-1.,0.),(0.,0.5),
  .PIECEWISE_BEZIER_KNOTS.);
#10345 = CARTESIAN_POINT('',(48.61811447897,-33.93271285316,-0.49));
#10346 = CARTESIAN_POINT('',(48.61811447897,-33.93271285316,4.51));
#10347 = CARTESIAN_POINT('',(48.154563962206,-37.382876936,-0.49));
#10348 = CARTESIAN_POINT('',(48.154563962206,-37.382876936,4.51));
#10349 = CARTESIAN_POINT('',(48.220180919552,-37.46754231076,-0.49));
#10350 = CARTESIAN_POINT('',(48.220180919552,-37.46754231076,4.51));
#10351 = CARTESIAN_POINT('',(51.888364640459,-38.176626936,-0.49));
#10352 = CARTESIAN_POINT('',(51.888364640459,-38.176626936,4.51));
#10353 = ADVANCED_FACE('',(#10354),#10381,.F.);
#10354 = FACE_BOUND('',#10355,.F.);
#10355 = EDGE_LOOP('',(#10356,#10366,#10373,#10374));
#10356 = ORIENTED_EDGE('',*,*,#10357,.F.);
#10357 = EDGE_CURVE('',#10358,#10360,#10362,.T.);
#10358 = VERTEX_POINT('',#10359);
#10359 = CARTESIAN_POINT('',(52.273597909197,-28.18807641924,-0.49));
#10360 = VERTEX_POINT('',#10361);
#10361 = CARTESIAN_POINT('',(52.273597909197,-28.18807641924,1.51));
#10362 = LINE('',#10363,#10364);
#10363 = CARTESIAN_POINT('',(52.273597909197,-28.18807641924,-0.49));
#10364 = VECTOR('',#10365,1.);
#10365 = DIRECTION('',(0.,0.,1.));
#10366 = ORIENTED_EDGE('',*,*,#10367,.T.);
#10367 = EDGE_CURVE('',#10358,#10321,#10368,.T.);
#10368 = B_SPLINE_CURVE_WITH_KNOTS('',3,(#10369,#10370,#10371,#10372),
  .UNSPECIFIED.,.F.,.F.,(4,4),(-1.,0.),.PIECEWISE_BEZIER_KNOTS.);
#10369 = CARTESIAN_POINT('',(52.273597909197,-28.18807641924,-0.49));
#10370 = CARTESIAN_POINT('',(49.157864317481,-30.36824050209,-0.49));
#10371 = CARTESIAN_POINT('',(49.083781307125,-30.48254231076,-0.49));
#10372 = CARTESIAN_POINT('',(48.61811447897,-33.93271285316,-0.49));
#10373 = ORIENTED_EDGE('',*,*,#10320,.T.);
#10374 = ORIENTED_EDGE('',*,*,#10375,.T.);
#10375 = EDGE_CURVE('',#10323,#10360,#10376,.T.);
#10376 = B_SPLINE_CURVE_WITH_KNOTS('',3,(#10377,#10378,#10379,#10380),
  .UNSPECIFIED.,.F.,.F.,(4,4),(0.,1.04453299078),
  .PIECEWISE_BEZIER_KNOTS.);
#10377 = CARTESIAN_POINT('',(48.61811447897,-33.93271285316,1.51));
#10378 = CARTESIAN_POINT('',(49.083781307125,-30.48254231076,1.51));
#10379 = CARTESIAN_POINT('',(49.157864317481,-30.36824050209,1.51));
#10380 = CARTESIAN_POINT('',(52.273597909197,-28.18807641924,1.51));
#10381 = B_SPLINE_SURFACE_WITH_KNOTS('',3,1,(
    (#10382,#10383)
    ,(#10384,#10385)
    ,(#10386,#10387)
    ,(#10388,#10389
    )),.UNSPECIFIED.,.F.,.F.,.F.,(4,4),(2,2),(-1.,0.),(0.,0.5),
  .PIECEWISE_BEZIER_KNOTS.);
#10382 = CARTESIAN_POINT('',(52.273597909197,-28.18807641924,-0.49));
#10383 = CARTESIAN_POINT('',(52.273597909197,-28.18807641924,4.51));
#10384 = CARTESIAN_POINT('',(49.157864317481,-30.36824050209,-0.49));
#10385 = CARTESIAN_POINT('',(49.157864317481,-30.36824050209,4.51));
#10386 = CARTESIAN_POINT('',(49.083781307125,-30.48254231076,-0.49));
#10387 = CARTESIAN_POINT('',(49.083781307125,-30.48254231076,4.51));
#10388 = CARTESIAN_POINT('',(48.61811447897,-33.93271285316,-0.49));
#10389 = CARTESIAN_POINT('',(48.61811447897,-33.93271285316,4.51));
#10390 = ADVANCED_FACE('',(#10391),#10418,.F.);
#10391 = FACE_BOUND('',#10392,.F.);
#10392 = EDGE_LOOP('',(#10393,#10403,#10410,#10411));
#10393 = ORIENTED_EDGE('',*,*,#10394,.F.);
#10394 = EDGE_CURVE('',#10395,#10397,#10399,.T.);
#10395 = VERTEX_POINT('',#10396);
#10396 = CARTESIAN_POINT('',(58.672280338192,-31.62554101885,-0.49));
#10397 = VERTEX_POINT('',#10398);
#10398 = CARTESIAN_POINT('',(58.672280338192,-31.62554101885,1.51));
#10399 = LINE('',#10400,#10401);
#10400 = CARTESIAN_POINT('',(58.672280338192,-31.62554101885,-0.49));
#10401 = VECTOR('',#10402,1.);
#10402 = DIRECTION('',(0.,0.,1.));
#10403 = ORIENTED_EDGE('',*,*,#10404,.T.);
#10404 = EDGE_CURVE('',#10395,#10358,#10405,.T.);
#10405 = B_SPLINE_CURVE_WITH_KNOTS('',3,(#10406,#10407,#10408,#10409),
  .UNSPECIFIED.,.F.,.F.,(4,4),(-1.,0.),.PIECEWISE_BEZIER_KNOTS.);
#10406 = CARTESIAN_POINT('',(58.672280338192,-31.62554101885,-0.49));
#10407 = CARTESIAN_POINT('',(55.51844829677,-26.07775949419,-0.49));
#10408 = CARTESIAN_POINT('',(55.391447004859,-26.0079123364,-0.49));
#10409 = CARTESIAN_POINT('',(52.273597909197,-28.18807641924,-0.49));
#10410 = ORIENTED_EDGE('',*,*,#10357,.T.);
#10411 = ORIENTED_EDGE('',*,*,#10412,.T.);
#10412 = EDGE_CURVE('',#10360,#10397,#10413,.T.);
#10413 = B_SPLINE_CURVE_WITH_KNOTS('',3,(#10414,#10415,#10416,#10417),
  .UNSPECIFIED.,.F.,.F.,(4,4),(0.,1.165922082814),
  .PIECEWISE_BEZIER_KNOTS.);
#10414 = CARTESIAN_POINT('',(52.273597909197,-28.18807641924,1.51));
#10415 = CARTESIAN_POINT('',(55.391447004859,-26.0079123364,1.51));
#10416 = CARTESIAN_POINT('',(55.51844829677,-26.07775949419,1.51));
#10417 = CARTESIAN_POINT('',(58.672280338192,-31.62554101885,1.51));
#10418 = B_SPLINE_SURFACE_WITH_KNOTS('',3,1,(
    (#10419,#10420)
    ,(#10421,#10422)
    ,(#10423,#10424)
    ,(#10425,#10426
    )),.UNSPECIFIED.,.F.,.F.,.F.,(4,4),(2,2),(-1.,0.),(0.,0.5),
  .PIECEWISE_BEZIER_KNOTS.);
#10419 = CARTESIAN_POINT('',(58.672280338192,-31.62554101885,-0.49));
#10420 = CARTESIAN_POINT('',(58.672280338192,-31.62554101885,4.51));
#10421 = CARTESIAN_POINT('',(55.51844829677,-26.07775949419,-0.49));
#10422 = CARTESIAN_POINT('',(55.51844829677,-26.07775949419,4.51));
#10423 = CARTESIAN_POINT('',(55.391447004859,-26.0079123364,-0.49));
#10424 = CARTESIAN_POINT('',(55.391447004859,-26.0079123364,4.51));
#10425 = CARTESIAN_POINT('',(52.273597909197,-28.18807641924,-0.49));
#10426 = CARTESIAN_POINT('',(52.273597909197,-28.18807641924,4.51));
#10427 = ADVANCED_FACE('',(#10428),#10446,.F.);
#10428 = FACE_BOUND('',#10429,.F.);
#10429 = EDGE_LOOP('',(#10430,#10431,#10438,#10439));
#10430 = ORIENTED_EDGE('',*,*,#10293,.F.);
#10431 = ORIENTED_EDGE('',*,*,#10432,.T.);
#10432 = EDGE_CURVE('',#10285,#10395,#10433,.T.);
#10433 = B_SPLINE_CURVE_WITH_KNOTS('',3,(#10434,#10435,#10436,#10437),
  .UNSPECIFIED.,.F.,.F.,(4,4),(-1.,0.),.PIECEWISE_BEZIER_KNOTS.);
#10434 = CARTESIAN_POINT('',(58.761181565508,-38.09196156125,-0.49));
#10435 = CARTESIAN_POINT('',(61.826113994503,-37.30244256914,-0.49));
#10436 = CARTESIAN_POINT('',(61.823996875668,-37.17332900306,-0.49));
#10437 = CARTESIAN_POINT('',(58.672280338192,-31.62554101885,-0.49));
#10438 = ORIENTED_EDGE('',*,*,#10394,.T.);
#10439 = ORIENTED_EDGE('',*,*,#10440,.T.);
#10440 = EDGE_CURVE('',#10397,#10294,#10441,.T.);
#10441 = B_SPLINE_CURVE_WITH_KNOTS('',3,(#10442,#10443,#10444,#10445),
  .UNSPECIFIED.,.F.,.F.,(4,4),(0.,1.937798740815),
  .PIECEWISE_BEZIER_KNOTS.);
#10442 = CARTESIAN_POINT('',(58.672280338192,-31.62554101885,1.51));
#10443 = CARTESIAN_POINT('',(61.823996875668,-37.17332900306,1.51));
#10444 = CARTESIAN_POINT('',(61.826113994503,-37.30244256914,1.51));
#10445 = CARTESIAN_POINT('',(58.761181565508,-38.09196156125,1.51));
#10446 = B_SPLINE_SURFACE_WITH_KNOTS('',3,1,(
    (#10447,#10448)
    ,(#10449,#10450)
    ,(#10451,#10452)
    ,(#10453,#10454
    )),.UNSPECIFIED.,.F.,.F.,.F.,(4,4),(2,2),(-1.,0.),(0.,0.5),
  .PIECEWISE_BEZIER_KNOTS.);
#10447 = CARTESIAN_POINT('',(58.761181565508,-38.09196156125,-0.49));
#10448 = CARTESIAN_POINT('',(58.761181565508,-38.09196156125,4.51));
#10449 = CARTESIAN_POINT('',(61.826113994503,-37.30244256914,-0.49));
#10450 = CARTESIAN_POINT('',(61.826113994503,-37.30244256914,4.51));
#10451 = CARTESIAN_POINT('',(61.823996875668,-37.17332900306,-0.49));
#10452 = CARTESIAN_POINT('',(61.823996875668,-37.17332900306,4.51));
#10453 = CARTESIAN_POINT('',(58.672280338192,-31.62554101885,-0.49));
#10454 = CARTESIAN_POINT('',(58.672280338192,-31.62554101885,4.51));
#10455 = ADVANCED_FACE('',(#10456),#10492,.F.);
#10456 = FACE_BOUND('',#10457,.F.);
#10457 = EDGE_LOOP('',(#10458,#10468,#10477,#10485));
#10458 = ORIENTED_EDGE('',*,*,#10459,.F.);
#10459 = EDGE_CURVE('',#10460,#10462,#10464,.T.);
#10460 = VERTEX_POINT('',#10461);
#10461 = CARTESIAN_POINT('',(43.950864236737,-22.71437951983,-0.49));
#10462 = VERTEX_POINT('',#10463);
#10463 = CARTESIAN_POINT('',(43.950864236737,-22.71437951983,1.51));
#10464 = LINE('',#10465,#10466);
#10465 = CARTESIAN_POINT('',(43.950864236737,-22.71437951983,-0.49));
#10466 = VECTOR('',#10467,1.);
#10467 = DIRECTION('',(0.,0.,1.));
#10468 = ORIENTED_EDGE('',*,*,#10469,.T.);
#10469 = EDGE_CURVE('',#10460,#10470,#10472,.T.);
#10470 = VERTEX_POINT('',#10471);
#10471 = CARTESIAN_POINT('',(41.21613093772,-30.556626936,-0.49));
#10472 = B_SPLINE_CURVE_WITH_KNOTS('',3,(#10473,#10474,#10475,#10476),
  .UNSPECIFIED.,.F.,.F.,(4,4),(-1.,0.),.PIECEWISE_BEZIER_KNOTS.);
#10473 = CARTESIAN_POINT('',(43.950864236737,-22.71437951983,-0.49));
#10474 = CARTESIAN_POINT('',(41.271164269034,-22.71437951983,-0.49));
#10475 = CARTESIAN_POINT('',(41.21613093772,-22.8710107861,-0.49));
#10476 = CARTESIAN_POINT('',(41.21613093772,-30.556626936,-0.49));
#10477 = ORIENTED_EDGE('',*,*,#10478,.T.);
#10478 = EDGE_CURVE('',#10470,#10479,#10481,.T.);
#10479 = VERTEX_POINT('',#10480);
#10480 = CARTESIAN_POINT('',(41.21613093772,-30.556626936,1.51));
#10481 = LINE('',#10482,#10483);
#10482 = CARTESIAN_POINT('',(41.21613093772,-30.556626936,-0.49));
#10483 = VECTOR('',#10484,1.);
#10484 = DIRECTION('',(0.,0.,1.));
#10485 = ORIENTED_EDGE('',*,*,#10486,.T.);
#10486 = EDGE_CURVE('',#10479,#10462,#10487,.T.);
#10487 = B_SPLINE_CURVE_WITH_KNOTS('',3,(#10488,#10489,#10490,#10491),
  .UNSPECIFIED.,.F.,.F.,(4,4),(0.,2.303234435131),
  .PIECEWISE_BEZIER_KNOTS.);
#10488 = CARTESIAN_POINT('',(41.21613093772,-30.556626936,1.51));
#10489 = CARTESIAN_POINT('',(41.21613093772,-22.8710107861,1.51));
#10490 = CARTESIAN_POINT('',(41.271164269034,-22.71437951983,1.51));
#10491 = CARTESIAN_POINT('',(43.950864236737,-22.71437951983,1.51));
#10492 = B_SPLINE_SURFACE_WITH_KNOTS('',3,1,(
    (#10493,#10494)
    ,(#10495,#10496)
    ,(#10497,#10498)
    ,(#10499,#10500
    )),.UNSPECIFIED.,.F.,.F.,.F.,(4,4),(2,2),(-1.,0.),(0.,0.5),
  .PIECEWISE_BEZIER_KNOTS.);
#10493 = CARTESIAN_POINT('',(43.950864236737,-22.71437951983,-0.49));
#10494 = CARTESIAN_POINT('',(43.950864236737,-22.71437951983,4.51));
#10495 = CARTESIAN_POINT('',(41.271164269034,-22.71437951983,-0.49));
#10496 = CARTESIAN_POINT('',(41.271164269034,-22.71437951983,4.51));
#10497 = CARTESIAN_POINT('',(41.21613093772,-22.8710107861,-0.49));
#10498 = CARTESIAN_POINT('',(41.21613093772,-22.8710107861,4.51));
#10499 = CARTESIAN_POINT('',(41.21613093772,-30.556626936,-0.49));
#10500 = CARTESIAN_POINT('',(41.21613093772,-30.556626936,4.51));
#10501 = ADVANCED_FACE('',(#10502),#10529,.F.);
#10502 = FACE_BOUND('',#10503,.F.);
#10503 = EDGE_LOOP('',(#10504,#10514,#10521,#10522));
#10504 = ORIENTED_EDGE('',*,*,#10505,.F.);
#10505 = EDGE_CURVE('',#10506,#10508,#10510,.T.);
#10506 = VERTEX_POINT('',#10507);
#10507 = CARTESIAN_POINT('',(47.189364075248,-26.270376936,-0.49));
#10508 = VERTEX_POINT('',#10509);
#10509 = CARTESIAN_POINT('',(47.189364075248,-26.270376936,1.51));
#10510 = LINE('',#10511,#10512);
#10511 = CARTESIAN_POINT('',(47.189364075248,-26.270376936,-0.49));
#10512 = VECTOR('',#10513,1.);
#10513 = DIRECTION('',(0.,0.,1.));
#10514 = ORIENTED_EDGE('',*,*,#10515,.T.);
#10515 = EDGE_CURVE('',#10506,#10460,#10516,.T.);
#10516 = B_SPLINE_CURVE_WITH_KNOTS('',3,(#10517,#10518,#10519,#10520),
  .UNSPECIFIED.,.F.,.F.,(4,4),(-1.,0.),.PIECEWISE_BEZIER_KNOTS.);
#10517 = CARTESIAN_POINT('',(47.189364075248,-26.270376936,-0.49));
#10518 = CARTESIAN_POINT('',(46.694064446672,-22.78422667762,-0.49));
#10519 = CARTESIAN_POINT('',(46.630564204439,-22.71437951983,-0.49));
#10520 = CARTESIAN_POINT('',(43.950864236737,-22.71437951983,-0.49));
#10521 = ORIENTED_EDGE('',*,*,#10459,.T.);
#10522 = ORIENTED_EDGE('',*,*,#10523,.T.);
#10523 = EDGE_CURVE('',#10462,#10508,#10524,.T.);
#10524 = B_SPLINE_CURVE_WITH_KNOTS('',3,(#10525,#10526,#10527,#10528),
  .UNSPECIFIED.,.F.,.F.,(4,4),(0.,0.809272142775),
  .PIECEWISE_BEZIER_KNOTS.);
#10525 = CARTESIAN_POINT('',(43.950864236737,-22.71437951983,1.51));
#10526 = CARTESIAN_POINT('',(46.630564204439,-22.71437951983,1.51));
#10527 = CARTESIAN_POINT('',(46.694064446672,-22.78422667762,1.51));
#10528 = CARTESIAN_POINT('',(47.189364075248,-26.270376936,1.51));
#10529 = B_SPLINE_SURFACE_WITH_KNOTS('',3,1,(
    (#10530,#10531)
    ,(#10532,#10533)
    ,(#10534,#10535)
    ,(#10536,#10537
    )),.UNSPECIFIED.,.F.,.F.,.F.,(4,4),(2,2),(-1.,0.),(0.,0.5),
  .PIECEWISE_BEZIER_KNOTS.);
#10530 = CARTESIAN_POINT('',(47.189364075248,-26.270376936,-0.49));
#10531 = CARTESIAN_POINT('',(47.189364075248,-26.270376936,4.51));
#10532 = CARTESIAN_POINT('',(46.694064446672,-22.78422667762,-0.49));
#10533 = CARTESIAN_POINT('',(46.694064446672,-22.78422667762,4.51));
#10534 = CARTESIAN_POINT('',(46.630564204439,-22.71437951983,-0.49));
#10535 = CARTESIAN_POINT('',(46.630564204439,-22.71437951983,4.51));
#10536 = CARTESIAN_POINT('',(43.950864236737,-22.71437951983,-0.49));
#10537 = CARTESIAN_POINT('',(43.950864236737,-22.71437951983,4.51));
#10538 = ADVANCED_FACE('',(#10539),#10566,.F.);
#10539 = FACE_BOUND('',#10540,.F.);
#10540 = EDGE_LOOP('',(#10541,#10551,#10558,#10559));
#10541 = ORIENTED_EDGE('',*,*,#10542,.F.);
#10542 = EDGE_CURVE('',#10543,#10545,#10547,.T.);
#10543 = VERTEX_POINT('',#10544);
#10544 = CARTESIAN_POINT('',(47.218997683112,-33.3485107861,-0.49));
#10545 = VERTEX_POINT('',#10546);
#10546 = CARTESIAN_POINT('',(47.218997683112,-33.3485107861,1.51));
#10547 = LINE('',#10548,#10549);
#10548 = CARTESIAN_POINT('',(47.218997683112,-33.3485107861,-0.49));
#10549 = VECTOR('',#10550,1.);
#10550 = DIRECTION('',(0.,0.,1.));
#10551 = ORIENTED_EDGE('',*,*,#10552,.T.);
#10552 = EDGE_CURVE('',#10543,#10506,#10553,.T.);
#10553 = B_SPLINE_CURVE_WITH_KNOTS('',3,(#10554,#10555,#10556,#10557),
  .UNSPECIFIED.,.F.,.F.,(4,4),(-1.,0.),.PIECEWISE_BEZIER_KNOTS.);
#10554 = CARTESIAN_POINT('',(47.218997683112,-33.3485107861,-0.49));
#10555 = CARTESIAN_POINT('',(47.684664511268,-29.8983402437,-0.49));
#10556 = CARTESIAN_POINT('',(47.684664511268,-29.75652719439,-0.49));
#10557 = CARTESIAN_POINT('',(47.189364075248,-26.270376936,-0.49));
#10558 = ORIENTED_EDGE('',*,*,#10505,.T.);
#10559 = ORIENTED_EDGE('',*,*,#10560,.T.);
#10560 = EDGE_CURVE('',#10508,#10545,#10561,.T.);
#10561 = B_SPLINE_CURVE_WITH_KNOTS('',3,(#10562,#10563,#10564,#10565),
  .UNSPECIFIED.,.F.,.F.,(4,4),(0.,1.056524280863),
  .PIECEWISE_BEZIER_KNOTS.);
#10562 = CARTESIAN_POINT('',(47.189364075248,-26.270376936,1.51));
#10563 = CARTESIAN_POINT('',(47.684664511268,-29.75652719439,1.51));
#10564 = CARTESIAN_POINT('',(47.684664511268,-29.8983402437,1.51));
#10565 = CARTESIAN_POINT('',(47.218997683112,-33.3485107861,1.51));
#10566 = B_SPLINE_SURFACE_WITH_KNOTS('',3,1,(
    (#10567,#10568)
    ,(#10569,#10570)
    ,(#10571,#10572)
    ,(#10573,#10574
    )),.UNSPECIFIED.,.F.,.F.,.F.,(4,4),(2,2),(-1.,0.),(0.,0.5),
  .PIECEWISE_BEZIER_KNOTS.);
#10567 = CARTESIAN_POINT('',(47.218997683112,-33.3485107861,-0.49));
#10568 = CARTESIAN_POINT('',(47.218997683112,-33.3485107861,4.51));
#10569 = CARTESIAN_POINT('',(47.684664511268,-29.8983402437,-0.49));
#10570 = CARTESIAN_POINT('',(47.684664511268,-29.8983402437,4.51));
#10571 = CARTESIAN_POINT('',(47.684664511268,-29.75652719439,-0.49));
#10572 = CARTESIAN_POINT('',(47.684664511268,-29.75652719439,4.51));
#10573 = CARTESIAN_POINT('',(47.189364075248,-26.270376936,-0.49));
#10574 = CARTESIAN_POINT('',(47.189364075248,-26.270376936,4.51));
#10575 = ADVANCED_FACE('',(#10576),#10603,.F.);
#10576 = FACE_BOUND('',#10577,.F.);
#10577 = EDGE_LOOP('',(#10578,#10588,#10595,#10596));
#10578 = ORIENTED_EDGE('',*,*,#10579,.F.);
#10579 = EDGE_CURVE('',#10580,#10582,#10584,.T.);
#10580 = VERTEX_POINT('',#10581);
#10581 = CARTESIAN_POINT('',(43.98049764274,-37.63264205238,-0.49));
#10582 = VERTEX_POINT('',#10583);
#10583 = CARTESIAN_POINT('',(43.98049764274,-37.63264205238,1.51));
#10584 = LINE('',#10585,#10586);
#10585 = CARTESIAN_POINT('',(43.98049764274,-37.63264205238,-0.49));
#10586 = VECTOR('',#10587,1.);
#10587 = DIRECTION('',(0.,0.,1.));
#10588 = ORIENTED_EDGE('',*,*,#10589,.T.);
#10589 = EDGE_CURVE('',#10580,#10543,#10590,.T.);
#10590 = B_SPLINE_CURVE_WITH_KNOTS('',3,(#10591,#10592,#10593,#10594),
  .UNSPECIFIED.,.F.,.F.,(4,4),(-1.,0.),.PIECEWISE_BEZIER_KNOTS.);
#10591 = CARTESIAN_POINT('',(43.98049764274,-37.63264205238,-0.49));
#10592 = CARTESIAN_POINT('',(46.689831016446,-36.8833402437,-0.49));
#10593 = CARTESIAN_POINT('',(46.753330854957,-36.79656259478,-0.49));
#10594 = CARTESIAN_POINT('',(47.218997683112,-33.3485107861,-0.49));
#10595 = ORIENTED_EDGE('',*,*,#10542,.T.);
#10596 = ORIENTED_EDGE('',*,*,#10597,.T.);
#10597 = EDGE_CURVE('',#10545,#10582,#10598,.T.);
#10598 = B_SPLINE_CURVE_WITH_KNOTS('',3,(#10599,#10600,#10601,#10602),
  .UNSPECIFIED.,.F.,.F.,(4,4),(0.,1.052906581548),
  .PIECEWISE_BEZIER_KNOTS.);
#10599 = CARTESIAN_POINT('',(47.218997683112,-33.3485107861,1.51));
#10600 = CARTESIAN_POINT('',(46.753330854957,-36.79656259478,1.51));
#10601 = CARTESIAN_POINT('',(46.689831016446,-36.8833402437,1.51));
#10602 = CARTESIAN_POINT('',(43.98049764274,-37.63264205238,1.51));
#10603 = B_SPLINE_SURFACE_WITH_KNOTS('',3,1,(
    (#10604,#10605)
    ,(#10606,#10607)
    ,(#10608,#10609)
    ,(#10610,#10611
    )),.UNSPECIFIED.,.F.,.F.,.F.,(4,4),(2,2),(-1.,0.),(0.,0.5),
  .PIECEWISE_BEZIER_KNOTS.);
#10604 = CARTESIAN_POINT('',(43.98049764274,-37.63264205238,-0.49));
#10605 = CARTESIAN_POINT('',(43.98049764274,-37.63264205238,4.51));
#10606 = CARTESIAN_POINT('',(46.689831016446,-36.8833402437,-0.49));
#10607 = CARTESIAN_POINT('',(46.689831016446,-36.8833402437,4.51));
#10608 = CARTESIAN_POINT('',(46.753330854957,-36.79656259478,-0.49));
#10609 = CARTESIAN_POINT('',(46.753330854957,-36.79656259478,4.51));
#10610 = CARTESIAN_POINT('',(47.218997683112,-33.3485107861,-0.49));
#10611 = CARTESIAN_POINT('',(47.218997683112,-33.3485107861,4.51));
#10612 = ADVANCED_FACE('',(#10613),#10631,.F.);
#10613 = FACE_BOUND('',#10614,.F.);
#10614 = EDGE_LOOP('',(#10615,#10616,#10623,#10624));
#10615 = ORIENTED_EDGE('',*,*,#10478,.F.);
#10616 = ORIENTED_EDGE('',*,*,#10617,.T.);
#10617 = EDGE_CURVE('',#10470,#10580,#10618,.T.);
#10618 = B_SPLINE_CURVE_WITH_KNOTS('',3,(#10619,#10620,#10621,#10622),
  .UNSPECIFIED.,.F.,.F.,(4,4),(-1.,0.),.PIECEWISE_BEZIER_KNOTS.);
#10619 = CARTESIAN_POINT('',(41.21613093772,-30.556626936,-0.49));
#10620 = CARTESIAN_POINT('',(41.21613093772,-38.24224308591,-0.49));
#10621 = CARTESIAN_POINT('',(41.271164269034,-38.38406259478,-0.49));
#10622 = CARTESIAN_POINT('',(43.98049764274,-37.63264205238,-0.49));
#10623 = ORIENTED_EDGE('',*,*,#10579,.T.);
#10624 = ORIENTED_EDGE('',*,*,#10625,.T.);
#10625 = EDGE_CURVE('',#10582,#10479,#10626,.T.);
#10626 = B_SPLINE_CURVE_WITH_KNOTS('',3,(#10627,#10628,#10629,#10630),
  .UNSPECIFIED.,.F.,.F.,(4,4),(0.,0.910541282791),
  .PIECEWISE_BEZIER_KNOTS.);
#10627 = CARTESIAN_POINT('',(43.98049764274,-37.63264205238,1.51));
#10628 = CARTESIAN_POINT('',(41.271164269034,-38.38406259478,1.51));
#10629 = CARTESIAN_POINT('',(41.21613093772,-38.24224308591,1.51));
#10630 = CARTESIAN_POINT('',(41.21613093772,-30.556626936,1.51));
#10631 = B_SPLINE_SURFACE_WITH_KNOTS('',3,1,(
    (#10632,#10633)
    ,(#10634,#10635)
    ,(#10636,#10637)
    ,(#10638,#10639
    )),.UNSPECIFIED.,.F.,.F.,.F.,(4,4),(2,2),(-1.,0.),(0.,0.5),
  .PIECEWISE_BEZIER_KNOTS.);
#10632 = CARTESIAN_POINT('',(41.21613093772,-30.556626936,-0.49));
#10633 = CARTESIAN_POINT('',(41.21613093772,-30.556626936,4.51));
#10634 = CARTESIAN_POINT('',(41.21613093772,-38.24224308591,-0.49));
#10635 = CARTESIAN_POINT('',(41.21613093772,-38.24224308591,4.51));
#10636 = CARTESIAN_POINT('',(41.271164269034,-38.38406259478,-0.49));
#10637 = CARTESIAN_POINT('',(41.271164269034,-38.38406259478,4.51));
#10638 = CARTESIAN_POINT('',(43.98049764274,-37.63264205238,-0.49));
#10639 = CARTESIAN_POINT('',(43.98049764274,-37.63264205238,4.51));
#10640 = ADVANCED_FACE('',(#10641),#10677,.F.);
#10641 = FACE_BOUND('',#10642,.F.);
#10642 = EDGE_LOOP('',(#10643,#10653,#10662,#10670));
#10643 = ORIENTED_EDGE('',*,*,#10644,.F.);
#10644 = EDGE_CURVE('',#10645,#10647,#10649,.T.);
#10645 = VERTEX_POINT('',#10646);
#10646 = CARTESIAN_POINT('',(86.112748490556,-50.69035923581,-0.49));
#10647 = VERTEX_POINT('',#10648);
#10648 = CARTESIAN_POINT('',(86.112748490556,-50.69035923581,1.51));
#10649 = LINE('',#10650,#10651);
#10650 = CARTESIAN_POINT('',(86.112748490556,-50.69035923581,-0.49));
#10651 = VECTOR('',#10652,1.);
#10652 = DIRECTION('',(0.,0.,1.));
#10653 = ORIENTED_EDGE('',*,*,#10654,.T.);
#10654 = EDGE_CURVE('',#10645,#10655,#10657,.T.);
#10655 = VERTEX_POINT('',#10656);
#10656 = CARTESIAN_POINT('',(97.195615286414,-55.68146285316,-0.49));
#10657 = B_SPLINE_CURVE_WITH_KNOTS('',3,(#10658,#10659,#10660,#10661),
  .UNSPECIFIED.,.F.,.F.,(4,4),(-1.,0.),.PIECEWISE_BEZIER_KNOTS.);
#10658 = CARTESIAN_POINT('',(86.112748490556,-50.69035923581,-0.49));
#10659 = CARTESIAN_POINT('',(87.541498490556,-56.72285923581,-0.49));
#10660 = CARTESIAN_POINT('',(87.763749136512,-56.82234282753,-0.49));
#10661 = CARTESIAN_POINT('',(97.195615286414,-55.68146285316,-0.49));
#10662 = ORIENTED_EDGE('',*,*,#10663,.T.);
#10663 = EDGE_CURVE('',#10655,#10664,#10666,.T.);
#10664 = VERTEX_POINT('',#10665);
#10665 = CARTESIAN_POINT('',(97.195615286414,-55.68146285316,1.51));
#10666 = LINE('',#10667,#10668);
#10667 = CARTESIAN_POINT('',(97.195615286414,-55.68146285316,-0.49));
#10668 = VECTOR('',#10669,1.);
#10669 = DIRECTION('',(0.,0.,1.));
#10670 = ORIENTED_EDGE('',*,*,#10671,.T.);
#10671 = EDGE_CURVE('',#10664,#10647,#10672,.T.);
#10672 = B_SPLINE_CURVE_WITH_KNOTS('',3,(#10673,#10674,#10675,#10676),
  .UNSPECIFIED.,.F.,.F.,(4,4),(0.,2.850287645299),
  .PIECEWISE_BEZIER_KNOTS.);
#10673 = CARTESIAN_POINT('',(97.195615286414,-55.68146285316,1.51));
#10674 = CARTESIAN_POINT('',(87.763749136512,-56.82234282753,1.51));
#10675 = CARTESIAN_POINT('',(87.541498490556,-56.72285923581,1.51));
#10676 = CARTESIAN_POINT('',(86.112748490556,-50.69035923581,1.51));
#10677 = B_SPLINE_SURFACE_WITH_KNOTS('',3,1,(
    (#10678,#10679)
    ,(#10680,#10681)
    ,(#10682,#10683)
    ,(#10684,#10685
    )),.UNSPECIFIED.,.F.,.F.,.F.,(4,4),(2,2),(-1.,0.),(0.,0.5),
  .PIECEWISE_BEZIER_KNOTS.);
#10678 = CARTESIAN_POINT('',(86.112748490556,-50.69035923581,-0.49));
#10679 = CARTESIAN_POINT('',(86.112748490556,-50.69035923581,4.51));
#10680 = CARTESIAN_POINT('',(87.541498490556,-56.72285923581,-0.49));
#10681 = CARTESIAN_POINT('',(87.541498490556,-56.72285923581,4.51));
#10682 = CARTESIAN_POINT('',(87.763749136512,-56.82234282753,-0.49));
#10683 = CARTESIAN_POINT('',(87.763749136512,-56.82234282753,4.51));
#10684 = CARTESIAN_POINT('',(97.195615286414,-55.68146285316,-0.49));
#10685 = CARTESIAN_POINT('',(97.195615286414,-55.68146285316,4.51));
#10686 = ADVANCED_FACE('',(#10687),#10714,.F.);
#10687 = FACE_BOUND('',#10688,.F.);
#10688 = EDGE_LOOP('',(#10689,#10699,#10706,#10707));
#10689 = ORIENTED_EDGE('',*,*,#10690,.F.);
#10690 = EDGE_CURVE('',#10691,#10693,#10695,.T.);
#10691 = VERTEX_POINT('',#10692);
#10692 = CARTESIAN_POINT('',(93.59304771541,-46.83591104448,-0.49));
#10693 = VERTEX_POINT('',#10694);
#10694 = CARTESIAN_POINT('',(93.59304771541,-46.83591104448,1.51));
#10695 = LINE('',#10696,#10697);
#10696 = CARTESIAN_POINT('',(93.59304771541,-46.83591104448,-0.49));
#10697 = VECTOR('',#10698,1.);
#10698 = DIRECTION('',(0.,0.,1.));
#10699 = ORIENTED_EDGE('',*,*,#10700,.T.);
#10700 = EDGE_CURVE('',#10691,#10645,#10701,.T.);
#10701 = B_SPLINE_CURVE_WITH_KNOTS('',3,(#10702,#10703,#10704,#10705),
  .UNSPECIFIED.,.F.,.F.,(4,4),(-1.,0.),.PIECEWISE_BEZIER_KNOTS.);
#10702 = CARTESIAN_POINT('',(93.59304771541,-46.83591104448,-0.49));
#10703 = CARTESIAN_POINT('',(84.836398748939,-44.58377461057,-0.49));
#10704 = CARTESIAN_POINT('',(84.686113994503,-44.65997796953,-0.49));
#10705 = CARTESIAN_POINT('',(86.112748490556,-50.69035923581,-0.49));
#10706 = ORIENTED_EDGE('',*,*,#10644,.T.);
#10707 = ORIENTED_EDGE('',*,*,#10708,.T.);
#10708 = EDGE_CURVE('',#10647,#10693,#10709,.T.);
#10709 = B_SPLINE_CURVE_WITH_KNOTS('',3,(#10710,#10711,#10712,#10713),
  .UNSPECIFIED.,.F.,.F.,(4,4),(0.,1.909751305365),
  .PIECEWISE_BEZIER_KNOTS.);
#10710 = CARTESIAN_POINT('',(86.112748490556,-50.69035923581,1.51));
#10711 = CARTESIAN_POINT('',(84.686113994503,-44.65997796953,1.51));
#10712 = CARTESIAN_POINT('',(84.836398748939,-44.58377461057,1.51));
#10713 = CARTESIAN_POINT('',(93.59304771541,-46.83591104448,1.51));
#10714 = B_SPLINE_SURFACE_WITH_KNOTS('',3,1,(
    (#10715,#10716)
    ,(#10717,#10718)
    ,(#10719,#10720)
    ,(#10721,#10722
    )),.UNSPECIFIED.,.F.,.F.,.F.,(4,4),(2,2),(-1.,0.),(0.,0.5),
  .PIECEWISE_BEZIER_KNOTS.);
#10715 = CARTESIAN_POINT('',(93.59304771541,-46.83591104448,-0.49));
#10716 = CARTESIAN_POINT('',(93.59304771541,-46.83591104448,4.51));
#10717 = CARTESIAN_POINT('',(84.836398748939,-44.58377461057,-0.49));
#10718 = CARTESIAN_POINT('',(84.836398748939,-44.58377461057,4.51));
#10719 = CARTESIAN_POINT('',(84.686113994503,-44.65997796953,-0.49));
#10720 = CARTESIAN_POINT('',(84.686113994503,-44.65997796953,4.51));
#10721 = CARTESIAN_POINT('',(86.112748490556,-50.69035923581,-0.49));
#10722 = CARTESIAN_POINT('',(86.112748490556,-50.69035923581,4.51));
#10723 = ADVANCED_FACE('',(#10724),#10751,.F.);
#10724 = FACE_BOUND('',#10725,.F.);
#10725 = EDGE_LOOP('',(#10726,#10736,#10743,#10744));
#10726 = ORIENTED_EDGE('',*,*,#10727,.F.);
#10727 = EDGE_CURVE('',#10728,#10730,#10732,.T.);
#10728 = VERTEX_POINT('',#10729);
#10729 = CARTESIAN_POINT('',(104.05149526077,-50.50409153561,-0.49));
#10730 = VERTEX_POINT('',#10731);
#10731 = CARTESIAN_POINT('',(104.05149526077,-50.50409153561,1.51));
#10732 = LINE('',#10733,#10734);
#10733 = CARTESIAN_POINT('',(104.05149526077,-50.50409153561,-0.49));
#10734 = VECTOR('',#10735,1.);
#10735 = DIRECTION('',(0.,0.,1.));
#10736 = ORIENTED_EDGE('',*,*,#10737,.T.);
#10737 = EDGE_CURVE('',#10728,#10691,#10738,.T.);
#10738 = B_SPLINE_CURVE_WITH_KNOTS('',3,(#10739,#10740,#10741,#10742),
  .UNSPECIFIED.,.F.,.F.,(4,4),(-1.,0.),.PIECEWISE_BEZIER_KNOTS.);
#10739 = CARTESIAN_POINT('',(104.05149526077,-50.50409153561,-0.49));
#10740 = CARTESIAN_POINT('',(102.5592478446,-49.16212564409,-0.49));
#10741 = CARTESIAN_POINT('',(102.34969991165,-49.08804101885,-0.49));
#10742 = CARTESIAN_POINT('',(93.59304771541,-46.83591104448,-0.49));
#10743 = ORIENTED_EDGE('',*,*,#10690,.T.);
#10744 = ORIENTED_EDGE('',*,*,#10745,.T.);
#10745 = EDGE_CURVE('',#10693,#10730,#10746,.T.);
#10746 = B_SPLINE_CURVE_WITH_KNOTS('',3,(#10747,#10748,#10749,#10750),
  .UNSPECIFIED.,.F.,.F.,(4,4),(0.,2.714921958977),
  .PIECEWISE_BEZIER_KNOTS.);
#10747 = CARTESIAN_POINT('',(93.59304771541,-46.83591104448,1.51));
#10748 = CARTESIAN_POINT('',(102.34969991165,-49.08804101885,1.51));
#10749 = CARTESIAN_POINT('',(102.5592478446,-49.16212564409,1.51));
#10750 = CARTESIAN_POINT('',(104.05149526077,-50.50409153561,1.51));
#10751 = B_SPLINE_SURFACE_WITH_KNOTS('',3,1,(
    (#10752,#10753)
    ,(#10754,#10755)
    ,(#10756,#10757)
    ,(#10758,#10759
    )),.UNSPECIFIED.,.F.,.F.,.F.,(4,4),(2,2),(-1.,0.),(0.,0.5),
  .PIECEWISE_BEZIER_KNOTS.);
#10752 = CARTESIAN_POINT('',(104.05149526077,-50.50409153561,-0.49));
#10753 = CARTESIAN_POINT('',(104.05149526077,-50.50409153561,4.51));
#10754 = CARTESIAN_POINT('',(102.5592478446,-49.16212564409,-0.49));
#10755 = CARTESIAN_POINT('',(102.5592478446,-49.16212564409,4.51));
#10756 = CARTESIAN_POINT('',(102.34969991165,-49.08804101885,-0.49));
#10757 = CARTESIAN_POINT('',(102.34969991165,-49.08804101885,4.51));
#10758 = CARTESIAN_POINT('',(93.59304771541,-46.83591104448,-0.49));
#10759 = CARTESIAN_POINT('',(93.59304771541,-46.83591104448,4.51));
#10760 = ADVANCED_FACE('',(#10761),#10790,.F.);
#10761 = FACE_BOUND('',#10762,.F.);
#10762 = EDGE_LOOP('',(#10763,#10773,#10780,#10781));
#10763 = ORIENTED_EDGE('',*,*,#10764,.F.);
#10764 = EDGE_CURVE('',#10765,#10767,#10769,.T.);
#10765 = VERTEX_POINT('',#10766);
#10766 = CARTESIAN_POINT('',(106.19779836136,-53.19437951983,-0.49));
#10767 = VERTEX_POINT('',#10768);
#10768 = CARTESIAN_POINT('',(106.19779836136,-53.19437951983,1.51));
#10769 = LINE('',#10770,#10771);
#10770 = CARTESIAN_POINT('',(106.19779836136,-53.19437951983,-0.49));
#10771 = VECTOR('',#10772,1.);
#10772 = DIRECTION('',(0.,0.,1.));
#10773 = ORIENTED_EDGE('',*,*,#10774,.T.);
#10774 = EDGE_CURVE('',#10765,#10728,#10775,.T.);
#10775 = B_SPLINE_CURVE_WITH_KNOTS('',3,(#10776,#10777,#10778,#10779),
  .UNSPECIFIED.,.F.,.F.,(4,4),(-1.,0.),.PIECEWISE_BEZIER_KNOTS.);
#10776 = CARTESIAN_POINT('',(106.19779836136,-53.19437951983,-0.49));
#10777 = CARTESIAN_POINT('',(105.58819732783,-51.89686181963,-0.49));
#10778 = CARTESIAN_POINT('',(105.54374913651,-51.84394515296,-0.49));
#10779 = CARTESIAN_POINT('',(104.05149526077,-50.50409153561,-0.49));
#10780 = ORIENTED_EDGE('',*,*,#10727,.T.);
#10781 = ORIENTED_EDGE('',*,*,#10782,.T.);
#10782 = EDGE_CURVE('',#10730,#10767,#10783,.T.);
#10783 = B_SPLINE_CURVE_WITH_KNOTS('',3,(#10784,#10785,#10786,#10787,
    #10788,#10789),.UNSPECIFIED.,.F.,.F.,(4,2,4),(0.,0.30105718789,
    0.602029872368),.UNSPECIFIED.);
#10784 = CARTESIAN_POINT('',(104.05149526077,-50.50409153561,1.51));
#10785 = CARTESIAN_POINT('',(104.79819817103,-51.17453549402,1.51));
#10786 = CARTESIAN_POINT('',(105.18171644562,-51.52210915127,1.51));
#10787 = CARTESIAN_POINT('',(105.72948992041,-52.20801756508,1.51));
#10788 = CARTESIAN_POINT('',(105.89299545634,-52.5456155864,1.51));
#10789 = CARTESIAN_POINT('',(106.19779836136,-53.19437951983,1.51));
#10790 = B_SPLINE_SURFACE_WITH_KNOTS('',3,1,(
    (#10791,#10792)
    ,(#10793,#10794)
    ,(#10795,#10796)
    ,(#10797,#10798
    )),.UNSPECIFIED.,.F.,.F.,.F.,(4,4),(2,2),(-1.,0.),(0.,0.5),
  .PIECEWISE_BEZIER_KNOTS.);
#10791 = CARTESIAN_POINT('',(106.19779836136,-53.19437951983,-0.49));
#10792 = CARTESIAN_POINT('',(106.19779836136,-53.19437951983,4.51));
#10793 = CARTESIAN_POINT('',(105.58819732783,-51.89686181963,-0.49));
#10794 = CARTESIAN_POINT('',(105.58819732783,-51.89686181963,4.51));
#10795 = CARTESIAN_POINT('',(105.54374913651,-51.84394515296,-0.49));
#10796 = CARTESIAN_POINT('',(105.54374913651,-51.84394515296,4.51));
#10797 = CARTESIAN_POINT('',(104.05149526077,-50.50409153561,-0.49));
#10798 = CARTESIAN_POINT('',(104.05149526077,-50.50409153561,4.51));
#10799 = ADVANCED_FACE('',(#10800),#10818,.F.);
#10800 = FACE_BOUND('',#10801,.F.);
#10801 = EDGE_LOOP('',(#10802,#10803,#10810,#10811));
#10802 = ORIENTED_EDGE('',*,*,#10663,.F.);
#10803 = ORIENTED_EDGE('',*,*,#10804,.T.);
#10804 = EDGE_CURVE('',#10655,#10765,#10805,.T.);
#10805 = B_SPLINE_CURVE_WITH_KNOTS('',3,(#10806,#10807,#10808,#10809),
  .UNSPECIFIED.,.F.,.F.,(4,4),(-1.,0.),.PIECEWISE_BEZIER_KNOTS.);
#10806 = CARTESIAN_POINT('',(97.195615286414,-55.68146285316,-0.49));
#10807 = CARTESIAN_POINT('',(106.62960017004,-54.54057641924,-0.49));
#10808 = CARTESIAN_POINT('',(106.80951166906,-54.4897784863,-0.49));
#10809 = CARTESIAN_POINT('',(106.19779836136,-53.19437951983,-0.49));
#10810 = ORIENTED_EDGE('',*,*,#10764,.T.);
#10811 = ORIENTED_EDGE('',*,*,#10812,.T.);
#10812 = EDGE_CURVE('',#10767,#10664,#10813,.T.);
#10813 = B_SPLINE_CURVE_WITH_KNOTS('',3,(#10814,#10815,#10816,#10817),
  .UNSPECIFIED.,.F.,.F.,(4,4),(0.,0.47483510152),
  .PIECEWISE_BEZIER_KNOTS.);
#10814 = CARTESIAN_POINT('',(106.19779836136,-53.19437951983,1.51));
#10815 = CARTESIAN_POINT('',(106.80951166906,-54.4897784863,1.51));
#10816 = CARTESIAN_POINT('',(106.62960017004,-54.54057641924,1.51));
#10817 = CARTESIAN_POINT('',(97.195615286414,-55.68146285316,1.51));
#10818 = B_SPLINE_SURFACE_WITH_KNOTS('',3,1,(
    (#10819,#10820)
    ,(#10821,#10822)
    ,(#10823,#10824)
    ,(#10825,#10826
    )),.UNSPECIFIED.,.F.,.F.,.F.,(4,4),(2,2),(-1.,0.),(0.,0.5),
  .PIECEWISE_BEZIER_KNOTS.);
#10819 = CARTESIAN_POINT('',(97.195615286414,-55.68146285316,-0.49));
#10820 = CARTESIAN_POINT('',(97.195615286414,-55.68146285316,4.51));
#10821 = CARTESIAN_POINT('',(106.62960017004,-54.54057641924,-0.49));
#10822 = CARTESIAN_POINT('',(106.62960017004,-54.54057641924,4.51));
#10823 = CARTESIAN_POINT('',(106.80951166906,-54.4897784863,-0.49));
#10824 = CARTESIAN_POINT('',(106.80951166906,-54.4897784863,4.51));
#10825 = CARTESIAN_POINT('',(106.19779836136,-53.19437951983,-0.49));
#10826 = CARTESIAN_POINT('',(106.19779836136,-53.19437951983,4.51));
#10827 = ADVANCED_FACE('',(#10828),#10864,.F.);
#10828 = FACE_BOUND('',#10829,.F.);
#10829 = EDGE_LOOP('',(#10830,#10840,#10849,#10857));
#10830 = ORIENTED_EDGE('',*,*,#10831,.F.);
#10831 = EDGE_CURVE('',#10832,#10834,#10836,.T.);
#10832 = VERTEX_POINT('',#10833);
#10833 = CARTESIAN_POINT('',(112.74041580317,-63.9216446362,-0.49));
#10834 = VERTEX_POINT('',#10835);
#10835 = CARTESIAN_POINT('',(112.74041580317,-63.9216446362,1.51));
#10836 = LINE('',#10837,#10838);
#10837 = CARTESIAN_POINT('',(112.74041580317,-63.9216446362,-0.49));
#10838 = VECTOR('',#10839,1.);
#10839 = DIRECTION('',(0.,0.,1.));
#10840 = ORIENTED_EDGE('',*,*,#10841,.T.);
#10841 = EDGE_CURVE('',#10832,#10842,#10844,.T.);
#10842 = VERTEX_POINT('',#10843);
#10843 = CARTESIAN_POINT('',(122.57656606156,-59.85129231076,-0.49));
#10844 = B_SPLINE_CURVE_WITH_KNOTS('',3,(#10845,#10846,#10847,#10848),
  .UNSPECIFIED.,.F.,.F.,(4,4),(-1.,0.),.PIECEWISE_BEZIER_KNOTS.);
#10845 = CARTESIAN_POINT('',(112.74041580317,-63.9216446362,-0.49));
#10846 = CARTESIAN_POINT('',(113.70773402013,-65.04770962338,-0.49));
#10847 = CARTESIAN_POINT('',(113.90458246984,-64.96727525652,-0.49));
#10848 = CARTESIAN_POINT('',(122.57656606156,-59.85129231076,-0.49));
#10849 = ORIENTED_EDGE('',*,*,#10850,.T.);
#10850 = EDGE_CURVE('',#10842,#10851,#10853,.T.);
#10851 = VERTEX_POINT('',#10852);
#10852 = CARTESIAN_POINT('',(122.57656606156,-59.85129231076,1.51));
#10853 = LINE('',#10854,#10855);
#10854 = CARTESIAN_POINT('',(122.57656606156,-59.85129231076,-0.49));
#10855 = VECTOR('',#10856,1.);
#10856 = DIRECTION('',(0.,0.,1.));
#10857 = ORIENTED_EDGE('',*,*,#10858,.T.);
#10858 = EDGE_CURVE('',#10851,#10834,#10859,.T.);
#10859 = B_SPLINE_CURVE_WITH_KNOTS('',3,(#10860,#10861,#10862,#10863),
  .UNSPECIFIED.,.F.,.F.,(4,4),(0.,3.036532654215),
  .PIECEWISE_BEZIER_KNOTS.);
#10860 = CARTESIAN_POINT('',(122.57656606156,-59.85129231076,1.51));
#10861 = CARTESIAN_POINT('',(113.90458246984,-64.96727525652,1.51));
#10862 = CARTESIAN_POINT('',(113.70773402013,-65.04770962338,1.51));
#10863 = CARTESIAN_POINT('',(112.74041580317,-63.9216446362,1.51));
#10864 = B_SPLINE_SURFACE_WITH_KNOTS('',3,1,(
    (#10865,#10866)
    ,(#10867,#10868)
    ,(#10869,#10870)
    ,(#10871,#10872
    )),.UNSPECIFIED.,.F.,.F.,.F.,(4,4),(2,2),(-1.,0.),(0.,0.5),
  .PIECEWISE_BEZIER_KNOTS.);
#10865 = CARTESIAN_POINT('',(112.74041580317,-63.9216446362,-0.49));
#10866 = CARTESIAN_POINT('',(112.74041580317,-63.9216446362,4.51));
#10867 = CARTESIAN_POINT('',(113.70773402013,-65.04770962338,-0.49));
#10868 = CARTESIAN_POINT('',(113.70773402013,-65.04770962338,4.51));
#10869 = CARTESIAN_POINT('',(113.90458246984,-64.96727525652,-0.49));
#10870 = CARTESIAN_POINT('',(113.90458246984,-64.96727525652,4.51));
#10871 = CARTESIAN_POINT('',(122.57656606156,-59.85129231076,-0.49));
#10872 = CARTESIAN_POINT('',(122.57656606156,-59.85129231076,4.51));
#10873 = ADVANCED_FACE('',(#10874),#10901,.F.);
#10874 = FACE_BOUND('',#10875,.F.);
#10875 = EDGE_LOOP('',(#10876,#10886,#10893,#10894));
#10876 = ORIENTED_EDGE('',*,*,#10877,.F.);
#10877 = EDGE_CURVE('',#10878,#10880,#10882,.T.);
#10878 = VERTEX_POINT('',#10879);
#10879 = CARTESIAN_POINT('',(111.30107859411,-59.01309411944,-0.49));
#10880 = VERTEX_POINT('',#10881);
#10881 = CARTESIAN_POINT('',(111.30107859411,-59.01309411944,1.51));
#10882 = LINE('',#10883,#10884);
#10883 = CARTESIAN_POINT('',(111.30107859411,-59.01309411944,-0.49));
#10884 = VECTOR('',#10885,1.);
#10885 = DIRECTION('',(0.,0.,1.));
#10886 = ORIENTED_EDGE('',*,*,#10887,.T.);
#10887 = EDGE_CURVE('',#10878,#10832,#10888,.T.);
#10888 = B_SPLINE_CURVE_WITH_KNOTS('',3,(#10889,#10890,#10891,#10892),
  .UNSPECIFIED.,.F.,.F.,(4,4),(-1.,0.),.PIECEWISE_BEZIER_KNOTS.);
#10889 = CARTESIAN_POINT('',(111.30107859411,-59.01309411944,-0.49));
#10890 = CARTESIAN_POINT('',(111.74769861974,-62.69821156125,-0.49));
#10891 = CARTESIAN_POINT('',(111.77521631994,-62.79557641924,-0.49));
#10892 = CARTESIAN_POINT('',(112.74041580317,-63.9216446362,-0.49));
#10893 = ORIENTED_EDGE('',*,*,#10831,.T.);
#10894 = ORIENTED_EDGE('',*,*,#10895,.T.);
#10895 = EDGE_CURVE('',#10834,#10880,#10896,.T.);
#10896 = B_SPLINE_CURVE_WITH_KNOTS('',3,(#10897,#10898,#10899,#10900),
  .UNSPECIFIED.,.F.,.F.,(4,4),(0.,0.444851408813),
  .PIECEWISE_BEZIER_KNOTS.);
#10897 = CARTESIAN_POINT('',(112.74041580317,-63.9216446362,1.51));
#10898 = CARTESIAN_POINT('',(111.77521631994,-62.79557641924,1.51));
#10899 = CARTESIAN_POINT('',(111.74769861974,-62.69821156125,1.51));
#10900 = CARTESIAN_POINT('',(111.30107859411,-59.01309411944,1.51));
#10901 = B_SPLINE_SURFACE_WITH_KNOTS('',3,1,(
    (#10902,#10903)
    ,(#10904,#10905)
    ,(#10906,#10907)
    ,(#10908,#10909
    )),.UNSPECIFIED.,.F.,.F.,.F.,(4,4),(2,2),(-1.,0.),(0.,0.5),
  .PIECEWISE_BEZIER_KNOTS.);
#10902 = CARTESIAN_POINT('',(111.30107859411,-59.01309411944,-0.49));
#10903 = CARTESIAN_POINT('',(111.30107859411,-59.01309411944,4.51));
#10904 = CARTESIAN_POINT('',(111.74769861974,-62.69821156125,-0.49));
#10905 = CARTESIAN_POINT('',(111.74769861974,-62.69821156125,4.51));
#10906 = CARTESIAN_POINT('',(111.77521631994,-62.79557641924,-0.49));
#10907 = CARTESIAN_POINT('',(111.77521631994,-62.79557641924,4.51));
#10908 = CARTESIAN_POINT('',(112.74041580317,-63.9216446362,-0.49));
#10909 = CARTESIAN_POINT('',(112.74041580317,-63.9216446362,4.51));
#10910 = ADVANCED_FACE('',(#10911),#10938,.F.);
#10911 = FACE_BOUND('',#10912,.F.);
#10912 = EDGE_LOOP('',(#10913,#10923,#10930,#10931));
#10913 = ORIENTED_EDGE('',*,*,#10914,.F.);
#10914 = EDGE_CURVE('',#10915,#10917,#10919,.T.);
#10915 = VERTEX_POINT('',#10916);
#10916 = CARTESIAN_POINT('',(117.63202936925,-51.84605742713,-0.49));
#10917 = VERTEX_POINT('',#10918);
#10918 = CARTESIAN_POINT('',(117.63202936925,-51.84605742713,1.51));
#10919 = LINE('',#10920,#10921);
#10920 = CARTESIAN_POINT('',(117.63202936925,-51.84605742713,-0.49));
#10921 = VECTOR('',#10922,1.);
#10922 = DIRECTION('',(0.,0.,1.));
#10923 = ORIENTED_EDGE('',*,*,#10924,.T.);
#10924 = EDGE_CURVE('',#10915,#10878,#10925,.T.);
#10925 = B_SPLINE_CURVE_WITH_KNOTS('',3,(#10926,#10927,#10928,#10929),
  .UNSPECIFIED.,.F.,.F.,(4,4),(-1.,0.),.PIECEWISE_BEZIER_KNOTS.);
#10926 = CARTESIAN_POINT('',(117.63202936925,-51.84605742713,-0.49));
#10927 = CARTESIAN_POINT('',(110.98357859411,-55.18404489458,-0.49));
#10928 = CARTESIAN_POINT('',(110.85658376175,-55.32797667762,-0.49));
#10929 = CARTESIAN_POINT('',(111.30107859411,-59.01309411944,-0.49));
#10930 = ORIENTED_EDGE('',*,*,#10877,.T.);
#10931 = ORIENTED_EDGE('',*,*,#10932,.T.);
#10932 = EDGE_CURVE('',#10880,#10917,#10933,.T.);
#10933 = B_SPLINE_CURVE_WITH_KNOTS('',3,(#10934,#10935,#10936,#10937),
  .UNSPECIFIED.,.F.,.F.,(4,4),(0.,1.108038760852),
  .PIECEWISE_BEZIER_KNOTS.);
#10934 = CARTESIAN_POINT('',(111.30107859411,-59.01309411944,1.51));
#10935 = CARTESIAN_POINT('',(110.85658376175,-55.32797667762,1.51));
#10936 = CARTESIAN_POINT('',(110.98357859411,-55.18404489458,1.51));
#10937 = CARTESIAN_POINT('',(117.63202936925,-51.84605742713,1.51));
#10938 = B_SPLINE_SURFACE_WITH_KNOTS('',3,1,(
    (#10939,#10940)
    ,(#10941,#10942)
    ,(#10943,#10944)
    ,(#10945,#10946
    )),.UNSPECIFIED.,.F.,.F.,.F.,(4,4),(2,2),(-1.,0.),(0.,0.5),
  .PIECEWISE_BEZIER_KNOTS.);
#10939 = CARTESIAN_POINT('',(117.63202936925,-51.84605742713,-0.49));
#10940 = CARTESIAN_POINT('',(117.63202936925,-51.84605742713,4.51));
#10941 = CARTESIAN_POINT('',(110.98357859411,-55.18404489458,-0.49));
#10942 = CARTESIAN_POINT('',(110.98357859411,-55.18404489458,4.51));
#10943 = CARTESIAN_POINT('',(110.85658376175,-55.32797667762,-0.49));
#10944 = CARTESIAN_POINT('',(110.85658376175,-55.32797667762,4.51));
#10945 = CARTESIAN_POINT('',(111.30107859411,-59.01309411944,-0.49));
#10946 = CARTESIAN_POINT('',(111.30107859411,-59.01309411944,4.51));
#10947 = ADVANCED_FACE('',(#10948),#10975,.F.);
#10948 = FACE_BOUND('',#10949,.F.);
#10949 = EDGE_LOOP('',(#10950,#10960,#10967,#10968));
#10950 = ORIENTED_EDGE('',*,*,#10951,.F.);
#10951 = EDGE_CURVE('',#10952,#10954,#10956,.T.);
#10952 = VERTEX_POINT('',#10953);
#10953 = CARTESIAN_POINT('',(128.96466451126,-47.77571156125,-0.49));
#10954 = VERTEX_POINT('',#10955);
#10955 = CARTESIAN_POINT('',(128.96466451126,-47.77571156125,1.51));
#10956 = LINE('',#10957,#10958);
#10957 = CARTESIAN_POINT('',(128.96466451126,-47.77571156125,-0.49));
#10958 = VECTOR('',#10959,1.);
#10959 = DIRECTION('',(0.,0.,1.));
#10960 = ORIENTED_EDGE('',*,*,#10961,.T.);
#10961 = EDGE_CURVE('',#10952,#10915,#10962,.T.);
#10962 = B_SPLINE_CURVE_WITH_KNOTS('',3,(#10963,#10964,#10965,#10966),
  .UNSPECIFIED.,.F.,.F.,(4,4),(-1.,0.),.PIECEWISE_BEZIER_KNOTS.);
#10963 = CARTESIAN_POINT('',(128.96466451126,-47.77571156125,-0.49));
#10964 = CARTESIAN_POINT('',(124.50696502803,-48.42764205238,-0.49));
#10965 = CARTESIAN_POINT('',(124.2804801444,-48.51019515296,-0.49));
#10966 = CARTESIAN_POINT('',(117.63202936925,-51.84605742713,-0.49));
#10967 = ORIENTED_EDGE('',*,*,#10914,.T.);
#10968 = ORIENTED_EDGE('',*,*,#10969,.T.);
#10969 = EDGE_CURVE('',#10917,#10954,#10970,.T.);
#10970 = B_SPLINE_CURVE_WITH_KNOTS('',3,(#10971,#10972,#10973,#10974),
  .UNSPECIFIED.,.F.,.F.,(4,4),(0.,2.234182465857),
  .PIECEWISE_BEZIER_KNOTS.);
#10971 = CARTESIAN_POINT('',(117.63202936925,-51.84605742713,1.51));
#10972 = CARTESIAN_POINT('',(124.2804801444,-48.51019515296,1.51));
#10973 = CARTESIAN_POINT('',(124.50696502803,-48.42764205238,1.51));
#10974 = CARTESIAN_POINT('',(128.96466451126,-47.77571156125,1.51));
#10975 = B_SPLINE_SURFACE_WITH_KNOTS('',3,1,(
    (#10976,#10977)
    ,(#10978,#10979)
    ,(#10980,#10981)
    ,(#10982,#10983
    )),.UNSPECIFIED.,.F.,.F.,.F.,(4,4),(2,2),(-1.,0.),(0.,0.5),
  .PIECEWISE_BEZIER_KNOTS.);
#10976 = CARTESIAN_POINT('',(128.96466451126,-47.77571156125,-0.49));
#10977 = CARTESIAN_POINT('',(128.96466451126,-47.77571156125,4.51));
#10978 = CARTESIAN_POINT('',(124.50696502803,-48.42764205238,-0.49));
#10979 = CARTESIAN_POINT('',(124.50696502803,-48.42764205238,4.51));
#10980 = CARTESIAN_POINT('',(124.2804801444,-48.51019515296,-0.49));
#10981 = CARTESIAN_POINT('',(124.2804801444,-48.51019515296,4.51));
#10982 = CARTESIAN_POINT('',(117.63202936925,-51.84605742713,-0.49));
#10983 = CARTESIAN_POINT('',(117.63202936925,-51.84605742713,4.51));
#10984 = ADVANCED_FACE('',(#10985),#11012,.F.);
#10985 = FACE_BOUND('',#10986,.F.);
#10986 = EDGE_LOOP('',(#10987,#10997,#11004,#11005));
#10987 = ORIENTED_EDGE('',*,*,#10988,.F.);
#10988 = EDGE_CURVE('',#10989,#10991,#10993,.T.);
#10989 = VERTEX_POINT('',#10990);
#10990 = CARTESIAN_POINT('',(134.02773402013,-47.76512435218,-0.49));
#10991 = VERTEX_POINT('',#10992);
#10992 = CARTESIAN_POINT('',(134.02773402013,-47.76512435218,1.51));
#10993 = LINE('',#10994,#10995);
#10994 = CARTESIAN_POINT('',(134.02773402013,-47.76512435218,-0.49));
#10995 = VECTOR('',#10996,1.);
#10996 = DIRECTION('',(0.,0.,1.));
#10997 = ORIENTED_EDGE('',*,*,#10998,.T.);
#10998 = EDGE_CURVE('',#10989,#10952,#10999,.T.);
#10999 = B_SPLINE_CURVE_WITH_KNOTS('',3,(#11000,#11001,#11002,#11003),
  .UNSPECIFIED.,.F.,.F.,(4,4),(-1.,0.),.PIECEWISE_BEZIER_KNOTS.);
#11000 = CARTESIAN_POINT('',(134.02773402013,-47.76512435218,-0.49));
#11001 = CARTESIAN_POINT('',(133.52184758621,-47.12377461057,-0.49));
#11002 = CARTESIAN_POINT('',(133.42024526077,-47.12377461057,-0.49));
#11003 = CARTESIAN_POINT('',(128.96466451126,-47.77571156125,-0.49));
#11004 = ORIENTED_EDGE('',*,*,#10951,.T.);
#11005 = ORIENTED_EDGE('',*,*,#11006,.T.);
#11006 = EDGE_CURVE('',#10954,#10991,#11007,.T.);
#11007 = B_SPLINE_CURVE_WITH_KNOTS('',3,(#11008,#11009,#11010,#11011),
  .UNSPECIFIED.,.F.,.F.,(4,4),(0.,1.283807283606),
  .PIECEWISE_BEZIER_KNOTS.);
#11008 = CARTESIAN_POINT('',(128.96466451126,-47.77571156125,1.51));
#11009 = CARTESIAN_POINT('',(133.42024526077,-47.12377461057,1.51));
#11010 = CARTESIAN_POINT('',(133.52184758621,-47.12377461057,1.51));
#11011 = CARTESIAN_POINT('',(134.02773402013,-47.76512435218,1.51));
#11012 = B_SPLINE_SURFACE_WITH_KNOTS('',3,1,(
    (#11013,#11014)
    ,(#11015,#11016)
    ,(#11017,#11018)
    ,(#11019,#11020
    )),.UNSPECIFIED.,.F.,.F.,.F.,(4,4),(2,2),(-1.,0.),(0.,0.5),
  .PIECEWISE_BEZIER_KNOTS.);
#11013 = CARTESIAN_POINT('',(134.02773402013,-47.76512435218,-0.49));
#11014 = CARTESIAN_POINT('',(134.02773402013,-47.76512435218,4.51));
#11015 = CARTESIAN_POINT('',(133.52184758621,-47.12377461057,-0.49));
#11016 = CARTESIAN_POINT('',(133.52184758621,-47.12377461057,4.51));
#11017 = CARTESIAN_POINT('',(133.42024526077,-47.12377461057,-0.49));
#11018 = CARTESIAN_POINT('',(133.42024526077,-47.12377461057,4.51));
#11019 = CARTESIAN_POINT('',(128.96466451126,-47.77571156125,-0.49));
#11020 = CARTESIAN_POINT('',(128.96466451126,-47.77571156125,4.51));
#11021 = ADVANCED_FACE('',(#11022),#11049,.F.);
#11022 = FACE_BOUND('',#11023,.F.);
#11023 = EDGE_LOOP('',(#11024,#11034,#11041,#11042));
#11024 = ORIENTED_EDGE('',*,*,#11025,.F.);
#11025 = EDGE_CURVE('',#11026,#11028,#11030,.T.);
#11026 = VERTEX_POINT('',#11027);
#11027 = CARTESIAN_POINT('',(132.98421244421,-51.52644515296,-0.49));
#11028 = VERTEX_POINT('',#11029);
#11029 = CARTESIAN_POINT('',(132.98421244421,-51.52644515296,1.51));
#11030 = LINE('',#11031,#11032);
#11031 = CARTESIAN_POINT('',(132.98421244421,-51.52644515296,-0.49));
#11032 = VECTOR('',#11033,1.);
#11033 = DIRECTION('',(0.,0.,1.));
#11034 = ORIENTED_EDGE('',*,*,#11035,.T.);
#11035 = EDGE_CURVE('',#11026,#10989,#11036,.T.);
#11036 = B_SPLINE_CURVE_WITH_KNOTS('',3,(#11037,#11038,#11039,#11040),
  .UNSPECIFIED.,.F.,.F.,(4,4),(-1.,0.),.PIECEWISE_BEZIER_KNOTS.);
#11037 = CARTESIAN_POINT('',(132.98421244421,-51.52644515296,-0.49));
#11038 = CARTESIAN_POINT('',(134.51033376175,-48.48267745277,-0.49));
#11039 = CARTESIAN_POINT('',(134.53149526077,-48.40859282753,-0.49));
#11040 = CARTESIAN_POINT('',(134.02773402013,-47.76512435218,-0.49));
#11041 = ORIENTED_EDGE('',*,*,#10988,.T.);
#11042 = ORIENTED_EDGE('',*,*,#11043,.T.);
#11043 = EDGE_CURVE('',#10991,#11028,#11044,.T.);
#11044 = B_SPLINE_CURVE_WITH_KNOTS('',3,(#11045,#11046,#11047,#11048),
  .UNSPECIFIED.,.F.,.F.,(4,4),(0.,0.245115605252),
  .PIECEWISE_BEZIER_KNOTS.);
#11045 = CARTESIAN_POINT('',(134.02773402013,-47.76512435218,1.51));
#11046 = CARTESIAN_POINT('',(134.53149526077,-48.40859282753,1.51));
#11047 = CARTESIAN_POINT('',(134.51033376175,-48.48267745277,1.51));
#11048 = CARTESIAN_POINT('',(132.98421244421,-51.52644515296,1.51));
#11049 = B_SPLINE_SURFACE_WITH_KNOTS('',3,1,(
    (#11050,#11051)
    ,(#11052,#11053)
    ,(#11054,#11055)
    ,(#11056,#11057
    )),.UNSPECIFIED.,.F.,.F.,.F.,(4,4),(2,2),(-1.,0.),(0.,0.5),
  .PIECEWISE_BEZIER_KNOTS.);
#11050 = CARTESIAN_POINT('',(132.98421244421,-51.52644515296,-0.49));
#11051 = CARTESIAN_POINT('',(132.98421244421,-51.52644515296,4.51));
#11052 = CARTESIAN_POINT('',(134.51033376175,-48.48267745277,-0.49));
#11053 = CARTESIAN_POINT('',(134.51033376175,-48.48267745277,4.51));
#11054 = CARTESIAN_POINT('',(134.53149526077,-48.40859282753,-0.49));
#11055 = CARTESIAN_POINT('',(134.53149526077,-48.40859282753,4.51));
#11056 = CARTESIAN_POINT('',(134.02773402013,-47.76512435218,-0.49));
#11057 = CARTESIAN_POINT('',(134.02773402013,-47.76512435218,4.51));
#11058 = ADVANCED_FACE('',(#11059),#11077,.F.);
#11059 = FACE_BOUND('',#11060,.F.);
#11060 = EDGE_LOOP('',(#11061,#11062,#11069,#11070));
#11061 = ORIENTED_EDGE('',*,*,#10850,.F.);
#11062 = ORIENTED_EDGE('',*,*,#11063,.T.);
#11063 = EDGE_CURVE('',#10842,#11026,#11064,.T.);
#11064 = B_SPLINE_CURVE_WITH_KNOTS('',3,(#11065,#11066,#11067,#11068),
  .UNSPECIFIED.,.F.,.F.,(4,4),(-1.,0.),.PIECEWISE_BEZIER_KNOTS.);
#11065 = CARTESIAN_POINT('',(122.57656606156,-59.85129231076,-0.49));
#11066 = CARTESIAN_POINT('',(131.25066192744,-54.73531259478,-0.49));
#11067 = CARTESIAN_POINT('',(131.46021631994,-54.56809411944,-0.49));
#11068 = CARTESIAN_POINT('',(132.98421244421,-51.52644515296,-0.49));
#11069 = ORIENTED_EDGE('',*,*,#11025,.T.);
#11070 = ORIENTED_EDGE('',*,*,#11071,.T.);
#11071 = EDGE_CURVE('',#11028,#10851,#11072,.T.);
#11072 = B_SPLINE_CURVE_WITH_KNOTS('',3,(#11073,#11074,#11075,#11076),
  .UNSPECIFIED.,.F.,.F.,(4,4),(0.,1.020448376613),
  .PIECEWISE_BEZIER_KNOTS.);
#11073 = CARTESIAN_POINT('',(132.98421244421,-51.52644515296,1.51));
#11074 = CARTESIAN_POINT('',(131.46021631994,-54.56809411944,1.51));
#11075 = CARTESIAN_POINT('',(131.25066192744,-54.73531259478,1.51));
#11076 = CARTESIAN_POINT('',(122.57656606156,-59.85129231076,1.51));
#11077 = B_SPLINE_SURFACE_WITH_KNOTS('',3,1,(
    (#11078,#11079)
    ,(#11080,#11081)
    ,(#11082,#11083)
    ,(#11084,#11085
    )),.UNSPECIFIED.,.F.,.F.,.F.,(4,4),(2,2),(-1.,0.),(0.,0.5),
  .PIECEWISE_BEZIER_KNOTS.);
#11078 = CARTESIAN_POINT('',(122.57656606156,-59.85129231076,-0.49));
#11079 = CARTESIAN_POINT('',(122.57656606156,-59.85129231076,4.51));
#11080 = CARTESIAN_POINT('',(131.25066192744,-54.73531259478,-0.49));
#11081 = CARTESIAN_POINT('',(131.25066192744,-54.73531259478,4.51));
#11082 = CARTESIAN_POINT('',(131.46021631994,-54.56809411944,-0.49));
#11083 = CARTESIAN_POINT('',(131.46021631994,-54.56809411944,4.51));
#11084 = CARTESIAN_POINT('',(132.98421244421,-51.52644515296,-0.49));
#11085 = CARTESIAN_POINT('',(132.98421244421,-51.52644515296,4.51));
#11086 = ADVANCED_FACE('',(#11087),#11127,.F.);
#11087 = FACE_BOUND('',#11088,.F.);
#11088 = EDGE_LOOP('',(#11089,#11099,#11108,#11116));
#11089 = ORIENTED_EDGE('',*,*,#11090,.F.);
#11090 = EDGE_CURVE('',#11091,#11093,#11095,.T.);
#11091 = VERTEX_POINT('',#11092);
#11092 = CARTESIAN_POINT('',(96.571196035926,-79.43045897743,-0.49));
#11093 = VERTEX_POINT('',#11094);
#11094 = CARTESIAN_POINT('',(96.571196035926,-79.43045897743,1.51));
#11095 = LINE('',#11096,#11097);
#11096 = CARTESIAN_POINT('',(96.571196035926,-79.43045897743,-0.49));
#11097 = VECTOR('',#11098,1.);
#11098 = DIRECTION('',(0.,0.,1.));
#11099 = ORIENTED_EDGE('',*,*,#11100,.T.);
#11100 = EDGE_CURVE('',#11091,#11101,#11103,.T.);
#11101 = VERTEX_POINT('',#11102);
#11102 = CARTESIAN_POINT('',(106.74178324499,-73.70487822792,-0.49));
#11103 = B_SPLINE_CURVE_WITH_KNOTS('',3,(#11104,#11105,#11106,#11107),
  .UNSPECIFIED.,.F.,.F.,(4,4),(-1.,0.),.PIECEWISE_BEZIER_KNOTS.);
#11104 = CARTESIAN_POINT('',(96.571196035926,-79.43045897743,-0.49));
#11105 = CARTESIAN_POINT('',(102.40896631994,-79.18492809872,-0.49));
#11106 = CARTESIAN_POINT('',(102.61216451126,-79.07062629005,-0.49));
#11107 = CARTESIAN_POINT('',(106.74178324499,-73.70487822792,-0.49));
#11108 = ORIENTED_EDGE('',*,*,#11109,.T.);
#11109 = EDGE_CURVE('',#11101,#11110,#11112,.T.);
#11110 = VERTEX_POINT('',#11111);
#11111 = CARTESIAN_POINT('',(106.74178324499,-73.70487822792,1.51));
#11112 = LINE('',#11113,#11114);
#11113 = CARTESIAN_POINT('',(106.74178324499,-73.70487822792,-0.49));
#11114 = VECTOR('',#11115,1.);
#11115 = DIRECTION('',(0.,0.,1.));
#11116 = ORIENTED_EDGE('',*,*,#11117,.T.);
#11117 = EDGE_CURVE('',#11110,#11093,#11118,.T.);
#11118 = B_SPLINE_CURVE_WITH_KNOTS('',3,(#11119,#11120,#11121,#11122,
    #11123,#11124,#11125,#11126),.UNSPECIFIED.,.F.,.F.,(4,2,2,4),(0.,
    1.000166437427,1.45044214751,2.042574706205),.UNSPECIFIED.);
#11119 = CARTESIAN_POINT('',(106.74178324499,-73.70487822792,1.51));
#11120 = CARTESIAN_POINT('',(104.70841996717,-76.34689333174,1.51));
#11121 = CARTESIAN_POINT('',(103.62699086814,-77.71573073691,1.51));
#11122 = CARTESIAN_POINT('',(101.78401330154,-78.78629715266,1.51));
#11123 = CARTESIAN_POINT('',(101.17855927082,-78.98849773187,1.51));
#11124 = CARTESIAN_POINT('',(99.462593145782,-79.30016683445,1.51));
#11125 = CARTESIAN_POINT('',(98.249769020898,-79.35985984798,1.51));
#11126 = CARTESIAN_POINT('',(96.571196035926,-79.43045897743,1.51));
#11127 = B_SPLINE_SURFACE_WITH_KNOTS('',3,1,(
    (#11128,#11129)
    ,(#11130,#11131)
    ,(#11132,#11133)
    ,(#11134,#11135
    )),.UNSPECIFIED.,.F.,.F.,.F.,(4,4),(2,2),(-1.,0.),(0.,0.5),
  .PIECEWISE_BEZIER_KNOTS.);
#11128 = CARTESIAN_POINT('',(96.571196035926,-79.43045897743,-0.49));
#11129 = CARTESIAN_POINT('',(96.571196035926,-79.43045897743,4.51));
#11130 = CARTESIAN_POINT('',(102.40896631994,-79.18492809872,-0.49));
#11131 = CARTESIAN_POINT('',(102.40896631994,-79.18492809872,4.51));
#11132 = CARTESIAN_POINT('',(102.61216451126,-79.07062629005,-0.49));
#11133 = CARTESIAN_POINT('',(102.61216451126,-79.07062629005,4.51));
#11134 = CARTESIAN_POINT('',(106.74178324499,-73.70487822792,-0.49));
#11135 = CARTESIAN_POINT('',(106.74178324499,-73.70487822792,4.51));
#11136 = ADVANCED_FACE('',(#11137),#11164,.F.);
#11137 = FACE_BOUND('',#11138,.F.);
#11138 = EDGE_LOOP('',(#11139,#11149,#11156,#11157));
#11139 = ORIENTED_EDGE('',*,*,#11140,.F.);
#11140 = EDGE_CURVE('',#11141,#11143,#11145,.T.);
#11141 = VERTEX_POINT('',#11142);
#11142 = CARTESIAN_POINT('',(90.722848232174,-75.51674437782,-0.49));
#11143 = VERTEX_POINT('',#11144);
#11144 = CARTESIAN_POINT('',(90.722848232174,-75.51674437782,1.51));
#11145 = LINE('',#11146,#11147);
#11146 = CARTESIAN_POINT('',(90.722848232174,-75.51674437782,-0.49));
#11147 = VECTOR('',#11148,1.);
#11148 = DIRECTION('',(0.,0.,1.));
#11149 = ORIENTED_EDGE('',*,*,#11150,.T.);
#11150 = EDGE_CURVE('',#11141,#11091,#11151,.T.);
#11151 = B_SPLINE_CURVE_WITH_KNOTS('',3,(#11152,#11153,#11154,#11155),
  .UNSPECIFIED.,.F.,.F.,(4,4),(-1.,0.),.PIECEWISE_BEZIER_KNOTS.);
#11152 = CARTESIAN_POINT('',(90.722848232174,-75.51674437782,-0.49));
#11153 = CARTESIAN_POINT('',(90.619130402788,-79.59767745277,-0.49));
#11154 = CARTESIAN_POINT('',(90.73554771541,-79.67599308591,-0.49));
#11155 = CARTESIAN_POINT('',(96.571196035926,-79.43045897743,-0.49));
#11156 = ORIENTED_EDGE('',*,*,#11090,.T.);
#11157 = ORIENTED_EDGE('',*,*,#11158,.T.);
#11158 = EDGE_CURVE('',#11093,#11143,#11159,.T.);
#11159 = B_SPLINE_CURVE_WITH_KNOTS('',3,(#11160,#11161,#11162,#11163),
  .UNSPECIFIED.,.F.,.F.,(4,4),(0.,1.708977409394),
  .PIECEWISE_BEZIER_KNOTS.);
#11160 = CARTESIAN_POINT('',(96.571196035926,-79.43045897743,1.51));
#11161 = CARTESIAN_POINT('',(90.73554771541,-79.67599308591,1.51));
#11162 = CARTESIAN_POINT('',(90.619130402788,-79.59767745277,1.51));
#11163 = CARTESIAN_POINT('',(90.722848232174,-75.51674437782,1.51));
#11164 = B_SPLINE_SURFACE_WITH_KNOTS('',3,1,(
    (#11165,#11166)
    ,(#11167,#11168)
    ,(#11169,#11170)
    ,(#11171,#11172
    )),.UNSPECIFIED.,.F.,.F.,.F.,(4,4),(2,2),(-1.,0.),(0.,0.5),
  .PIECEWISE_BEZIER_KNOTS.);
#11165 = CARTESIAN_POINT('',(90.722848232174,-75.51674437782,-0.49));
#11166 = CARTESIAN_POINT('',(90.722848232174,-75.51674437782,4.51));
#11167 = CARTESIAN_POINT('',(90.619130402788,-79.59767745277,-0.49));
#11168 = CARTESIAN_POINT('',(90.619130402788,-79.59767745277,4.51));
#11169 = CARTESIAN_POINT('',(90.73554771541,-79.67599308591,-0.49));
#11170 = CARTESIAN_POINT('',(90.73554771541,-79.67599308591,4.51));
#11171 = CARTESIAN_POINT('',(96.571196035926,-79.43045897743,-0.49));
#11172 = CARTESIAN_POINT('',(96.571196035926,-79.43045897743,4.51));
#11173 = ADVANCED_FACE('',(#11174),#11201,.F.);
#11174 = FACE_BOUND('',#11175,.F.);
#11175 = EDGE_LOOP('',(#11176,#11186,#11193,#11194));
#11176 = ORIENTED_EDGE('',*,*,#11177,.F.);
#11177 = EDGE_CURVE('',#11178,#11180,#11182,.T.);
#11178 = VERTEX_POINT('',#11179);
#11179 = CARTESIAN_POINT('',(99.756783244992,-68.37299437782,-0.49));
#11180 = VERTEX_POINT('',#11181);
#11181 = CARTESIAN_POINT('',(99.756783244992,-68.37299437782,1.51));
#11182 = LINE('',#11183,#11184);
#11183 = CARTESIAN_POINT('',(99.756783244992,-68.37299437782,-0.49));
#11184 = VECTOR('',#11185,1.);
#11185 = DIRECTION('',(0.,0.,1.));
#11186 = ORIENTED_EDGE('',*,*,#11187,.T.);
#11187 = EDGE_CURVE('',#11178,#11141,#11188,.T.);
#11188 = B_SPLINE_CURVE_WITH_KNOTS('',3,(#11189,#11190,#11191,#11192),
  .UNSPECIFIED.,.F.,.F.,(4,4),(-1.,0.),.PIECEWISE_BEZIER_KNOTS.);
#11189 = CARTESIAN_POINT('',(99.756783244992,-68.37299437782,-0.49));
#11190 = CARTESIAN_POINT('',(91.006480790361,-71.29187629005,-0.49));
#11191 = CARTESIAN_POINT('',(90.826562831784,-71.43581130287,-0.49));
#11192 = CARTESIAN_POINT('',(90.722848232174,-75.51674437782,-0.49));
#11193 = ORIENTED_EDGE('',*,*,#11140,.T.);
#11194 = ORIENTED_EDGE('',*,*,#11195,.T.);
#11195 = EDGE_CURVE('',#11143,#11180,#11196,.T.);
#11196 = B_SPLINE_CURVE_WITH_KNOTS('',3,(#11197,#11198,#11199,#11200),
  .UNSPECIFIED.,.F.,.F.,(4,4),(0.,1.195935295656),
  .PIECEWISE_BEZIER_KNOTS.);
#11197 = CARTESIAN_POINT('',(90.722848232174,-75.51674437782,1.51));
#11198 = CARTESIAN_POINT('',(90.826562831784,-71.43581130287,1.51));
#11199 = CARTESIAN_POINT('',(91.006480790361,-71.29187629005,1.51));
#11200 = CARTESIAN_POINT('',(99.756783244992,-68.37299437782,1.51));
#11201 = B_SPLINE_SURFACE_WITH_KNOTS('',3,1,(
    (#11202,#11203)
    ,(#11204,#11205)
    ,(#11206,#11207)
    ,(#11208,#11209
    )),.UNSPECIFIED.,.F.,.F.,.F.,(4,4),(2,2),(-1.,0.),(0.,0.5),
  .PIECEWISE_BEZIER_KNOTS.);
#11202 = CARTESIAN_POINT('',(99.756783244992,-68.37299437782,-0.49));
#11203 = CARTESIAN_POINT('',(99.756783244992,-68.37299437782,4.51));
#11204 = CARTESIAN_POINT('',(91.006480790361,-71.29187629005,-0.49));
#11205 = CARTESIAN_POINT('',(91.006480790361,-71.29187629005,4.51));
#11206 = CARTESIAN_POINT('',(90.826562831784,-71.43581130287,-0.49));
#11207 = CARTESIAN_POINT('',(90.826562831784,-71.43581130287,4.51));
#11208 = CARTESIAN_POINT('',(90.722848232174,-75.51674437782,-0.49));
#11209 = CARTESIAN_POINT('',(90.722848232174,-75.51674437782,4.51));
#11210 = ADVANCED_FACE('',(#11211),#11238,.F.);
#11211 = FACE_BOUND('',#11212,.F.);
#11212 = EDGE_LOOP('',(#11213,#11223,#11230,#11231));
#11213 = ORIENTED_EDGE('',*,*,#11214,.F.);
#11214 = EDGE_CURVE('',#11215,#11217,#11219,.T.);
#11215 = VERTEX_POINT('',#11216);
#11216 = CARTESIAN_POINT('',(109.82153066117,-66.81300884824,-0.49));
#11217 = VERTEX_POINT('',#11218);
#11218 = CARTESIAN_POINT('',(109.82153066117,-66.81300884824,1.51));
#11219 = LINE('',#11220,#11221);
#11220 = CARTESIAN_POINT('',(109.82153066117,-66.81300884824,-0.49));
#11221 = VECTOR('',#11222,1.);
#11222 = DIRECTION('',(0.,0.,1.));
#11223 = ORIENTED_EDGE('',*,*,#11224,.T.);
#11224 = EDGE_CURVE('',#11215,#11178,#11225,.T.);
#11225 = B_SPLINE_CURVE_WITH_KNOTS('',3,(#11226,#11227,#11228,#11229),
  .UNSPECIFIED.,.F.,.F.,(4,4),(-1.,0.),.PIECEWISE_BEZIER_KNOTS.);
#11226 = CARTESIAN_POINT('',(109.82153066117,-66.81300884824,-0.49));
#11227 = CARTESIAN_POINT('',(108.71028066117,-65.42447603167,-0.49));
#11228 = CARTESIAN_POINT('',(108.50708246984,-65.45622796953,-0.49));
#11229 = CARTESIAN_POINT('',(99.756783244992,-68.37299437782,-0.49));
#11230 = ORIENTED_EDGE('',*,*,#11177,.T.);
#11231 = ORIENTED_EDGE('',*,*,#11232,.T.);
#11232 = EDGE_CURVE('',#11180,#11217,#11233,.T.);
#11233 = B_SPLINE_CURVE_WITH_KNOTS('',3,(#11234,#11235,#11236,#11237),
  .UNSPECIFIED.,.F.,.F.,(4,4),(0.,2.770754382389),
  .PIECEWISE_BEZIER_KNOTS.);
#11234 = CARTESIAN_POINT('',(99.756783244992,-68.37299437782,1.51));
#11235 = CARTESIAN_POINT('',(108.50708246984,-65.45622796953,1.51));
#11236 = CARTESIAN_POINT('',(108.71028066117,-65.42447603167,1.51));
#11237 = CARTESIAN_POINT('',(109.82153066117,-66.81300884824,1.51));
#11238 = B_SPLINE_SURFACE_WITH_KNOTS('',3,1,(
    (#11239,#11240)
    ,(#11241,#11242)
    ,(#11243,#11244)
    ,(#11245,#11246
    )),.UNSPECIFIED.,.F.,.F.,.F.,(4,4),(2,2),(-1.,0.),(0.,0.5),
  .PIECEWISE_BEZIER_KNOTS.);
#11239 = CARTESIAN_POINT('',(109.82153066117,-66.81300884824,-0.49));
#11240 = CARTESIAN_POINT('',(109.82153066117,-66.81300884824,4.51));
#11241 = CARTESIAN_POINT('',(108.71028066117,-65.42447603167,-0.49));
#11242 = CARTESIAN_POINT('',(108.71028066117,-65.42447603167,4.51));
#11243 = CARTESIAN_POINT('',(108.50708246984,-65.45622796953,-0.49));
#11244 = CARTESIAN_POINT('',(108.50708246984,-65.45622796953,4.51));
#11245 = CARTESIAN_POINT('',(99.756783244992,-68.37299437782,-0.49));
#11246 = CARTESIAN_POINT('',(99.756783244992,-68.37299437782,4.51));
#11247 = ADVANCED_FACE('',(#11248),#11266,.F.);
#11248 = FACE_BOUND('',#11249,.F.);
#11249 = EDGE_LOOP('',(#11250,#11251,#11258,#11259));
#11250 = ORIENTED_EDGE('',*,*,#11109,.F.);
#11251 = ORIENTED_EDGE('',*,*,#11252,.T.);
#11252 = EDGE_CURVE('',#11101,#11215,#11253,.T.);
#11253 = B_SPLINE_CURVE_WITH_KNOTS('',3,(#11254,#11255,#11256,#11257),
  .UNSPECIFIED.,.F.,.F.,(4,4),(-1.,0.),.PIECEWISE_BEZIER_KNOTS.);
#11254 = CARTESIAN_POINT('',(106.74178324499,-73.70487822792,-0.49));
#11255 = CARTESIAN_POINT('',(110.87139551916,-68.34124243995,-0.49));
#11256 = CARTESIAN_POINT('',(110.93278066117,-68.20366039853,-0.49));
#11257 = CARTESIAN_POINT('',(109.82153066117,-66.81300884824,-0.49));
#11258 = ORIENTED_EDGE('',*,*,#11214,.T.);
#11259 = ORIENTED_EDGE('',*,*,#11260,.T.);
#11260 = EDGE_CURVE('',#11217,#11110,#11261,.T.);
#11261 = B_SPLINE_CURVE_WITH_KNOTS('',3,(#11262,#11263,#11264,#11265),
  .UNSPECIFIED.,.F.,.F.,(4,4),(0.,0.556884927016),
  .PIECEWISE_BEZIER_KNOTS.);
#11262 = CARTESIAN_POINT('',(109.82153066117,-66.81300884824,1.51));
#11263 = CARTESIAN_POINT('',(110.93278066117,-68.20366039853,1.51));
#11264 = CARTESIAN_POINT('',(110.87139551916,-68.34124243995,1.51));
#11265 = CARTESIAN_POINT('',(106.74178324499,-73.70487822792,1.51));
#11266 = B_SPLINE_SURFACE_WITH_KNOTS('',3,1,(
    (#11267,#11268)
    ,(#11269,#11270)
    ,(#11271,#11272)
    ,(#11273,#11274
    )),.UNSPECIFIED.,.F.,.F.,.F.,(4,4),(2,2),(-1.,0.),(0.,0.5),
  .PIECEWISE_BEZIER_KNOTS.);
#11267 = CARTESIAN_POINT('',(106.74178324499,-73.70487822792,-0.49));
#11268 = CARTESIAN_POINT('',(106.74178324499,-73.70487822792,4.51));
#11269 = CARTESIAN_POINT('',(110.87139551916,-68.34124243995,-0.49));
#11270 = CARTESIAN_POINT('',(110.87139551916,-68.34124243995,4.51));
#11271 = CARTESIAN_POINT('',(110.93278066117,-68.20366039853,-0.49));
#11272 = CARTESIAN_POINT('',(110.93278066117,-68.20366039853,4.51));
#11273 = CARTESIAN_POINT('',(109.82153066117,-66.81300884824,-0.49));
#11274 = CARTESIAN_POINT('',(109.82153066117,-66.81300884824,4.51));
#11275 = ADVANCED_FACE('',(#11276),#11312,.F.);
#11276 = FACE_BOUND('',#11277,.F.);
#11277 = EDGE_LOOP('',(#11278,#11288,#11297,#11305));
#11278 = ORIENTED_EDGE('',*,*,#11279,.F.);
#11279 = EDGE_CURVE('',#11280,#11282,#11284,.T.);
#11280 = VERTEX_POINT('',#11281);
#11281 = CARTESIAN_POINT('',(142.03296244421,-92.5453270652,-0.49));
#11282 = VERTEX_POINT('',#11283);
#11283 = CARTESIAN_POINT('',(142.03296244421,-92.5453270652,1.51));
#11284 = LINE('',#11285,#11286);
#11285 = CARTESIAN_POINT('',(142.03296244421,-92.5453270652,-0.49));
#11286 = VECTOR('',#11287,1.);
#11287 = DIRECTION('',(0.,0.,1.));
#11288 = ORIENTED_EDGE('',*,*,#11289,.T.);
#11289 = EDGE_CURVE('',#11280,#11290,#11292,.T.);
#11290 = VERTEX_POINT('',#11291);
#11291 = CARTESIAN_POINT('',(151.13674138504,-89.5460107861,-0.49));
#11292 = B_SPLINE_CURVE_WITH_KNOTS('',3,(#11293,#11294,#11295,#11296),
  .UNSPECIFIED.,.F.,.F.,(4,4),(-1.,0.),.PIECEWISE_BEZIER_KNOTS.);
#11293 = CARTESIAN_POINT('',(142.03296244421,-92.5453270652,-0.49));
#11294 = CARTESIAN_POINT('',(143.81307988602,-92.85224308591,-0.49));
#11295 = CARTESIAN_POINT('',(143.99511657832,-92.79085955879,-0.49));
#11296 = CARTESIAN_POINT('',(151.13674138504,-89.5460107861,-0.49));
#11297 = ORIENTED_EDGE('',*,*,#11298,.T.);
#11298 = EDGE_CURVE('',#11290,#11299,#11301,.T.);
#11299 = VERTEX_POINT('',#11300);
#11300 = CARTESIAN_POINT('',(151.13674138504,-89.5460107861,1.51));
#11301 = LINE('',#11302,#11303);
#11302 = CARTESIAN_POINT('',(151.13674138504,-89.5460107861,-0.49));
#11303 = VECTOR('',#11304,1.);
#11304 = DIRECTION('',(0.,0.,1.));
#11305 = ORIENTED_EDGE('',*,*,#11306,.T.);
#11306 = EDGE_CURVE('',#11299,#11282,#11307,.T.);
#11307 = B_SPLINE_CURVE_WITH_KNOTS('',3,(#11308,#11309,#11310,#11311),
  .UNSPECIFIED.,.F.,.F.,(4,4),(0.,2.294347132951),
  .PIECEWISE_BEZIER_KNOTS.);
#11308 = CARTESIAN_POINT('',(151.13674138504,-89.5460107861,1.51));
#11309 = CARTESIAN_POINT('',(143.99511657832,-92.79085955879,1.51));
#11310 = CARTESIAN_POINT('',(143.81307988602,-92.85224308591,1.51));
#11311 = CARTESIAN_POINT('',(142.03296244421,-92.5453270652,1.51));
#11312 = B_SPLINE_SURFACE_WITH_KNOTS('',3,1,(
    (#11313,#11314)
    ,(#11315,#11316)
    ,(#11317,#11318)
    ,(#11319,#11320
    )),.UNSPECIFIED.,.F.,.F.,.F.,(4,4),(2,2),(-1.,0.),(0.,0.5),
  .PIECEWISE_BEZIER_KNOTS.);
#11313 = CARTESIAN_POINT('',(142.03296244421,-92.5453270652,-0.49));
#11314 = CARTESIAN_POINT('',(142.03296244421,-92.5453270652,4.51));
#11315 = CARTESIAN_POINT('',(143.81307988602,-92.85224308591,-0.49));
#11316 = CARTESIAN_POINT('',(143.81307988602,-92.85224308591,4.51));
#11317 = CARTESIAN_POINT('',(143.99511657832,-92.79085955879,-0.49));
#11318 = CARTESIAN_POINT('',(143.99511657832,-92.79085955879,4.51));
#11319 = CARTESIAN_POINT('',(151.13674138504,-89.5460107861,-0.49));
#11320 = CARTESIAN_POINT('',(151.13674138504,-89.5460107861,4.51));
#11321 = ADVANCED_FACE('',(#11322),#11349,.F.);
#11322 = FACE_BOUND('',#11323,.F.);
#11323 = EDGE_LOOP('',(#11324,#11334,#11341,#11342));
#11324 = ORIENTED_EDGE('',*,*,#11325,.F.);
#11325 = EDGE_CURVE('',#11326,#11328,#11330,.T.);
#11326 = VERTEX_POINT('',#11327);
#11327 = CARTESIAN_POINT('',(136.02163040278,-85.05020962338,-0.49));
#11328 = VERTEX_POINT('',#11329);
#11329 = CARTESIAN_POINT('',(136.02163040278,-85.05020962338,1.51));
#11330 = LINE('',#11331,#11332);
#11331 = CARTESIAN_POINT('',(136.02163040278,-85.05020962338,-0.49));
#11332 = VECTOR('',#11333,1.);
#11333 = DIRECTION('',(0.,0.,1.));
#11334 = ORIENTED_EDGE('',*,*,#11335,.T.);
#11335 = EDGE_CURVE('',#11326,#11280,#11336,.T.);
#11336 = B_SPLINE_CURVE_WITH_KNOTS('',3,(#11337,#11338,#11339,#11340),
  .UNSPECIFIED.,.F.,.F.,(4,4),(-1.,0.),.PIECEWISE_BEZIER_KNOTS.);
#11337 = CARTESIAN_POINT('',(136.02163040278,-85.05020962338,-0.49));
#11338 = CARTESIAN_POINT('',(140.13219991165,-92.08812629005,-0.49));
#11339 = CARTESIAN_POINT('',(140.25284500239,-92.2384094296,-0.49));
#11340 = CARTESIAN_POINT('',(142.03296244421,-92.5453270652,-0.49));
#11341 = ORIENTED_EDGE('',*,*,#11279,.T.);
#11342 = ORIENTED_EDGE('',*,*,#11343,.T.);
#11343 = EDGE_CURVE('',#11282,#11328,#11344,.T.);
#11344 = B_SPLINE_CURVE_WITH_KNOTS('',3,(#11345,#11346,#11347,#11348),
  .UNSPECIFIED.,.F.,.F.,(4,4),(0.,0.539335561666),
  .PIECEWISE_BEZIER_KNOTS.);
#11345 = CARTESIAN_POINT('',(142.03296244421,-92.5453270652,1.51));
#11346 = CARTESIAN_POINT('',(140.25284500239,-92.2384094296,1.51));
#11347 = CARTESIAN_POINT('',(140.13219991165,-92.08812629005,1.51));
#11348 = CARTESIAN_POINT('',(136.02163040278,-85.05020962338,1.51));
#11349 = B_SPLINE_SURFACE_WITH_KNOTS('',3,1,(
    (#11350,#11351)
    ,(#11352,#11353)
    ,(#11354,#11355)
    ,(#11356,#11357
    )),.UNSPECIFIED.,.F.,.F.,.F.,(4,4),(2,2),(-1.,0.),(0.,0.5),
  .PIECEWISE_BEZIER_KNOTS.);
#11350 = CARTESIAN_POINT('',(136.02163040278,-85.05020962338,-0.49));
#11351 = CARTESIAN_POINT('',(136.02163040278,-85.05020962338,4.51));
#11352 = CARTESIAN_POINT('',(140.13219991165,-92.08812629005,-0.49));
#11353 = CARTESIAN_POINT('',(140.13219991165,-92.08812629005,4.51));
#11354 = CARTESIAN_POINT('',(140.25284500239,-92.2384094296,-0.49));
#11355 = CARTESIAN_POINT('',(140.25284500239,-92.2384094296,4.51));
#11356 = CARTESIAN_POINT('',(142.03296244421,-92.5453270652,-0.49));
#11357 = CARTESIAN_POINT('',(142.03296244421,-92.5453270652,4.51));
#11358 = ADVANCED_FACE('',(#11359),#11386,.F.);
#11359 = FACE_BOUND('',#11360,.F.);
#11360 = EDGE_LOOP('',(#11361,#11371,#11378,#11379));
#11361 = ORIENTED_EDGE('',*,*,#11362,.F.);
#11362 = EDGE_CURVE('',#11363,#11365,#11367,.T.);
#11363 = VERTEX_POINT('',#11364);
#11364 = CARTESIAN_POINT('',(134.82571502803,-76.69361052772,-0.49));
#11365 = VERTEX_POINT('',#11366);
#11366 = CARTESIAN_POINT('',(134.82571502803,-76.69361052772,1.51));
#11367 = LINE('',#11368,#11369);
#11368 = CARTESIAN_POINT('',(134.82571502803,-76.69361052772,-0.49));
#11369 = VECTOR('',#11370,1.);
#11370 = DIRECTION('',(0.,0.,1.));
#11371 = ORIENTED_EDGE('',*,*,#11372,.T.);
#11372 = EDGE_CURVE('',#11363,#11326,#11373,.T.);
#11373 = B_SPLINE_CURVE_WITH_KNOTS('',3,(#11374,#11375,#11376,#11377),
  .UNSPECIFIED.,.F.,.F.,(4,4),(-1.,0.),.PIECEWISE_BEZIER_KNOTS.);
#11374 = CARTESIAN_POINT('',(134.82571502803,-76.69361052772,-0.49));
#11375 = CARTESIAN_POINT('',(131.88566192744,-77.84507771115,-0.49));
#11376 = CARTESIAN_POINT('',(131.91106735347,-78.01229295672,-0.49));
#11377 = CARTESIAN_POINT('',(136.02163040278,-85.05020962338,-0.49));
#11378 = ORIENTED_EDGE('',*,*,#11325,.T.);
#11379 = ORIENTED_EDGE('',*,*,#11380,.T.);
#11380 = EDGE_CURVE('',#11328,#11365,#11381,.T.);
#11381 = B_SPLINE_CURVE_WITH_KNOTS('',3,(#11382,#11383,#11384,#11385),
  .UNSPECIFIED.,.F.,.F.,(4,4),(0.,2.446144021542),
  .PIECEWISE_BEZIER_KNOTS.);
#11382 = CARTESIAN_POINT('',(136.02163040278,-85.05020962338,1.51));
#11383 = CARTESIAN_POINT('',(131.91106735347,-78.01229295672,1.51));
#11384 = CARTESIAN_POINT('',(131.88566192744,-77.84507771115,1.51));
#11385 = CARTESIAN_POINT('',(134.82571502803,-76.69361052772,1.51));
#11386 = B_SPLINE_SURFACE_WITH_KNOTS('',3,1,(
    (#11387,#11388)
    ,(#11389,#11390)
    ,(#11391,#11392)
    ,(#11393,#11394
    )),.UNSPECIFIED.,.F.,.F.,.F.,(4,4),(2,2),(-1.,0.),(0.,0.5),
  .PIECEWISE_BEZIER_KNOTS.);
#11387 = CARTESIAN_POINT('',(134.82571502803,-76.69361052772,-0.49));
#11388 = CARTESIAN_POINT('',(134.82571502803,-76.69361052772,4.51));
#11389 = CARTESIAN_POINT('',(131.88566192744,-77.84507771115,-0.49));
#11390 = CARTESIAN_POINT('',(131.88566192744,-77.84507771115,4.51));
#11391 = CARTESIAN_POINT('',(131.91106735347,-78.01229295672,-0.49));
#11392 = CARTESIAN_POINT('',(131.91106735347,-78.01229295672,4.51));
#11393 = CARTESIAN_POINT('',(136.02163040278,-85.05020962338,-0.49));
#11394 = CARTESIAN_POINT('',(136.02163040278,-85.05020962338,4.51));
#11395 = ADVANCED_FACE('',(#11396),#11423,.F.);
#11396 = FACE_BOUND('',#11397,.F.);
#11397 = EDGE_LOOP('',(#11398,#11408,#11415,#11416));
#11398 = ORIENTED_EDGE('',*,*,#11399,.F.);
#11399 = EDGE_CURVE('',#11400,#11402,#11404,.T.);
#11400 = VERTEX_POINT('',#11401);
#11401 = CARTESIAN_POINT('',(143.07436528641,-75.64586117368,-0.49));
#11402 = VERTEX_POINT('',#11403);
#11403 = CARTESIAN_POINT('',(143.07436528641,-75.64586117368,1.51));
#11404 = LINE('',#11405,#11406);
#11405 = CARTESIAN_POINT('',(143.07436528641,-75.64586117368,-0.49));
#11406 = VECTOR('',#11407,1.);
#11407 = DIRECTION('',(0.,0.,1.));
#11408 = ORIENTED_EDGE('',*,*,#11409,.T.);
#11409 = EDGE_CURVE('',#11400,#11363,#11410,.T.);
#11410 = B_SPLINE_CURVE_WITH_KNOTS('',3,(#11411,#11412,#11413,#11414),
  .UNSPECIFIED.,.F.,.F.,(4,4),(-1.,0.),.PIECEWISE_BEZIER_KNOTS.);
#11411 = CARTESIAN_POINT('',(143.07436528641,-75.64586117368,-0.49));
#11412 = CARTESIAN_POINT('',(137.92874913651,-75.52309411944,-0.49));
#11413 = CARTESIAN_POINT('',(137.76364939489,-75.54425884824,-0.49));
#11414 = CARTESIAN_POINT('',(134.82571502803,-76.69361052772,-0.49));
#11415 = ORIENTED_EDGE('',*,*,#11362,.T.);
#11416 = ORIENTED_EDGE('',*,*,#11417,.T.);
#11417 = EDGE_CURVE('',#11365,#11402,#11418,.T.);
#11418 = B_SPLINE_CURVE_WITH_KNOTS('',3,(#11419,#11420,#11421,#11422),
  .UNSPECIFIED.,.F.,.F.,(4,4),(0.,0.94615871713),
  .PIECEWISE_BEZIER_KNOTS.);
#11419 = CARTESIAN_POINT('',(134.82571502803,-76.69361052772,1.51));
#11420 = CARTESIAN_POINT('',(137.76364939489,-75.54425884824,1.51));
#11421 = CARTESIAN_POINT('',(137.92874913651,-75.52309411944,1.51));
#11422 = CARTESIAN_POINT('',(143.07436528641,-75.64586117368,1.51));
#11423 = B_SPLINE_SURFACE_WITH_KNOTS('',3,1,(
    (#11424,#11425)
    ,(#11426,#11427)
    ,(#11428,#11429)
    ,(#11430,#11431
    )),.UNSPECIFIED.,.F.,.F.,.F.,(4,4),(2,2),(-1.,0.),(0.,0.5),
  .PIECEWISE_BEZIER_KNOTS.);
#11424 = CARTESIAN_POINT('',(143.07436528641,-75.64586117368,-0.49));
#11425 = CARTESIAN_POINT('',(143.07436528641,-75.64586117368,4.51));
#11426 = CARTESIAN_POINT('',(137.92874913651,-75.52309411944,-0.49));
#11427 = CARTESIAN_POINT('',(137.92874913651,-75.52309411944,4.51));
#11428 = CARTESIAN_POINT('',(137.76364939489,-75.54425884824,-0.49));
#11429 = CARTESIAN_POINT('',(137.76364939489,-75.54425884824,4.51));
#11430 = CARTESIAN_POINT('',(134.82571502803,-76.69361052772,-0.49));
#11431 = CARTESIAN_POINT('',(134.82571502803,-76.69361052772,4.51));
#11432 = ADVANCED_FACE('',(#11433),#11460,.F.);
#11433 = FACE_BOUND('',#11434,.F.);
#11434 = EDGE_LOOP('',(#11435,#11445,#11452,#11453));
#11435 = ORIENTED_EDGE('',*,*,#11436,.F.);
#11436 = EDGE_CURVE('',#11437,#11439,#11441,.T.);
#11437 = VERTEX_POINT('',#11438);
#11438 = CARTESIAN_POINT('',(151.93684758621,-79.27170897743,-0.49));
#11439 = VERTEX_POINT('',#11440);
#11440 = CARTESIAN_POINT('',(151.93684758621,-79.27170897743,1.51));
#11441 = LINE('',#11442,#11443);
#11442 = CARTESIAN_POINT('',(151.93684758621,-79.27170897743,-0.49));
#11443 = VECTOR('',#11444,1.);
#11444 = DIRECTION('',(0.,0.,1.));
#11445 = ORIENTED_EDGE('',*,*,#11446,.T.);
#11446 = EDGE_CURVE('',#11437,#11400,#11447,.T.);
#11447 = B_SPLINE_CURVE_WITH_KNOTS('',3,(#11448,#11449,#11450,#11451),
  .UNSPECIFIED.,.F.,.F.,(4,4),(-1.,0.),.PIECEWISE_BEZIER_KNOTS.);
#11448 = CARTESIAN_POINT('',(151.93684758621,-79.27170897743,-0.49));
#11449 = CARTESIAN_POINT('',(148.39778066117,-75.84059411944,-0.49));
#11450 = CARTESIAN_POINT('',(148.21998143631,-75.76862822792,-0.49));
#11451 = CARTESIAN_POINT('',(143.07436528641,-75.64586117368,-0.49));
#11452 = ORIENTED_EDGE('',*,*,#11399,.T.);
#11453 = ORIENTED_EDGE('',*,*,#11454,.T.);
#11454 = EDGE_CURVE('',#11402,#11439,#11455,.T.);
#11455 = B_SPLINE_CURVE_WITH_KNOTS('',3,(#11456,#11457,#11458,#11459),
  .UNSPECIFIED.,.F.,.F.,(4,4),(0.,1.549291049823),
  .PIECEWISE_BEZIER_KNOTS.);
#11456 = CARTESIAN_POINT('',(143.07436528641,-75.64586117368,1.51));
#11457 = CARTESIAN_POINT('',(148.21998143631,-75.76862822792,1.51));
#11458 = CARTESIAN_POINT('',(148.39778066117,-75.84059411944,1.51));
#11459 = CARTESIAN_POINT('',(151.93684758621,-79.27170897743,1.51));
#11460 = B_SPLINE_SURFACE_WITH_KNOTS('',3,1,(
    (#11461,#11462)
    ,(#11463,#11464)
    ,(#11465,#11466)
    ,(#11467,#11468
    )),.UNSPECIFIED.,.F.,.F.,.F.,(4,4),(2,2),(-1.,0.),(0.,0.5),
  .PIECEWISE_BEZIER_KNOTS.);
#11461 = CARTESIAN_POINT('',(151.93684758621,-79.27170897743,-0.49));
#11462 = CARTESIAN_POINT('',(151.93684758621,-79.27170897743,4.51));
#11463 = CARTESIAN_POINT('',(148.39778066117,-75.84059411944,-0.49));
#11464 = CARTESIAN_POINT('',(148.39778066117,-75.84059411944,4.51));
#11465 = CARTESIAN_POINT('',(148.21998143631,-75.76862822792,-0.49));
#11466 = CARTESIAN_POINT('',(148.21998143631,-75.76862822792,4.51));
#11467 = CARTESIAN_POINT('',(143.07436528641,-75.64586117368,-0.49));
#11468 = CARTESIAN_POINT('',(143.07436528641,-75.64586117368,4.51));
#11469 = ADVANCED_FACE('',(#11470),#11497,.F.);
#11470 = FACE_BOUND('',#11471,.F.);
#11471 = EDGE_LOOP('',(#11472,#11482,#11489,#11490));
#11472 = ORIENTED_EDGE('',*,*,#11473,.F.);
#11473 = EDGE_CURVE('',#11474,#11476,#11478,.T.);
#11474 = VERTEX_POINT('',#11475);
#11475 = CARTESIAN_POINT('',(156.98509241857,-84.50410923581,-0.49));
#11476 = VERTEX_POINT('',#11477);
#11477 = CARTESIAN_POINT('',(156.98509241857,-84.50410923581,1.51));
#11478 = LINE('',#11479,#11480);
#11479 = CARTESIAN_POINT('',(156.98509241857,-84.50410923581,-0.49));
#11480 = VECTOR('',#11481,1.);
#11481 = DIRECTION('',(0.,0.,1.));
#11482 = ORIENTED_EDGE('',*,*,#11483,.T.);
#11483 = EDGE_CURVE('',#11474,#11437,#11484,.T.);
#11484 = B_SPLINE_CURVE_WITH_KNOTS('',3,(#11485,#11486,#11487,#11488),
  .UNSPECIFIED.,.F.,.F.,(4,4),(-1.,0.),.PIECEWISE_BEZIER_KNOTS.);
#11485 = CARTESIAN_POINT('',(156.98509241857,-84.50410923581,-0.49));
#11486 = CARTESIAN_POINT('',(155.5775168367,-82.80866039853,-0.49));
#11487 = CARTESIAN_POINT('',(155.47590805171,-82.70494256914,-0.49));
#11488 = CARTESIAN_POINT('',(151.93684758621,-79.27170897743,-0.49));
#11489 = ORIENTED_EDGE('',*,*,#11436,.T.);
#11490 = ORIENTED_EDGE('',*,*,#11491,.T.);
#11491 = EDGE_CURVE('',#11439,#11476,#11492,.T.);
#11492 = B_SPLINE_CURVE_WITH_KNOTS('',3,(#11493,#11494,#11495,#11496),
  .UNSPECIFIED.,.F.,.F.,(4,4),(0.,1.255227953772),
  .PIECEWISE_BEZIER_KNOTS.);
#11493 = CARTESIAN_POINT('',(151.93684758621,-79.27170897743,1.51));
#11494 = CARTESIAN_POINT('',(155.47590805171,-82.70494256914,1.51));
#11495 = CARTESIAN_POINT('',(155.5775168367,-82.80866039853,1.51));
#11496 = CARTESIAN_POINT('',(156.98509241857,-84.50410923581,1.51));
#11497 = B_SPLINE_SURFACE_WITH_KNOTS('',3,1,(
    (#11498,#11499)
    ,(#11500,#11501)
    ,(#11502,#11503)
    ,(#11504,#11505
    )),.UNSPECIFIED.,.F.,.F.,.F.,(4,4),(2,2),(-1.,0.),(0.,0.5),
  .PIECEWISE_BEZIER_KNOTS.);
#11498 = CARTESIAN_POINT('',(156.98509241857,-84.50410923581,-0.49));
#11499 = CARTESIAN_POINT('',(156.98509241857,-84.50410923581,4.51));
#11500 = CARTESIAN_POINT('',(155.5775168367,-82.80866039853,-0.49));
#11501 = CARTESIAN_POINT('',(155.5775168367,-82.80866039853,4.51));
#11502 = CARTESIAN_POINT('',(155.47590805171,-82.70494256914,-0.49));
#11503 = CARTESIAN_POINT('',(155.47590805171,-82.70494256914,4.51));
#11504 = CARTESIAN_POINT('',(151.93684758621,-79.27170897743,-0.49));
#11505 = CARTESIAN_POINT('',(151.93684758621,-79.27170897743,4.51));
#11506 = ADVANCED_FACE('',(#11507),#11525,.F.);
#11507 = FACE_BOUND('',#11508,.F.);
#11508 = EDGE_LOOP('',(#11509,#11510,#11517,#11518));
#11509 = ORIENTED_EDGE('',*,*,#11298,.F.);
#11510 = ORIENTED_EDGE('',*,*,#11511,.T.);
#11511 = EDGE_CURVE('',#11290,#11474,#11512,.T.);
#11512 = B_SPLINE_CURVE_WITH_KNOTS('',3,(#11513,#11514,#11515,#11516),
  .UNSPECIFIED.,.F.,.F.,(4,4),(-1.,0.),.PIECEWISE_BEZIER_KNOTS.);
#11513 = CARTESIAN_POINT('',(151.13674138504,-89.5460107861,-0.49));
#11514 = CARTESIAN_POINT('',(158.27838557043,-86.30116039853,-0.49));
#11515 = CARTESIAN_POINT('',(158.39479965327,-86.19956130287,-0.49));
#11516 = CARTESIAN_POINT('',(156.98509241857,-84.50410923581,-0.49));
#11517 = ORIENTED_EDGE('',*,*,#11473,.T.);
#11518 = ORIENTED_EDGE('',*,*,#11519,.T.);
#11519 = EDGE_CURVE('',#11476,#11299,#11520,.T.);
#11520 = B_SPLINE_CURVE_WITH_KNOTS('',3,(#11521,#11522,#11523,#11524),
  .UNSPECIFIED.,.F.,.F.,(4,4),(0.,0.639511386259),
  .PIECEWISE_BEZIER_KNOTS.);
#11521 = CARTESIAN_POINT('',(156.98509241857,-84.50410923581,1.51));
#11522 = CARTESIAN_POINT('',(158.39479965327,-86.19956130287,1.51));
#11523 = CARTESIAN_POINT('',(158.27838557043,-86.30116039853,1.51));
#11524 = CARTESIAN_POINT('',(151.13674138504,-89.5460107861,1.51));
#11525 = B_SPLINE_SURFACE_WITH_KNOTS('',3,1,(
    (#11526,#11527)
    ,(#11528,#11529)
    ,(#11530,#11531)
    ,(#11532,#11533
    )),.UNSPECIFIED.,.F.,.F.,.F.,(4,4),(2,2),(-1.,0.),(0.,0.5),
  .PIECEWISE_BEZIER_KNOTS.);
#11526 = CARTESIAN_POINT('',(151.13674138504,-89.5460107861,-0.49));
#11527 = CARTESIAN_POINT('',(151.13674138504,-89.5460107861,4.51));
#11528 = CARTESIAN_POINT('',(158.27838557043,-86.30116039853,-0.49));
#11529 = CARTESIAN_POINT('',(158.27838557043,-86.30116039853,4.51));
#11530 = CARTESIAN_POINT('',(158.39479965327,-86.19956130287,-0.49));
#11531 = CARTESIAN_POINT('',(158.39479965327,-86.19956130287,4.51));
#11532 = CARTESIAN_POINT('',(156.98509241857,-84.50410923581,-0.49));
#11533 = CARTESIAN_POINT('',(156.98509241857,-84.50410923581,4.51));
#11534 = ADVANCED_FACE('',(#11535),#11571,.F.);
#11535 = FACE_BOUND('',#11536,.F.);
#11536 = EDGE_LOOP('',(#11537,#11547,#11556,#11564));
#11537 = ORIENTED_EDGE('',*,*,#11538,.F.);
#11538 = EDGE_CURVE('',#11539,#11541,#11543,.T.);
#11539 = VERTEX_POINT('',#11540);
#11540 = CARTESIAN_POINT('',(148.71739939489,-104.851626936,-0.49));
#11541 = VERTEX_POINT('',#11542);
#11542 = CARTESIAN_POINT('',(148.71739939489,-104.851626936,1.51));
#11543 = LINE('',#11544,#11545);
#11544 = CARTESIAN_POINT('',(148.71739939489,-104.851626936,-0.49));
#11545 = VECTOR('',#11546,1.);
#11546 = DIRECTION('',(0.,0.,1.));
#11547 = ORIENTED_EDGE('',*,*,#11548,.T.);
#11548 = EDGE_CURVE('',#11539,#11549,#11551,.T.);
#11549 = VERTEX_POINT('',#11550);
#11550 = CARTESIAN_POINT('',(159.39597885249,-114.2030599302,-0.49));
#11551 = B_SPLINE_CURVE_WITH_KNOTS('',3,(#11552,#11553,#11554,#11555),
  .UNSPECIFIED.,.F.,.F.,(4,4),(-1.,0.),.PIECEWISE_BEZIER_KNOTS.);
#11552 = CARTESIAN_POINT('',(148.71739939489,-104.851626936,-0.49));
#11553 = CARTESIAN_POINT('',(151.41403712072,-113.8665100997,-0.49));
#11554 = CARTESIAN_POINT('',(151.627809602,-114.0527765888,-0.49));
#11555 = CARTESIAN_POINT('',(159.39597885249,-114.2030599302,-0.49));
#11556 = ORIENTED_EDGE('',*,*,#11557,.T.);
#11557 = EDGE_CURVE('',#11549,#11558,#11560,.T.);
#11558 = VERTEX_POINT('',#11559);
#11559 = CARTESIAN_POINT('',(159.39597885249,-114.2030599302,1.51));
#11560 = LINE('',#11561,#11562);
#11561 = CARTESIAN_POINT('',(159.39597885249,-114.2030599302,-0.49));
#11562 = VECTOR('',#11563,1.);
#11563 = DIRECTION('',(0.,0.,1.));
#11564 = ORIENTED_EDGE('',*,*,#11565,.T.);
#11565 = EDGE_CURVE('',#11558,#11541,#11566,.T.);
#11566 = B_SPLINE_CURVE_WITH_KNOTS('',3,(#11567,#11568,#11569,#11570),
  .UNSPECIFIED.,.F.,.F.,(4,4),(0.,2.453410034558),
  .PIECEWISE_BEZIER_KNOTS.);
#11567 = CARTESIAN_POINT('',(159.39597885249,-114.2030599302,1.51));
#11568 = CARTESIAN_POINT('',(151.627809602,-114.0527765888,1.51));
#11569 = CARTESIAN_POINT('',(151.41403712072,-113.8665100997,1.51));
#11570 = CARTESIAN_POINT('',(148.71739939489,-104.851626936,1.51));
#11571 = B_SPLINE_SURFACE_WITH_KNOTS('',3,1,(
    (#11572,#11573)
    ,(#11574,#11575)
    ,(#11576,#11577)
    ,(#11578,#11579
    )),.UNSPECIFIED.,.F.,.F.,.F.,(4,4),(2,2),(-1.,0.),(0.,0.5),
  .PIECEWISE_BEZIER_KNOTS.);
#11572 = CARTESIAN_POINT('',(148.71739939489,-104.851626936,-0.49));
#11573 = CARTESIAN_POINT('',(148.71739939489,-104.851626936,4.51));
#11574 = CARTESIAN_POINT('',(151.41403712072,-113.8665100997,-0.49));
#11575 = CARTESIAN_POINT('',(151.41403712072,-113.8665100997,4.51));
#11576 = CARTESIAN_POINT('',(151.627809602,-114.0527765888,-0.49));
#11577 = CARTESIAN_POINT('',(151.627809602,-114.0527765888,4.51));
#11578 = CARTESIAN_POINT('',(159.39597885249,-114.2030599302,-0.49));
#11579 = CARTESIAN_POINT('',(159.39597885249,-114.2030599302,4.51));
#11580 = ADVANCED_FACE('',(#11581),#11608,.F.);
#11581 = FACE_BOUND('',#11582,.F.);
#11582 = EDGE_LOOP('',(#11583,#11593,#11600,#11601));
#11583 = ORIENTED_EDGE('',*,*,#11584,.F.);
#11584 = EDGE_CURVE('',#11585,#11587,#11589,.T.);
#11585 = VERTEX_POINT('',#11586);
#11586 = CARTESIAN_POINT('',(153.27246373612,-92.34635988176,-0.49));
#11587 = VERTEX_POINT('',#11588);
#11588 = CARTESIAN_POINT('',(153.27246373612,-92.34635988176,1.51));
#11589 = LINE('',#11590,#11591);
#11590 = CARTESIAN_POINT('',(153.27246373612,-92.34635988176,-0.49));
#11591 = VECTOR('',#11592,1.);
#11592 = DIRECTION('',(0.,0.,1.));
#11593 = ORIENTED_EDGE('',*,*,#11594,.T.);
#11594 = EDGE_CURVE('',#11585,#11539,#11595,.T.);
#11595 = B_SPLINE_CURVE_WITH_KNOTS('',3,(#11596,#11597,#11598,#11599),
  .UNSPECIFIED.,.F.,.F.,(4,4),(-1.,0.),.PIECEWISE_BEZIER_KNOTS.);
#11596 = CARTESIAN_POINT('',(153.27246373612,-92.34635988176,-0.49));
#11597 = CARTESIAN_POINT('',(146.11178324499,-95.5890931505,-0.49));
#11598 = CARTESIAN_POINT('',(146.02076166906,-95.83885988176,-0.49));
#11599 = CARTESIAN_POINT('',(148.71739939489,-104.851626936,-0.49));
#11600 = ORIENTED_EDGE('',*,*,#11538,.T.);
#11601 = ORIENTED_EDGE('',*,*,#11602,.T.);
#11602 = EDGE_CURVE('',#11541,#11587,#11603,.T.);
#11603 = B_SPLINE_CURVE_WITH_KNOTS('',3,(#11604,#11605,#11606,#11607),
  .UNSPECIFIED.,.F.,.F.,(4,4),(0.,2.815741256976),
  .PIECEWISE_BEZIER_KNOTS.);
#11604 = CARTESIAN_POINT('',(148.71739939489,-104.851626936,1.51));
#11605 = CARTESIAN_POINT('',(146.02076166906,-95.83885988176,1.51));
#11606 = CARTESIAN_POINT('',(146.11178324499,-95.5890931505,1.51));
#11607 = CARTESIAN_POINT('',(153.27246373612,-92.34635988176,1.51));
#11608 = B_SPLINE_SURFACE_WITH_KNOTS('',3,1,(
    (#11609,#11610)
    ,(#11611,#11612)
    ,(#11613,#11614)
    ,(#11615,#11616
    )),.UNSPECIFIED.,.F.,.F.,.F.,(4,4),(2,2),(-1.,0.),(0.,0.5),
  .PIECEWISE_BEZIER_KNOTS.);
#11609 = CARTESIAN_POINT('',(153.27246373612,-92.34635988176,-0.49));
#11610 = CARTESIAN_POINT('',(153.27246373612,-92.34635988176,4.51));
#11611 = CARTESIAN_POINT('',(146.11178324499,-95.5890931505,-0.49));
#11612 = CARTESIAN_POINT('',(146.11178324499,-95.5890931505,4.51));
#11613 = CARTESIAN_POINT('',(146.02076166906,-95.83885988176,-0.49));
#11614 = CARTESIAN_POINT('',(146.02076166906,-95.83885988176,4.51));
#11615 = CARTESIAN_POINT('',(148.71739939489,-104.851626936,-0.49));
#11616 = CARTESIAN_POINT('',(148.71739939489,-104.851626936,4.51));
#11617 = ADVANCED_FACE('',(#11618),#11645,.F.);
#11618 = FACE_BOUND('',#11619,.F.);
#11619 = EDGE_LOOP('',(#11620,#11630,#11637,#11638));
#11620 = ORIENTED_EDGE('',*,*,#11621,.F.);
#11621 = EDGE_CURVE('',#11622,#11624,#11626,.T.);
#11622 = VERTEX_POINT('',#11623);
#11623 = CARTESIAN_POINT('',(163.17423660396,-90.92395962338,-0.49));
#11624 = VERTEX_POINT('',#11625);
#11625 = CARTESIAN_POINT('',(163.17423660396,-90.92395962338,1.51));
#11626 = LINE('',#11627,#11628);
#11627 = CARTESIAN_POINT('',(163.17423660396,-90.92395962338,-0.49));
#11628 = VECTOR('',#11629,1.);
#11629 = DIRECTION('',(0.,0.,1.));
#11630 = ORIENTED_EDGE('',*,*,#11631,.T.);
#11631 = EDGE_CURVE('',#11622,#11585,#11632,.T.);
#11632 = B_SPLINE_CURVE_WITH_KNOTS('',3,(#11633,#11634,#11635,#11636),
  .UNSPECIFIED.,.F.,.F.,(4,4),(-1.,0.),.PIECEWISE_BEZIER_KNOTS.);
#11633 = CARTESIAN_POINT('',(163.17423660396,-90.92395962338,-0.49));
#11634 = CARTESIAN_POINT('',(160.62788040278,-89.073991794,-0.49));
#11635 = CARTESIAN_POINT('',(160.43103195308,-89.10362822792,-0.49));
#11636 = CARTESIAN_POINT('',(153.27246373612,-92.34635988176,-0.49));
#11637 = ORIENTED_EDGE('',*,*,#11584,.T.);
#11638 = ORIENTED_EDGE('',*,*,#11639,.T.);
#11639 = EDGE_CURVE('',#11587,#11624,#11640,.T.);
#11640 = B_SPLINE_CURVE_WITH_KNOTS('',3,(#11641,#11642,#11643,#11644),
  .UNSPECIFIED.,.F.,.F.,(4,4),(0.,2.37141670894),
  .PIECEWISE_BEZIER_KNOTS.);
#11641 = CARTESIAN_POINT('',(153.27246373612,-92.34635988176,1.51));
#11642 = CARTESIAN_POINT('',(160.43103195308,-89.10362822792,1.51));
#11643 = CARTESIAN_POINT('',(160.62788040278,-89.073991794,1.51));
#11644 = CARTESIAN_POINT('',(163.17423660396,-90.92395962338,1.51));
#11645 = B_SPLINE_SURFACE_WITH_KNOTS('',3,1,(
    (#11646,#11647)
    ,(#11648,#11649)
    ,(#11650,#11651)
    ,(#11652,#11653
    )),.UNSPECIFIED.,.F.,.F.,.F.,(4,4),(2,2),(-1.,0.),(0.,0.5),
  .PIECEWISE_BEZIER_KNOTS.);
#11646 = CARTESIAN_POINT('',(163.17423660396,-90.92395962338,-0.49));
#11647 = CARTESIAN_POINT('',(163.17423660396,-90.92395962338,4.51));
#11648 = CARTESIAN_POINT('',(160.62788040278,-89.073991794,-0.49));
#11649 = CARTESIAN_POINT('',(160.62788040278,-89.073991794,4.51));
#11650 = CARTESIAN_POINT('',(160.43103195308,-89.10362822792,-0.49));
#11651 = CARTESIAN_POINT('',(160.43103195308,-89.10362822792,4.51));
#11652 = CARTESIAN_POINT('',(153.27246373612,-92.34635988176,-0.49));
#11653 = CARTESIAN_POINT('',(153.27246373612,-92.34635988176,4.51));
#11654 = ADVANCED_FACE('',(#11655),#11682,.F.);
#11655 = FACE_BOUND('',#11656,.F.);
#11656 = EDGE_LOOP('',(#11657,#11667,#11674,#11675));
#11657 = ORIENTED_EDGE('',*,*,#11658,.F.);
#11658 = EDGE_CURVE('',#11659,#11661,#11663,.T.);
#11659 = VERTEX_POINT('',#11660);
#11660 = CARTESIAN_POINT('',(166.54608505366,-103.581626936,-0.49));
#11661 = VERTEX_POINT('',#11662);
#11662 = CARTESIAN_POINT('',(166.54608505366,-103.581626936,1.51));
#11663 = LINE('',#11664,#11665);
#11664 = CARTESIAN_POINT('',(166.54608505366,-103.581626936,-0.49));
#11665 = VECTOR('',#11666,1.);
#11666 = DIRECTION('',(0.,0.,1.));
#11667 = ORIENTED_EDGE('',*,*,#11668,.T.);
#11668 = EDGE_CURVE('',#11659,#11622,#11669,.T.);
#11669 = B_SPLINE_CURVE_WITH_KNOTS('',3,(#11670,#11671,#11672,#11673),
  .UNSPECIFIED.,.F.,.F.,(4,4),(-1.,0.),.PIECEWISE_BEZIER_KNOTS.);
#11670 = CARTESIAN_POINT('',(166.54608505366,-103.581626936,-0.49));
#11671 = CARTESIAN_POINT('',(165.78619603592,-93.02369256914,-0.49));
#11672 = CARTESIAN_POINT('',(165.7184611523,-92.77181033393,-0.49));
#11673 = CARTESIAN_POINT('',(163.17423660396,-90.92395962338,-0.49));
#11674 = ORIENTED_EDGE('',*,*,#11621,.T.);
#11675 = ORIENTED_EDGE('',*,*,#11676,.T.);
#11676 = EDGE_CURVE('',#11624,#11661,#11677,.T.);
#11677 = B_SPLINE_CURVE_WITH_KNOTS('',3,(#11678,#11679,#11680,#11681),
  .UNSPECIFIED.,.F.,.F.,(4,4),(0.,0.94093604243),
  .PIECEWISE_BEZIER_KNOTS.);
#11678 = CARTESIAN_POINT('',(163.17423660396,-90.92395962338,1.51));
#11679 = CARTESIAN_POINT('',(165.7184611523,-92.77181033393,1.51));
#11680 = CARTESIAN_POINT('',(165.78619603592,-93.02369256914,1.51));
#11681 = CARTESIAN_POINT('',(166.54608505366,-103.581626936,1.51));
#11682 = B_SPLINE_SURFACE_WITH_KNOTS('',3,1,(
    (#11683,#11684)
    ,(#11685,#11686)
    ,(#11687,#11688)
    ,(#11689,#11690
    )),.UNSPECIFIED.,.F.,.F.,.F.,(4,4),(2,2),(-1.,0.),(0.,0.5),
  .PIECEWISE_BEZIER_KNOTS.);
#11683 = CARTESIAN_POINT('',(166.54608505366,-103.581626936,-0.49));
#11684 = CARTESIAN_POINT('',(166.54608505366,-103.581626936,4.51));
#11685 = CARTESIAN_POINT('',(165.78619603592,-93.02369256914,-0.49));
#11686 = CARTESIAN_POINT('',(165.78619603592,-93.02369256914,4.51));
#11687 = CARTESIAN_POINT('',(165.7184611523,-92.77181033393,-0.49));
#11688 = CARTESIAN_POINT('',(165.7184611523,-92.77181033393,4.51));
#11689 = CARTESIAN_POINT('',(163.17423660396,-90.92395962338,-0.49));
#11690 = CARTESIAN_POINT('',(163.17423660396,-90.92395962338,4.51));
#11691 = ADVANCED_FACE('',(#11692),#11710,.F.);
#11692 = FACE_BOUND('',#11693,.F.);
#11693 = EDGE_LOOP('',(#11694,#11695,#11702,#11703));
#11694 = ORIENTED_EDGE('',*,*,#11557,.F.);
#11695 = ORIENTED_EDGE('',*,*,#11696,.T.);
#11696 = EDGE_CURVE('',#11549,#11659,#11697,.T.);
#11697 = B_SPLINE_CURVE_WITH_KNOTS('',3,(#11698,#11699,#11700,#11701),
  .UNSPECIFIED.,.F.,.F.,(4,4),(-1.,0.),.PIECEWISE_BEZIER_KNOTS.);
#11698 = CARTESIAN_POINT('',(159.39597885249,-114.2030599302,-0.49));
#11699 = CARTESIAN_POINT('',(167.16414810298,-114.3512267583,-0.49));
#11700 = CARTESIAN_POINT('',(167.30807988602,-114.1374433765,-0.49));
#11701 = CARTESIAN_POINT('',(166.54608505366,-103.581626936,-0.49));
#11702 = ORIENTED_EDGE('',*,*,#11658,.T.);
#11703 = ORIENTED_EDGE('',*,*,#11704,.T.);
#11704 = EDGE_CURVE('',#11661,#11558,#11705,.T.);
#11705 = B_SPLINE_CURVE_WITH_KNOTS('',3,(#11706,#11707,#11708,#11709),
  .UNSPECIFIED.,.F.,.F.,(4,4),(0.,3.087098834124),
  .PIECEWISE_BEZIER_KNOTS.);
#11706 = CARTESIAN_POINT('',(166.54608505366,-103.581626936,1.51));
#11707 = CARTESIAN_POINT('',(167.30807988602,-114.1374433765,1.51));
#11708 = CARTESIAN_POINT('',(167.16414810298,-114.3512267583,1.51));
#11709 = CARTESIAN_POINT('',(159.39597885249,-114.2030599302,1.51));
#11710 = B_SPLINE_SURFACE_WITH_KNOTS('',3,1,(
    (#11711,#11712)
    ,(#11713,#11714)
    ,(#11715,#11716)
    ,(#11717,#11718
    )),.UNSPECIFIED.,.F.,.F.,.F.,(4,4),(2,2),(-1.,0.),(0.,0.5),
  .PIECEWISE_BEZIER_KNOTS.);
#11711 = CARTESIAN_POINT('',(159.39597885249,-114.2030599302,-0.49));
#11712 = CARTESIAN_POINT('',(159.39597885249,-114.2030599302,4.51));
#11713 = CARTESIAN_POINT('',(167.16414810298,-114.3512267583,-0.49));
#11714 = CARTESIAN_POINT('',(167.16414810298,-114.3512267583,4.51));
#11715 = CARTESIAN_POINT('',(167.30807988602,-114.1374433765,-0.49));
#11716 = CARTESIAN_POINT('',(167.30807988602,-114.1374433765,4.51));
#11717 = CARTESIAN_POINT('',(166.54608505366,-103.581626936,-0.49));
#11718 = CARTESIAN_POINT('',(166.54608505366,-103.581626936,4.51));
#11719 = ADVANCED_FACE('',(#11720),#11756,.F.);
#11720 = FACE_BOUND('',#11721,.F.);
#11721 = EDGE_LOOP('',(#11722,#11732,#11741,#11749));
#11722 = ORIENTED_EDGE('',*,*,#11723,.F.);
#11723 = EDGE_CURVE('',#11724,#11726,#11728,.T.);
#11724 = VERTEX_POINT('',#11725);
#11725 = CARTESIAN_POINT('',(191.57354965327,-95.51501014015,-0.49));
#11726 = VERTEX_POINT('',#11727);
#11727 = CARTESIAN_POINT('',(191.57354965327,-95.51501014015,1.51));
#11728 = LINE('',#11729,#11730);
#11729 = CARTESIAN_POINT('',(191.57354965327,-95.51501014015,-0.49));
#11730 = VECTOR('',#11731,1.);
#11731 = DIRECTION('',(0.,0.,1.));
#11732 = ORIENTED_EDGE('',*,*,#11733,.T.);
#11733 = EDGE_CURVE('',#11724,#11734,#11736,.T.);
#11734 = VERTEX_POINT('',#11735);
#11735 = CARTESIAN_POINT('',(200.33866063553,-96.04629392565,-0.49));
#11736 = B_SPLINE_CURVE_WITH_KNOTS('',3,(#11737,#11738,#11739,#11740),
  .UNSPECIFIED.,.F.,.F.,(4,4),(-1.,0.),.PIECEWISE_BEZIER_KNOTS.);
#11737 = CARTESIAN_POINT('',(191.57354965327,-95.51501014015,-0.49));
#11738 = CARTESIAN_POINT('',(198.04631993729,-98.09522732358,-0.49));
#11739 = CARTESIAN_POINT('',(198.22199396886,-98.10580968798,-0.49));
#11740 = CARTESIAN_POINT('',(200.33866063553,-96.04629392565,-0.49));
#11741 = ORIENTED_EDGE('',*,*,#11742,.T.);
#11742 = EDGE_CURVE('',#11734,#11743,#11745,.T.);
#11743 = VERTEX_POINT('',#11744);
#11744 = CARTESIAN_POINT('',(200.33866063553,-96.04629392565,1.51));
#11745 = LINE('',#11746,#11747);
#11746 = CARTESIAN_POINT('',(200.33866063553,-96.04629392565,-0.49));
#11747 = VECTOR('',#11748,1.);
#11748 = DIRECTION('',(0.,0.,1.));
#11749 = ORIENTED_EDGE('',*,*,#11750,.T.);
#11750 = EDGE_CURVE('',#11743,#11726,#11751,.T.);
#11751 = B_SPLINE_CURVE_WITH_KNOTS('',3,(#11752,#11753,#11754,#11755),
  .UNSPECIFIED.,.F.,.F.,(4,4),(0.,0.882309178564),
  .PIECEWISE_BEZIER_KNOTS.);
#11752 = CARTESIAN_POINT('',(200.33866063553,-96.04629392565,1.51));
#11753 = CARTESIAN_POINT('',(198.22199396886,-98.10580968798,1.51));
#11754 = CARTESIAN_POINT('',(198.04631993729,-98.09522732358,1.51));
#11755 = CARTESIAN_POINT('',(191.57354965327,-95.51501014015,1.51));
#11756 = B_SPLINE_SURFACE_WITH_KNOTS('',3,1,(
    (#11757,#11758)
    ,(#11759,#11760)
    ,(#11761,#11762)
    ,(#11763,#11764
    )),.UNSPECIFIED.,.F.,.F.,.F.,(4,4),(2,2),(-1.,0.),(0.,0.5),
  .PIECEWISE_BEZIER_KNOTS.);
#11757 = CARTESIAN_POINT('',(191.57354965327,-95.51501014015,-0.49));
#11758 = CARTESIAN_POINT('',(191.57354965327,-95.51501014015,4.51));
#11759 = CARTESIAN_POINT('',(198.04631993729,-98.09522732358,-0.49));
#11760 = CARTESIAN_POINT('',(198.04631993729,-98.09522732358,4.51));
#11761 = CARTESIAN_POINT('',(198.22199396886,-98.10580968798,-0.49));
#11762 = CARTESIAN_POINT('',(198.22199396886,-98.10580968798,4.51));
#11763 = CARTESIAN_POINT('',(200.33866063553,-96.04629392565,-0.49));
#11764 = CARTESIAN_POINT('',(200.33866063553,-96.04629392565,4.51));
#11765 = ADVANCED_FACE('',(#11766),#11793,.F.);
#11766 = FACE_BOUND('',#11767,.F.);
#11767 = EDGE_LOOP('',(#11768,#11778,#11785,#11786));
#11768 = ORIENTED_EDGE('',*,*,#11769,.F.);
#11769 = EDGE_CURVE('',#11770,#11772,#11774,.T.);
#11770 = VERTEX_POINT('',#11771);
#11771 = CARTESIAN_POINT('',(182.42742833573,-90.51121026934,-0.49));
#11772 = VERTEX_POINT('',#11773);
#11773 = CARTESIAN_POINT('',(182.42742833573,-90.51121026934,1.51));
#11774 = LINE('',#11775,#11776);
#11775 = CARTESIAN_POINT('',(182.42742833573,-90.51121026934,-0.49));
#11776 = VECTOR('',#11777,1.);
#11777 = DIRECTION('',(0.,0.,1.));
#11778 = ORIENTED_EDGE('',*,*,#11779,.T.);
#11779 = EDGE_CURVE('',#11770,#11724,#11780,.T.);
#11780 = B_SPLINE_CURVE_WITH_KNOTS('',3,(#11781,#11782,#11783,#11784),
  .UNSPECIFIED.,.F.,.F.,(4,4),(-1.,0.),.PIECEWISE_BEZIER_KNOTS.);
#11781 = CARTESIAN_POINT('',(182.42742833573,-90.51121026934,-0.49));
#11782 = CARTESIAN_POINT('',(184.91874913651,-92.835309365,-0.49));
#11783 = CARTESIAN_POINT('',(185.10289810298,-92.93479295672,-0.49));
#11784 = CARTESIAN_POINT('',(191.57354965327,-95.51501014015,-0.49));
#11785 = ORIENTED_EDGE('',*,*,#11723,.T.);
#11786 = ORIENTED_EDGE('',*,*,#11787,.T.);
#11787 = EDGE_CURVE('',#11726,#11772,#11788,.T.);
#11788 = B_SPLINE_CURVE_WITH_KNOTS('',3,(#11789,#11790,#11791,#11792),
  .UNSPECIFIED.,.F.,.F.,(4,4),(0.,2.08276534968),
  .PIECEWISE_BEZIER_KNOTS.);
#11789 = CARTESIAN_POINT('',(191.57354965327,-95.51501014015,1.51));
#11790 = CARTESIAN_POINT('',(185.10289810298,-92.93479295672,1.51));
#11791 = CARTESIAN_POINT('',(184.91874913651,-92.835309365,1.51));
#11792 = CARTESIAN_POINT('',(182.42742833573,-90.51121026934,1.51));
#11793 = B_SPLINE_SURFACE_WITH_KNOTS('',3,1,(
    (#11794,#11795)
    ,(#11796,#11797)
    ,(#11798,#11799)
    ,(#11800,#11801
    )),.UNSPECIFIED.,.F.,.F.,.F.,(4,4),(2,2),(-1.,0.),(0.,0.5),
  .PIECEWISE_BEZIER_KNOTS.);
#11794 = CARTESIAN_POINT('',(182.42742833573,-90.51121026934,-0.49));
#11795 = CARTESIAN_POINT('',(182.42742833573,-90.51121026934,4.51));
#11796 = CARTESIAN_POINT('',(184.91874913651,-92.835309365,-0.49));
#11797 = CARTESIAN_POINT('',(184.91874913651,-92.835309365,4.51));
#11798 = CARTESIAN_POINT('',(185.10289810298,-92.93479295672,-0.49));
#11799 = CARTESIAN_POINT('',(185.10289810298,-92.93479295672,4.51));
#11800 = CARTESIAN_POINT('',(191.57354965327,-95.51501014015,-0.49));
#11801 = CARTESIAN_POINT('',(191.57354965327,-95.51501014015,4.51));
#11802 = ADVANCED_FACE('',(#11803),#11830,.F.);
#11803 = FACE_BOUND('',#11804,.F.);
#11804 = EDGE_LOOP('',(#11805,#11815,#11822,#11823));
#11805 = ORIENTED_EDGE('',*,*,#11806,.F.);
#11806 = EDGE_CURVE('',#11807,#11809,#11811,.T.);
#11807 = VERTEX_POINT('',#11808);
#11808 = CARTESIAN_POINT('',(182.08029190181,-85.84395962338,-0.49));
#11809 = VERTEX_POINT('',#11810);
#11810 = CARTESIAN_POINT('',(182.08029190181,-85.84395962338,1.51));
#11811 = LINE('',#11812,#11813);
#11812 = CARTESIAN_POINT('',(182.08029190181,-85.84395962338,-0.49));
#11813 = VECTOR('',#11814,1.);
#11814 = DIRECTION('',(0.,0.,1.));
#11815 = ORIENTED_EDGE('',*,*,#11816,.T.);
#11816 = EDGE_CURVE('',#11807,#11770,#11817,.T.);
#11817 = B_SPLINE_CURVE_WITH_KNOTS('',3,(#11818,#11819,#11820,#11821),
  .UNSPECIFIED.,.F.,.F.,(4,4),(-1.,0.),.PIECEWISE_BEZIER_KNOTS.);
#11818 = CARTESIAN_POINT('',(182.08029190181,-85.84395962338,-0.49));
#11819 = CARTESIAN_POINT('',(179.92976425288,-88.09609282753,-0.49));
#11820 = CARTESIAN_POINT('',(179.93612045405,-88.18922667762,-0.49));
#11821 = CARTESIAN_POINT('',(182.42742833573,-90.51121026934,-0.49));
#11822 = ORIENTED_EDGE('',*,*,#11769,.T.);
#11823 = ORIENTED_EDGE('',*,*,#11824,.T.);
#11824 = EDGE_CURVE('',#11772,#11809,#11825,.T.);
#11825 = B_SPLINE_CURVE_WITH_KNOTS('',3,(#11826,#11827,#11828,#11829),
  .UNSPECIFIED.,.F.,.F.,(4,4),(0.,1.028493611573),
  .PIECEWISE_BEZIER_KNOTS.);
#11826 = CARTESIAN_POINT('',(182.42742833573,-90.51121026934,1.51));
#11827 = CARTESIAN_POINT('',(179.93612045405,-88.18922667762,1.51));
#11828 = CARTESIAN_POINT('',(179.92976425288,-88.09609282753,1.51));
#11829 = CARTESIAN_POINT('',(182.08029190181,-85.84395962338,1.51));
#11830 = B_SPLINE_SURFACE_WITH_KNOTS('',3,1,(
    (#11831,#11832)
    ,(#11833,#11834)
    ,(#11835,#11836)
    ,(#11837,#11838
    )),.UNSPECIFIED.,.F.,.F.,.F.,(4,4),(2,2),(-1.,0.),(0.,0.5),
  .PIECEWISE_BEZIER_KNOTS.);
#11831 = CARTESIAN_POINT('',(182.08029190181,-85.84395962338,-0.49));
#11832 = CARTESIAN_POINT('',(182.08029190181,-85.84395962338,4.51));
#11833 = CARTESIAN_POINT('',(179.92976425288,-88.09609282753,-0.49));
#11834 = CARTESIAN_POINT('',(179.92976425288,-88.09609282753,4.51));
#11835 = CARTESIAN_POINT('',(179.93612045405,-88.18922667762,-0.49));
#11836 = CARTESIAN_POINT('',(179.93612045405,-88.18922667762,4.51));
#11837 = CARTESIAN_POINT('',(182.42742833573,-90.51121026934,-0.49));
#11838 = CARTESIAN_POINT('',(182.42742833573,-90.51121026934,4.51));
#11839 = ADVANCED_FACE('',(#11840),#11867,.F.);
#11840 = FACE_BOUND('',#11841,.F.);
#11841 = EDGE_LOOP('',(#11842,#11852,#11859,#11860));
#11842 = ORIENTED_EDGE('',*,*,#11843,.F.);
#11843 = EDGE_CURVE('',#11844,#11846,#11848,.T.);
#11844 = VERTEX_POINT('',#11845);
#11845 = CARTESIAN_POINT('',(190.24639551916,-85.39310858985,-0.49));
#11846 = VERTEX_POINT('',#11847);
#11847 = CARTESIAN_POINT('',(190.24639551916,-85.39310858985,1.51));
#11848 = LINE('',#11849,#11850);
#11849 = CARTESIAN_POINT('',(190.24639551916,-85.39310858985,-0.49));
#11850 = VECTOR('',#11851,1.);
#11851 = DIRECTION('',(0.,0.,1.));
#11852 = ORIENTED_EDGE('',*,*,#11853,.T.);
#11853 = EDGE_CURVE('',#11844,#11807,#11854,.T.);
#11854 = B_SPLINE_CURVE_WITH_KNOTS('',3,(#11855,#11856,#11857,#11858),
  .UNSPECIFIED.,.F.,.F.,(4,4),(-1.,0.),.PIECEWISE_BEZIER_KNOTS.);
#11855 = CARTESIAN_POINT('',(190.24639551916,-85.39310858985,-0.49));
#11856 = CARTESIAN_POINT('',(184.39381993729,-83.58336117368,-0.49));
#11857 = CARTESIAN_POINT('',(184.23083246984,-83.59182641924,-0.49));
#11858 = CARTESIAN_POINT('',(182.08029190181,-85.84395962338,-0.49));
#11859 = ORIENTED_EDGE('',*,*,#11806,.T.);
#11860 = ORIENTED_EDGE('',*,*,#11861,.T.);
#11861 = EDGE_CURVE('',#11809,#11846,#11862,.T.);
#11862 = B_SPLINE_CURVE_WITH_KNOTS('',3,(#11863,#11864,#11865,#11866),
  .UNSPECIFIED.,.F.,.F.,(4,4),(0.,0.91238804172),
  .PIECEWISE_BEZIER_KNOTS.);
#11863 = CARTESIAN_POINT('',(182.08029190181,-85.84395962338,1.51));
#11864 = CARTESIAN_POINT('',(184.23083246984,-83.59182641924,1.51));
#11865 = CARTESIAN_POINT('',(184.39381993729,-83.58336117368,1.51));
#11866 = CARTESIAN_POINT('',(190.24639551916,-85.39310858985,1.51));
#11867 = B_SPLINE_SURFACE_WITH_KNOTS('',3,1,(
    (#11868,#11869)
    ,(#11870,#11871)
    ,(#11872,#11873)
    ,(#11874,#11875
    )),.UNSPECIFIED.,.F.,.F.,.F.,(4,4),(2,2),(-1.,0.),(0.,0.5),
  .PIECEWISE_BEZIER_KNOTS.);
#11868 = CARTESIAN_POINT('',(190.24639551916,-85.39310858985,-0.49));
#11869 = CARTESIAN_POINT('',(190.24639551916,-85.39310858985,4.51));
#11870 = CARTESIAN_POINT('',(184.39381993729,-83.58336117368,-0.49));
#11871 = CARTESIAN_POINT('',(184.39381993729,-83.58336117368,4.51));
#11872 = CARTESIAN_POINT('',(184.23083246984,-83.59182641924,-0.49));
#11873 = CARTESIAN_POINT('',(184.23083246984,-83.59182641924,4.51));
#11874 = CARTESIAN_POINT('',(182.08029190181,-85.84395962338,-0.49));
#11875 = CARTESIAN_POINT('',(182.08029190181,-85.84395962338,4.51));
#11876 = ADVANCED_FACE('',(#11877),#11904,.F.);
#11877 = FACE_BOUND('',#11878,.F.);
#11878 = EDGE_LOOP('',(#11879,#11889,#11896,#11897));
#11879 = ORIENTED_EDGE('',*,*,#11880,.F.);
#11880 = EDGE_CURVE('',#11881,#11883,#11885,.T.);
#11881 = VERTEX_POINT('',#11882);
#11882 = CARTESIAN_POINT('',(199.35864293534,-90.59376014015,-0.49));
#11883 = VERTEX_POINT('',#11884);
#11884 = CARTESIAN_POINT('',(199.35864293534,-90.59376014015,1.51));
#11885 = LINE('',#11886,#11887);
#11886 = CARTESIAN_POINT('',(199.35864293534,-90.59376014015,-0.49));
#11887 = VECTOR('',#11888,1.);
#11888 = DIRECTION('',(0.,0.,1.));
#11889 = ORIENTED_EDGE('',*,*,#11890,.T.);
#11890 = EDGE_CURVE('',#11881,#11844,#11891,.T.);
#11891 = B_SPLINE_CURVE_WITH_KNOTS('',3,(#11892,#11893,#11894,#11895),
  .UNSPECIFIED.,.F.,.F.,(4,4),(-1.,0.),.PIECEWISE_BEZIER_KNOTS.);
#11892 = CARTESIAN_POINT('',(199.35864293534,-90.59376014015,-0.49));
#11893 = CARTESIAN_POINT('',(196.27889551916,-87.3065770652,-0.49));
#11894 = CARTESIAN_POINT('',(196.09686528641,-87.20285923581,-0.49));
#11895 = CARTESIAN_POINT('',(190.24639551916,-85.39310858985,-0.49));
#11896 = ORIENTED_EDGE('',*,*,#11843,.T.);
#11897 = ORIENTED_EDGE('',*,*,#11898,.T.);
#11898 = EDGE_CURVE('',#11846,#11883,#11899,.T.);
#11899 = B_SPLINE_CURVE_WITH_KNOTS('',3,(#11900,#11901,#11902,#11903),
  .UNSPECIFIED.,.F.,.F.,(4,4),(0.,1.838311492006),
  .PIECEWISE_BEZIER_KNOTS.);
#11900 = CARTESIAN_POINT('',(190.24639551916,-85.39310858985,1.51));
#11901 = CARTESIAN_POINT('',(196.09686528641,-87.20285923581,1.51));
#11902 = CARTESIAN_POINT('',(196.27889551916,-87.3065770652,1.51));
#11903 = CARTESIAN_POINT('',(199.35864293534,-90.59376014015,1.51));
#11904 = B_SPLINE_SURFACE_WITH_KNOTS('',3,1,(
    (#11905,#11906)
    ,(#11907,#11908)
    ,(#11909,#11910)
    ,(#11911,#11912
    )),.UNSPECIFIED.,.F.,.F.,.F.,(4,4),(2,2),(-1.,0.),(0.,0.5),
  .PIECEWISE_BEZIER_KNOTS.);
#11905 = CARTESIAN_POINT('',(199.35864293534,-90.59376014015,-0.49));
#11906 = CARTESIAN_POINT('',(199.35864293534,-90.59376014015,4.51));
#11907 = CARTESIAN_POINT('',(196.27889551916,-87.3065770652,-0.49));
#11908 = CARTESIAN_POINT('',(196.27889551916,-87.3065770652,4.51));
#11909 = CARTESIAN_POINT('',(196.09686528641,-87.20285923581,-0.49));
#11910 = CARTESIAN_POINT('',(196.09686528641,-87.20285923581,4.51));
#11911 = CARTESIAN_POINT('',(190.24639551916,-85.39310858985,-0.49));
#11912 = CARTESIAN_POINT('',(190.24639551916,-85.39310858985,4.51));
#11913 = ADVANCED_FACE('',(#11914),#11932,.F.);
#11914 = FACE_BOUND('',#11915,.F.);
#11915 = EDGE_LOOP('',(#11916,#11917,#11924,#11925));
#11916 = ORIENTED_EDGE('',*,*,#11742,.F.);
#11917 = ORIENTED_EDGE('',*,*,#11918,.T.);
#11918 = EDGE_CURVE('',#11734,#11881,#11919,.T.);
#11919 = B_SPLINE_CURVE_WITH_KNOTS('',3,(#11920,#11921,#11922,#11923),
  .UNSPECIFIED.,.F.,.F.,(4,4),(-1.,0.),.PIECEWISE_BEZIER_KNOTS.);
#11920 = CARTESIAN_POINT('',(200.33866063553,-96.04629392565,-0.49));
#11921 = CARTESIAN_POINT('',(202.45744603592,-93.98889366727,-0.49));
#11922 = CARTESIAN_POINT('',(202.43840327062,-93.87882609626,-0.49));
#11923 = CARTESIAN_POINT('',(199.35864293534,-90.59376014015,-0.49));
#11924 = ORIENTED_EDGE('',*,*,#11880,.T.);
#11925 = ORIENTED_EDGE('',*,*,#11926,.T.);
#11926 = EDGE_CURVE('',#11883,#11743,#11927,.T.);
#11927 = B_SPLINE_CURVE_WITH_KNOTS('',3,(#11928,#11929,#11930,#11931),
  .UNSPECIFIED.,.F.,.F.,(4,4),(0.,1.356820076303),
  .PIECEWISE_BEZIER_KNOTS.);
#11928 = CARTESIAN_POINT('',(199.35864293534,-90.59376014015,1.51));
#11929 = CARTESIAN_POINT('',(202.43840327062,-93.87882609626,1.51));
#11930 = CARTESIAN_POINT('',(202.45744603592,-93.98889366727,1.51));
#11931 = CARTESIAN_POINT('',(200.33866063553,-96.04629392565,1.51));
#11932 = B_SPLINE_SURFACE_WITH_KNOTS('',3,1,(
    (#11933,#11934)
    ,(#11935,#11936)
    ,(#11937,#11938)
    ,(#11939,#11940
    )),.UNSPECIFIED.,.F.,.F.,.F.,(4,4),(2,2),(-1.,0.),(0.,0.5),
  .PIECEWISE_BEZIER_KNOTS.);
#11933 = CARTESIAN_POINT('',(200.33866063553,-96.04629392565,-0.49));
#11934 = CARTESIAN_POINT('',(200.33866063553,-96.04629392565,4.51));
#11935 = CARTESIAN_POINT('',(202.45744603592,-93.98889366727,-0.49));
#11936 = CARTESIAN_POINT('',(202.45744603592,-93.98889366727,4.51));
#11937 = CARTESIAN_POINT('',(202.43840327062,-93.87882609626,-0.49));
#11938 = CARTESIAN_POINT('',(202.43840327062,-93.87882609626,4.51));
#11939 = CARTESIAN_POINT('',(199.35864293534,-90.59376014015,-0.49));
#11940 = CARTESIAN_POINT('',(199.35864293534,-90.59376014015,4.51));
#11941 = ADVANCED_FACE('',(#11942),#11978,.F.);
#11942 = FACE_BOUND('',#11943,.F.);
#11943 = EDGE_LOOP('',(#11944,#11954,#11963,#11971));
#11944 = ORIENTED_EDGE('',*,*,#11945,.F.);
#11945 = EDGE_CURVE('',#11946,#11948,#11950,.T.);
#11946 = VERTEX_POINT('',#11947);
#11947 = CARTESIAN_POINT('',(180.00173660396,-41.98874566973,-0.49));
#11948 = VERTEX_POINT('',#11949);
#11949 = CARTESIAN_POINT('',(180.00173660396,-41.98874566973,1.51));
#11950 = LINE('',#11951,#11952);
#11951 = CARTESIAN_POINT('',(180.00173660396,-41.98874566973,-0.49));
#11952 = VECTOR('',#11953,1.);
#11953 = DIRECTION('',(0.,0.,1.));
#11954 = ORIENTED_EDGE('',*,*,#11955,.T.);
#11955 = EDGE_CURVE('',#11946,#11956,#11958,.T.);
#11956 = VERTEX_POINT('',#11957);
#11957 = CARTESIAN_POINT('',(185.45215327062,-45.20184411944,-0.49));
#11958 = B_SPLINE_CURVE_WITH_KNOTS('',3,(#11959,#11960,#11961,#11962),
  .UNSPECIFIED.,.F.,.F.,(4,4),(-1.,0.),.PIECEWISE_BEZIER_KNOTS.);
#11959 = CARTESIAN_POINT('',(180.00173660396,-41.98874566973,-0.49));
#11960 = CARTESIAN_POINT('',(181.76491063553,-47.41587564409,-0.49));
#11961 = CARTESIAN_POINT('',(181.87286270259,-47.47937951983,-0.49));
#11962 = CARTESIAN_POINT('',(185.45215327062,-45.20184411944,-0.49));
#11963 = ORIENTED_EDGE('',*,*,#11964,.T.);
#11964 = EDGE_CURVE('',#11956,#11965,#11967,.T.);
#11965 = VERTEX_POINT('',#11966);
#11966 = CARTESIAN_POINT('',(185.45215327062,-45.20184411944,1.51));
#11967 = LINE('',#11968,#11969);
#11968 = CARTESIAN_POINT('',(185.45215327062,-45.20184411944,-0.49));
#11969 = VECTOR('',#11970,1.);
#11970 = DIRECTION('',(0.,0.,1.));
#11971 = ORIENTED_EDGE('',*,*,#11972,.T.);
#11972 = EDGE_CURVE('',#11965,#11948,#11973,.T.);
#11973 = B_SPLINE_CURVE_WITH_KNOTS('',3,(#11974,#11975,#11976,#11977),
  .UNSPECIFIED.,.F.,.F.,(4,4),(0.,1.248839278547),
  .PIECEWISE_BEZIER_KNOTS.);
#11974 = CARTESIAN_POINT('',(185.45215327062,-45.20184411944,1.51));
#11975 = CARTESIAN_POINT('',(181.87286270259,-47.47937951983,1.51));
#11976 = CARTESIAN_POINT('',(181.76491063553,-47.41587564409,1.51));
#11977 = CARTESIAN_POINT('',(180.00173660396,-41.98874566973,1.51));
#11978 = B_SPLINE_SURFACE_WITH_KNOTS('',3,1,(
    (#11979,#11980)
    ,(#11981,#11982)
    ,(#11983,#11984)
    ,(#11985,#11986
    )),.UNSPECIFIED.,.F.,.F.,.F.,(4,4),(2,2),(-1.,0.),(0.,0.5),
  .PIECEWISE_BEZIER_KNOTS.);
#11979 = CARTESIAN_POINT('',(180.00173660396,-41.98874566973,-0.49));
#11980 = CARTESIAN_POINT('',(180.00173660396,-41.98874566973,4.51));
#11981 = CARTESIAN_POINT('',(181.76491063553,-47.41587564409,-0.49));
#11982 = CARTESIAN_POINT('',(181.76491063553,-47.41587564409,4.51));
#11983 = CARTESIAN_POINT('',(181.87286270259,-47.47937951983,-0.49));
#11984 = CARTESIAN_POINT('',(181.87286270259,-47.47937951983,4.51));
#11985 = CARTESIAN_POINT('',(185.45215327062,-45.20184411944,-0.49));
#11986 = CARTESIAN_POINT('',(185.45215327062,-45.20184411944,4.51));
#11987 = ADVANCED_FACE('',(#11988),#12015,.F.);
#11988 = FACE_BOUND('',#11989,.F.);
#11989 = EDGE_LOOP('',(#11990,#12000,#12007,#12008));
#11990 = ORIENTED_EDGE('',*,*,#11991,.F.);
#11991 = EDGE_CURVE('',#11992,#11994,#11996,.T.);
#11992 = VERTEX_POINT('',#11993);
#11993 = CARTESIAN_POINT('',(183.25081476965,-32.93364592811,-0.49));
#11994 = VERTEX_POINT('',#11995);
#11995 = CARTESIAN_POINT('',(183.25081476965,-32.93364592811,1.51));
#11996 = LINE('',#11997,#11998);
#11997 = CARTESIAN_POINT('',(183.25081476965,-32.93364592811,-0.49));
#11998 = VECTOR('',#11999,1.);
#11999 = DIRECTION('',(0.,0.,1.));
#12000 = ORIENTED_EDGE('',*,*,#12001,.T.);
#12001 = EDGE_CURVE('',#11992,#11946,#12002,.T.);
#12002 = B_SPLINE_CURVE_WITH_KNOTS('',3,(#12003,#12004,#12005,#12006),
  .UNSPECIFIED.,.F.,.F.,(4,4),(-1.,0.),.PIECEWISE_BEZIER_KNOTS.);
#12003 = CARTESIAN_POINT('',(183.25081476965,-32.93364592811,-0.49));
#12004 = CARTESIAN_POINT('',(178.30204706945,-36.37957900306,-0.49));
#12005 = CARTESIAN_POINT('',(178.23854965327,-36.55949050209,-0.49));
#12006 = CARTESIAN_POINT('',(180.00173660396,-41.98874566973,-0.49));
#12007 = ORIENTED_EDGE('',*,*,#11945,.T.);
#12008 = ORIENTED_EDGE('',*,*,#12009,.T.);
#12009 = EDGE_CURVE('',#11948,#11994,#12010,.T.);
#12010 = B_SPLINE_CURVE_WITH_KNOTS('',3,(#12011,#12012,#12013,#12014),
  .UNSPECIFIED.,.F.,.F.,(4,4),(0.,1.715292767391),
  .PIECEWISE_BEZIER_KNOTS.);
#12011 = CARTESIAN_POINT('',(180.00173660396,-41.98874566973,1.51));
#12012 = CARTESIAN_POINT('',(178.23854965327,-36.55949050209,1.51));
#12013 = CARTESIAN_POINT('',(178.30204706945,-36.37957900306,1.51));
#12014 = CARTESIAN_POINT('',(183.25081476965,-32.93364592811,1.51));
#12015 = B_SPLINE_SURFACE_WITH_KNOTS('',3,1,(
    (#12016,#12017)
    ,(#12018,#12019)
    ,(#12020,#12021)
    ,(#12022,#12023
    )),.UNSPECIFIED.,.F.,.F.,.F.,(4,4),(2,2),(-1.,0.),(0.,0.5),
  .PIECEWISE_BEZIER_KNOTS.);
#12016 = CARTESIAN_POINT('',(183.25081476965,-32.93364592811,-0.49));
#12017 = CARTESIAN_POINT('',(183.25081476965,-32.93364592811,4.51));
#12018 = CARTESIAN_POINT('',(178.30204706945,-36.37957900306,-0.49));
#12019 = CARTESIAN_POINT('',(178.30204706945,-36.37957900306,4.51));
#12020 = CARTESIAN_POINT('',(178.23854965327,-36.55949050209,-0.49));
#12021 = CARTESIAN_POINT('',(178.23854965327,-36.55949050209,4.51));
#12022 = CARTESIAN_POINT('',(180.00173660396,-41.98874566973,-0.49));
#12023 = CARTESIAN_POINT('',(180.00173660396,-41.98874566973,4.51));
#12024 = ADVANCED_FACE('',(#12025),#12052,.F.);
#12025 = FACE_BOUND('',#12026,.F.);
#12026 = EDGE_LOOP('',(#12027,#12037,#12044,#12045));
#12027 = ORIENTED_EDGE('',*,*,#12028,.F.);
#12028 = EDGE_CURVE('',#12029,#12031,#12033,.T.);
#12029 = VERTEX_POINT('',#12030);
#12030 = CARTESIAN_POINT('',(188.70335017004,-36.14674437782,-0.49));
#12031 = VERTEX_POINT('',#12032);
#12032 = CARTESIAN_POINT('',(188.70335017004,-36.14674437782,1.51));
#12033 = LINE('',#12034,#12035);
#12034 = CARTESIAN_POINT('',(188.70335017004,-36.14674437782,-0.49));
#12035 = VECTOR('',#12036,1.);
#12036 = DIRECTION('',(0.,0.,1.));
#12037 = ORIENTED_EDGE('',*,*,#12038,.T.);
#12038 = EDGE_CURVE('',#12029,#11992,#12039,.T.);
#12039 = B_SPLINE_CURVE_WITH_KNOTS('',3,(#12040,#12041,#12042,#12043),
  .UNSPECIFIED.,.F.,.F.,(4,4),(-1.,0.),.PIECEWISE_BEZIER_KNOTS.);
#12040 = CARTESIAN_POINT('',(188.70335017004,-36.14674437782,-0.49));
#12041 = CARTESIAN_POINT('',(188.30965327062,-29.55121026934,-0.49));
#12042 = CARTESIAN_POINT('',(188.19958246984,-29.48771285316,-0.49));
#12043 = CARTESIAN_POINT('',(183.25081476965,-32.93364592811,-0.49));
#12044 = ORIENTED_EDGE('',*,*,#11991,.T.);
#12045 = ORIENTED_EDGE('',*,*,#12046,.T.);
#12046 = EDGE_CURVE('',#11994,#12031,#12047,.T.);
#12047 = B_SPLINE_CURVE_WITH_KNOTS('',3,(#12048,#12049,#12050,#12051),
  .UNSPECIFIED.,.F.,.F.,(4,4),(0.,1.811446937359),
  .PIECEWISE_BEZIER_KNOTS.);
#12048 = CARTESIAN_POINT('',(183.25081476965,-32.93364592811,1.51));
#12049 = CARTESIAN_POINT('',(188.19958246984,-29.48771285316,1.51));
#12050 = CARTESIAN_POINT('',(188.30965327062,-29.55121026934,1.51));
#12051 = CARTESIAN_POINT('',(188.70335017004,-36.14674437782,1.51));
#12052 = B_SPLINE_SURFACE_WITH_KNOTS('',3,1,(
    (#12053,#12054)
    ,(#12055,#12056)
    ,(#12057,#12058)
    ,(#12059,#12060
    )),.UNSPECIFIED.,.F.,.F.,.F.,(4,4),(2,2),(-1.,0.),(0.,0.5),
  .PIECEWISE_BEZIER_KNOTS.);
#12053 = CARTESIAN_POINT('',(188.70335017004,-36.14674437782,-0.49));
#12054 = CARTESIAN_POINT('',(188.70335017004,-36.14674437782,4.51));
#12055 = CARTESIAN_POINT('',(188.30965327062,-29.55121026934,-0.49));
#12056 = CARTESIAN_POINT('',(188.30965327062,-29.55121026934,4.51));
#12057 = CARTESIAN_POINT('',(188.19958246984,-29.48771285316,-0.49));
#12058 = CARTESIAN_POINT('',(188.19958246984,-29.48771285316,4.51));
#12059 = CARTESIAN_POINT('',(183.25081476965,-32.93364592811,-0.49));
#12060 = CARTESIAN_POINT('',(183.25081476965,-32.93364592811,4.51));
#12061 = ADVANCED_FACE('',(#12062),#12080,.F.);
#12062 = FACE_BOUND('',#12063,.F.);
#12063 = EDGE_LOOP('',(#12064,#12065,#12072,#12073));
#12064 = ORIENTED_EDGE('',*,*,#11964,.F.);
#12065 = ORIENTED_EDGE('',*,*,#12066,.T.);
#12066 = EDGE_CURVE('',#11956,#12029,#12067,.T.);
#12067 = B_SPLINE_CURVE_WITH_KNOTS('',3,(#12068,#12069,#12070,#12071),
  .UNSPECIFIED.,.F.,.F.,(4,4),(-1.,0.),.PIECEWISE_BEZIER_KNOTS.);
#12068 = CARTESIAN_POINT('',(185.45215327062,-45.20184411944,-0.49));
#12069 = CARTESIAN_POINT('',(189.03143091955,-42.92219644488,-0.49));
#12070 = CARTESIAN_POINT('',(189.09492833573,-42.7422784863,-0.49));
#12071 = CARTESIAN_POINT('',(188.70335017004,-36.14674437782,-0.49));
#12072 = ORIENTED_EDGE('',*,*,#12028,.T.);
#12073 = ORIENTED_EDGE('',*,*,#12074,.T.);
#12074 = EDGE_CURVE('',#12031,#11965,#12075,.T.);
#12075 = B_SPLINE_CURVE_WITH_KNOTS('',3,(#12076,#12077,#12078,#12079),
  .UNSPECIFIED.,.F.,.F.,(4,4),(0.,1.961535464047),
  .PIECEWISE_BEZIER_KNOTS.);
#12076 = CARTESIAN_POINT('',(188.70335017004,-36.14674437782,1.51));
#12077 = CARTESIAN_POINT('',(189.09492833573,-42.7422784863,1.51));
#12078 = CARTESIAN_POINT('',(189.03143091955,-42.92219644488,1.51));
#12079 = CARTESIAN_POINT('',(185.45215327062,-45.20184411944,1.51));
#12080 = B_SPLINE_SURFACE_WITH_KNOTS('',3,1,(
    (#12081,#12082)
    ,(#12083,#12084)
    ,(#12085,#12086)
    ,(#12087,#12088
    )),.UNSPECIFIED.,.F.,.F.,.F.,(4,4),(2,2),(-1.,0.),(0.,0.5),
  .PIECEWISE_BEZIER_KNOTS.);
#12081 = CARTESIAN_POINT('',(185.45215327062,-45.20184411944,-0.49));
#12082 = CARTESIAN_POINT('',(185.45215327062,-45.20184411944,4.51));
#12083 = CARTESIAN_POINT('',(189.03143091955,-42.92219644488,-0.49));
#12084 = CARTESIAN_POINT('',(189.03143091955,-42.92219644488,4.51));
#12085 = CARTESIAN_POINT('',(189.09492833573,-42.7422784863,-0.49));
#12086 = CARTESIAN_POINT('',(189.09492833573,-42.7422784863,4.51));
#12087 = CARTESIAN_POINT('',(188.70335017004,-36.14674437782,-0.49));
#12088 = CARTESIAN_POINT('',(188.70335017004,-36.14674437782,4.51));
#12089 = ADVANCED_FACE('',(#12090),#12126,.F.);
#12090 = FACE_BOUND('',#12091,.F.);
#12091 = EDGE_LOOP('',(#12092,#12102,#12111,#12119));
#12092 = ORIENTED_EDGE('',*,*,#12093,.F.);
#12093 = EDGE_CURVE('',#12094,#12096,#12098,.T.);
#12094 = VERTEX_POINT('',#12095);
#12095 = CARTESIAN_POINT('',(145.0111139945,-30.14387435218,-0.49));
#12096 = VERTEX_POINT('',#12097);
#12097 = CARTESIAN_POINT('',(145.0111139945,-30.14387435218,1.51));
#12098 = LINE('',#12099,#12100);
#12099 = CARTESIAN_POINT('',(145.0111139945,-30.14387435218,-0.49));
#12100 = VECTOR('',#12101,1.);
#12101 = DIRECTION('',(0.,0.,1.));
#12102 = ORIENTED_EDGE('',*,*,#12103,.T.);
#12103 = EDGE_CURVE('',#12094,#12104,#12106,.T.);
#12104 = VERTEX_POINT('',#12105);
#12105 = CARTESIAN_POINT('',(140.24014551916,-22.3291446362,-0.49));
#12106 = B_SPLINE_CURVE_WITH_KNOTS('',3,(#12107,#12108,#12109,#12110),
  .UNSPECIFIED.,.F.,.F.,(4,4),(-1.,0.),.PIECEWISE_BEZIER_KNOTS.);
#12107 = CARTESIAN_POINT('',(145.0111139945,-30.14387435218,-0.49));
#12108 = CARTESIAN_POINT('',(154.326559602,-22.48577590248,-0.49));
#12109 = CARTESIAN_POINT('',(154.23131993729,-22.3291446362,-0.49));
#12110 = CARTESIAN_POINT('',(140.24014551916,-22.3291446362,-0.49));
#12111 = ORIENTED_EDGE('',*,*,#12112,.T.);
#12112 = EDGE_CURVE('',#12104,#12113,#12115,.T.);
#12113 = VERTEX_POINT('',#12114);
#12114 = CARTESIAN_POINT('',(140.24014551916,-22.3291446362,1.51));
#12115 = LINE('',#12116,#12117);
#12116 = CARTESIAN_POINT('',(140.24014551916,-22.3291446362,-0.49));
#12117 = VECTOR('',#12118,1.);
#12118 = DIRECTION('',(0.,0.,1.));
#12119 = ORIENTED_EDGE('',*,*,#12120,.T.);
#12120 = EDGE_CURVE('',#12113,#12096,#12121,.T.);
#12121 = B_SPLINE_CURVE_WITH_KNOTS('',3,(#12122,#12123,#12124,#12125),
  .UNSPECIFIED.,.F.,.F.,(4,4),(0.,4.604108908285),
  .PIECEWISE_BEZIER_KNOTS.);
#12122 = CARTESIAN_POINT('',(140.24014551916,-22.3291446362,1.51));
#12123 = CARTESIAN_POINT('',(154.23131993729,-22.3291446362,1.51));
#12124 = CARTESIAN_POINT('',(154.326559602,-22.48577590248,1.51));
#12125 = CARTESIAN_POINT('',(145.0111139945,-30.14387435218,1.51));
#12126 = B_SPLINE_SURFACE_WITH_KNOTS('',3,1,(
    (#12127,#12128)
    ,(#12129,#12130)
    ,(#12131,#12132)
    ,(#12133,#12134
    )),.UNSPECIFIED.,.F.,.F.,.F.,(4,4),(2,2),(-1.,0.),(0.,0.5),
  .PIECEWISE_BEZIER_KNOTS.);
#12127 = CARTESIAN_POINT('',(145.0111139945,-30.14387435218,-0.49));
#12128 = CARTESIAN_POINT('',(145.0111139945,-30.14387435218,4.51));
#12129 = CARTESIAN_POINT('',(154.326559602,-22.48577590248,-0.49));
#12130 = CARTESIAN_POINT('',(154.326559602,-22.48577590248,4.51));
#12131 = CARTESIAN_POINT('',(154.23131993729,-22.3291446362,-0.49));
#12132 = CARTESIAN_POINT('',(154.23131993729,-22.3291446362,4.51));
#12133 = CARTESIAN_POINT('',(140.24014551916,-22.3291446362,-0.49));
#12134 = CARTESIAN_POINT('',(140.24014551916,-22.3291446362,4.51));
#12135 = ADVANCED_FACE('',(#12136),#12163,.F.);
#12136 = FACE_BOUND('',#12137,.F.);
#12137 = EDGE_LOOP('',(#12138,#12148,#12155,#12156));
#12138 = ORIENTED_EDGE('',*,*,#12139,.F.);
#12139 = EDGE_CURVE('',#12140,#12142,#12144,.T.);
#12140 = VERTEX_POINT('',#12141);
#12141 = CARTESIAN_POINT('',(130.73419474401,-30.14387435218,-0.49));
#12142 = VERTEX_POINT('',#12143);
#12143 = CARTESIAN_POINT('',(130.73419474401,-30.14387435218,1.51));
#12144 = LINE('',#12145,#12146);
#12145 = CARTESIAN_POINT('',(130.73419474401,-30.14387435218,-0.49));
#12146 = VECTOR('',#12147,1.);
#12147 = DIRECTION('',(0.,0.,1.));
#12148 = ORIENTED_EDGE('',*,*,#12149,.T.);
#12149 = EDGE_CURVE('',#12140,#12094,#12150,.T.);
#12150 = B_SPLINE_CURVE_WITH_KNOTS('',3,(#12151,#12152,#12153,#12154),
  .UNSPECIFIED.,.F.,.F.,(4,4),(-1.,0.),.PIECEWISE_BEZIER_KNOTS.);
#12151 = CARTESIAN_POINT('',(130.73419474401,-30.14387435218,-0.49));
#12152 = CARTESIAN_POINT('',(135.40991709508,-37.80197926144,-0.49));
#12153 = CARTESIAN_POINT('',(135.69566192744,-37.80197926144,-0.49));
#12154 = CARTESIAN_POINT('',(145.0111139945,-30.14387435218,-0.49));
#12155 = ORIENTED_EDGE('',*,*,#12093,.T.);
#12156 = ORIENTED_EDGE('',*,*,#12157,.T.);
#12157 = EDGE_CURVE('',#12096,#12142,#12158,.T.);
#12158 = B_SPLINE_CURVE_WITH_KNOTS('',3,(#12159,#12160,#12161,#12162),
  .UNSPECIFIED.,.F.,.F.,(4,4),(0.,3.492792985587),
  .PIECEWISE_BEZIER_KNOTS.);
#12159 = CARTESIAN_POINT('',(145.0111139945,-30.14387435218,1.51));
#12160 = CARTESIAN_POINT('',(135.69566192744,-37.80197926144,1.51));
#12161 = CARTESIAN_POINT('',(135.40991709508,-37.80197926144,1.51));
#12162 = CARTESIAN_POINT('',(130.73419474401,-30.14387435218,1.51));
#12163 = B_SPLINE_SURFACE_WITH_KNOTS('',3,1,(
    (#12164,#12165)
    ,(#12166,#12167)
    ,(#12168,#12169)
    ,(#12170,#12171
    )),.UNSPECIFIED.,.F.,.F.,.F.,(4,4),(2,2),(-1.,0.),(0.,0.5),
  .PIECEWISE_BEZIER_KNOTS.);
#12164 = CARTESIAN_POINT('',(130.73419474401,-30.14387435218,-0.49));
#12165 = CARTESIAN_POINT('',(130.73419474401,-30.14387435218,4.51));
#12166 = CARTESIAN_POINT('',(135.40991709508,-37.80197926144,-0.49));
#12167 = CARTESIAN_POINT('',(135.40991709508,-37.80197926144,4.51));
#12168 = CARTESIAN_POINT('',(135.69566192744,-37.80197926144,-0.49));
#12169 = CARTESIAN_POINT('',(135.69566192744,-37.80197926144,4.51));
#12170 = CARTESIAN_POINT('',(145.0111139945,-30.14387435218,-0.49));
#12171 = CARTESIAN_POINT('',(145.0111139945,-30.14387435218,4.51));
#12172 = ADVANCED_FACE('',(#12173),#12191,.F.);
#12173 = FACE_BOUND('',#12174,.F.);
#12174 = EDGE_LOOP('',(#12175,#12176,#12183,#12184));
#12175 = ORIENTED_EDGE('',*,*,#12112,.F.);
#12176 = ORIENTED_EDGE('',*,*,#12177,.T.);
#12177 = EDGE_CURVE('',#12104,#12140,#12178,.T.);
#12178 = B_SPLINE_CURVE_WITH_KNOTS('',3,(#12179,#12180,#12181,#12182),
  .UNSPECIFIED.,.F.,.F.,(4,4),(-1.,0.),.PIECEWISE_BEZIER_KNOTS.);
#12179 = CARTESIAN_POINT('',(140.24014551916,-22.3291446362,-0.49));
#12180 = CARTESIAN_POINT('',(126.24898402013,-22.3291446362,-0.49));
#12181 = CARTESIAN_POINT('',(126.05847885249,-22.48577590248,-0.49));
#12182 = CARTESIAN_POINT('',(130.73419474401,-30.14387435218,-0.49));
#12183 = ORIENTED_EDGE('',*,*,#12139,.T.);
#12184 = ORIENTED_EDGE('',*,*,#12185,.T.);
#12185 = EDGE_CURVE('',#12142,#12113,#12186,.T.);
#12186 = B_SPLINE_CURVE_WITH_KNOTS('',3,(#12187,#12188,#12189,#12190),
  .UNSPECIFIED.,.F.,.F.,(4,4),(0.,2.734732839773),
  .PIECEWISE_BEZIER_KNOTS.);
#12187 = CARTESIAN_POINT('',(130.73419474401,-30.14387435218,1.51));
#12188 = CARTESIAN_POINT('',(126.05847885249,-22.48577590248,1.51));
#12189 = CARTESIAN_POINT('',(126.24898402013,-22.3291446362,1.51));
#12190 = CARTESIAN_POINT('',(140.24014551916,-22.3291446362,1.51));
#12191 = B_SPLINE_SURFACE_WITH_KNOTS('',3,1,(
    (#12192,#12193)
    ,(#12194,#12195)
    ,(#12196,#12197)
    ,(#12198,#12199
    )),.UNSPECIFIED.,.F.,.F.,.F.,(4,4),(2,2),(-1.,0.),(0.,0.5),
  .PIECEWISE_BEZIER_KNOTS.);
#12192 = CARTESIAN_POINT('',(140.24014551916,-22.3291446362,-0.49));
#12193 = CARTESIAN_POINT('',(140.24014551916,-22.3291446362,4.51));
#12194 = CARTESIAN_POINT('',(126.24898402013,-22.3291446362,-0.49));
#12195 = CARTESIAN_POINT('',(126.24898402013,-22.3291446362,4.51));
#12196 = CARTESIAN_POINT('',(126.05847885249,-22.48577590248,-0.49));
#12197 = CARTESIAN_POINT('',(126.05847885249,-22.48577590248,4.51));
#12198 = CARTESIAN_POINT('',(130.73419474401,-30.14387435218,-0.49));
#12199 = CARTESIAN_POINT('',(130.73419474401,-30.14387435218,4.51));
#12200 = ADVANCED_FACE('',(#12201),#12237,.F.);
#12201 = FACE_BOUND('',#12202,.F.);
#12202 = EDGE_LOOP('',(#12203,#12213,#12222,#12230));
#12203 = ORIENTED_EDGE('',*,*,#12204,.F.);
#12204 = EDGE_CURVE('',#12205,#12207,#12209,.T.);
#12205 = VERTEX_POINT('',#12206);
#12206 = CARTESIAN_POINT('',(111.97967411023,-99.83554544845,-0.49));
#12207 = VERTEX_POINT('',#12208);
#12208 = CARTESIAN_POINT('',(111.97967411023,-99.83554544845,1.51));
#12209 = LINE('',#12210,#12211);
#12210 = CARTESIAN_POINT('',(111.97967411023,-99.83554544845,-0.49));
#12211 = VECTOR('',#12212,1.);
#12212 = DIRECTION('',(0.,0.,1.));
#12213 = ORIENTED_EDGE('',*,*,#12214,.T.);
#12214 = EDGE_CURVE('',#12205,#12215,#12217,.T.);
#12215 = VERTEX_POINT('',#12216);
#12216 = CARTESIAN_POINT('',(106.17807449057,-98.14002785549,-0.49));
#12217 = B_SPLINE_CURVE_WITH_KNOTS('',3,(#12218,#12219,#12220,#12221),
  .UNSPECIFIED.,.F.,.F.,(4,4),(0.,1.),.PIECEWISE_BEZIER_KNOTS.);
#12218 = CARTESIAN_POINT('',(111.97967411023,-99.83554544845,-0.49));
#12219 = CARTESIAN_POINT('',(107.44640960717,-97.45090197958,-0.49));
#12220 = CARTESIAN_POINT('',(107.32861178608,-97.4193377472,-0.49));
#12221 = CARTESIAN_POINT('',(106.17807449057,-98.14002785549,-0.49));
#12222 = ORIENTED_EDGE('',*,*,#12223,.T.);
#12223 = EDGE_CURVE('',#12215,#12224,#12226,.T.);
#12224 = VERTEX_POINT('',#12225);
#12225 = CARTESIAN_POINT('',(106.17807449057,-98.14002785549,1.51));
#12226 = LINE('',#12227,#12228);
#12227 = CARTESIAN_POINT('',(106.17807449057,-98.14002785549,-0.49));
#12228 = VECTOR('',#12229,1.);
#12229 = DIRECTION('',(0.,0.,1.));
#12230 = ORIENTED_EDGE('',*,*,#12231,.T.);
#12231 = EDGE_CURVE('',#12224,#12207,#12232,.T.);
#12232 = B_SPLINE_CURVE_WITH_KNOTS('',3,(#12233,#12234,#12235,#12236),
  .UNSPECIFIED.,.F.,.F.,(4,4),(0.,0.406459406588),
  .PIECEWISE_BEZIER_KNOTS.);
#12233 = CARTESIAN_POINT('',(106.17807449057,-98.14002785549,1.51));
#12234 = CARTESIAN_POINT('',(107.32861178608,-97.4193377472,1.51));
#12235 = CARTESIAN_POINT('',(107.44640960717,-97.45090197958,1.51));
#12236 = CARTESIAN_POINT('',(111.97967411023,-99.83554544845,1.51));
#12237 = B_SPLINE_SURFACE_WITH_KNOTS('',3,1,(
    (#12238,#12239)
    ,(#12240,#12241)
    ,(#12242,#12243)
    ,(#12244,#12245
    )),.UNSPECIFIED.,.F.,.F.,.F.,(4,4),(2,2),(0.,1.),(0.,0.5),
  .PIECEWISE_BEZIER_KNOTS.);
#12238 = CARTESIAN_POINT('',(111.97967411023,-99.83554544845,-0.49));
#12239 = CARTESIAN_POINT('',(111.97967411023,-99.83554544845,4.51));
#12240 = CARTESIAN_POINT('',(107.44640960717,-97.45090197958,-0.49));
#12241 = CARTESIAN_POINT('',(107.44640960717,-97.45090197958,4.51));
#12242 = CARTESIAN_POINT('',(107.32861178608,-97.4193377472,-0.49));
#12243 = CARTESIAN_POINT('',(107.32861178608,-97.4193377472,4.51));
#12244 = CARTESIAN_POINT('',(106.17807449057,-98.14002785549,-0.49));
#12245 = CARTESIAN_POINT('',(106.17807449057,-98.14002785549,4.51));
#12246 = ADVANCED_FACE('',(#12247),#12274,.F.);
#12247 = FACE_BOUND('',#12248,.F.);
#12248 = EDGE_LOOP('',(#12249,#12259,#12266,#12267));
#12249 = ORIENTED_EDGE('',*,*,#12250,.F.);
#12250 = EDGE_CURVE('',#12251,#12253,#12255,.T.);
#12251 = VERTEX_POINT('',#12252);
#12252 = CARTESIAN_POINT('',(111.16028045531,-104.1422158012,-0.49));
#12253 = VERTEX_POINT('',#12254);
#12254 = CARTESIAN_POINT('',(111.16028045531,-104.1422158012,1.51));
#12255 = LINE('',#12256,#12257);
#12256 = CARTESIAN_POINT('',(111.16028045531,-104.1422158012,-0.49));
#12257 = VECTOR('',#12258,1.);
#12258 = DIRECTION('',(0.,0.,1.));
#12259 = ORIENTED_EDGE('',*,*,#12260,.T.);
#12260 = EDGE_CURVE('',#12251,#12205,#12261,.T.);
#12261 = B_SPLINE_CURVE_WITH_KNOTS('',3,(#12262,#12263,#12264,#12265),
  .UNSPECIFIED.,.F.,.F.,(4,4),(0.,1.),.PIECEWISE_BEZIER_KNOTS.);
#12262 = CARTESIAN_POINT('',(111.16028045531,-104.1422158012,-0.49));
#12263 = CARTESIAN_POINT('',(116.49764500437,-102.308677036,-0.49));
#12264 = CARTESIAN_POINT('',(116.51293885068,-102.2201887802,-0.49));
#12265 = CARTESIAN_POINT('',(111.97967411023,-99.83554544845,-0.49));
#12266 = ORIENTED_EDGE('',*,*,#12204,.T.);
#12267 = ORIENTED_EDGE('',*,*,#12268,.T.);
#12268 = EDGE_CURVE('',#12207,#12253,#12269,.T.);
#12269 = B_SPLINE_CURVE_WITH_KNOTS('',3,(#12270,#12271,#12272,#12273),
  .UNSPECIFIED.,.F.,.F.,(4,4),(0.,1.62253410729),
  .PIECEWISE_BEZIER_KNOTS.);
#12270 = CARTESIAN_POINT('',(111.97967411023,-99.83554544845,1.51));
#12271 = CARTESIAN_POINT('',(116.51293885068,-102.2201887802,1.51));
#12272 = CARTESIAN_POINT('',(116.49764500437,-102.308677036,1.51));
#12273 = CARTESIAN_POINT('',(111.16028045531,-104.1422158012,1.51));
#12274 = B_SPLINE_SURFACE_WITH_KNOTS('',3,1,(
    (#12275,#12276)
    ,(#12277,#12278)
    ,(#12279,#12280)
    ,(#12281,#12282
    )),.UNSPECIFIED.,.F.,.F.,.F.,(4,4),(2,2),(0.,1.),(0.,0.5),
  .PIECEWISE_BEZIER_KNOTS.);
#12275 = CARTESIAN_POINT('',(111.16028045531,-104.1422158012,-0.49));
#12276 = CARTESIAN_POINT('',(111.16028045531,-104.1422158012,4.51));
#12277 = CARTESIAN_POINT('',(116.49764500437,-102.308677036,-0.49));
#12278 = CARTESIAN_POINT('',(116.49764500437,-102.308677036,4.51));
#12279 = CARTESIAN_POINT('',(116.51293885068,-102.2201887802,-0.49));
#12280 = CARTESIAN_POINT('',(116.51293885068,-102.2201887802,4.51));
#12281 = CARTESIAN_POINT('',(111.97967411023,-99.83554544845,-0.49));
#12282 = CARTESIAN_POINT('',(111.97967411023,-99.83554544845,4.51));
#12283 = ADVANCED_FACE('',(#12284),#12311,.F.);
#12284 = FACE_BOUND('',#12285,.F.);
#12285 = EDGE_LOOP('',(#12286,#12296,#12303,#12304));
#12286 = ORIENTED_EDGE('',*,*,#12287,.F.);
#12287 = EDGE_CURVE('',#12288,#12290,#12292,.T.);
#12288 = VERTEX_POINT('',#12289);
#12289 = CARTESIAN_POINT('',(105.35867950174,-102.446696446,-0.49));
#12290 = VERTEX_POINT('',#12291);
#12291 = CARTESIAN_POINT('',(105.35867950174,-102.446696446,1.51));
#12292 = LINE('',#12293,#12294);
#12293 = CARTESIAN_POINT('',(105.35867950174,-102.446696446,-0.49));
#12294 = VECTOR('',#12295,1.);
#12295 = DIRECTION('',(0.,0.,1.));
#12296 = ORIENTED_EDGE('',*,*,#12297,.T.);
#12297 = EDGE_CURVE('',#12288,#12251,#12298,.T.);
#12298 = B_SPLINE_CURVE_WITH_KNOTS('',3,(#12299,#12300,#12301,#12302),
  .UNSPECIFIED.,.F.,.F.,(4,4),(0.,1.),.PIECEWISE_BEZIER_KNOTS.);
#12299 = CARTESIAN_POINT('',(105.35867950174,-102.446696446,-0.49));
#12300 = CARTESIAN_POINT('',(105.7051169293,-105.944188469,-0.49));
#12301 = CARTESIAN_POINT('',(105.82042534784,-105.9771899586,-0.49));
#12302 = CARTESIAN_POINT('',(111.16028045531,-104.1422158012,-0.49));
#12303 = ORIENTED_EDGE('',*,*,#12250,.T.);
#12304 = ORIENTED_EDGE('',*,*,#12305,.T.);
#12305 = EDGE_CURVE('',#12253,#12290,#12306,.T.);
#12306 = B_SPLINE_CURVE_WITH_KNOTS('',3,(#12307,#12308,#12309,#12310),
  .UNSPECIFIED.,.F.,.F.,(4,4),(0.,1.523600160287),
  .PIECEWISE_BEZIER_KNOTS.);
#12307 = CARTESIAN_POINT('',(111.16028045531,-104.1422158012,1.51));
#12308 = CARTESIAN_POINT('',(105.82042534784,-105.9771899586,1.51));
#12309 = CARTESIAN_POINT('',(105.7051169293,-105.944188469,1.51));
#12310 = CARTESIAN_POINT('',(105.35867950174,-102.446696446,1.51));
#12311 = B_SPLINE_SURFACE_WITH_KNOTS('',3,1,(
    (#12312,#12313)
    ,(#12314,#12315)
    ,(#12316,#12317)
    ,(#12318,#12319
    )),.UNSPECIFIED.,.F.,.F.,.F.,(4,4),(2,2),(0.,1.),(0.,0.5),
  .PIECEWISE_BEZIER_KNOTS.);
#12312 = CARTESIAN_POINT('',(105.35867950174,-102.446696446,-0.49));
#12313 = CARTESIAN_POINT('',(105.35867950174,-102.446696446,4.51));
#12314 = CARTESIAN_POINT('',(105.7051169293,-105.944188469,-0.49));
#12315 = CARTESIAN_POINT('',(105.7051169293,-105.944188469,4.51));
#12316 = CARTESIAN_POINT('',(105.82042534784,-105.9771899586,-0.49));
#12317 = CARTESIAN_POINT('',(105.82042534784,-105.9771899586,4.51));
#12318 = CARTESIAN_POINT('',(111.16028045531,-104.1422158012,-0.49));
#12319 = CARTESIAN_POINT('',(111.16028045531,-104.1422158012,4.51));
#12320 = ADVANCED_FACE('',(#12321),#12345,.F.);
#12321 = FACE_BOUND('',#12322,.F.);
#12322 = EDGE_LOOP('',(#12323,#12324,#12331,#12332));
#12323 = ORIENTED_EDGE('',*,*,#12223,.F.);
#12324 = ORIENTED_EDGE('',*,*,#12325,.T.);
#12325 = EDGE_CURVE('',#12215,#12288,#12326,.T.);
#12326 = B_SPLINE_CURVE_WITH_KNOTS('',3,(#12327,#12328,#12329,#12330),
  .UNSPECIFIED.,.F.,.F.,(4,4),(0.,1.),.PIECEWISE_BEZIER_KNOTS.);
#12327 = CARTESIAN_POINT('',(106.17807449057,-98.14002785549,-0.49));
#12328 = CARTESIAN_POINT('',(105.02648375255,-98.86464347328,-0.49));
#12329 = CARTESIAN_POINT('',(105.00975314643,-98.95064140625,-0.49));
#12330 = CARTESIAN_POINT('',(105.35867950174,-102.446696446,-0.49));
#12331 = ORIENTED_EDGE('',*,*,#12287,.T.);
#12332 = ORIENTED_EDGE('',*,*,#12333,.T.);
#12333 = EDGE_CURVE('',#12290,#12224,#12334,.T.);
#12334 = B_SPLINE_CURVE_WITH_KNOTS('',3,(#12335,#12336,#12337,#12338,
    #12339,#12340,#12341,#12342,#12343,#12344),.UNSPECIFIED.,.F.,.F.,(4,
    2,2,2,4),(0.,0.527162877926,0.706765777669,0.871061865652,
    1.058492000921),.UNSPECIFIED.);
#12335 = CARTESIAN_POINT('',(105.35867950174,-102.446696446,1.51));
#12336 = CARTESIAN_POINT('',(105.18416692278,-100.6981739515,1.51));
#12337 = CARTESIAN_POINT('',(105.10116295485,-99.80317896658,1.51));
#12338 = CARTESIAN_POINT('',(105.24129279892,-99.06699330413,1.51));
#12339 = CARTESIAN_POINT('',(105.29863698021,-98.9202998518,1.51));
#12340 = CARTESIAN_POINT('',(105.4571125729,-98.67812110436,1.51));
#12341 = CARTESIAN_POINT('',(105.55366319821,-98.57990383582,1.51));
#12342 = CARTESIAN_POINT('',(105.80992248016,-98.37393035438,1.51));
#12343 = CARTESIAN_POINT('',(105.97708394957,-98.26649716462,1.51));
#12344 = CARTESIAN_POINT('',(106.17807449057,-98.14002785549,1.51));
#12345 = B_SPLINE_SURFACE_WITH_KNOTS('',3,1,(
    (#12346,#12347)
    ,(#12348,#12349)
    ,(#12350,#12351)
    ,(#12352,#12353
    )),.UNSPECIFIED.,.F.,.F.,.F.,(4,4),(2,2),(0.,1.),(0.,0.5),
  .PIECEWISE_BEZIER_KNOTS.);
#12346 = CARTESIAN_POINT('',(106.17807449057,-98.14002785549,-0.49));
#12347 = CARTESIAN_POINT('',(106.17807449057,-98.14002785549,4.51));
#12348 = CARTESIAN_POINT('',(105.02648375255,-98.86464347328,-0.49));
#12349 = CARTESIAN_POINT('',(105.02648375255,-98.86464347328,4.51));
#12350 = CARTESIAN_POINT('',(105.00975314643,-98.95064140625,-0.49));
#12351 = CARTESIAN_POINT('',(105.00975314643,-98.95064140625,4.51));
#12352 = CARTESIAN_POINT('',(105.35867950174,-102.446696446,-0.49));
#12353 = CARTESIAN_POINT('',(105.35867950174,-102.446696446,4.51));
#12354 = ADVANCED_FACE('',(#12355),#12408,.T.);
#12355 = FACE_BOUND('',#12356,.T.);
#12356 = EDGE_LOOP('',(#12357,#12368,#12376,#12385,#12393,#12402));
#12357 = ORIENTED_EDGE('',*,*,#12358,.T.);
#12358 = EDGE_CURVE('',#12359,#12361,#12363,.T.);
#12359 = VERTEX_POINT('',#12360);
#12360 = CARTESIAN_POINT('',(149.11,-14.11261019558,14.782610195587));
#12361 = VERTEX_POINT('',#12362);
#12362 = CARTESIAN_POINT('',(149.2468306559,-14.295,14.965));
#12363 = ELLIPSE('',#12364,1.414213562373,1.);
#12364 = AXIS2_PLACEMENT_3D('',#12365,#12366,#12367);
#12365 = CARTESIAN_POINT('',(148.38371131305,-14.8,15.47));
#12366 = DIRECTION('',(-2.282994199512E-16,-0.707106781187,
    -0.707106781187));
#12367 = DIRECTION('',(1.962615573355E-16,0.707106781187,-0.707106781187
    ));
#12368 = ORIENTED_EDGE('',*,*,#12369,.T.);
#12369 = EDGE_CURVE('',#12361,#12370,#12372,.T.);
#12370 = VERTEX_POINT('',#12371);
#12371 = CARTESIAN_POINT('',(149.2468306559,-14.295,-0.49));
#12372 = LINE('',#12373,#12374);
#12373 = CARTESIAN_POINT('',(149.2468306559,-14.295,1.51));
#12374 = VECTOR('',#12375,1.);
#12375 = DIRECTION('',(0.,0.,-1.));
#12376 = ORIENTED_EDGE('',*,*,#12377,.T.);
#12377 = EDGE_CURVE('',#12370,#12378,#12380,.T.);
#12378 = VERTEX_POINT('',#12379);
#12379 = CARTESIAN_POINT('',(148.38371131305,-13.8,-0.49));
#12380 = CIRCLE('',#12381,1.);
#12381 = AXIS2_PLACEMENT_3D('',#12382,#12383,#12384);
#12382 = CARTESIAN_POINT('',(148.38371131305,-14.8,-0.49));
#12383 = DIRECTION('',(0.,0.,1.));
#12384 = DIRECTION('',(0.497493718553,0.867467578645,-0.));
#12385 = ORIENTED_EDGE('',*,*,#12386,.T.);
#12386 = EDGE_CURVE('',#12378,#12387,#12389,.T.);
#12387 = VERTEX_POINT('',#12388);
#12388 = CARTESIAN_POINT('',(148.38371131305,-13.8,15.46));
#12389 = LINE('',#12390,#12391);
#12390 = CARTESIAN_POINT('',(148.38371131305,-13.8,1.51));
#12391 = VECTOR('',#12392,1.);
#12392 = DIRECTION('',(0.,0.,1.));
#12393 = ORIENTED_EDGE('',*,*,#12394,.T.);
#12394 = EDGE_CURVE('',#12387,#12395,#12397,.T.);
#12395 = VERTEX_POINT('',#12396);
#12396 = CARTESIAN_POINT('',(149.11,-14.11261019558,15.772610195587));
#12397 = ELLIPSE('',#12398,1.414213562373,1.);
#12398 = AXIS2_PLACEMENT_3D('',#12399,#12400,#12401);
#12399 = CARTESIAN_POINT('',(148.38371131305,-14.8,16.46));
#12400 = DIRECTION('',(0.,-0.707106781187,-0.707106781187));
#12401 = DIRECTION('',(0.,0.707106781187,-0.707106781187));
#12402 = ORIENTED_EDGE('',*,*,#12403,.T.);
#12403 = EDGE_CURVE('',#12395,#12359,#12404,.T.);
#12404 = LINE('',#12405,#12406);
#12405 = CARTESIAN_POINT('',(149.11,-14.11261019558,1.51));
#12406 = VECTOR('',#12407,1.);
#12407 = DIRECTION('',(0.,0.,-1.));
#12408 = CYLINDRICAL_SURFACE('',#12409,1.);
#12409 = AXIS2_PLACEMENT_3D('',#12410,#12411,#12412);
#12410 = CARTESIAN_POINT('',(148.38371131305,-14.8,1.51));
#12411 = DIRECTION('',(0.,0.,1.));
#12412 = DIRECTION('',(0.497493718553,0.867467578645,-0.));
#12413 = ADVANCED_FACE('',(#12414),#12439,.T.);
#12414 = FACE_BOUND('',#12415,.T.);
#12415 = EDGE_LOOP('',(#12416,#12417,#12425,#12433));
#12416 = ORIENTED_EDGE('',*,*,#12386,.F.);
#12417 = ORIENTED_EDGE('',*,*,#12418,.F.);
#12418 = EDGE_CURVE('',#12419,#12378,#12421,.T.);
#12419 = VERTEX_POINT('',#12420);
#12420 = CARTESIAN_POINT('',(121.38054882184,-13.8,-0.49));
#12421 = LINE('',#12422,#12423);
#12422 = CARTESIAN_POINT('',(149.11,-13.8,-0.49));
#12423 = VECTOR('',#12424,1.);
#12424 = DIRECTION('',(1.,0.,0.));
#12425 = ORIENTED_EDGE('',*,*,#12426,.F.);
#12426 = EDGE_CURVE('',#12427,#12419,#12429,.T.);
#12427 = VERTEX_POINT('',#12428);
#12428 = CARTESIAN_POINT('',(121.38054882184,-13.8,15.46));
#12429 = LINE('',#12430,#12431);
#12430 = CARTESIAN_POINT('',(121.38054882184,-13.8,1.51));
#12431 = VECTOR('',#12432,1.);
#12432 = DIRECTION('',(0.,0.,-1.));
#12433 = ORIENTED_EDGE('',*,*,#12434,.F.);
#12434 = EDGE_CURVE('',#12387,#12427,#12435,.T.);
#12435 = LINE('',#12436,#12437);
#12436 = CARTESIAN_POINT('',(120.03212122719,-13.8,15.46));
#12437 = VECTOR('',#12438,1.);
#12438 = DIRECTION('',(-1.,0.,0.));
#12439 = PLANE('',#12440);
#12440 = AXIS2_PLACEMENT_3D('',#12441,#12442,#12443);
#12441 = CARTESIAN_POINT('',(120.66,-13.8,1.51));
#12442 = DIRECTION('',(0.,1.,0.));
#12443 = DIRECTION('',(1.,0.,0.));
#12444 = ADVANCED_FACE('',(#12445,#12617,#12623,#12630,#12636,#12642,
    #12652,#12662,#12668,#12678,#12685,#12692,#12700,#12706,#12715,
    #12721,#12727,#12734,#12741,#12748,#12755,#12761,#12770,#12777,
    #12783,#12789,#12796,#12802,#12811,#12817,#12824,#12833,#12840,
    #12847,#12854,#12861,#12868,#12875,#12881,#12887,#12894,#12902,
    #12908,#12915,#12925,#12932,#12941,#12948,#12955,#12962,#12971,
    #12979,#12985,#12992,#12998,#13005,#13012,#13019,#13028,#13035,
    #13044,#13051,#13059,#13065,#13070),#13076,.T.);
#12445 = FACE_BOUND('',#12446,.T.);
#12446 = EDGE_LOOP('',(#12447,#12448,#12457,#12465,#12473,#12481,#12490,
    #12498,#12507,#12515,#12524,#12532,#12541,#12549,#12558,#12566,
    #12575,#12583,#12592,#12600,#12609,#12616));
#12447 = ORIENTED_EDGE('',*,*,#12377,.F.);
#12448 = ORIENTED_EDGE('',*,*,#12449,.F.);
#12449 = EDGE_CURVE('',#12450,#12370,#12452,.T.);
#12450 = VERTEX_POINT('',#12451);
#12451 = CARTESIAN_POINT('',(150.10994999875,-14.79,-0.49));
#12452 = CIRCLE('',#12453,1.);
#12453 = AXIS2_PLACEMENT_3D('',#12454,#12455,#12456);
#12454 = CARTESIAN_POINT('',(150.10994999875,-13.79,-0.49));
#12455 = DIRECTION('',(0.,0.,-1.));
#12456 = DIRECTION('',(-0.99994999875,-9.999999999999E-03,-0.));
#12457 = ORIENTED_EDGE('',*,*,#12458,.T.);
#12458 = EDGE_CURVE('',#12450,#12459,#12461,.T.);
#12459 = VERTEX_POINT('',#12460);
#12460 = CARTESIAN_POINT('',(169.74201639784,-14.79,-0.49));
#12461 = LINE('',#12462,#12463);
#12462 = CARTESIAN_POINT('',(169.74201639784,-14.79,-0.49));
#12463 = VECTOR('',#12464,1.);
#12464 = DIRECTION('',(1.,-3.228641359769E-16,0.));
#12465 = ORIENTED_EDGE('',*,*,#12466,.T.);
#12466 = EDGE_CURVE('',#12459,#12467,#12469,.T.);
#12467 = VERTEX_POINT('',#12468);
#12468 = CARTESIAN_POINT('',(172.75201639784,-17.51,-0.49));
#12469 = LINE('',#12470,#12471);
#12470 = CARTESIAN_POINT('',(172.75201639784,-17.51,-0.49));
#12471 = VECTOR('',#12472,1.);
#12472 = DIRECTION('',(0.741944414435,-0.670461397762,0.));
#12473 = ORIENTED_EDGE('',*,*,#12474,.T.);
#12474 = EDGE_CURVE('',#12467,#12475,#12477,.T.);
#12475 = VERTEX_POINT('',#12476);
#12476 = CARTESIAN_POINT('',(215.55,-17.51,-0.49));
#12477 = LINE('',#12478,#12479);
#12478 = CARTESIAN_POINT('',(217.55,-17.51,-0.49));
#12479 = VECTOR('',#12480,1.);
#12480 = DIRECTION('',(1.,-1.982630351374E-16,0.));
#12481 = ORIENTED_EDGE('',*,*,#12482,.F.);
#12482 = EDGE_CURVE('',#12483,#12475,#12485,.T.);
#12483 = VERTEX_POINT('',#12484);
#12484 = CARTESIAN_POINT('',(217.55,-19.51,-0.49));
#12485 = CIRCLE('',#12486,2.);
#12486 = AXIS2_PLACEMENT_3D('',#12487,#12488,#12489);
#12487 = CARTESIAN_POINT('',(215.55,-19.51,-0.49));
#12488 = DIRECTION('',(0.,0.,1.));
#12489 = DIRECTION('',(0.707106781187,0.707106781187,-0.));
#12490 = ORIENTED_EDGE('',*,*,#12491,.T.);
#12491 = EDGE_CURVE('',#12483,#12492,#12494,.T.);
#12492 = VERTEX_POINT('',#12493);
#12493 = CARTESIAN_POINT('',(217.55,-124.56,-0.49));
#12494 = LINE('',#12495,#12496);
#12495 = CARTESIAN_POINT('',(217.55,-126.56,-0.49));
#12496 = VECTOR('',#12497,1.);
#12497 = DIRECTION('',(0.,-1.,0.));
#12498 = ORIENTED_EDGE('',*,*,#12499,.F.);
#12499 = EDGE_CURVE('',#12500,#12492,#12502,.T.);
#12500 = VERTEX_POINT('',#12501);
#12501 = CARTESIAN_POINT('',(215.55,-126.56,-0.49));
#12502 = CIRCLE('',#12503,2.);
#12503 = AXIS2_PLACEMENT_3D('',#12504,#12505,#12506);
#12504 = CARTESIAN_POINT('',(215.55,-124.56,-0.49));
#12505 = DIRECTION('',(0.,0.,1.));
#12506 = DIRECTION('',(0.707106781187,-0.707106781187,0.));
#12507 = ORIENTED_EDGE('',*,*,#12508,.T.);
#12508 = EDGE_CURVE('',#12500,#12509,#12511,.T.);
#12509 = VERTEX_POINT('',#12510);
#12510 = CARTESIAN_POINT('',(130.71885909079,-126.56,-0.49));
#12511 = LINE('',#12512,#12513);
#12512 = CARTESIAN_POINT('',(130.09151783208,-126.56,-0.49));
#12513 = VECTOR('',#12514,1.);
#12514 = DIRECTION('',(-1.,-4.062171662183E-16,0.));
#12515 = ORIENTED_EDGE('',*,*,#12516,.F.);
#12516 = EDGE_CURVE('',#12517,#12509,#12519,.T.);
#12517 = VERTEX_POINT('',#12518);
#12518 = CARTESIAN_POINT('',(129.57656595405,-126.9183038071,-0.49));
#12519 = CIRCLE('',#12520,2.);
#12520 = AXIS2_PLACEMENT_3D('',#12521,#12522,#12523);
#12521 = CARTESIAN_POINT('',(130.71885909079,-128.56,-0.49));
#12522 = DIRECTION('',(0.,0.,-1.));
#12523 = DIRECTION('',(-0.299292418508,0.954161437192,0.));
#12524 = ORIENTED_EDGE('',*,*,#12525,.T.);
#12525 = EDGE_CURVE('',#12517,#12526,#12528,.T.);
#12526 = VERTEX_POINT('',#12527);
#12527 = CARTESIAN_POINT('',(61.814564960159,-174.0671423084,-0.49));
#12528 = LINE('',#12529,#12530);
#12529 = CARTESIAN_POINT('',(60.178089282158,-175.2058030079,-0.49));
#12530 = VECTOR('',#12531,1.);
#12531 = DIRECTION('',(-0.820848096447,-0.571146568369,0.));
#12532 = ORIENTED_EDGE('',*,*,#12533,.F.);
#12533 = EDGE_CURVE('',#12534,#12526,#12536,.T.);
#12534 = VERTEX_POINT('',#12535);
#12535 = CARTESIAN_POINT('',(59.034222170122,-173.5729622737,-0.49));
#12536 = CIRCLE('',#12537,2.);
#12537 = AXIS2_PLACEMENT_3D('',#12538,#12539,#12540);
#12538 = CARTESIAN_POINT('',(60.672271823421,-172.4254461155,-0.49));
#12539 = DIRECTION('',(0.,0.,1.));
#12540 = DIRECTION('',(-0.174997933988,-0.984568800592,0.));
#12541 = ORIENTED_EDGE('',*,*,#12542,.T.);
#12542 = EDGE_CURVE('',#12534,#12543,#12545,.T.);
#12543 = VERTEX_POINT('',#12544);
#12544 = CARTESIAN_POINT('',(22.367775296022,-121.2325571642,-0.49));
#12545 = LINE('',#12546,#12547);
#12546 = CARTESIAN_POINT('',(21.258484908778,-119.6490738108,-0.49));
#12547 = VECTOR('',#12548,1.);
#12548 = DIRECTION('',(-0.573758079099,0.819024826649,0.));
#12549 = ORIENTED_EDGE('',*,*,#12550,.F.);
#12550 = EDGE_CURVE('',#12551,#12543,#12553,.T.);
#12551 = VERTEX_POINT('',#12552);
#12552 = CARTESIAN_POINT('',(22.80349240883,-118.4867930709,-0.49));
#12553 = CIRCLE('',#12554,2.);
#12554 = AXIS2_PLACEMENT_3D('',#12555,#12556,#12557);
#12555 = CARTESIAN_POINT('',(24.005824949321,-120.085041006,-0.49));
#12556 = DIRECTION('',(0.,0.,1.));
#12557 = DIRECTION('',(-0.987642124674,0.156725982432,0.));
#12558 = ORIENTED_EDGE('',*,*,#12559,.T.);
#12559 = EDGE_CURVE('',#12551,#12560,#12562,.T.);
#12560 = VERTEX_POINT('',#12561);
#12561 = CARTESIAN_POINT('',(29.812332540492,-113.2141714855,-0.49));
#12562 = LINE('',#12563,#12564);
#12563 = CARTESIAN_POINT('',(30.61,-112.6141009195,-0.49));
#12564 = VECTOR('',#12565,1.);
#12565 = DIRECTION('',(0.799123967554,0.601166270246,0.));
#12566 = ORIENTED_EDGE('',*,*,#12567,.F.);
#12567 = EDGE_CURVE('',#12568,#12560,#12570,.T.);
#12568 = VERTEX_POINT('',#12569);
#12569 = CARTESIAN_POINT('',(30.61,-111.6159235504,-0.49));
#12570 = CIRCLE('',#12571,2.);
#12571 = AXIS2_PLACEMENT_3D('',#12572,#12573,#12574);
#12572 = CARTESIAN_POINT('',(28.61,-111.6159235504,-0.49));
#12573 = DIRECTION('',(0.,0.,-1.));
#12574 = DIRECTION('',(0.894753114062,-0.446561154689,0.));
#12575 = ORIENTED_EDGE('',*,*,#12576,.T.);
#12576 = EDGE_CURVE('',#12568,#12577,#12579,.T.);
#12577 = VERTEX_POINT('',#12578);
#12578 = CARTESIAN_POINT('',(30.61,-16.78,-0.49));
#12579 = LINE('',#12580,#12581);
#12580 = CARTESIAN_POINT('',(30.61,-14.78,-0.49));
#12581 = VECTOR('',#12582,1.);
#12582 = DIRECTION('',(-4.539206735443E-17,1.,0.));
#12583 = ORIENTED_EDGE('',*,*,#12584,.F.);
#12584 = EDGE_CURVE('',#12585,#12577,#12587,.T.);
#12585 = VERTEX_POINT('',#12586);
#12586 = CARTESIAN_POINT('',(32.61,-14.78,-0.49));
#12587 = CIRCLE('',#12588,2.);
#12588 = AXIS2_PLACEMENT_3D('',#12589,#12590,#12591);
#12589 = CARTESIAN_POINT('',(32.61,-16.78,-0.49));
#12590 = DIRECTION('',(0.,0.,1.));
#12591 = DIRECTION('',(-0.707106781187,0.707106781187,0.));
#12592 = ORIENTED_EDGE('',*,*,#12593,.T.);
#12593 = EDGE_CURVE('',#12585,#12594,#12596,.T.);
#12594 = VERTEX_POINT('',#12595);
#12595 = CARTESIAN_POINT('',(119.66020002,-14.78,-0.49));
#12596 = LINE('',#12597,#12598);
#12597 = CARTESIAN_POINT('',(120.66,-14.78,-0.49));
#12598 = VECTOR('',#12599,1.);
#12599 = DIRECTION('',(1.,0.,0.));
#12600 = ORIENTED_EDGE('',*,*,#12601,.F.);
#12601 = EDGE_CURVE('',#12602,#12594,#12604,.T.);
#12602 = VERTEX_POINT('',#12603);
#12603 = CARTESIAN_POINT('',(120.52037442092,-14.29,-0.49));
#12604 = CIRCLE('',#12605,1.);
#12605 = AXIS2_PLACEMENT_3D('',#12606,#12607,#12608);
#12606 = CARTESIAN_POINT('',(119.66020002,-13.78,-0.49));
#12607 = DIRECTION('',(0.,0.,-1.));
#12608 = DIRECTION('',(0.999799979996,-2.E-02,0.));
#12609 = ORIENTED_EDGE('',*,*,#12610,.F.);
#12610 = EDGE_CURVE('',#12419,#12602,#12611,.T.);
#12611 = CIRCLE('',#12612,1.);
#12612 = AXIS2_PLACEMENT_3D('',#12613,#12614,#12615);
#12613 = CARTESIAN_POINT('',(121.38054882184,-14.8,-0.49));
#12614 = DIRECTION('',(0.,0.,1.));
#12615 = DIRECTION('',(-0.494974746831,0.868907359849,0.));
#12616 = ORIENTED_EDGE('',*,*,#12418,.T.);
#12617 = FACE_BOUND('',#12618,.T.);
#12618 = EDGE_LOOP('',(#12619,#12620,#12621,#12622));
#12619 = ORIENTED_EDGE('',*,*,#114,.T.);
#12620 = ORIENTED_EDGE('',*,*,#77,.T.);
#12621 = ORIENTED_EDGE('',*,*,#31,.T.);
#12622 = ORIENTED_EDGE('',*,*,#142,.T.);
#12623 = FACE_BOUND('',#12624,.T.);
#12624 = EDGE_LOOP('',(#12625,#12626,#12627,#12628,#12629));
#12625 = ORIENTED_EDGE('',*,*,#266,.T.);
#12626 = ORIENTED_EDGE('',*,*,#229,.T.);
#12627 = ORIENTED_EDGE('',*,*,#183,.T.);
#12628 = ORIENTED_EDGE('',*,*,#331,.T.);
#12629 = ORIENTED_EDGE('',*,*,#303,.T.);
#12630 = FACE_BOUND('',#12631,.T.);
#12631 = EDGE_LOOP('',(#12632,#12633,#12634,#12635));
#12632 = ORIENTED_EDGE('',*,*,#451,.T.);
#12633 = ORIENTED_EDGE('',*,*,#414,.T.);
#12634 = ORIENTED_EDGE('',*,*,#368,.T.);
#12635 = ORIENTED_EDGE('',*,*,#479,.T.);
#12636 = FACE_BOUND('',#12637,.T.);
#12637 = EDGE_LOOP('',(#12638,#12639,#12640,#12641));
#12638 = ORIENTED_EDGE('',*,*,#599,.T.);
#12639 = ORIENTED_EDGE('',*,*,#562,.T.);
#12640 = ORIENTED_EDGE('',*,*,#516,.T.);
#12641 = ORIENTED_EDGE('',*,*,#627,.T.);
#12642 = FACE_BOUND('',#12643,.T.);
#12643 = EDGE_LOOP('',(#12644,#12645,#12646,#12647,#12648,#12649,#12650,
    #12651));
#12644 = ORIENTED_EDGE('',*,*,#829,.T.);
#12645 = ORIENTED_EDGE('',*,*,#784,.T.);
#12646 = ORIENTED_EDGE('',*,*,#747,.T.);
#12647 = ORIENTED_EDGE('',*,*,#710,.T.);
#12648 = ORIENTED_EDGE('',*,*,#664,.T.);
#12649 = ORIENTED_EDGE('',*,*,#931,.T.);
#12650 = ORIENTED_EDGE('',*,*,#903,.T.);
#12651 = ORIENTED_EDGE('',*,*,#866,.T.);
#12652 = FACE_BOUND('',#12653,.T.);
#12653 = EDGE_LOOP('',(#12654,#12655,#12656,#12657,#12658,#12659,#12660,
    #12661));
#12654 = ORIENTED_EDGE('',*,*,#1113,.T.);
#12655 = ORIENTED_EDGE('',*,*,#1076,.T.);
#12656 = ORIENTED_EDGE('',*,*,#1044,.T.);
#12657 = ORIENTED_EDGE('',*,*,#1013,.T.);
#12658 = ORIENTED_EDGE('',*,*,#968,.T.);
#12659 = ORIENTED_EDGE('',*,*,#1215,.T.);
#12660 = ORIENTED_EDGE('',*,*,#1187,.T.);
#12661 = ORIENTED_EDGE('',*,*,#1150,.T.);
#12662 = FACE_BOUND('',#12663,.T.);
#12663 = EDGE_LOOP('',(#12664,#12665,#12666,#12667));
#12664 = ORIENTED_EDGE('',*,*,#1335,.T.);
#12665 = ORIENTED_EDGE('',*,*,#1298,.T.);
#12666 = ORIENTED_EDGE('',*,*,#1252,.T.);
#12667 = ORIENTED_EDGE('',*,*,#1363,.T.);
#12668 = FACE_BOUND('',#12669,.T.);
#12669 = EDGE_LOOP('',(#12670,#12671,#12672,#12673,#12674,#12675,#12676,
    #12677));
#12670 = ORIENTED_EDGE('',*,*,#1557,.T.);
#12671 = ORIENTED_EDGE('',*,*,#1520,.T.);
#12672 = ORIENTED_EDGE('',*,*,#1483,.T.);
#12673 = ORIENTED_EDGE('',*,*,#1446,.T.);
#12674 = ORIENTED_EDGE('',*,*,#1400,.T.);
#12675 = ORIENTED_EDGE('',*,*,#1659,.T.);
#12676 = ORIENTED_EDGE('',*,*,#1631,.T.);
#12677 = ORIENTED_EDGE('',*,*,#1594,.T.);
#12678 = FACE_BOUND('',#12679,.T.);
#12679 = EDGE_LOOP('',(#12680,#12681,#12682,#12683,#12684));
#12680 = ORIENTED_EDGE('',*,*,#1779,.T.);
#12681 = ORIENTED_EDGE('',*,*,#1742,.T.);
#12682 = ORIENTED_EDGE('',*,*,#1696,.T.);
#12683 = ORIENTED_EDGE('',*,*,#1844,.T.);
#12684 = ORIENTED_EDGE('',*,*,#1816,.T.);
#12685 = FACE_BOUND('',#12686,.T.);
#12686 = EDGE_LOOP('',(#12687,#12688,#12689,#12690,#12691));
#12687 = ORIENTED_EDGE('',*,*,#1964,.T.);
#12688 = ORIENTED_EDGE('',*,*,#1927,.T.);
#12689 = ORIENTED_EDGE('',*,*,#1881,.T.);
#12690 = ORIENTED_EDGE('',*,*,#2029,.T.);
#12691 = ORIENTED_EDGE('',*,*,#2001,.T.);
#12692 = FACE_BOUND('',#12693,.T.);
#12693 = EDGE_LOOP('',(#12694,#12695,#12696,#12697,#12698,#12699));
#12694 = ORIENTED_EDGE('',*,*,#2186,.T.);
#12695 = ORIENTED_EDGE('',*,*,#2149,.T.);
#12696 = ORIENTED_EDGE('',*,*,#2112,.T.);
#12697 = ORIENTED_EDGE('',*,*,#2066,.T.);
#12698 = ORIENTED_EDGE('',*,*,#2251,.T.);
#12699 = ORIENTED_EDGE('',*,*,#2223,.T.);
#12700 = FACE_BOUND('',#12701,.T.);
#12701 = EDGE_LOOP('',(#12702,#12703,#12704,#12705));
#12702 = ORIENTED_EDGE('',*,*,#2371,.T.);
#12703 = ORIENTED_EDGE('',*,*,#2334,.T.);
#12704 = ORIENTED_EDGE('',*,*,#2288,.T.);
#12705 = ORIENTED_EDGE('',*,*,#2399,.T.);
#12706 = FACE_BOUND('',#12707,.T.);
#12707 = EDGE_LOOP('',(#12708,#12709,#12710,#12711,#12712,#12713,#12714)
  );
#12708 = ORIENTED_EDGE('',*,*,#2556,.T.);
#12709 = ORIENTED_EDGE('',*,*,#2519,.T.);
#12710 = ORIENTED_EDGE('',*,*,#2482,.T.);
#12711 = ORIENTED_EDGE('',*,*,#2436,.T.);
#12712 = ORIENTED_EDGE('',*,*,#2660,.T.);
#12713 = ORIENTED_EDGE('',*,*,#2630,.T.);
#12714 = ORIENTED_EDGE('',*,*,#2593,.T.);
#12715 = FACE_BOUND('',#12716,.T.);
#12716 = EDGE_LOOP('',(#12717,#12718,#12719,#12720));
#12717 = ORIENTED_EDGE('',*,*,#2780,.T.);
#12718 = ORIENTED_EDGE('',*,*,#2743,.T.);
#12719 = ORIENTED_EDGE('',*,*,#2697,.T.);
#12720 = ORIENTED_EDGE('',*,*,#2808,.T.);
#12721 = FACE_BOUND('',#12722,.T.);
#12722 = EDGE_LOOP('',(#12723,#12724,#12725,#12726));
#12723 = ORIENTED_EDGE('',*,*,#2928,.T.);
#12724 = ORIENTED_EDGE('',*,*,#2891,.T.);
#12725 = ORIENTED_EDGE('',*,*,#2845,.T.);
#12726 = ORIENTED_EDGE('',*,*,#2956,.T.);
#12727 = FACE_BOUND('',#12728,.T.);
#12728 = EDGE_LOOP('',(#12729,#12730,#12731,#12732,#12733));
#12729 = ORIENTED_EDGE('',*,*,#3076,.T.);
#12730 = ORIENTED_EDGE('',*,*,#3039,.T.);
#12731 = ORIENTED_EDGE('',*,*,#2993,.T.);
#12732 = ORIENTED_EDGE('',*,*,#3141,.T.);
#12733 = ORIENTED_EDGE('',*,*,#3113,.T.);
#12734 = FACE_BOUND('',#12735,.T.);
#12735 = EDGE_LOOP('',(#12736,#12737,#12738,#12739,#12740));
#12736 = ORIENTED_EDGE('',*,*,#3261,.T.);
#12737 = ORIENTED_EDGE('',*,*,#3224,.T.);
#12738 = ORIENTED_EDGE('',*,*,#3178,.T.);
#12739 = ORIENTED_EDGE('',*,*,#3326,.T.);
#12740 = ORIENTED_EDGE('',*,*,#3298,.T.);
#12741 = FACE_BOUND('',#12742,.T.);
#12742 = EDGE_LOOP('',(#12743,#12744,#12745,#12746,#12747));
#12743 = ORIENTED_EDGE('',*,*,#3446,.T.);
#12744 = ORIENTED_EDGE('',*,*,#3409,.T.);
#12745 = ORIENTED_EDGE('',*,*,#3363,.T.);
#12746 = ORIENTED_EDGE('',*,*,#3511,.T.);
#12747 = ORIENTED_EDGE('',*,*,#3483,.T.);
#12748 = FACE_BOUND('',#12749,.T.);
#12749 = EDGE_LOOP('',(#12750,#12751,#12752,#12753,#12754));
#12750 = ORIENTED_EDGE('',*,*,#3631,.T.);
#12751 = ORIENTED_EDGE('',*,*,#3594,.T.);
#12752 = ORIENTED_EDGE('',*,*,#3548,.T.);
#12753 = ORIENTED_EDGE('',*,*,#3696,.T.);
#12754 = ORIENTED_EDGE('',*,*,#3668,.T.);
#12755 = FACE_BOUND('',#12756,.T.);
#12756 = EDGE_LOOP('',(#12757,#12758,#12759,#12760));
#12757 = ORIENTED_EDGE('',*,*,#3828,.T.);
#12758 = ORIENTED_EDGE('',*,*,#3791,.T.);
#12759 = ORIENTED_EDGE('',*,*,#3745,.T.);
#12760 = ORIENTED_EDGE('',*,*,#3856,.T.);
#12761 = FACE_BOUND('',#12762,.T.);
#12762 = EDGE_LOOP('',(#12763,#12764,#12765,#12766,#12767,#12768,#12769)
  );
#12763 = ORIENTED_EDGE('',*,*,#4015,.T.);
#12764 = ORIENTED_EDGE('',*,*,#3978,.T.);
#12765 = ORIENTED_EDGE('',*,*,#3941,.T.);
#12766 = ORIENTED_EDGE('',*,*,#3893,.T.);
#12767 = ORIENTED_EDGE('',*,*,#4121,.T.);
#12768 = ORIENTED_EDGE('',*,*,#4093,.T.);
#12769 = ORIENTED_EDGE('',*,*,#4052,.T.);
#12770 = FACE_BOUND('',#12771,.T.);
#12771 = EDGE_LOOP('',(#12772,#12773,#12774,#12775,#12776));
#12772 = ORIENTED_EDGE('',*,*,#4241,.T.);
#12773 = ORIENTED_EDGE('',*,*,#4204,.T.);
#12774 = ORIENTED_EDGE('',*,*,#4158,.T.);
#12775 = ORIENTED_EDGE('',*,*,#4306,.T.);
#12776 = ORIENTED_EDGE('',*,*,#4278,.T.);
#12777 = FACE_BOUND('',#12778,.T.);
#12778 = EDGE_LOOP('',(#12779,#12780,#12781,#12782));
#12779 = ORIENTED_EDGE('',*,*,#4426,.T.);
#12780 = ORIENTED_EDGE('',*,*,#4389,.T.);
#12781 = ORIENTED_EDGE('',*,*,#4343,.T.);
#12782 = ORIENTED_EDGE('',*,*,#4454,.T.);
#12783 = FACE_BOUND('',#12784,.T.);
#12784 = EDGE_LOOP('',(#12785,#12786,#12787,#12788));
#12785 = ORIENTED_EDGE('',*,*,#4574,.T.);
#12786 = ORIENTED_EDGE('',*,*,#4537,.T.);
#12787 = ORIENTED_EDGE('',*,*,#4491,.T.);
#12788 = ORIENTED_EDGE('',*,*,#4602,.T.);
#12789 = FACE_BOUND('',#12790,.T.);
#12790 = EDGE_LOOP('',(#12791,#12792,#12793,#12794,#12795));
#12791 = ORIENTED_EDGE('',*,*,#4722,.T.);
#12792 = ORIENTED_EDGE('',*,*,#4685,.T.);
#12793 = ORIENTED_EDGE('',*,*,#4639,.T.);
#12794 = ORIENTED_EDGE('',*,*,#4787,.T.);
#12795 = ORIENTED_EDGE('',*,*,#4759,.T.);
#12796 = FACE_BOUND('',#12797,.T.);
#12797 = EDGE_LOOP('',(#12798,#12799,#12800,#12801));
#12798 = ORIENTED_EDGE('',*,*,#4907,.T.);
#12799 = ORIENTED_EDGE('',*,*,#4870,.T.);
#12800 = ORIENTED_EDGE('',*,*,#4824,.T.);
#12801 = ORIENTED_EDGE('',*,*,#4935,.T.);
#12802 = FACE_BOUND('',#12803,.T.);
#12803 = EDGE_LOOP('',(#12804,#12805,#12806,#12807,#12808,#12809,#12810)
  );
#12804 = ORIENTED_EDGE('',*,*,#5096,.T.);
#12805 = ORIENTED_EDGE('',*,*,#5055,.T.);
#12806 = ORIENTED_EDGE('',*,*,#5018,.T.);
#12807 = ORIENTED_EDGE('',*,*,#4972,.T.);
#12808 = ORIENTED_EDGE('',*,*,#5202,.T.);
#12809 = ORIENTED_EDGE('',*,*,#5174,.T.);
#12810 = ORIENTED_EDGE('',*,*,#5137,.T.);
#12811 = FACE_BOUND('',#12812,.T.);
#12812 = EDGE_LOOP('',(#12813,#12814,#12815,#12816));
#12813 = ORIENTED_EDGE('',*,*,#5322,.T.);
#12814 = ORIENTED_EDGE('',*,*,#5285,.T.);
#12815 = ORIENTED_EDGE('',*,*,#5239,.T.);
#12816 = ORIENTED_EDGE('',*,*,#5354,.T.);
#12817 = FACE_BOUND('',#12818,.T.);
#12818 = EDGE_LOOP('',(#12819,#12820,#12821,#12822,#12823));
#12819 = ORIENTED_EDGE('',*,*,#5474,.T.);
#12820 = ORIENTED_EDGE('',*,*,#5437,.T.);
#12821 = ORIENTED_EDGE('',*,*,#5391,.T.);
#12822 = ORIENTED_EDGE('',*,*,#5539,.T.);
#12823 = ORIENTED_EDGE('',*,*,#5511,.T.);
#12824 = FACE_BOUND('',#12825,.T.);
#12825 = EDGE_LOOP('',(#12826,#12827,#12828,#12829,#12830,#12831,#12832)
  );
#12826 = ORIENTED_EDGE('',*,*,#5696,.T.);
#12827 = ORIENTED_EDGE('',*,*,#5659,.T.);
#12828 = ORIENTED_EDGE('',*,*,#5622,.T.);
#12829 = ORIENTED_EDGE('',*,*,#5576,.T.);
#12830 = ORIENTED_EDGE('',*,*,#5798,.T.);
#12831 = ORIENTED_EDGE('',*,*,#5770,.T.);
#12832 = ORIENTED_EDGE('',*,*,#5733,.T.);
#12833 = FACE_BOUND('',#12834,.T.);
#12834 = EDGE_LOOP('',(#12835,#12836,#12837,#12838,#12839));
#12835 = ORIENTED_EDGE('',*,*,#5918,.T.);
#12836 = ORIENTED_EDGE('',*,*,#5881,.T.);
#12837 = ORIENTED_EDGE('',*,*,#5835,.T.);
#12838 = ORIENTED_EDGE('',*,*,#5983,.T.);
#12839 = ORIENTED_EDGE('',*,*,#5955,.T.);
#12840 = FACE_BOUND('',#12841,.T.);
#12841 = EDGE_LOOP('',(#12842,#12843,#12844,#12845,#12846));
#12842 = ORIENTED_EDGE('',*,*,#6103,.T.);
#12843 = ORIENTED_EDGE('',*,*,#6066,.T.);
#12844 = ORIENTED_EDGE('',*,*,#6020,.T.);
#12845 = ORIENTED_EDGE('',*,*,#6168,.T.);
#12846 = ORIENTED_EDGE('',*,*,#6140,.T.);
#12847 = FACE_BOUND('',#12848,.T.);
#12848 = EDGE_LOOP('',(#12849,#12850,#12851,#12852,#12853));
#12849 = ORIENTED_EDGE('',*,*,#6288,.T.);
#12850 = ORIENTED_EDGE('',*,*,#6251,.T.);
#12851 = ORIENTED_EDGE('',*,*,#6205,.T.);
#12852 = ORIENTED_EDGE('',*,*,#6353,.T.);
#12853 = ORIENTED_EDGE('',*,*,#6325,.T.);
#12854 = FACE_BOUND('',#12855,.T.);
#12855 = EDGE_LOOP('',(#12856,#12857,#12858,#12859,#12860));
#12856 = ORIENTED_EDGE('',*,*,#6473,.T.);
#12857 = ORIENTED_EDGE('',*,*,#6436,.T.);
#12858 = ORIENTED_EDGE('',*,*,#6390,.T.);
#12859 = ORIENTED_EDGE('',*,*,#6540,.T.);
#12860 = ORIENTED_EDGE('',*,*,#6512,.T.);
#12861 = FACE_BOUND('',#12862,.T.);
#12862 = EDGE_LOOP('',(#12863,#12864,#12865,#12866,#12867));
#12863 = ORIENTED_EDGE('',*,*,#6660,.T.);
#12864 = ORIENTED_EDGE('',*,*,#6623,.T.);
#12865 = ORIENTED_EDGE('',*,*,#6577,.T.);
#12866 = ORIENTED_EDGE('',*,*,#6725,.T.);
#12867 = ORIENTED_EDGE('',*,*,#6697,.T.);
#12868 = FACE_BOUND('',#12869,.T.);
#12869 = EDGE_LOOP('',(#12870,#12871,#12872,#12873,#12874));
#12870 = ORIENTED_EDGE('',*,*,#6863,.T.);
#12871 = ORIENTED_EDGE('',*,*,#6826,.T.);
#12872 = ORIENTED_EDGE('',*,*,#6770,.T.);
#12873 = ORIENTED_EDGE('',*,*,#6928,.T.);
#12874 = ORIENTED_EDGE('',*,*,#6900,.T.);
#12875 = FACE_BOUND('',#12876,.T.);
#12876 = EDGE_LOOP('',(#12877,#12878,#12879,#12880));
#12877 = ORIENTED_EDGE('',*,*,#7048,.T.);
#12878 = ORIENTED_EDGE('',*,*,#7011,.T.);
#12879 = ORIENTED_EDGE('',*,*,#6965,.T.);
#12880 = ORIENTED_EDGE('',*,*,#7076,.T.);
#12881 = FACE_BOUND('',#12882,.T.);
#12882 = EDGE_LOOP('',(#12883,#12884,#12885,#12886));
#12883 = ORIENTED_EDGE('',*,*,#7196,.T.);
#12884 = ORIENTED_EDGE('',*,*,#7159,.T.);
#12885 = ORIENTED_EDGE('',*,*,#7113,.T.);
#12886 = ORIENTED_EDGE('',*,*,#7224,.T.);
#12887 = FACE_BOUND('',#12888,.T.);
#12888 = EDGE_LOOP('',(#12889,#12890,#12891,#12892,#12893));
#12889 = ORIENTED_EDGE('',*,*,#7348,.T.);
#12890 = ORIENTED_EDGE('',*,*,#7311,.T.);
#12891 = ORIENTED_EDGE('',*,*,#7261,.T.);
#12892 = ORIENTED_EDGE('',*,*,#7413,.T.);
#12893 = ORIENTED_EDGE('',*,*,#7385,.T.);
#12894 = FACE_BOUND('',#12895,.T.);
#12895 = EDGE_LOOP('',(#12896,#12897,#12898,#12899,#12900,#12901));
#12896 = ORIENTED_EDGE('',*,*,#7570,.T.);
#12897 = ORIENTED_EDGE('',*,*,#7533,.T.);
#12898 = ORIENTED_EDGE('',*,*,#7496,.T.);
#12899 = ORIENTED_EDGE('',*,*,#7450,.T.);
#12900 = ORIENTED_EDGE('',*,*,#7635,.T.);
#12901 = ORIENTED_EDGE('',*,*,#7607,.T.);
#12902 = FACE_BOUND('',#12903,.T.);
#12903 = EDGE_LOOP('',(#12904,#12905,#12906,#12907));
#12904 = ORIENTED_EDGE('',*,*,#7755,.T.);
#12905 = ORIENTED_EDGE('',*,*,#7718,.T.);
#12906 = ORIENTED_EDGE('',*,*,#7672,.T.);
#12907 = ORIENTED_EDGE('',*,*,#7783,.T.);
#12908 = FACE_BOUND('',#12909,.T.);
#12909 = EDGE_LOOP('',(#12910,#12911,#12912,#12913,#12914));
#12910 = ORIENTED_EDGE('',*,*,#7903,.T.);
#12911 = ORIENTED_EDGE('',*,*,#7866,.T.);
#12912 = ORIENTED_EDGE('',*,*,#7820,.T.);
#12913 = ORIENTED_EDGE('',*,*,#7968,.T.);
#12914 = ORIENTED_EDGE('',*,*,#7940,.T.);
#12915 = FACE_BOUND('',#12916,.T.);
#12916 = EDGE_LOOP('',(#12917,#12918,#12919,#12920,#12921,#12922,#12923,
    #12924));
#12917 = ORIENTED_EDGE('',*,*,#8164,.T.);
#12918 = ORIENTED_EDGE('',*,*,#8127,.T.);
#12919 = ORIENTED_EDGE('',*,*,#8088,.T.);
#12920 = ORIENTED_EDGE('',*,*,#8051,.T.);
#12921 = ORIENTED_EDGE('',*,*,#8005,.T.);
#12922 = ORIENTED_EDGE('',*,*,#8266,.T.);
#12923 = ORIENTED_EDGE('',*,*,#8238,.T.);
#12924 = ORIENTED_EDGE('',*,*,#8201,.T.);
#12925 = FACE_BOUND('',#12926,.T.);
#12926 = EDGE_LOOP('',(#12927,#12928,#12929,#12930,#12931));
#12927 = ORIENTED_EDGE('',*,*,#8386,.T.);
#12928 = ORIENTED_EDGE('',*,*,#8349,.T.);
#12929 = ORIENTED_EDGE('',*,*,#8303,.T.);
#12930 = ORIENTED_EDGE('',*,*,#8451,.T.);
#12931 = ORIENTED_EDGE('',*,*,#8423,.T.);
#12932 = FACE_BOUND('',#12933,.T.);
#12933 = EDGE_LOOP('',(#12934,#12935,#12936,#12937,#12938,#12939,#12940)
  );
#12934 = ORIENTED_EDGE('',*,*,#8608,.T.);
#12935 = ORIENTED_EDGE('',*,*,#8571,.T.);
#12936 = ORIENTED_EDGE('',*,*,#8534,.T.);
#12937 = ORIENTED_EDGE('',*,*,#8488,.T.);
#12938 = ORIENTED_EDGE('',*,*,#8710,.T.);
#12939 = ORIENTED_EDGE('',*,*,#8682,.T.);
#12940 = ORIENTED_EDGE('',*,*,#8645,.T.);
#12941 = FACE_BOUND('',#12942,.T.);
#12942 = EDGE_LOOP('',(#12943,#12944,#12945,#12946,#12947));
#12943 = ORIENTED_EDGE('',*,*,#8830,.T.);
#12944 = ORIENTED_EDGE('',*,*,#8793,.T.);
#12945 = ORIENTED_EDGE('',*,*,#8747,.T.);
#12946 = ORIENTED_EDGE('',*,*,#8895,.T.);
#12947 = ORIENTED_EDGE('',*,*,#8867,.T.);
#12948 = FACE_BOUND('',#12949,.T.);
#12949 = EDGE_LOOP('',(#12950,#12951,#12952,#12953,#12954));
#12950 = ORIENTED_EDGE('',*,*,#9015,.T.);
#12951 = ORIENTED_EDGE('',*,*,#8978,.T.);
#12952 = ORIENTED_EDGE('',*,*,#8932,.T.);
#12953 = ORIENTED_EDGE('',*,*,#9080,.T.);
#12954 = ORIENTED_EDGE('',*,*,#9052,.T.);
#12955 = FACE_BOUND('',#12956,.T.);
#12956 = EDGE_LOOP('',(#12957,#12958,#12959,#12960,#12961));
#12957 = ORIENTED_EDGE('',*,*,#9200,.T.);
#12958 = ORIENTED_EDGE('',*,*,#9163,.T.);
#12959 = ORIENTED_EDGE('',*,*,#9117,.T.);
#12960 = ORIENTED_EDGE('',*,*,#9265,.T.);
#12961 = ORIENTED_EDGE('',*,*,#9237,.T.);
#12962 = FACE_BOUND('',#12963,.T.);
#12963 = EDGE_LOOP('',(#12964,#12965,#12966,#12967,#12968,#12969,#12970)
  );
#12964 = ORIENTED_EDGE('',*,*,#9432,.T.);
#12965 = ORIENTED_EDGE('',*,*,#9395,.T.);
#12966 = ORIENTED_EDGE('',*,*,#9348,.T.);
#12967 = ORIENTED_EDGE('',*,*,#9302,.T.);
#12968 = ORIENTED_EDGE('',*,*,#9534,.T.);
#12969 = ORIENTED_EDGE('',*,*,#9506,.T.);
#12970 = ORIENTED_EDGE('',*,*,#9469,.T.);
#12971 = FACE_BOUND('',#12972,.T.);
#12972 = EDGE_LOOP('',(#12973,#12974,#12975,#12976,#12977,#12978));
#12973 = ORIENTED_EDGE('',*,*,#9693,.T.);
#12974 = ORIENTED_EDGE('',*,*,#9656,.T.);
#12975 = ORIENTED_EDGE('',*,*,#9619,.T.);
#12976 = ORIENTED_EDGE('',*,*,#9573,.T.);
#12977 = ORIENTED_EDGE('',*,*,#9758,.T.);
#12978 = ORIENTED_EDGE('',*,*,#9730,.T.);
#12979 = FACE_BOUND('',#12980,.T.);
#12980 = EDGE_LOOP('',(#12981,#12982,#12983,#12984));
#12981 = ORIENTED_EDGE('',*,*,#9878,.T.);
#12982 = ORIENTED_EDGE('',*,*,#9841,.T.);
#12983 = ORIENTED_EDGE('',*,*,#9795,.T.);
#12984 = ORIENTED_EDGE('',*,*,#9906,.T.);
#12985 = FACE_BOUND('',#12986,.T.);
#12986 = EDGE_LOOP('',(#12987,#12988,#12989,#12990,#12991));
#12987 = ORIENTED_EDGE('',*,*,#10026,.T.);
#12988 = ORIENTED_EDGE('',*,*,#9989,.T.);
#12989 = ORIENTED_EDGE('',*,*,#9943,.T.);
#12990 = ORIENTED_EDGE('',*,*,#10091,.T.);
#12991 = ORIENTED_EDGE('',*,*,#10063,.T.);
#12992 = FACE_BOUND('',#12993,.T.);
#12993 = EDGE_LOOP('',(#12994,#12995,#12996,#12997));
#12994 = ORIENTED_EDGE('',*,*,#10211,.T.);
#12995 = ORIENTED_EDGE('',*,*,#10174,.T.);
#12996 = ORIENTED_EDGE('',*,*,#10128,.T.);
#12997 = ORIENTED_EDGE('',*,*,#10239,.T.);
#12998 = FACE_BOUND('',#12999,.T.);
#12999 = EDGE_LOOP('',(#13000,#13001,#13002,#13003,#13004));
#13000 = ORIENTED_EDGE('',*,*,#10367,.T.);
#13001 = ORIENTED_EDGE('',*,*,#10330,.T.);
#13002 = ORIENTED_EDGE('',*,*,#10284,.T.);
#13003 = ORIENTED_EDGE('',*,*,#10432,.T.);
#13004 = ORIENTED_EDGE('',*,*,#10404,.T.);
#13005 = FACE_BOUND('',#13006,.T.);
#13006 = EDGE_LOOP('',(#13007,#13008,#13009,#13010,#13011));
#13007 = ORIENTED_EDGE('',*,*,#10552,.T.);
#13008 = ORIENTED_EDGE('',*,*,#10515,.T.);
#13009 = ORIENTED_EDGE('',*,*,#10469,.T.);
#13010 = ORIENTED_EDGE('',*,*,#10617,.T.);
#13011 = ORIENTED_EDGE('',*,*,#10589,.T.);
#13012 = FACE_BOUND('',#13013,.T.);
#13013 = EDGE_LOOP('',(#13014,#13015,#13016,#13017,#13018));
#13014 = ORIENTED_EDGE('',*,*,#10737,.T.);
#13015 = ORIENTED_EDGE('',*,*,#10700,.T.);
#13016 = ORIENTED_EDGE('',*,*,#10654,.T.);
#13017 = ORIENTED_EDGE('',*,*,#10804,.T.);
#13018 = ORIENTED_EDGE('',*,*,#10774,.T.);
#13019 = FACE_BOUND('',#13020,.T.);
#13020 = EDGE_LOOP('',(#13021,#13022,#13023,#13024,#13025,#13026,#13027)
  );
#13021 = ORIENTED_EDGE('',*,*,#10961,.T.);
#13022 = ORIENTED_EDGE('',*,*,#10924,.T.);
#13023 = ORIENTED_EDGE('',*,*,#10887,.T.);
#13024 = ORIENTED_EDGE('',*,*,#10841,.T.);
#13025 = ORIENTED_EDGE('',*,*,#11063,.T.);
#13026 = ORIENTED_EDGE('',*,*,#11035,.T.);
#13027 = ORIENTED_EDGE('',*,*,#10998,.T.);
#13028 = FACE_BOUND('',#13029,.T.);
#13029 = EDGE_LOOP('',(#13030,#13031,#13032,#13033,#13034));
#13030 = ORIENTED_EDGE('',*,*,#11187,.T.);
#13031 = ORIENTED_EDGE('',*,*,#11150,.T.);
#13032 = ORIENTED_EDGE('',*,*,#11100,.T.);
#13033 = ORIENTED_EDGE('',*,*,#11252,.T.);
#13034 = ORIENTED_EDGE('',*,*,#11224,.T.);
#13035 = FACE_BOUND('',#13036,.T.);
#13036 = EDGE_LOOP('',(#13037,#13038,#13039,#13040,#13041,#13042,#13043)
  );
#13037 = ORIENTED_EDGE('',*,*,#11409,.T.);
#13038 = ORIENTED_EDGE('',*,*,#11372,.T.);
#13039 = ORIENTED_EDGE('',*,*,#11335,.T.);
#13040 = ORIENTED_EDGE('',*,*,#11289,.T.);
#13041 = ORIENTED_EDGE('',*,*,#11511,.T.);
#13042 = ORIENTED_EDGE('',*,*,#11483,.T.);
#13043 = ORIENTED_EDGE('',*,*,#11446,.T.);
#13044 = FACE_BOUND('',#13045,.T.);
#13045 = EDGE_LOOP('',(#13046,#13047,#13048,#13049,#13050));
#13046 = ORIENTED_EDGE('',*,*,#11631,.T.);
#13047 = ORIENTED_EDGE('',*,*,#11594,.T.);
#13048 = ORIENTED_EDGE('',*,*,#11548,.T.);
#13049 = ORIENTED_EDGE('',*,*,#11696,.T.);
#13050 = ORIENTED_EDGE('',*,*,#11668,.T.);
#13051 = FACE_BOUND('',#13052,.T.);
#13052 = EDGE_LOOP('',(#13053,#13054,#13055,#13056,#13057,#13058));
#13053 = ORIENTED_EDGE('',*,*,#11853,.T.);
#13054 = ORIENTED_EDGE('',*,*,#11816,.T.);
#13055 = ORIENTED_EDGE('',*,*,#11779,.T.);
#13056 = ORIENTED_EDGE('',*,*,#11733,.T.);
#13057 = ORIENTED_EDGE('',*,*,#11918,.T.);
#13058 = ORIENTED_EDGE('',*,*,#11890,.T.);
#13059 = FACE_BOUND('',#13060,.T.);
#13060 = EDGE_LOOP('',(#13061,#13062,#13063,#13064));
#13061 = ORIENTED_EDGE('',*,*,#12038,.T.);
#13062 = ORIENTED_EDGE('',*,*,#12001,.T.);
#13063 = ORIENTED_EDGE('',*,*,#11955,.T.);
#13064 = ORIENTED_EDGE('',*,*,#12066,.T.);
#13065 = FACE_BOUND('',#13066,.T.);
#13066 = EDGE_LOOP('',(#13067,#13068,#13069));
#13067 = ORIENTED_EDGE('',*,*,#12149,.T.);
#13068 = ORIENTED_EDGE('',*,*,#12103,.T.);
#13069 = ORIENTED_EDGE('',*,*,#12177,.T.);
#13070 = FACE_BOUND('',#13071,.T.);
#13071 = EDGE_LOOP('',(#13072,#13073,#13074,#13075));
#13072 = ORIENTED_EDGE('',*,*,#12297,.T.);
#13073 = ORIENTED_EDGE('',*,*,#12260,.T.);
#13074 = ORIENTED_EDGE('',*,*,#12214,.T.);
#13075 = ORIENTED_EDGE('',*,*,#12325,.T.);
#13076 = PLANE('',#13077);
#13077 = AXIS2_PLACEMENT_3D('',#13078,#13079,#13080);
#13078 = CARTESIAN_POINT('',(119.40424245438,-94.50290150397,-0.49));
#13079 = DIRECTION('',(0.,0.,-1.));
#13080 = DIRECTION('',(-1.,0.,0.));
#13081 = ADVANCED_FACE('',(#13082),#13101,.F.);
#13082 = FACE_BOUND('',#13083,.F.);
#13083 = EDGE_LOOP('',(#13084,#13085,#13093,#13100));
#13084 = ORIENTED_EDGE('',*,*,#12449,.F.);
#13085 = ORIENTED_EDGE('',*,*,#13086,.F.);
#13086 = EDGE_CURVE('',#13087,#12450,#13089,.T.);
#13087 = VERTEX_POINT('',#13088);
#13088 = CARTESIAN_POINT('',(150.10994999875,-14.79,15.46));
#13089 = LINE('',#13090,#13091);
#13090 = CARTESIAN_POINT('',(150.10994999875,-14.79,1.51));
#13091 = VECTOR('',#13092,1.);
#13092 = DIRECTION('',(0.,0.,-1.));
#13093 = ORIENTED_EDGE('',*,*,#13094,.F.);
#13094 = EDGE_CURVE('',#12361,#13087,#13095,.T.);
#13095 = ELLIPSE('',#13096,1.414213562373,1.);
#13096 = AXIS2_PLACEMENT_3D('',#13097,#13098,#13099);
#13097 = CARTESIAN_POINT('',(150.10994999875,-13.79,14.46));
#13098 = DIRECTION('',(2.282994199512E-16,0.707106781187,0.707106781187)
  );
#13099 = DIRECTION('',(-2.376604795859E-16,-0.707106781187,
    0.707106781187));
#13100 = ORIENTED_EDGE('',*,*,#12369,.T.);
#13101 = CYLINDRICAL_SURFACE('',#13102,1.);
#13102 = AXIS2_PLACEMENT_3D('',#13103,#13104,#13105);
#13103 = CARTESIAN_POINT('',(150.10994999875,-13.79,1.51));
#13104 = DIRECTION('',(0.,0.,1.));
#13105 = DIRECTION('',(-0.99994999875,-9.999999999999E-03,0.));
#13106 = ADVANCED_FACE('',(#13107),#13143,.T.);
#13107 = FACE_BOUND('',#13108,.T.);
#13108 = EDGE_LOOP('',(#13109,#13118,#13119,#13120,#13128,#13137));
#13109 = ORIENTED_EDGE('',*,*,#13110,.T.);
#13110 = EDGE_CURVE('',#13111,#12427,#13113,.T.);
#13111 = VERTEX_POINT('',#13112);
#13112 = CARTESIAN_POINT('',(120.66,-14.10659579224,15.766595792242));
#13113 = ELLIPSE('',#13114,1.414213562373,1.);
#13114 = AXIS2_PLACEMENT_3D('',#13115,#13116,#13117);
#13115 = CARTESIAN_POINT('',(121.38054882184,-14.8,16.46));
#13116 = DIRECTION('',(0.,-0.707106781187,-0.707106781187));
#13117 = DIRECTION('',(-4.906538933387E-17,0.707106781187,
    -0.707106781187));
#13118 = ORIENTED_EDGE('',*,*,#12426,.T.);
#13119 = ORIENTED_EDGE('',*,*,#12610,.T.);
#13120 = ORIENTED_EDGE('',*,*,#13121,.T.);
#13121 = EDGE_CURVE('',#12602,#13122,#13124,.T.);
#13122 = VERTEX_POINT('',#13123);
#13123 = CARTESIAN_POINT('',(120.52037442092,-14.29,14.97));
#13124 = LINE('',#13125,#13126);
#13125 = CARTESIAN_POINT('',(120.52037442092,-14.29,1.51));
#13126 = VECTOR('',#13127,1.);
#13127 = DIRECTION('',(0.,0.,1.));
#13128 = ORIENTED_EDGE('',*,*,#13129,.T.);
#13129 = EDGE_CURVE('',#13122,#13130,#13132,.T.);
#13130 = VERTEX_POINT('',#13131);
#13131 = CARTESIAN_POINT('',(120.66,-14.10659579224,14.786595792242));
#13132 = ELLIPSE('',#13133,1.414213562373,1.);
#13133 = AXIS2_PLACEMENT_3D('',#13134,#13135,#13136);
#13134 = CARTESIAN_POINT('',(121.38054882184,-14.8,15.48));
#13135 = DIRECTION('',(0.,-0.707106781187,-0.707106781187));
#13136 = DIRECTION('',(-4.906538933387E-17,0.707106781187,
    -0.707106781187));
#13137 = ORIENTED_EDGE('',*,*,#13138,.T.);
#13138 = EDGE_CURVE('',#13130,#13111,#13139,.T.);
#13139 = LINE('',#13140,#13141);
#13140 = CARTESIAN_POINT('',(120.66,-14.10659579224,1.51));
#13141 = VECTOR('',#13142,1.);
#13142 = DIRECTION('',(0.,0.,1.));
#13143 = CYLINDRICAL_SURFACE('',#13144,1.);
#13144 = AXIS2_PLACEMENT_3D('',#13145,#13146,#13147);
#13145 = CARTESIAN_POINT('',(121.38054882184,-14.8,1.51));
#13146 = DIRECTION('',(0.,0.,1.));
#13147 = DIRECTION('',(-0.494974746831,0.868907359849,0.));
#13148 = ADVANCED_FACE('',(#13149),#13176,.T.);
#13149 = FACE_BOUND('',#13150,.T.);
#13150 = EDGE_LOOP('',(#13151,#13152,#13153,#13154,#13162,#13170));
#13151 = ORIENTED_EDGE('',*,*,#12394,.F.);
#13152 = ORIENTED_EDGE('',*,*,#12434,.T.);
#13153 = ORIENTED_EDGE('',*,*,#13110,.F.);
#13154 = ORIENTED_EDGE('',*,*,#13155,.T.);
#13155 = EDGE_CURVE('',#13111,#13156,#13158,.T.);
#13156 = VERTEX_POINT('',#13157);
#13157 = CARTESIAN_POINT('',(120.66,-15.3,16.96));
#13158 = LINE('',#13159,#13160);
#13159 = CARTESIAN_POINT('',(120.66,-10.9325,12.5925));
#13160 = VECTOR('',#13161,1.);
#13161 = DIRECTION('',(0.,-0.707106781187,0.707106781187));
#13162 = ORIENTED_EDGE('',*,*,#13163,.T.);
#13163 = EDGE_CURVE('',#13156,#13164,#13166,.T.);
#13164 = VERTEX_POINT('',#13165);
#13165 = CARTESIAN_POINT('',(149.11,-15.3,16.96));
#13166 = LINE('',#13167,#13168);
#13167 = CARTESIAN_POINT('',(120.03212122719,-15.3,16.96));
#13168 = VECTOR('',#13169,1.);
#13169 = DIRECTION('',(1.,0.,0.));
#13170 = ORIENTED_EDGE('',*,*,#13171,.T.);
#13171 = EDGE_CURVE('',#13164,#12395,#13172,.T.);
#13172 = LINE('',#13173,#13174);
#13173 = CARTESIAN_POINT('',(149.11,-10.6875,12.3475));
#13174 = VECTOR('',#13175,1.);
#13175 = DIRECTION('',(0.,0.707106781187,-0.707106781187));
#13176 = PLANE('',#13177);
#13177 = AXIS2_PLACEMENT_3D('',#13178,#13179,#13180);
#13178 = CARTESIAN_POINT('',(120.03212122719,-14.55,16.21));
#13179 = DIRECTION('',(0.,0.707106781187,0.707106781187));
#13180 = DIRECTION('',(1.,0.,-0.));
#13181 = ADVANCED_FACE('',(#13182),#13200,.T.);
#13182 = FACE_BOUND('',#13183,.T.);
#13183 = EDGE_LOOP('',(#13184,#13185,#13193,#13199));
#13184 = ORIENTED_EDGE('',*,*,#13138,.F.);
#13185 = ORIENTED_EDGE('',*,*,#13186,.T.);
#13186 = EDGE_CURVE('',#13130,#13187,#13189,.T.);
#13187 = VERTEX_POINT('',#13188);
#13188 = CARTESIAN_POINT('',(120.66,-16.28,16.96));
#13189 = LINE('',#13190,#13191);
#13190 = CARTESIAN_POINT('',(120.66,-11.6675,12.3475));
#13191 = VECTOR('',#13192,1.);
#13192 = DIRECTION('',(0.,-0.707106781187,0.707106781187));
#13193 = ORIENTED_EDGE('',*,*,#13194,.F.);
#13194 = EDGE_CURVE('',#13156,#13187,#13195,.T.);
#13195 = LINE('',#13196,#13197);
#13196 = CARTESIAN_POINT('',(120.66,-13.8,16.96));
#13197 = VECTOR('',#13198,1.);
#13198 = DIRECTION('',(0.,-1.,0.));
#13199 = ORIENTED_EDGE('',*,*,#13155,.F.);
#13200 = PLANE('',#13201);
#13201 = AXIS2_PLACEMENT_3D('',#13202,#13203,#13204);
#13202 = CARTESIAN_POINT('',(120.66,-14.78,1.51));
#13203 = DIRECTION('',(-1.,0.,0.));
#13204 = DIRECTION('',(0.,1.,0.));
#13205 = ADVANCED_FACE('',(#13206),#13224,.T.);
#13206 = FACE_BOUND('',#13207,.T.);
#13207 = EDGE_LOOP('',(#13208,#13209,#13210,#13218));
#13208 = ORIENTED_EDGE('',*,*,#12403,.F.);
#13209 = ORIENTED_EDGE('',*,*,#13171,.F.);
#13210 = ORIENTED_EDGE('',*,*,#13211,.F.);
#13211 = EDGE_CURVE('',#13212,#13164,#13214,.T.);
#13212 = VERTEX_POINT('',#13213);
#13213 = CARTESIAN_POINT('',(149.11,-16.29,16.96));
#13214 = LINE('',#13215,#13216);
#13215 = CARTESIAN_POINT('',(149.11,-14.79,16.96));
#13216 = VECTOR('',#13217,1.);
#13217 = DIRECTION('',(0.,1.,0.));
#13218 = ORIENTED_EDGE('',*,*,#13219,.T.);
#13219 = EDGE_CURVE('',#13212,#12359,#13220,.T.);
#13220 = LINE('',#13221,#13222);
#13221 = CARTESIAN_POINT('',(149.11,-11.43,12.1));
#13222 = VECTOR('',#13223,1.);
#13223 = DIRECTION('',(0.,0.707106781187,-0.707106781187));
#13224 = PLANE('',#13225);
#13225 = AXIS2_PLACEMENT_3D('',#13226,#13227,#13228);
#13226 = CARTESIAN_POINT('',(149.11,-13.8,1.51));
#13227 = DIRECTION('',(1.,0.,0.));
#13228 = DIRECTION('',(0.,-1.,0.));
#13229 = ADVANCED_FACE('',(#13230),#13249,.F.);
#13230 = FACE_BOUND('',#13231,.F.);
#13231 = EDGE_LOOP('',(#13232,#13241,#13247,#13248));
#13232 = ORIENTED_EDGE('',*,*,#13233,.F.);
#13233 = EDGE_CURVE('',#13234,#13122,#13236,.T.);
#13234 = VERTEX_POINT('',#13235);
#13235 = CARTESIAN_POINT('',(119.66020002,-14.78,15.46));
#13236 = ELLIPSE('',#13237,1.414213562373,1.);
#13237 = AXIS2_PLACEMENT_3D('',#13238,#13239,#13240);
#13238 = CARTESIAN_POINT('',(119.66020002,-13.78,14.46));
#13239 = DIRECTION('',(0.,0.707106781187,0.707106781187));
#13240 = DIRECTION('',(5.826514983397E-17,-0.707106781187,0.707106781187
    ));
#13241 = ORIENTED_EDGE('',*,*,#13242,.F.);
#13242 = EDGE_CURVE('',#12594,#13234,#13243,.T.);
#13243 = LINE('',#13244,#13245);
#13244 = CARTESIAN_POINT('',(119.66020002,-14.78,1.51));
#13245 = VECTOR('',#13246,1.);
#13246 = DIRECTION('',(0.,0.,1.));
#13247 = ORIENTED_EDGE('',*,*,#12601,.F.);
#13248 = ORIENTED_EDGE('',*,*,#13121,.T.);
#13249 = CYLINDRICAL_SURFACE('',#13250,1.);
#13250 = AXIS2_PLACEMENT_3D('',#13251,#13252,#13253);
#13251 = CARTESIAN_POINT('',(119.66020002,-13.78,1.51));
#13252 = DIRECTION('',(0.,0.,-1.));
#13253 = DIRECTION('',(0.999799979996,-2.E-02,0.));
#13254 = ADVANCED_FACE('',(#13255),#13290,.F.);
#13255 = FACE_BOUND('',#13256,.F.);
#13256 = EDGE_LOOP('',(#13257,#13268,#13274,#13275,#13283));
#13257 = ORIENTED_EDGE('',*,*,#13258,.F.);
#13258 = EDGE_CURVE('',#13259,#13261,#13263,.T.);
#13259 = VERTEX_POINT('',#13260);
#13260 = CARTESIAN_POINT('',(130.71885909079,-126.56,15.46));
#13261 = VERTEX_POINT('',#13262);
#13262 = CARTESIAN_POINT('',(130.12027425377,-126.6516771256,
    15.368322874383));
#13263 = ELLIPSE('',#13264,2.828427124746,2.);
#13264 = AXIS2_PLACEMENT_3D('',#13265,#13266,#13267);
#13265 = CARTESIAN_POINT('',(130.71885909079,-128.56,13.46));
#13266 = DIRECTION('',(2.872389128674E-16,-0.707106781187,0.707106781187
    ));
#13267 = DIRECTION('',(-2.698596413363E-16,0.707106781187,0.707106781187
    ));
#13268 = ORIENTED_EDGE('',*,*,#13269,.F.);
#13269 = EDGE_CURVE('',#12509,#13259,#13270,.T.);
#13270 = LINE('',#13271,#13272);
#13271 = CARTESIAN_POINT('',(130.71885909079,-126.56,1.51));
#13272 = VECTOR('',#13273,1.);
#13273 = DIRECTION('',(0.,0.,1.));
#13274 = ORIENTED_EDGE('',*,*,#12516,.F.);
#13275 = ORIENTED_EDGE('',*,*,#13276,.F.);
#13276 = EDGE_CURVE('',#13277,#12517,#13279,.T.);
#13277 = VERTEX_POINT('',#13278);
#13278 = CARTESIAN_POINT('',(129.57656595405,-126.9183038071,15.46));
#13279 = LINE('',#13280,#13281);
#13280 = CARTESIAN_POINT('',(129.57656595405,-126.9183038071,1.51));
#13281 = VECTOR('',#13282,1.);
#13282 = DIRECTION('',(0.,0.,-1.));
#13283 = ORIENTED_EDGE('',*,*,#13284,.F.);
#13284 = EDGE_CURVE('',#13261,#13277,#13285,.T.);
#13285 = ELLIPSE('',#13286,2.828427124746,2.);
#13286 = AXIS2_PLACEMENT_3D('',#13287,#13288,#13289);
#13287 = CARTESIAN_POINT('',(130.71885909079,-128.56,13.46));
#13288 = DIRECTION('',(0.403861611545,-0.580427255322,0.707106781187));
#13289 = DIRECTION('',(-0.403861611545,0.580427255322,0.707106781187));
#13290 = CYLINDRICAL_SURFACE('',#13291,2.);
#13291 = AXIS2_PLACEMENT_3D('',#13292,#13293,#13294);
#13292 = CARTESIAN_POINT('',(130.71885909079,-128.56,1.51));
#13293 = DIRECTION('',(0.,0.,1.));
#13294 = DIRECTION('',(-0.299292418508,0.954161437192,0.));
#13295 = ADVANCED_FACE('',(#13296),#13314,.T.);
#13296 = FACE_BOUND('',#13297,.T.);
#13297 = EDGE_LOOP('',(#13298,#13299,#13300,#13308));
#13298 = ORIENTED_EDGE('',*,*,#13269,.F.);
#13299 = ORIENTED_EDGE('',*,*,#12508,.F.);
#13300 = ORIENTED_EDGE('',*,*,#13301,.F.);
#13301 = EDGE_CURVE('',#13302,#12500,#13304,.T.);
#13302 = VERTEX_POINT('',#13303);
#13303 = CARTESIAN_POINT('',(215.55,-126.56,15.46));
#13304 = LINE('',#13305,#13306);
#13305 = CARTESIAN_POINT('',(215.55,-126.56,1.51));
#13306 = VECTOR('',#13307,1.);
#13307 = DIRECTION('',(0.,0.,-1.));
#13308 = ORIENTED_EDGE('',*,*,#13309,.F.);
#13309 = EDGE_CURVE('',#13259,#13302,#13310,.T.);
#13310 = LINE('',#13311,#13312);
#13311 = CARTESIAN_POINT('',(168.47712122719,-126.56,15.46));
#13312 = VECTOR('',#13313,1.);
#13313 = DIRECTION('',(1.,4.062171662183E-16,0.));
#13314 = PLANE('',#13315);
#13315 = AXIS2_PLACEMENT_3D('',#13316,#13317,#13318);
#13316 = CARTESIAN_POINT('',(217.55,-126.56,1.51));
#13317 = DIRECTION('',(4.062171662183E-16,-1.,0.));
#13318 = DIRECTION('',(-1.,-4.062171662183E-16,0.));
#13319 = ADVANCED_FACE('',(#13320),#13348,.T.);
#13320 = FACE_BOUND('',#13321,.T.);
#13321 = EDGE_LOOP('',(#13322,#13331,#13332,#13333,#13341));
#13322 = ORIENTED_EDGE('',*,*,#13323,.T.);
#13323 = EDGE_CURVE('',#13324,#13302,#13326,.T.);
#13324 = VERTEX_POINT('',#13325);
#13325 = CARTESIAN_POINT('',(216.96421356237,-125.9742135623,
    16.045786437627));
#13326 = ELLIPSE('',#13327,2.828427124746,2.);
#13327 = AXIS2_PLACEMENT_3D('',#13328,#13329,#13330);
#13328 = CARTESIAN_POINT('',(215.55,-124.56,17.46));
#13329 = DIRECTION('',(-2.872389128674E-16,0.707106781187,
    -0.707106781187));
#13330 = DIRECTION('',(2.453269466693E-16,-0.707106781187,
    -0.707106781187));
#13331 = ORIENTED_EDGE('',*,*,#13301,.T.);
#13332 = ORIENTED_EDGE('',*,*,#12499,.T.);
#13333 = ORIENTED_EDGE('',*,*,#13334,.T.);
#13334 = EDGE_CURVE('',#12492,#13335,#13337,.T.);
#13335 = VERTEX_POINT('',#13336);
#13336 = CARTESIAN_POINT('',(217.55,-124.56,15.46));
#13337 = LINE('',#13338,#13339);
#13338 = CARTESIAN_POINT('',(217.55,-124.56,1.51));
#13339 = VECTOR('',#13340,1.);
#13340 = DIRECTION('',(0.,0.,1.));
#13341 = ORIENTED_EDGE('',*,*,#13342,.T.);
#13342 = EDGE_CURVE('',#13335,#13324,#13343,.T.);
#13343 = ELLIPSE('',#13344,2.828427124746,2.);
#13344 = AXIS2_PLACEMENT_3D('',#13345,#13346,#13347);
#13345 = CARTESIAN_POINT('',(215.55,-124.56,17.46));
#13346 = DIRECTION('',(-0.707106781187,0.,-0.707106781187));
#13347 = DIRECTION('',(0.707106781187,-9.813077866774E-17,
    -0.707106781187));
#13348 = CYLINDRICAL_SURFACE('',#13349,2.);
#13349 = AXIS2_PLACEMENT_3D('',#13350,#13351,#13352);
#13350 = CARTESIAN_POINT('',(215.55,-124.56,1.51));
#13351 = DIRECTION('',(0.,0.,1.));
#13352 = DIRECTION('',(0.707106781187,-0.707106781187,0.));
#13353 = ADVANCED_FACE('',(#13354),#13381,.T.);
#13354 = FACE_BOUND('',#13355,.T.);
#13355 = EDGE_LOOP('',(#13356,#13357,#13365,#13373,#13379,#13380));
#13356 = ORIENTED_EDGE('',*,*,#13323,.F.);
#13357 = ORIENTED_EDGE('',*,*,#13358,.F.);
#13358 = EDGE_CURVE('',#13359,#13324,#13361,.T.);
#13359 = VERTEX_POINT('',#13360);
#13360 = CARTESIAN_POINT('',(216.63578643762,-125.6457864376,
    16.374213562373));
#13361 = LINE('',#13362,#13363);
#13362 = CARTESIAN_POINT('',(216.05,-125.06,16.96));
#13363 = VECTOR('',#13364,1.);
#13364 = DIRECTION('',(0.57735026919,-0.57735026919,-0.57735026919));
#13365 = ORIENTED_EDGE('',*,*,#13366,.F.);
#13366 = EDGE_CURVE('',#13367,#13359,#13369,.T.);
#13367 = VERTEX_POINT('',#13368);
#13368 = CARTESIAN_POINT('',(129.80475588861,-125.6457864376,
    16.374213562373));
#13369 = LINE('',#13370,#13371);
#13370 = CARTESIAN_POINT('',(143.94068184079,-125.6457864376,
    16.374213562373));
#13371 = VECTOR('',#13372,1.);
#13372 = DIRECTION('',(1.,4.062171662183E-16,0.));
#13373 = ORIENTED_EDGE('',*,*,#13374,.T.);
#13374 = EDGE_CURVE('',#13367,#13261,#13375,.T.);
#13375 = LINE('',#13376,#13377);
#13376 = CARTESIAN_POINT('',(129.62101188806,-125.06,16.96));
#13377 = VECTOR('',#13378,1.);
#13378 = DIRECTION('',(0.216536357788,-0.690330357784,-0.690330357784));
#13379 = ORIENTED_EDGE('',*,*,#13258,.F.);
#13380 = ORIENTED_EDGE('',*,*,#13309,.T.);
#13381 = PLANE('',#13382);
#13382 = AXIS2_PLACEMENT_3D('',#13383,#13384,#13385);
#13383 = CARTESIAN_POINT('',(168.47712122719,-125.81,16.21));
#13384 = DIRECTION('',(2.872389128674E-16,-0.707106781187,0.707106781187
    ));
#13385 = DIRECTION('',(1.,2.465190328816E-32,-4.062171662183E-16));
#13386 = ADVANCED_FACE('',(#13387),#13422,.T.);
#13387 = FACE_BOUND('',#13388,.T.);
#13388 = EDGE_LOOP('',(#13389,#13390,#13398,#13407,#13415,#13421));
#13389 = ORIENTED_EDGE('',*,*,#13342,.F.);
#13390 = ORIENTED_EDGE('',*,*,#13391,.T.);
#13391 = EDGE_CURVE('',#13335,#13392,#13394,.T.);
#13392 = VERTEX_POINT('',#13393);
#13393 = CARTESIAN_POINT('',(217.55,-19.51,15.46));
#13394 = LINE('',#13395,#13396);
#13395 = CARTESIAN_POINT('',(217.55,-56.00645075198,15.46));
#13396 = VECTOR('',#13397,1.);
#13397 = DIRECTION('',(0.,1.,0.));
#13398 = ORIENTED_EDGE('',*,*,#13399,.F.);
#13399 = EDGE_CURVE('',#13400,#13392,#13402,.T.);
#13400 = VERTEX_POINT('',#13401);
#13401 = CARTESIAN_POINT('',(216.96421356237,-18.09578643762,
    16.045786437627));
#13402 = ELLIPSE('',#13403,2.828427124746,2.);
#13403 = AXIS2_PLACEMENT_3D('',#13404,#13405,#13406);
#13404 = CARTESIAN_POINT('',(215.55,-19.51,17.46));
#13405 = DIRECTION('',(-0.707106781187,0.,-0.707106781187));
#13406 = DIRECTION('',(0.707106781187,9.813077866774E-17,-0.707106781187
    ));
#13407 = ORIENTED_EDGE('',*,*,#13408,.F.);
#13408 = EDGE_CURVE('',#13409,#13400,#13411,.T.);
#13409 = VERTEX_POINT('',#13410);
#13410 = CARTESIAN_POINT('',(216.63578643762,-18.42421356237,
    16.374213562373));
#13411 = LINE('',#13412,#13413);
#13412 = CARTESIAN_POINT('',(216.05,-19.01,16.96));
#13413 = VECTOR('',#13414,1.);
#13414 = DIRECTION('',(0.57735026919,0.57735026919,-0.57735026919));
#13415 = ORIENTED_EDGE('',*,*,#13416,.F.);
#13416 = EDGE_CURVE('',#13359,#13409,#13417,.T.);
#13417 = LINE('',#13418,#13419);
#13418 = CARTESIAN_POINT('',(216.63578643762,-75.25467612798,
    16.374213562373));
#13419 = VECTOR('',#13420,1.);
#13420 = DIRECTION('',(0.,1.,0.));
#13421 = ORIENTED_EDGE('',*,*,#13358,.T.);
#13422 = PLANE('',#13423);
#13423 = AXIS2_PLACEMENT_3D('',#13424,#13425,#13426);
#13424 = CARTESIAN_POINT('',(216.8,-56.00645075198,16.21));
#13425 = DIRECTION('',(0.707106781187,0.,0.707106781187));
#13426 = DIRECTION('',(0.707106781187,0.,-0.707106781187));
#13427 = ADVANCED_FACE('',(#13428),#13439,.T.);
#13428 = FACE_BOUND('',#13429,.T.);
#13429 = EDGE_LOOP('',(#13430,#13431,#13432,#13438));
#13430 = ORIENTED_EDGE('',*,*,#13334,.F.);
#13431 = ORIENTED_EDGE('',*,*,#12491,.F.);
#13432 = ORIENTED_EDGE('',*,*,#13433,.F.);
#13433 = EDGE_CURVE('',#13392,#12483,#13434,.T.);
#13434 = LINE('',#13435,#13436);
#13435 = CARTESIAN_POINT('',(217.55,-19.51,1.51));
#13436 = VECTOR('',#13437,1.);
#13437 = DIRECTION('',(0.,0.,-1.));
#13438 = ORIENTED_EDGE('',*,*,#13391,.F.);
#13439 = PLANE('',#13440);
#13440 = AXIS2_PLACEMENT_3D('',#13441,#13442,#13443);
#13441 = CARTESIAN_POINT('',(217.55,-17.51,1.51));
#13442 = DIRECTION('',(1.,0.,0.));
#13443 = DIRECTION('',(0.,-1.,0.));
#13444 = ADVANCED_FACE('',(#13445),#13465,.T.);
#13445 = FACE_BOUND('',#13446,.T.);
#13446 = EDGE_LOOP('',(#13447,#13448,#13449,#13450,#13458));
#13447 = ORIENTED_EDGE('',*,*,#13399,.T.);
#13448 = ORIENTED_EDGE('',*,*,#13433,.T.);
#13449 = ORIENTED_EDGE('',*,*,#12482,.T.);
#13450 = ORIENTED_EDGE('',*,*,#13451,.T.);
#13451 = EDGE_CURVE('',#12475,#13452,#13454,.T.);
#13452 = VERTEX_POINT('',#13453);
#13453 = CARTESIAN_POINT('',(215.55,-17.51,15.46));
#13454 = LINE('',#13455,#13456);
#13455 = CARTESIAN_POINT('',(215.55,-17.51,1.51));
#13456 = VECTOR('',#13457,1.);
#13457 = DIRECTION('',(0.,0.,1.));
#13458 = ORIENTED_EDGE('',*,*,#13459,.T.);
#13459 = EDGE_CURVE('',#13452,#13400,#13460,.T.);
#13460 = ELLIPSE('',#13461,2.828427124746,2.);
#13461 = AXIS2_PLACEMENT_3D('',#13462,#13463,#13464);
#13462 = CARTESIAN_POINT('',(215.55,-19.51,17.46));
#13463 = DIRECTION('',(-1.401931366043E-16,-0.707106781187,
    -0.707106781187));
#13464 = DIRECTION('',(9.813077866774E-17,0.707106781187,-0.707106781187
    ));
#13465 = CYLINDRICAL_SURFACE('',#13466,2.);
#13466 = AXIS2_PLACEMENT_3D('',#13467,#13468,#13469);
#13467 = CARTESIAN_POINT('',(215.55,-19.51,1.51));
#13468 = DIRECTION('',(0.,0.,1.));
#13469 = DIRECTION('',(0.707106781187,0.707106781187,-0.));
#13470 = ADVANCED_FACE('',(#13471),#13506,.T.);
#13471 = FACE_BOUND('',#13472,.T.);
#13472 = EDGE_LOOP('',(#13473,#13474,#13482,#13490,#13498,#13505));
#13473 = ORIENTED_EDGE('',*,*,#13459,.F.);
#13474 = ORIENTED_EDGE('',*,*,#13475,.T.);
#13475 = EDGE_CURVE('',#13452,#13476,#13478,.T.);
#13476 = VERTEX_POINT('',#13477);
#13477 = CARTESIAN_POINT('',(172.75201639784,-17.51,15.46));
#13478 = LINE('',#13479,#13480);
#13479 = CARTESIAN_POINT('',(146.07812942611,-17.51,15.46));
#13480 = VECTOR('',#13481,1.);
#13481 = DIRECTION('',(-1.,1.982630351374E-16,0.));
#13482 = ORIENTED_EDGE('',*,*,#13483,.F.);
#13483 = EDGE_CURVE('',#13484,#13476,#13486,.T.);
#13484 = VERTEX_POINT('',#13485);
#13485 = CARTESIAN_POINT('',(172.17467759856,-19.01,16.96));
#13486 = LINE('',#13487,#13488);
#13487 = CARTESIAN_POINT('',(172.17467759856,-19.01,16.96));
#13488 = VECTOR('',#13489,1.);
#13489 = DIRECTION('',(0.262608008326,0.682289174018,-0.682289174018));
#13490 = ORIENTED_EDGE('',*,*,#13491,.T.);
#13491 = EDGE_CURVE('',#13484,#13492,#13494,.T.);
#13492 = VERTEX_POINT('',#13493);
#13493 = CARTESIAN_POINT('',(215.22157287525,-19.01,16.96));
#13494 = LINE('',#13495,#13496);
#13495 = CARTESIAN_POINT('',(146.07812942611,-19.01,16.96));
#13496 = VECTOR('',#13497,1.);
#13497 = DIRECTION('',(1.,-1.982630351374E-16,0.));
#13498 = ORIENTED_EDGE('',*,*,#13499,.F.);
#13499 = EDGE_CURVE('',#13409,#13492,#13500,.T.);
#13500 = ELLIPSE('',#13501,2.828427124746,2.);
#13501 = AXIS2_PLACEMENT_3D('',#13502,#13503,#13504);
#13502 = CARTESIAN_POINT('',(215.22157287525,-17.01,14.96));
#13503 = DIRECTION('',(-1.401931366043E-16,-0.707106781187,
    -0.707106781187));
#13504 = DIRECTION('',(1.471961680016E-16,-0.707106781187,0.707106781187
    ));
#13505 = ORIENTED_EDGE('',*,*,#13408,.T.);
#13506 = PLANE('',#13507);
#13507 = AXIS2_PLACEMENT_3D('',#13508,#13509,#13510);
#13508 = CARTESIAN_POINT('',(146.07812942611,-18.26,16.21));
#13509 = DIRECTION('',(1.401931366043E-16,0.707106781187,0.707106781187)
  );
#13510 = DIRECTION('',(1.,3.944304526105E-31,-1.982630351374E-16));
#13511 = ADVANCED_FACE('',(#13512),#13547,.T.);
#13512 = FACE_BOUND('',#13513,.T.);
#13513 = EDGE_LOOP('',(#13514,#13525,#13531,#13532,#13540));
#13514 = ORIENTED_EDGE('',*,*,#13515,.T.);
#13515 = EDGE_CURVE('',#13516,#13518,#13520,.T.);
#13516 = VERTEX_POINT('',#13517);
#13517 = CARTESIAN_POINT('',(31.195786437627,-15.36578643762,
    16.045786437627));
#13518 = VERTEX_POINT('',#13519);
#13519 = CARTESIAN_POINT('',(32.61,-14.78,15.46));
#13520 = ELLIPSE('',#13521,2.828427124746,2.);
#13521 = AXIS2_PLACEMENT_3D('',#13522,#13523,#13524);
#13522 = CARTESIAN_POINT('',(32.61,-16.78,17.46));
#13523 = DIRECTION('',(0.,-0.707106781187,-0.707106781187));
#13524 = DIRECTION('',(4.906538933387E-17,0.707106781187,-0.707106781187
    ));
#13525 = ORIENTED_EDGE('',*,*,#13526,.T.);
#13526 = EDGE_CURVE('',#13518,#12585,#13527,.T.);
#13527 = LINE('',#13528,#13529);
#13528 = CARTESIAN_POINT('',(32.61,-14.78,1.51));
#13529 = VECTOR('',#13530,1.);
#13530 = DIRECTION('',(0.,0.,-1.));
#13531 = ORIENTED_EDGE('',*,*,#12584,.T.);
#13532 = ORIENTED_EDGE('',*,*,#13533,.T.);
#13533 = EDGE_CURVE('',#12577,#13534,#13536,.T.);
#13534 = VERTEX_POINT('',#13535);
#13535 = CARTESIAN_POINT('',(30.61,-16.78,15.46));
#13536 = LINE('',#13537,#13538);
#13537 = CARTESIAN_POINT('',(30.61,-16.78,1.51));
#13538 = VECTOR('',#13539,1.);
#13539 = DIRECTION('',(0.,0.,1.));
#13540 = ORIENTED_EDGE('',*,*,#13541,.T.);
#13541 = EDGE_CURVE('',#13534,#13516,#13542,.T.);
#13542 = ELLIPSE('',#13543,2.828427124746,2.);
#13543 = AXIS2_PLACEMENT_3D('',#13544,#13545,#13546);
#13544 = CARTESIAN_POINT('',(32.61,-16.78,17.46));
#13545 = DIRECTION('',(0.707106781187,3.20970386384E-17,-0.707106781187)
  );
#13546 = DIRECTION('',(-0.707106781187,4.906538933387E-17,
    -0.707106781187));
#13547 = CYLINDRICAL_SURFACE('',#13548,2.);
#13548 = AXIS2_PLACEMENT_3D('',#13549,#13550,#13551);
#13549 = CARTESIAN_POINT('',(32.61,-16.78,1.51));
#13550 = DIRECTION('',(0.,0.,1.));
#13551 = DIRECTION('',(-0.707106781187,0.707106781187,0.));
#13552 = ADVANCED_FACE('',(#13553),#13588,.T.);
#13553 = FACE_BOUND('',#13554,.T.);
#13554 = EDGE_LOOP('',(#13555,#13556,#13557,#13563,#13564,#13572,#13581,
    #13587));
#13555 = ORIENTED_EDGE('',*,*,#13129,.F.);
#13556 = ORIENTED_EDGE('',*,*,#13233,.F.);
#13557 = ORIENTED_EDGE('',*,*,#13558,.T.);
#13558 = EDGE_CURVE('',#13234,#13518,#13559,.T.);
#13559 = LINE('',#13560,#13561);
#13560 = CARTESIAN_POINT('',(75.007121227195,-14.78,15.46));
#13561 = VECTOR('',#13562,1.);
#13562 = DIRECTION('',(-1.,0.,0.));
#13563 = ORIENTED_EDGE('',*,*,#13515,.F.);
#13564 = ORIENTED_EDGE('',*,*,#13565,.F.);
#13565 = EDGE_CURVE('',#13566,#13516,#13568,.T.);
#13566 = VERTEX_POINT('',#13567);
#13567 = CARTESIAN_POINT('',(31.524213562373,-15.69421356237,
    16.374213562373));
#13568 = LINE('',#13569,#13570);
#13569 = CARTESIAN_POINT('',(32.11,-16.28,16.96));
#13570 = VECTOR('',#13571,1.);
#13571 = DIRECTION('',(-0.57735026919,0.57735026919,-0.57735026919));
#13572 = ORIENTED_EDGE('',*,*,#13573,.F.);
#13573 = EDGE_CURVE('',#13574,#13566,#13576,.T.);
#13574 = VERTEX_POINT('',#13575);
#13575 = CARTESIAN_POINT('',(32.938427124746,-16.28,16.96));
#13576 = ELLIPSE('',#13577,2.828427124746,2.);
#13577 = AXIS2_PLACEMENT_3D('',#13578,#13579,#13580);
#13578 = CARTESIAN_POINT('',(32.938427124746,-14.28,14.96));
#13579 = DIRECTION('',(0.,-0.707106781187,-0.707106781187));
#13580 = DIRECTION('',(1.471961680016E-16,-0.707106781187,0.707106781187
    ));
#13581 = ORIENTED_EDGE('',*,*,#13582,.T.);
#13582 = EDGE_CURVE('',#13574,#13187,#13583,.T.);
#13583 = LINE('',#13584,#13585);
#13584 = CARTESIAN_POINT('',(75.007121227195,-16.28,16.96));
#13585 = VECTOR('',#13586,1.);
#13586 = DIRECTION('',(1.,0.,0.));
#13587 = ORIENTED_EDGE('',*,*,#13186,.F.);
#13588 = PLANE('',#13589);
#13589 = AXIS2_PLACEMENT_3D('',#13590,#13591,#13592);
#13590 = CARTESIAN_POINT('',(75.007121227195,-15.53,16.21));
#13591 = DIRECTION('',(0.,0.707106781187,0.707106781187));
#13592 = DIRECTION('',(1.,0.,-0.));
#13593 = ADVANCED_FACE('',(#13594),#13629,.T.);
#13594 = FACE_BOUND('',#13595,.T.);
#13595 = EDGE_LOOP('',(#13596,#13597,#13605,#13614,#13622,#13628));
#13596 = ORIENTED_EDGE('',*,*,#13541,.F.);
#13597 = ORIENTED_EDGE('',*,*,#13598,.T.);
#13598 = EDGE_CURVE('',#13534,#13599,#13601,.T.);
#13599 = VERTEX_POINT('',#13600);
#13600 = CARTESIAN_POINT('',(30.61,-111.6159235504,15.46));
#13601 = LINE('',#13602,#13603);
#13602 = CARTESIAN_POINT('',(30.61,-103.5585012117,15.46));
#13603 = VECTOR('',#13604,1.);
#13604 = DIRECTION('',(4.539206735443E-17,-1.,0.));
#13605 = ORIENTED_EDGE('',*,*,#13606,.F.);
#13606 = EDGE_CURVE('',#13607,#13599,#13609,.T.);
#13607 = VERTEX_POINT('',#13608);
#13608 = CARTESIAN_POINT('',(30.399506228123,-112.5090458598,
    15.249506228123));
#13609 = ELLIPSE('',#13610,2.828427124746,2.);
#13610 = AXIS2_PLACEMENT_3D('',#13611,#13612,#13613);
#13611 = CARTESIAN_POINT('',(28.61,-111.6159235504,13.46));
#13612 = DIRECTION('',(-0.707106781187,-3.20970386384E-17,0.707106781187
    ));
#13613 = DIRECTION('',(0.707106781187,4.906538933387E-17,0.707106781187)
  );
#13614 = ORIENTED_EDGE('',*,*,#13615,.F.);
#13615 = EDGE_CURVE('',#13616,#13607,#13618,.T.);
#13616 = VERTEX_POINT('',#13617);
#13617 = CARTESIAN_POINT('',(31.524213562373,-113.0703745637,
    16.374213562373));
#13618 = LINE('',#13619,#13620);
#13619 = CARTESIAN_POINT('',(34.163504997285,-114.3876150541,
    19.013504997285));
#13620 = VECTOR('',#13621,1.);
#13621 = DIRECTION('',(-0.666801594279,0.332793130541,-0.666801594279));
#13622 = ORIENTED_EDGE('',*,*,#13623,.F.);
#13623 = EDGE_CURVE('',#13566,#13616,#13624,.T.);
#13624 = LINE('',#13625,#13626);
#13625 = CARTESIAN_POINT('',(31.524213562373,-99.03070135787,
    16.374213562373));
#13626 = VECTOR('',#13627,1.);
#13627 = DIRECTION('',(4.539206735443E-17,-1.,0.));
#13628 = ORIENTED_EDGE('',*,*,#13565,.T.);
#13629 = PLANE('',#13630);
#13630 = AXIS2_PLACEMENT_3D('',#13631,#13632,#13633);
#13631 = CARTESIAN_POINT('',(31.36,-103.5585012117,16.21));
#13632 = DIRECTION('',(-0.707106781187,-3.20970386384E-17,0.707106781187
    ));
#13633 = DIRECTION('',(0.707106781187,0.,0.707106781187));
#13634 = ADVANCED_FACE('',(#13635),#13646,.T.);
#13635 = FACE_BOUND('',#13636,.T.);
#13636 = EDGE_LOOP('',(#13637,#13638,#13639,#13645));
#13637 = ORIENTED_EDGE('',*,*,#13533,.F.);
#13638 = ORIENTED_EDGE('',*,*,#12576,.F.);
#13639 = ORIENTED_EDGE('',*,*,#13640,.F.);
#13640 = EDGE_CURVE('',#13599,#12568,#13641,.T.);
#13641 = LINE('',#13642,#13643);
#13642 = CARTESIAN_POINT('',(30.61,-111.6159235504,1.51));
#13643 = VECTOR('',#13644,1.);
#13644 = DIRECTION('',(0.,0.,-1.));
#13645 = ORIENTED_EDGE('',*,*,#13598,.F.);
#13646 = PLANE('',#13647);
#13647 = AXIS2_PLACEMENT_3D('',#13648,#13649,#13650);
#13648 = CARTESIAN_POINT('',(30.61,-112.6141009195,1.51));
#13649 = DIRECTION('',(-1.,-4.539206735443E-17,0.));
#13650 = DIRECTION('',(-4.539206735443E-17,1.,0.));
#13651 = ADVANCED_FACE('',(#13652),#13672,.F.);
#13652 = FACE_BOUND('',#13653,.F.);
#13653 = EDGE_LOOP('',(#13654,#13663,#13669,#13670,#13671));
#13654 = ORIENTED_EDGE('',*,*,#13655,.F.);
#13655 = EDGE_CURVE('',#13656,#13607,#13658,.T.);
#13656 = VERTEX_POINT('',#13657);
#13657 = CARTESIAN_POINT('',(29.812332540492,-113.2141714855,15.46));
#13658 = ELLIPSE('',#13659,2.828427124746,2.);
#13659 = AXIS2_PLACEMENT_3D('',#13660,#13661,#13662);
#13660 = CARTESIAN_POINT('',(28.61,-111.6159235504,13.46));
#13661 = DIRECTION('',(-0.425088746311,0.565065976466,0.707106781187));
#13662 = DIRECTION('',(0.425088746311,-0.565065976466,0.707106781187));
#13663 = ORIENTED_EDGE('',*,*,#13664,.F.);
#13664 = EDGE_CURVE('',#12560,#13656,#13665,.T.);
#13665 = LINE('',#13666,#13667);
#13666 = CARTESIAN_POINT('',(29.812332540492,-113.2141714855,1.51));
#13667 = VECTOR('',#13668,1.);
#13668 = DIRECTION('',(0.,0.,1.));
#13669 = ORIENTED_EDGE('',*,*,#12567,.F.);
#13670 = ORIENTED_EDGE('',*,*,#13640,.F.);
#13671 = ORIENTED_EDGE('',*,*,#13606,.F.);
#13672 = CYLINDRICAL_SURFACE('',#13673,2.);
#13673 = AXIS2_PLACEMENT_3D('',#13674,#13675,#13676);
#13674 = CARTESIAN_POINT('',(28.61,-111.6159235504,1.51));
#13675 = DIRECTION('',(0.,0.,-1.));
#13676 = DIRECTION('',(0.894753114062,-0.446561154689,0.));
#13677 = ADVANCED_FACE('',(#13678),#13713,.T.);
#13678 = FACE_BOUND('',#13679,.T.);
#13679 = EDGE_LOOP('',(#13680,#13691,#13697,#13698,#13706));
#13680 = ORIENTED_EDGE('',*,*,#13681,.T.);
#13681 = EDGE_CURVE('',#13682,#13684,#13686,.T.);
#13682 = VERTEX_POINT('',#13683);
#13683 = CARTESIAN_POINT('',(22.030540699973,-119.7715890411,
    16.022038757345));
#13684 = VERTEX_POINT('',#13685);
#13685 = CARTESIAN_POINT('',(22.80349240883,-118.4867930709,15.46));
#13686 = ELLIPSE('',#13687,2.828427124746,2.);
#13687 = AXIS2_PLACEMENT_3D('',#13688,#13689,#13690);
#13688 = CARTESIAN_POINT('',(24.005824949321,-120.085041006,17.46));
#13689 = DIRECTION('',(0.425088746311,-0.565065976466,-0.707106781187));
#13690 = DIRECTION('',(-0.425088746311,0.565065976466,-0.707106781187));
#13691 = ORIENTED_EDGE('',*,*,#13692,.T.);
#13692 = EDGE_CURVE('',#13684,#12551,#13693,.T.);
#13693 = LINE('',#13694,#13695);
#13694 = CARTESIAN_POINT('',(22.80349240883,-118.4867930709,1.51));
#13695 = VECTOR('',#13696,1.);
#13696 = DIRECTION('',(0.,0.,-1.));
#13697 = ORIENTED_EDGE('',*,*,#12550,.T.);
#13698 = ORIENTED_EDGE('',*,*,#13699,.T.);
#13699 = EDGE_CURVE('',#12543,#13700,#13702,.T.);
#13700 = VERTEX_POINT('',#13701);
#13701 = CARTESIAN_POINT('',(22.367775296022,-121.2325571642,15.46));
#13702 = LINE('',#13703,#13704);
#13703 = CARTESIAN_POINT('',(22.367775296022,-121.2325571642,1.51));
#13704 = VECTOR('',#13705,1.);
#13705 = DIRECTION('',(0.,0.,1.));
#13706 = ORIENTED_EDGE('',*,*,#13707,.T.);
#13707 = EDGE_CURVE('',#13700,#13682,#13708,.T.);
#13708 = ELLIPSE('',#13709,2.828427124746,2.);
#13709 = AXIS2_PLACEMENT_3D('',#13710,#13711,#13712);
#13710 = CARTESIAN_POINT('',(24.005824949321,-120.085041006,17.46));
#13711 = DIRECTION('',(0.579138008884,0.405708228492,-0.707106781187));
#13712 = DIRECTION('',(-0.579138008884,-0.405708228492,-0.707106781187)
  );
#13713 = CYLINDRICAL_SURFACE('',#13714,2.);
#13714 = AXIS2_PLACEMENT_3D('',#13715,#13716,#13717);
#13715 = CARTESIAN_POINT('',(24.005824949321,-120.085041006,1.51));
#13716 = DIRECTION('',(0.,0.,1.));
#13717 = DIRECTION('',(-0.987642124674,0.156725982432,0.));
#13718 = ADVANCED_FACE('',(#13719),#13761,.T.);
#13719 = FACE_BOUND('',#13720,.T.);
#13720 = EDGE_LOOP('',(#13721,#13722,#13730,#13739,#13747,#13755));
#13721 = ORIENTED_EDGE('',*,*,#13707,.F.);
#13722 = ORIENTED_EDGE('',*,*,#13723,.T.);
#13723 = EDGE_CURVE('',#13700,#13724,#13726,.T.);
#13724 = VERTEX_POINT('',#13725);
#13725 = CARTESIAN_POINT('',(59.034222170122,-173.5729622737,15.46));
#13726 = LINE('',#13727,#13728);
#13727 = CARTESIAN_POINT('',(50.964625808828,-162.0538220616,15.46));
#13728 = VECTOR('',#13729,1.);
#13729 = DIRECTION('',(0.573758079099,-0.819024826649,0.));
#13730 = ORIENTED_EDGE('',*,*,#13731,.F.);
#13731 = EDGE_CURVE('',#13732,#13724,#13734,.T.);
#13732 = VERTEX_POINT('',#13733);
#13733 = CARTESIAN_POINT('',(60.322275955445,-174.3945837167,
    16.043536087364));
#13734 = ELLIPSE('',#13735,2.828427124746,2.);
#13735 = AXIS2_PLACEMENT_3D('',#13736,#13737,#13738);
#13736 = CARTESIAN_POINT('',(60.672271823421,-172.4254461155,17.46));
#13737 = DIRECTION('',(0.579138008884,0.405708228492,-0.707106781187));
#13738 = DIRECTION('',(-0.579138008884,-0.405708228492,-0.707106781187)
  );
#13739 = ORIENTED_EDGE('',*,*,#13740,.F.);
#13740 = EDGE_CURVE('',#13741,#13732,#13743,.T.);
#13741 = VERTEX_POINT('',#13742);
#13742 = CARTESIAN_POINT('',(60.403983472914,-173.9348830183,
    16.374213562373));
#13743 = LINE('',#13744,#13745);
#13744 = CARTESIAN_POINT('',(60.548726188106,-173.1205353386,16.96));
#13745 = VECTOR('',#13746,1.);
#13746 = DIRECTION('',(-0.142809426689,-0.803470662447,-0.577962249836)
  );
#13747 = ORIENTED_EDGE('',*,*,#13748,.F.);
#13748 = EDGE_CURVE('',#13749,#13741,#13751,.T.);
#13749 = VERTEX_POINT('',#13750);
#13750 = CARTESIAN_POINT('',(22.514312671536,-119.8483573721,
    16.374213562373));
#13751 = LINE('',#13752,#13753);
#13752 = CARTESIAN_POINT('',(47.106657676606,-154.9532941711,
    16.374213562373));
#13753 = VECTOR('',#13754,1.);
#13754 = DIRECTION('',(0.573758079099,-0.819024826649,3.925231146709E-17
    ));
#13755 = ORIENTED_EDGE('',*,*,#13756,.T.);
#13756 = EDGE_CURVE('',#13749,#13682,#13757,.T.);
#13757 = LINE('',#13758,#13759);
#13758 = CARTESIAN_POINT('',(23.318989939185,-119.9760492072,16.96));
#13759 = VECTOR('',#13760,1.);
#13760 = DIRECTION('',(-0.801892933346,0.127249997387,-0.583759506659));
#13761 = PLANE('',#13762);
#13762 = AXIS2_PLACEMENT_3D('',#13763,#13764,#13765);
#13763 = CARTESIAN_POINT('',(51.578894428815,-161.6235035023,16.21));
#13764 = DIRECTION('',(-0.579138008884,-0.405708228492,0.707106781187));
#13765 = DIRECTION('',(0.773637566355,-2.22044604925E-16,0.633628373674)
  );
#13766 = ADVANCED_FACE('',(#13767),#13778,.T.);
#13767 = FACE_BOUND('',#13768,.T.);
#13768 = EDGE_LOOP('',(#13769,#13770,#13771,#13777));
#13769 = ORIENTED_EDGE('',*,*,#13699,.F.);
#13770 = ORIENTED_EDGE('',*,*,#12542,.F.);
#13771 = ORIENTED_EDGE('',*,*,#13772,.F.);
#13772 = EDGE_CURVE('',#13724,#12534,#13773,.T.);
#13773 = LINE('',#13774,#13775);
#13774 = CARTESIAN_POINT('',(59.034222170122,-173.5729622737,1.51));
#13775 = VECTOR('',#13776,1.);
#13776 = DIRECTION('',(0.,0.,-1.));
#13777 = ORIENTED_EDGE('',*,*,#13723,.F.);
#13778 = PLANE('',#13779);
#13779 = AXIS2_PLACEMENT_3D('',#13780,#13781,#13782);
#13780 = CARTESIAN_POINT('',(60.178089282158,-175.2058030079,1.51));
#13781 = DIRECTION('',(-0.819024826649,-0.573758079099,0.));
#13782 = DIRECTION('',(-0.573758079099,0.819024826649,0.));
#13783 = ADVANCED_FACE('',(#13784),#13804,.T.);
#13784 = FACE_BOUND('',#13785,.T.);
#13785 = EDGE_LOOP('',(#13786,#13787,#13788,#13789,#13797));
#13786 = ORIENTED_EDGE('',*,*,#13731,.T.);
#13787 = ORIENTED_EDGE('',*,*,#13772,.T.);
#13788 = ORIENTED_EDGE('',*,*,#12533,.T.);
#13789 = ORIENTED_EDGE('',*,*,#13790,.T.);
#13790 = EDGE_CURVE('',#12526,#13791,#13793,.T.);
#13791 = VERTEX_POINT('',#13792);
#13792 = CARTESIAN_POINT('',(61.814564960159,-174.0671423084,15.46));
#13793 = LINE('',#13794,#13795);
#13794 = CARTESIAN_POINT('',(61.814564960159,-174.0671423084,1.51));
#13795 = VECTOR('',#13796,1.);
#13796 = DIRECTION('',(0.,0.,1.));
#13797 = ORIENTED_EDGE('',*,*,#13798,.T.);
#13798 = EDGE_CURVE('',#13791,#13732,#13799,.T.);
#13799 = ELLIPSE('',#13800,2.828427124746,2.);
#13800 = AXIS2_PLACEMENT_3D('',#13801,#13802,#13803);
#13801 = CARTESIAN_POINT('',(60.672271823421,-172.4254461155,17.46));
#13802 = DIRECTION('',(-0.403861611545,0.580427255322,-0.707106781187));
#13803 = DIRECTION('',(0.403861611545,-0.580427255322,-0.707106781187));
#13804 = CYLINDRICAL_SURFACE('',#13805,2.);
#13805 = AXIS2_PLACEMENT_3D('',#13806,#13807,#13808);
#13806 = CARTESIAN_POINT('',(60.672271823421,-172.4254461155,1.51));
#13807 = DIRECTION('',(0.,0.,1.));
#13808 = DIRECTION('',(-0.174997933988,-0.984568800592,0.));
#13809 = ADVANCED_FACE('',(#13810),#13846,.T.);
#13810 = FACE_BOUND('',#13811,.T.);
#13811 = EDGE_LOOP('',(#13812,#13813,#13814,#13823,#13831,#13840));
#13812 = ORIENTED_EDGE('',*,*,#13573,.T.);
#13813 = ORIENTED_EDGE('',*,*,#13623,.T.);
#13814 = ORIENTED_EDGE('',*,*,#13815,.F.);
#13815 = EDGE_CURVE('',#13816,#13616,#13818,.T.);
#13816 = VERTEX_POINT('',#13817);
#13817 = CARTESIAN_POINT('',(32.633397612853,-112.9397124661,
    16.936602387147));
#13818 = ELLIPSE('',#13819,3.539409703108,2.);
#13819 = AXIS2_PLACEMENT_3D('',#13820,#13821,#13822);
#13820 = CARTESIAN_POINT('',(32.938427124746,-110.2367828471,14.96));
#13821 = DIRECTION('',(0.425088746311,-0.565065976466,-0.707106781187));
#13822 = DIRECTION('',(-0.291139243944,-0.825045721303,0.484290716817));
#13823 = ORIENTED_EDGE('',*,*,#13824,.T.);
#13824 = EDGE_CURVE('',#13816,#13825,#13827,.T.);
#13825 = VERTEX_POINT('',#13826);
#13826 = CARTESIAN_POINT('',(32.633397612853,-16.80339761285,
    16.936602387147));
#13827 = LINE('',#13828,#13829);
#13828 = CARTESIAN_POINT('',(32.633397612853,-99.03070135787,
    16.936602387147));
#13829 = VECTOR('',#13830,1.);
#13830 = DIRECTION('',(-4.539206735443E-17,1.,0.));
#13831 = ORIENTED_EDGE('',*,*,#13832,.T.);
#13832 = EDGE_CURVE('',#13825,#13833,#13835,.T.);
#13833 = VERTEX_POINT('',#13834);
#13834 = CARTESIAN_POINT('',(32.938427124746,-16.78,16.96));
#13835 = ELLIPSE('',#13836,2.828427124746,2.);
#13836 = AXIS2_PLACEMENT_3D('',#13837,#13838,#13839);
#13837 = CARTESIAN_POINT('',(32.938427124746,-18.78,14.96));
#13838 = DIRECTION('',(0.,0.707106781187,-0.707106781187));
#13839 = DIRECTION('',(4.906538933387E-17,0.707106781187,0.707106781187)
  );
#13840 = ORIENTED_EDGE('',*,*,#13841,.T.);
#13841 = EDGE_CURVE('',#13833,#13574,#13842,.T.);
#13842 = LINE('',#13843,#13844);
#13843 = CARTESIAN_POINT('',(32.938427124746,-99.03070135787,16.96));
#13844 = VECTOR('',#13845,1.);
#13845 = DIRECTION('',(-4.539206735443E-17,1.,0.));
#13846 = CYLINDRICAL_SURFACE('',#13847,2.);
#13847 = AXIS2_PLACEMENT_3D('',#13848,#13849,#13850);
#13848 = CARTESIAN_POINT('',(32.938427124746,-99.03070135787,14.96));
#13849 = DIRECTION('',(-4.539206735443E-17,1.,0.));
#13850 = DIRECTION('',(-0.382683432365,-1.737079213734E-17,
    0.923879532511));
#13851 = ADVANCED_FACE('',(#13852),#13936,.T.);
#13852 = FACE_BOUND('',#13853,.T.);
#13853 = EDGE_LOOP('',(#13854,#13855,#13863,#13871,#13879,#13887,#13895,
    #13903,#13911,#13917,#13918,#13926,#13932,#13933,#13934,#13935));
#13854 = ORIENTED_EDGE('',*,*,#13841,.F.);
#13855 = ORIENTED_EDGE('',*,*,#13856,.F.);
#13856 = EDGE_CURVE('',#13857,#13833,#13859,.T.);
#13857 = VERTEX_POINT('',#13858);
#13858 = CARTESIAN_POINT('',(123.66,-16.78,16.96));
#13859 = LINE('',#13860,#13861);
#13860 = CARTESIAN_POINT('',(76.507121227195,-16.78,16.96));
#13861 = VECTOR('',#13862,1.);
#13862 = DIRECTION('',(-1.,0.,0.));
#13863 = ORIENTED_EDGE('',*,*,#13864,.T.);
#13864 = EDGE_CURVE('',#13857,#13865,#13867,.T.);
#13865 = VERTEX_POINT('',#13866);
#13866 = CARTESIAN_POINT('',(123.66,-15.8,16.96));
#13867 = LINE('',#13868,#13869);
#13868 = CARTESIAN_POINT('',(123.66,-16.8,16.96));
#13869 = VECTOR('',#13870,1.);
#13870 = DIRECTION('',(0.,1.,0.));
#13871 = ORIENTED_EDGE('',*,*,#13872,.F.);
#13872 = EDGE_CURVE('',#13873,#13865,#13875,.T.);
#13873 = VERTEX_POINT('',#13874);
#13874 = CARTESIAN_POINT('',(146.11,-15.8,16.96));
#13875 = LINE('',#13876,#13877);
#13876 = CARTESIAN_POINT('',(121.53212122719,-15.8,16.96));
#13877 = VECTOR('',#13878,1.);
#13878 = DIRECTION('',(-1.,0.,0.));
#13879 = ORIENTED_EDGE('',*,*,#13880,.T.);
#13880 = EDGE_CURVE('',#13873,#13881,#13883,.T.);
#13881 = VERTEX_POINT('',#13882);
#13882 = CARTESIAN_POINT('',(146.11,-16.79,16.96));
#13883 = LINE('',#13884,#13885);
#13884 = CARTESIAN_POINT('',(146.11,-17.79,16.96));
#13885 = VECTOR('',#13886,1.);
#13886 = DIRECTION('',(0.,-1.,0.));
#13887 = ORIENTED_EDGE('',*,*,#13888,.F.);
#13888 = EDGE_CURVE('',#13889,#13881,#13891,.T.);
#13889 = VERTEX_POINT('',#13890);
#13890 = CARTESIAN_POINT('',(167.48072115222,-16.79,16.96));
#13891 = LINE('',#13892,#13893);
#13892 = CARTESIAN_POINT('',(132.75712122719,-16.79,16.96));
#13893 = VECTOR('',#13894,1.);
#13894 = DIRECTION('',(-1.,0.,0.));
#13895 = ORIENTED_EDGE('',*,*,#13896,.T.);
#13896 = EDGE_CURVE('',#13889,#13897,#13899,.T.);
#13897 = VERTEX_POINT('',#13898);
#13898 = CARTESIAN_POINT('',(170.49072115222,-19.51,16.96));
#13899 = LINE('',#13900,#13901);
#13900 = CARTESIAN_POINT('',(171.59733879928,-20.51,16.96));
#13901 = VECTOR('',#13902,1.);
#13902 = DIRECTION('',(0.741944414435,-0.670461397762,0.));
#13903 = ORIENTED_EDGE('',*,*,#13904,.F.);
#13904 = EDGE_CURVE('',#13905,#13897,#13907,.T.);
#13905 = VERTEX_POINT('',#13906);
#13906 = CARTESIAN_POINT('',(215.22157287525,-19.51,16.96));
#13907 = LINE('',#13908,#13909);
#13908 = CARTESIAN_POINT('',(145.50079062683,-19.51,16.96));
#13909 = VECTOR('',#13910,1.);
#13910 = DIRECTION('',(-1.,0.,0.));
#13911 = ORIENTED_EDGE('',*,*,#13912,.F.);
#13912 = EDGE_CURVE('',#13492,#13905,#13913,.T.);
#13913 = LINE('',#13914,#13915);
#13914 = CARTESIAN_POINT('',(215.22157287525,-75.25467612798,16.96));
#13915 = VECTOR('',#13916,1.);
#13916 = DIRECTION('',(0.,-1.,0.));
#13917 = ORIENTED_EDGE('',*,*,#13491,.F.);
#13918 = ORIENTED_EDGE('',*,*,#13919,.F.);
#13919 = EDGE_CURVE('',#13920,#13484,#13922,.T.);
#13920 = VERTEX_POINT('',#13921);
#13921 = CARTESIAN_POINT('',(169.16467759856,-16.29,16.96));
#13922 = LINE('',#13923,#13924);
#13923 = CARTESIAN_POINT('',(174.70771299057,-21.29898879278,16.96));
#13924 = VECTOR('',#13925,1.);
#13925 = DIRECTION('',(0.741944414435,-0.670461397762,0.));
#13926 = ORIENTED_EDGE('',*,*,#13927,.F.);
#13927 = EDGE_CURVE('',#13212,#13920,#13928,.T.);
#13928 = LINE('',#13929,#13930);
#13929 = CARTESIAN_POINT('',(134.25712122719,-16.29,16.96));
#13930 = VECTOR('',#13931,1.);
#13931 = DIRECTION('',(1.,-3.228641359769E-16,0.));
#13932 = ORIENTED_EDGE('',*,*,#13211,.T.);
#13933 = ORIENTED_EDGE('',*,*,#13163,.F.);
#13934 = ORIENTED_EDGE('',*,*,#13194,.T.);
#13935 = ORIENTED_EDGE('',*,*,#13582,.F.);
#13936 = PLANE('',#13937);
#13937 = AXIS2_PLACEMENT_3D('',#13938,#13939,#13940);
#13938 = CARTESIAN_POINT('',(119.40424245438,-94.50290150397,16.96));
#13939 = DIRECTION('',(0.,0.,1.));
#13940 = DIRECTION('',(1.,0.,-0.));
#13941 = ADVANCED_FACE('',(#13942),#13971,.T.);
#13942 = FACE_BOUND('',#13943,.T.);
#13943 = EDGE_LOOP('',(#13944,#13953,#13954,#13955,#13956,#13965));
#13944 = ORIENTED_EDGE('',*,*,#13945,.T.);
#13945 = EDGE_CURVE('',#13946,#13359,#13948,.T.);
#13946 = VERTEX_POINT('',#13947);
#13947 = CARTESIAN_POINT('',(215.52660238714,-124.5366023871,
    16.936602387147));
#13948 = ELLIPSE('',#13949,2.828427124746,2.);
#13949 = AXIS2_PLACEMENT_3D('',#13950,#13951,#13952);
#13950 = CARTESIAN_POINT('',(215.22157287525,-124.2315728752,14.96));
#13951 = DIRECTION('',(0.707106781187,0.707106781187,0.));
#13952 = DIRECTION('',(0.707106781187,-0.707106781187,
    -4.906538933387E-17));
#13953 = ORIENTED_EDGE('',*,*,#13416,.T.);
#13954 = ORIENTED_EDGE('',*,*,#13499,.T.);
#13955 = ORIENTED_EDGE('',*,*,#13912,.T.);
#13956 = ORIENTED_EDGE('',*,*,#13957,.T.);
#13957 = EDGE_CURVE('',#13905,#13958,#13960,.T.);
#13958 = VERTEX_POINT('',#13959);
#13959 = CARTESIAN_POINT('',(215.52660238714,-19.53339761285,
    16.936602387147));
#13960 = ELLIPSE('',#13961,2.828427124746,2.);
#13961 = AXIS2_PLACEMENT_3D('',#13962,#13963,#13964);
#13962 = CARTESIAN_POINT('',(215.22157287525,-21.51,14.96));
#13963 = DIRECTION('',(0.,0.707106781187,-0.707106781187));
#13964 = DIRECTION('',(4.906538933387E-17,0.707106781187,0.707106781187)
  );
#13965 = ORIENTED_EDGE('',*,*,#13966,.T.);
#13966 = EDGE_CURVE('',#13958,#13946,#13967,.T.);
#13967 = LINE('',#13968,#13969);
#13968 = CARTESIAN_POINT('',(215.52660238714,-75.25467612798,
    16.936602387147));
#13969 = VECTOR('',#13970,1.);
#13970 = DIRECTION('',(0.,-1.,0.));
#13971 = CYLINDRICAL_SURFACE('',#13972,2.);
#13972 = AXIS2_PLACEMENT_3D('',#13973,#13974,#13975);
#13973 = CARTESIAN_POINT('',(215.22157287525,-75.25467612798,14.96));
#13974 = DIRECTION('',(0.,-1.,0.));
#13975 = DIRECTION('',(0.382683432365,0.,0.923879532511));
#13976 = ADVANCED_FACE('',(#13977),#14002,.T.);
#13977 = FACE_BOUND('',#13978,.T.);
#13978 = EDGE_LOOP('',(#13979,#13980,#13988,#13996));
#13979 = ORIENTED_EDGE('',*,*,#13966,.F.);
#13980 = ORIENTED_EDGE('',*,*,#13981,.T.);
#13981 = EDGE_CURVE('',#13958,#13982,#13984,.T.);
#13982 = VERTEX_POINT('',#13983);
#13983 = CARTESIAN_POINT('',(214.55,-20.51,15.96));
#13984 = LINE('',#13985,#13986);
#13985 = CARTESIAN_POINT('',(215.55,-19.51,16.96));
#13986 = VECTOR('',#13987,1.);
#13987 = DIRECTION('',(-0.57735026919,-0.57735026919,-0.57735026919));
#13988 = ORIENTED_EDGE('',*,*,#13989,.T.);
#13989 = EDGE_CURVE('',#13982,#13990,#13992,.T.);
#13990 = VERTEX_POINT('',#13991);
#13991 = CARTESIAN_POINT('',(214.55,-123.56,15.96));
#13992 = LINE('',#13993,#13994);
#13993 = CARTESIAN_POINT('',(214.55,-57.50645075198,15.96));
#13994 = VECTOR('',#13995,1.);
#13995 = DIRECTION('',(0.,-1.,0.));
#13996 = ORIENTED_EDGE('',*,*,#13997,.F.);
#13997 = EDGE_CURVE('',#13946,#13990,#13998,.T.);
#13998 = LINE('',#13999,#14000);
#13999 = CARTESIAN_POINT('',(215.55,-124.56,16.96));
#14000 = VECTOR('',#14001,1.);
#14001 = DIRECTION('',(-0.57735026919,0.57735026919,-0.57735026919));
#14002 = PLANE('',#14003);
#14003 = AXIS2_PLACEMENT_3D('',#14004,#14005,#14006);
#14004 = CARTESIAN_POINT('',(215.05,-57.50645075198,16.46));
#14005 = DIRECTION('',(-0.707106781187,0.,0.707106781187));
#14006 = DIRECTION('',(0.707106781187,0.,0.707106781187));
#14007 = ADVANCED_FACE('',(#14008),#14027,.T.);
#14008 = FACE_BOUND('',#14009,.T.);
#14009 = EDGE_LOOP('',(#14010,#14011,#14012,#14020,#14026));
#14010 = ORIENTED_EDGE('',*,*,#13957,.F.);
#14011 = ORIENTED_EDGE('',*,*,#13904,.T.);
#14012 = ORIENTED_EDGE('',*,*,#14013,.T.);
#14013 = EDGE_CURVE('',#13897,#14014,#14016,.T.);
#14014 = VERTEX_POINT('',#14015);
#14015 = CARTESIAN_POINT('',(171.59733879928,-20.51,15.96));
#14016 = LINE('',#14017,#14018);
#14017 = CARTESIAN_POINT('',(167.91162143664,-17.17938497463,
    19.290615025369));
#14018 = VECTOR('',#14019,1.);
#14019 = DIRECTION('',(0.616253630063,-0.556880356735,-0.556880356735));
#14020 = ORIENTED_EDGE('',*,*,#14021,.T.);
#14021 = EDGE_CURVE('',#14014,#13982,#14022,.T.);
#14022 = LINE('',#14023,#14024);
#14023 = CARTESIAN_POINT('',(145.50079062683,-20.51,15.96));
#14024 = VECTOR('',#14025,1.);
#14025 = DIRECTION('',(1.,0.,0.));
#14026 = ORIENTED_EDGE('',*,*,#13981,.F.);
#14027 = PLANE('',#14028);
#14028 = AXIS2_PLACEMENT_3D('',#14029,#14030,#14031);
#14029 = CARTESIAN_POINT('',(145.50079062683,-20.01,16.46));
#14030 = DIRECTION('',(0.,-0.707106781187,0.707106781187));
#14031 = DIRECTION('',(1.,0.,0.));
#14032 = ADVANCED_FACE('',(#14033),#14067,.T.);
#14033 = FACE_BOUND('',#14034,.T.);
#14034 = EDGE_LOOP('',(#14035,#14045,#14053,#14061));
#14035 = ORIENTED_EDGE('',*,*,#14036,.F.);
#14036 = EDGE_CURVE('',#14037,#14039,#14041,.T.);
#14037 = VERTEX_POINT('',#14038);
#14038 = CARTESIAN_POINT('',(23.98138587785,-119.4777409196,16.96));
#14039 = VERTEX_POINT('',#14040);
#14040 = CARTESIAN_POINT('',(32.61,-112.986593138,16.96));
#14041 = LINE('',#14042,#14043);
#14042 = CARTESIAN_POINT('',(59.53832203644,-92.72891150174,16.96));
#14043 = VECTOR('',#14044,1.);
#14044 = DIRECTION('',(0.799123967554,0.601166270246,0.));
#14045 = ORIENTED_EDGE('',*,*,#14046,.F.);
#14046 = EDGE_CURVE('',#14047,#14037,#14049,.T.);
#14047 = VERTEX_POINT('',#14048);
#14048 = CARTESIAN_POINT('',(24.26842957329,-119.8874883749,16.96));
#14049 = LINE('',#14050,#14051);
#14050 = CARTESIAN_POINT('',(48.264933694374,-154.1418777141,16.96));
#14051 = VECTOR('',#14052,1.);
#14052 = DIRECTION('',(-0.573758079099,0.819024826649,0.));
#14053 = ORIENTED_EDGE('',*,*,#14054,.F.);
#14054 = EDGE_CURVE('',#14055,#14047,#14057,.T.);
#14055 = VERTEX_POINT('',#14056);
#14056 = CARTESIAN_POINT('',(32.61,-113.6122782886,16.96));
#14057 = LINE('',#14058,#14059);
#14058 = CARTESIAN_POINT('',(60.997660796602,-92.25676293057,16.96));
#14059 = VECTOR('',#14060,1.);
#14060 = DIRECTION('',(-0.799123967554,-0.601166270246,0.));
#14061 = ORIENTED_EDGE('',*,*,#14062,.F.);
#14062 = EDGE_CURVE('',#14039,#14055,#14063,.T.);
#14063 = LINE('',#14064,#14065);
#14064 = CARTESIAN_POINT('',(32.61,-104.3071342385,16.96));
#14065 = VECTOR('',#14066,1.);
#14066 = DIRECTION('',(-4.610016693459E-17,-1.,0.));
#14067 = PLANE('',#14068);
#14068 = AXIS2_PLACEMENT_3D('',#14069,#14070,#14071);
#14069 = CARTESIAN_POINT('',(119.40424245438,-94.50290150397,16.96));
#14070 = DIRECTION('',(0.,0.,1.));
#14071 = DIRECTION('',(1.,0.,-0.));
#14072 = ADVANCED_FACE('',(#14073),#14092,.T.);
#14073 = FACE_BOUND('',#14074,.T.);
#14074 = EDGE_LOOP('',(#14075,#14076,#14084,#14091));
#14075 = ORIENTED_EDGE('',*,*,#13945,.F.);
#14076 = ORIENTED_EDGE('',*,*,#14077,.T.);
#14077 = EDGE_CURVE('',#13946,#14078,#14080,.T.);
#14078 = VERTEX_POINT('',#14079);
#14079 = CARTESIAN_POINT('',(129.45683742943,-124.5366023871,
    16.936602387147));
#14080 = LINE('',#14081,#14082);
#14081 = CARTESIAN_POINT('',(143.94068184079,-124.5366023871,
    16.936602387147));
#14082 = VECTOR('',#14083,1.);
#14083 = DIRECTION('',(-1.,-4.062171662183E-16,0.));
#14084 = ORIENTED_EDGE('',*,*,#14085,.F.);
#14085 = EDGE_CURVE('',#13367,#14078,#14086,.T.);
#14086 = ELLIPSE('',#14087,2.096081356931,2.);
#14087 = AXIS2_PLACEMENT_3D('',#14088,#14089,#14090);
#14088 = CARTESIAN_POINT('',(129.36115863046,-124.2315728752,14.96));
#14089 = DIRECTION('',(-0.954161437192,-0.299292418508,
    -3.08148791102E-33));
#14090 = DIRECTION('',(0.299292418508,-0.954161437192,6.620824979872E-17
    ));
#14091 = ORIENTED_EDGE('',*,*,#13366,.T.);
#14092 = CYLINDRICAL_SURFACE('',#14093,2.);
#14093 = AXIS2_PLACEMENT_3D('',#14094,#14095,#14096);
#14094 = CARTESIAN_POINT('',(143.94068184079,-124.2315728752,14.96));
#14095 = DIRECTION('',(-1.,-4.062171662183E-16,0.));
#14096 = DIRECTION('',(1.554525794541E-16,-0.382683432365,0.923879532511
    ));
#14097 = ADVANCED_FACE('',(#14098),#14130,.T.);
#14098 = FACE_BOUND('',#14099,.T.);
#14099 = EDGE_LOOP('',(#14100,#14108,#14116,#14124));
#14100 = ORIENTED_EDGE('',*,*,#14101,.F.);
#14101 = EDGE_CURVE('',#14078,#14102,#14104,.T.);
#14102 = VERTEX_POINT('',#14103);
#14103 = CARTESIAN_POINT('',(60.678053169311,-172.3929192584,
    16.936602387147));
#14104 = LINE('',#14105,#14106);
#14105 = CARTESIAN_POINT('',(134.80698061333,-120.8139697429,
    16.936602387147));
#14106 = VECTOR('',#14107,1.);
#14107 = DIRECTION('',(-0.820848096447,-0.571146568369,0.));
#14108 = ORIENTED_EDGE('',*,*,#14109,.T.);
#14109 = EDGE_CURVE('',#14078,#14110,#14112,.T.);
#14110 = VERTEX_POINT('',#14111);
#14111 = CARTESIAN_POINT('',(129.15050594403,-123.56,15.96));
#14112 = LINE('',#14113,#14114);
#14113 = CARTESIAN_POINT('',(129.46417657338,-124.56,16.96));
#14114 = VECTOR('',#14115,1.);
#14115 = DIRECTION('',(-0.216536357788,0.690330357784,-0.690330357784));
#14116 = ORIENTED_EDGE('',*,*,#14117,.T.);
#14117 = EDGE_CURVE('',#14110,#14118,#14120,.T.);
#14118 = VERTEX_POINT('',#14119);
#14119 = CARTESIAN_POINT('',(60.919363094053,-171.0352676693,15.96));
#14120 = LINE('',#14121,#14122);
#14121 = CARTESIAN_POINT('',(132.67837162501,-121.1053090698,15.96));
#14122 = VECTOR('',#14123,1.);
#14123 = DIRECTION('',(-0.820848096447,-0.571146568369,0.));
#14124 = ORIENTED_EDGE('',*,*,#14125,.F.);
#14125 = EDGE_CURVE('',#14102,#14118,#14126,.T.);
#14126 = LINE('',#14127,#14128);
#14127 = CARTESIAN_POINT('',(60.672271823421,-172.4254461155,16.96));
#14128 = VECTOR('',#14129,1.);
#14129 = DIRECTION('',(0.142809426689,0.803470662447,-0.577962249836));
#14130 = PLANE('',#14131);
#14131 = AXIS2_PLACEMENT_3D('',#14132,#14133,#14134);
#14132 = CARTESIAN_POINT('',(132.9639449092,-121.515733118,16.46));
#14133 = DIRECTION('',(-0.403861611545,0.580427255322,0.707106781187));
#14134 = DIRECTION('',(0.868348607962,1.942890293094E-16,0.495954327585)
  );
#14135 = ADVANCED_FACE('',(#14136),#14147,.T.);
#14136 = FACE_BOUND('',#14137,.T.);
#14137 = EDGE_LOOP('',(#14138,#14139,#14140,#14146));
#14138 = ORIENTED_EDGE('',*,*,#14077,.F.);
#14139 = ORIENTED_EDGE('',*,*,#13997,.T.);
#14140 = ORIENTED_EDGE('',*,*,#14141,.T.);
#14141 = EDGE_CURVE('',#13990,#14110,#14142,.T.);
#14142 = LINE('',#14143,#14144);
#14143 = CARTESIAN_POINT('',(166.97712122719,-123.56,15.96));
#14144 = VECTOR('',#14145,1.);
#14145 = DIRECTION('',(-1.,0.,0.));
#14146 = ORIENTED_EDGE('',*,*,#14109,.F.);
#14147 = PLANE('',#14148);
#14148 = AXIS2_PLACEMENT_3D('',#14149,#14150,#14151);
#14149 = CARTESIAN_POINT('',(166.97712122719,-124.06,16.46));
#14150 = DIRECTION('',(0.,0.707106781187,0.707106781187));
#14151 = DIRECTION('',(1.,0.,-0.));
#14152 = ADVANCED_FACE('',(#14153),#14186,.T.);
#14153 = FACE_BOUND('',#14154,.T.);
#14154 = EDGE_LOOP('',(#14155,#14162,#14163,#14170,#14178,#14185));
#14155 = ORIENTED_EDGE('',*,*,#14156,.T.);
#14156 = EDGE_CURVE('',#14037,#13749,#14157,.T.);
#14157 = ELLIPSE('',#14158,2.83005051691,2.);
#14158 = AXIS2_PLACEMENT_3D('',#14159,#14160,#14161);
#14159 = CARTESIAN_POINT('',(22.833211096093,-117.8387510982,14.96));
#14160 = DIRECTION('',(0.425088746311,-0.565065976466,-0.707106781187));
#14161 = DIRECTION('',(0.386350059267,-0.593194101339,0.70629624793));
#14162 = ORIENTED_EDGE('',*,*,#13748,.T.);
#14163 = ORIENTED_EDGE('',*,*,#14164,.T.);
#14164 = EDGE_CURVE('',#13741,#14102,#14165,.T.);
#14165 = ELLIPSE('',#14166,2.823933574528,2.);
#14166 = AXIS2_PLACEMENT_3D('',#14167,#14168,#14169);
#14167 = CARTESIAN_POINT('',(60.753423298985,-171.9688738055,14.96));
#14168 = DIRECTION('',(-0.984568800592,0.174997933988,1.54074395551E-33)
  );
#14169 = DIRECTION('',(-0.174997933988,-0.984568800592,
    4.914346404247E-17));
#14170 = ORIENTED_EDGE('',*,*,#14171,.T.);
#14171 = EDGE_CURVE('',#14102,#14172,#14174,.T.);
#14172 = VERTEX_POINT('',#14173);
#14173 = CARTESIAN_POINT('',(24.037965548644,-120.0901413018,
    16.936602387147));
#14174 = LINE('',#14175,#14176);
#14175 = CARTESIAN_POINT('',(48.015106951273,-154.3168908609,
    16.936602387147));
#14176 = VECTOR('',#14177,1.);
#14177 = DIRECTION('',(-0.573758079099,0.819024826649,0.));
#14178 = ORIENTED_EDGE('',*,*,#14179,.T.);
#14179 = EDGE_CURVE('',#14172,#14047,#14180,.T.);
#14180 = ELLIPSE('',#14181,2.83005051691,2.);
#14181 = AXIS2_PLACEMENT_3D('',#14182,#14183,#14184);
#14182 = CARTESIAN_POINT('',(25.416604355047,-121.5264781963,14.96));
#14183 = DIRECTION('',(-0.425088746311,0.565065976466,-0.707106781187));
#14184 = DIRECTION('',(-0.386350059267,0.593194101339,0.70629624793));
#14185 = ORIENTED_EDGE('',*,*,#14046,.T.);
#14186 = CYLINDRICAL_SURFACE('',#14187,2.);
#14187 = AXIS2_PLACEMENT_3D('',#14188,#14189,#14190);
#14188 = CARTESIAN_POINT('',(48.264933694374,-154.1418777141,14.96));
#14189 = DIRECTION('',(-0.573758079099,0.819024826649,0.));
#14190 = DIRECTION('',(-0.313427231854,-0.219567711057,0.923879532511));
#14191 = ADVANCED_FACE('',(#14192),#14213,.T.);
#14192 = FACE_BOUND('',#14193,.T.);
#14193 = EDGE_LOOP('',(#14194,#14195,#14196,#14197,#14198,#14204,#14205,
    #14206,#14207));
#14194 = ORIENTED_EDGE('',*,*,#13681,.F.);
#14195 = ORIENTED_EDGE('',*,*,#13756,.F.);
#14196 = ORIENTED_EDGE('',*,*,#14156,.F.);
#14197 = ORIENTED_EDGE('',*,*,#14036,.T.);
#14198 = ORIENTED_EDGE('',*,*,#14199,.T.);
#14199 = EDGE_CURVE('',#14039,#13816,#14200,.T.);
#14200 = LINE('',#14201,#14202);
#14201 = CARTESIAN_POINT('',(39.876316452108,-98.42742424253,
    9.693683547893));
#14202 = VECTOR('',#14203,1.);
#14203 = DIRECTION('',(0.407751780914,0.816992637864,-0.407751780914));
#14204 = ORIENTED_EDGE('',*,*,#13815,.T.);
#14205 = ORIENTED_EDGE('',*,*,#13615,.T.);
#14206 = ORIENTED_EDGE('',*,*,#13655,.F.);
#14207 = ORIENTED_EDGE('',*,*,#14208,.T.);
#14208 = EDGE_CURVE('',#13656,#13684,#14209,.T.);
#14209 = LINE('',#14210,#14211);
#14210 = CARTESIAN_POINT('',(58.636572631072,-91.53022555041,15.46));
#14211 = VECTOR('',#14212,1.);
#14212 = DIRECTION('',(-0.799123967554,-0.601166270246,0.));
#14213 = PLANE('',#14214);
#14214 = AXIS2_PLACEMENT_3D('',#14215,#14216,#14217);
#14215 = CARTESIAN_POINT('',(59.087447333756,-92.12956852607,16.21));
#14216 = DIRECTION('',(-0.425088746311,0.565065976466,0.707106781187));
#14217 = DIRECTION('',(0.857051631114,1.110223024625E-16,0.515230532485)
  );
#14218 = ADVANCED_FACE('',(#14219),#14230,.T.);
#14219 = FACE_BOUND('',#14220,.T.);
#14220 = EDGE_LOOP('',(#14221,#14222,#14228,#14229));
#14221 = ORIENTED_EDGE('',*,*,#14164,.F.);
#14222 = ORIENTED_EDGE('',*,*,#14223,.T.);
#14223 = EDGE_CURVE('',#13741,#13367,#14224,.T.);
#14224 = LINE('',#14225,#14226);
#14225 = CARTESIAN_POINT('',(135.44048727745,-121.7244413593,
    16.374213562373));
#14226 = VECTOR('',#14227,1.);
#14227 = DIRECTION('',(0.820848096447,0.571146568369,0.));
#14228 = ORIENTED_EDGE('',*,*,#14085,.T.);
#14229 = ORIENTED_EDGE('',*,*,#14101,.T.);
#14230 = CYLINDRICAL_SURFACE('',#14231,2.);
#14231 = AXIS2_PLACEMENT_3D('',#14232,#14233,#14234);
#14232 = CARTESIAN_POINT('',(134.63276405436,-120.5635868487,14.96));
#14233 = DIRECTION('',(-0.820848096447,-0.571146568369,0.));
#14234 = DIRECTION('',(0.218568329167,-0.314124966999,0.923879532511));
#14235 = ADVANCED_FACE('',(#14236),#14249,.T.);
#14236 = FACE_BOUND('',#14237,.T.);
#14237 = EDGE_LOOP('',(#14238,#14239,#14245,#14246,#14247,#14248));
#14238 = ORIENTED_EDGE('',*,*,#13798,.F.);
#14239 = ORIENTED_EDGE('',*,*,#14240,.T.);
#14240 = EDGE_CURVE('',#13791,#13277,#14241,.T.);
#14241 = LINE('',#14242,#14243);
#14242 = CARTESIAN_POINT('',(134.0055974216,-123.8365812145,15.46));
#14243 = VECTOR('',#14244,1.);
#14244 = DIRECTION('',(0.820848096447,0.571146568369,0.));
#14245 = ORIENTED_EDGE('',*,*,#13284,.F.);
#14246 = ORIENTED_EDGE('',*,*,#13374,.F.);
#14247 = ORIENTED_EDGE('',*,*,#14223,.F.);
#14248 = ORIENTED_EDGE('',*,*,#13740,.T.);
#14249 = PLANE('',#14250);
#14250 = AXIS2_PLACEMENT_3D('',#14251,#14252,#14253);
#14251 = CARTESIAN_POINT('',(133.57723749532,-123.2209451422,16.21));
#14252 = DIRECTION('',(0.403861611545,-0.580427255322,0.707106781187));
#14253 = DIRECTION('',(0.868348607962,2.775557561563E-17,-0.495954327585
    ));
#14254 = ADVANCED_FACE('',(#14255),#14280,.T.);
#14255 = FACE_BOUND('',#14256,.T.);
#14256 = EDGE_LOOP('',(#14257,#14265,#14273,#14279));
#14257 = ORIENTED_EDGE('',*,*,#14258,.T.);
#14258 = EDGE_CURVE('',#13881,#14259,#14261,.T.);
#14259 = VERTEX_POINT('',#14260);
#14260 = CARTESIAN_POINT('',(146.11,-17.79,15.96));
#14261 = LINE('',#14262,#14263);
#14262 = CARTESIAN_POINT('',(146.11,-20.905,12.845));
#14263 = VECTOR('',#14264,1.);
#14264 = DIRECTION('',(0.,-0.707106781187,-0.707106781187));
#14265 = ORIENTED_EDGE('',*,*,#14266,.T.);
#14266 = EDGE_CURVE('',#14259,#14267,#14269,.T.);
#14267 = VERTEX_POINT('',#14268);
#14268 = CARTESIAN_POINT('',(168.58733879928,-17.79,15.96));
#14269 = LINE('',#14270,#14271);
#14270 = CARTESIAN_POINT('',(132.75712122719,-17.79,15.96));
#14271 = VECTOR('',#14272,1.);
#14272 = DIRECTION('',(1.,0.,0.));
#14273 = ORIENTED_EDGE('',*,*,#14274,.F.);
#14274 = EDGE_CURVE('',#13889,#14267,#14275,.T.);
#14275 = LINE('',#14276,#14277);
#14276 = CARTESIAN_POINT('',(164.09162656875,-13.72742947939,
    20.022570520608));
#14277 = VECTOR('',#14278,1.);
#14278 = DIRECTION('',(0.616253630063,-0.556880356735,-0.556880356735));
#14279 = ORIENTED_EDGE('',*,*,#13888,.T.);
#14280 = PLANE('',#14281);
#14281 = AXIS2_PLACEMENT_3D('',#14282,#14283,#14284);
#14282 = CARTESIAN_POINT('',(132.75712122719,-17.29,16.46));
#14283 = DIRECTION('',(0.,-0.707106781187,0.707106781187));
#14284 = DIRECTION('',(1.,0.,0.));
#14285 = ADVANCED_FACE('',(#14286),#14320,.T.);
#14286 = FACE_BOUND('',#14287,.T.);
#14287 = EDGE_LOOP('',(#14288,#14289,#14290,#14298,#14306,#14314));
#14288 = ORIENTED_EDGE('',*,*,#14258,.F.);
#14289 = ORIENTED_EDGE('',*,*,#13880,.F.);
#14290 = ORIENTED_EDGE('',*,*,#14291,.T.);
#14291 = EDGE_CURVE('',#13873,#14292,#14294,.T.);
#14292 = VERTEX_POINT('',#14293);
#14293 = CARTESIAN_POINT('',(146.11,-16.8,15.96));
#14294 = LINE('',#14295,#14296);
#14295 = CARTESIAN_POINT('',(146.11,-20.1625,12.5975));
#14296 = VECTOR('',#14297,1.);
#14297 = DIRECTION('',(0.,-0.707106781187,-0.707106781187));
#14298 = ORIENTED_EDGE('',*,*,#14299,.F.);
#14299 = EDGE_CURVE('',#14300,#14292,#14302,.T.);
#14300 = VERTEX_POINT('',#14301);
#14301 = CARTESIAN_POINT('',(146.11,-16.8,1.51));
#14302 = LINE('',#14303,#14304);
#14303 = CARTESIAN_POINT('',(146.11,-16.8,1.51));
#14304 = VECTOR('',#14305,1.);
#14305 = DIRECTION('',(0.,0.,1.));
#14306 = ORIENTED_EDGE('',*,*,#14307,.F.);
#14307 = EDGE_CURVE('',#14308,#14300,#14310,.T.);
#14308 = VERTEX_POINT('',#14309);
#14309 = CARTESIAN_POINT('',(146.11,-17.79,1.51));
#14310 = LINE('',#14311,#14312);
#14311 = CARTESIAN_POINT('',(146.11,-55.65145075198,1.51));
#14312 = VECTOR('',#14313,1.);
#14313 = DIRECTION('',(0.,1.,0.));
#14314 = ORIENTED_EDGE('',*,*,#14315,.T.);
#14315 = EDGE_CURVE('',#14308,#14259,#14316,.T.);
#14316 = LINE('',#14317,#14318);
#14317 = CARTESIAN_POINT('',(146.11,-17.79,1.51));
#14318 = VECTOR('',#14319,1.);
#14319 = DIRECTION('',(0.,0.,1.));
#14320 = PLANE('',#14321);
#14321 = AXIS2_PLACEMENT_3D('',#14322,#14323,#14324);
#14322 = CARTESIAN_POINT('',(146.11,-16.8,1.51));
#14323 = DIRECTION('',(-1.,0.,0.));
#14324 = DIRECTION('',(0.,-1.,0.));
#14325 = ADVANCED_FACE('',(#14326),#14352,.T.);
#14326 = FACE_BOUND('',#14327,.T.);
#14327 = EDGE_LOOP('',(#14328,#14329,#14337,#14345,#14351));
#14328 = ORIENTED_EDGE('',*,*,#13832,.F.);
#14329 = ORIENTED_EDGE('',*,*,#14330,.F.);
#14330 = EDGE_CURVE('',#14331,#13825,#14333,.T.);
#14331 = VERTEX_POINT('',#14332);
#14332 = CARTESIAN_POINT('',(33.61,-17.78,15.96));
#14333 = LINE('',#14334,#14335);
#14334 = CARTESIAN_POINT('',(54.847375910963,-39.01737591096,
    -5.277375910963));
#14335 = VECTOR('',#14336,1.);
#14336 = DIRECTION('',(-0.57735026919,0.57735026919,0.57735026919));
#14337 = ORIENTED_EDGE('',*,*,#14338,.T.);
#14338 = EDGE_CURVE('',#14331,#14339,#14341,.T.);
#14339 = VERTEX_POINT('',#14340);
#14340 = CARTESIAN_POINT('',(123.66,-17.78,15.96));
#14341 = LINE('',#14342,#14343);
#14342 = CARTESIAN_POINT('',(76.507121227195,-17.78,15.96));
#14343 = VECTOR('',#14344,1.);
#14344 = DIRECTION('',(1.,0.,0.));
#14345 = ORIENTED_EDGE('',*,*,#14346,.T.);
#14346 = EDGE_CURVE('',#14339,#13857,#14347,.T.);
#14347 = LINE('',#14348,#14349);
#14348 = CARTESIAN_POINT('',(123.66,-21.1425,12.5975));
#14349 = VECTOR('',#14350,1.);
#14350 = DIRECTION('',(0.,0.707106781187,0.707106781187));
#14351 = ORIENTED_EDGE('',*,*,#13856,.T.);
#14352 = PLANE('',#14353);
#14353 = AXIS2_PLACEMENT_3D('',#14354,#14355,#14356);
#14354 = CARTESIAN_POINT('',(76.507121227195,-17.28,16.46));
#14355 = DIRECTION('',(0.,-0.707106781187,0.707106781187));
#14356 = DIRECTION('',(1.,0.,0.));
#14357 = ADVANCED_FACE('',(#14358),#14383,.T.);
#14358 = FACE_BOUND('',#14359,.T.);
#14359 = EDGE_LOOP('',(#14360,#14361,#14369,#14377));
#14360 = ORIENTED_EDGE('',*,*,#14338,.F.);
#14361 = ORIENTED_EDGE('',*,*,#14362,.F.);
#14362 = EDGE_CURVE('',#14363,#14331,#14365,.T.);
#14363 = VERTEX_POINT('',#14364);
#14364 = CARTESIAN_POINT('',(33.61,-17.78,1.51));
#14365 = LINE('',#14366,#14367);
#14366 = CARTESIAN_POINT('',(33.61,-17.78,1.51));
#14367 = VECTOR('',#14368,1.);
#14368 = DIRECTION('',(0.,0.,1.));
#14369 = ORIENTED_EDGE('',*,*,#14370,.F.);
#14370 = EDGE_CURVE('',#14371,#14363,#14373,.T.);
#14371 = VERTEX_POINT('',#14372);
#14372 = CARTESIAN_POINT('',(123.66,-17.78,1.51));
#14373 = LINE('',#14374,#14375);
#14374 = CARTESIAN_POINT('',(76.507121227195,-17.78,1.51));
#14375 = VECTOR('',#14376,1.);
#14376 = DIRECTION('',(-1.,0.,0.));
#14377 = ORIENTED_EDGE('',*,*,#14378,.T.);
#14378 = EDGE_CURVE('',#14371,#14339,#14379,.T.);
#14379 = LINE('',#14380,#14381);
#14380 = CARTESIAN_POINT('',(123.66,-17.78,1.51));
#14381 = VECTOR('',#14382,1.);
#14382 = DIRECTION('',(0.,0.,1.));
#14383 = PLANE('',#14384);
#14384 = AXIS2_PLACEMENT_3D('',#14385,#14386,#14387);
#14385 = CARTESIAN_POINT('',(33.61,-17.78,1.51));
#14386 = DIRECTION('',(0.,-1.,0.));
#14387 = DIRECTION('',(1.,0.,0.));
#14388 = ADVANCED_FACE('',(#14389),#14407,.T.);
#14389 = FACE_BOUND('',#14390,.T.);
#14390 = EDGE_LOOP('',(#14391,#14399,#14405,#14406));
#14391 = ORIENTED_EDGE('',*,*,#14392,.F.);
#14392 = EDGE_CURVE('',#14393,#13865,#14395,.T.);
#14393 = VERTEX_POINT('',#14394);
#14394 = CARTESIAN_POINT('',(123.66,-16.8,15.96));
#14395 = LINE('',#14396,#14397);
#14396 = CARTESIAN_POINT('',(123.66,-20.4075,12.3525));
#14397 = VECTOR('',#14398,1.);
#14398 = DIRECTION('',(0.,0.707106781187,0.707106781187));
#14399 = ORIENTED_EDGE('',*,*,#14400,.T.);
#14400 = EDGE_CURVE('',#14393,#14292,#14401,.T.);
#14401 = LINE('',#14402,#14403);
#14402 = CARTESIAN_POINT('',(121.53212122719,-16.8,15.96));
#14403 = VECTOR('',#14404,1.);
#14404 = DIRECTION('',(1.,0.,0.));
#14405 = ORIENTED_EDGE('',*,*,#14291,.F.);
#14406 = ORIENTED_EDGE('',*,*,#13872,.T.);
#14407 = PLANE('',#14408);
#14408 = AXIS2_PLACEMENT_3D('',#14409,#14410,#14411);
#14409 = CARTESIAN_POINT('',(121.53212122719,-16.3,16.46));
#14410 = DIRECTION('',(0.,-0.707106781187,0.707106781187));
#14411 = DIRECTION('',(1.,0.,0.));
#14412 = ADVANCED_FACE('',(#14413),#14431,.T.);
#14413 = FACE_BOUND('',#14414,.T.);
#14414 = EDGE_LOOP('',(#14415,#14416,#14424,#14430));
#14415 = ORIENTED_EDGE('',*,*,#14400,.F.);
#14416 = ORIENTED_EDGE('',*,*,#14417,.F.);
#14417 = EDGE_CURVE('',#14418,#14393,#14420,.T.);
#14418 = VERTEX_POINT('',#14419);
#14419 = CARTESIAN_POINT('',(123.66,-16.8,1.51));
#14420 = LINE('',#14421,#14422);
#14421 = CARTESIAN_POINT('',(123.66,-16.8,1.51));
#14422 = VECTOR('',#14423,1.);
#14423 = DIRECTION('',(0.,0.,1.));
#14424 = ORIENTED_EDGE('',*,*,#14425,.F.);
#14425 = EDGE_CURVE('',#14300,#14418,#14426,.T.);
#14426 = LINE('',#14427,#14428);
#14427 = CARTESIAN_POINT('',(121.53212122719,-16.8,1.51));
#14428 = VECTOR('',#14429,1.);
#14429 = DIRECTION('',(-1.,0.,0.));
#14430 = ORIENTED_EDGE('',*,*,#14299,.T.);
#14431 = PLANE('',#14432);
#14432 = AXIS2_PLACEMENT_3D('',#14433,#14434,#14435);
#14433 = CARTESIAN_POINT('',(123.66,-16.8,1.51));
#14434 = DIRECTION('',(0.,-1.,0.));
#14435 = DIRECTION('',(1.,0.,0.));
#14436 = ADVANCED_FACE('',(#14437),#14457,.T.);
#14437 = FACE_BOUND('',#14438,.T.);
#14438 = EDGE_LOOP('',(#14439,#14440,#14441,#14449,#14455,#14456));
#14439 = ORIENTED_EDGE('',*,*,#14199,.F.);
#14440 = ORIENTED_EDGE('',*,*,#14062,.T.);
#14441 = ORIENTED_EDGE('',*,*,#14442,.T.);
#14442 = EDGE_CURVE('',#14055,#14443,#14445,.T.);
#14443 = VERTEX_POINT('',#14444);
#14444 = CARTESIAN_POINT('',(33.61,-114.1113669731,15.96));
#14445 = LINE('',#14446,#14447);
#14446 = CARTESIAN_POINT('',(32.61,-113.6122782886,16.96));
#14447 = VECTOR('',#14448,1.);
#14448 = DIRECTION('',(0.666801594279,-0.332793130541,-0.666801594279));
#14449 = ORIENTED_EDGE('',*,*,#14450,.T.);
#14450 = EDGE_CURVE('',#14443,#14331,#14451,.T.);
#14451 = LINE('',#14452,#14453);
#14452 = CARTESIAN_POINT('',(33.61,-104.3071342385,15.96));
#14453 = VECTOR('',#14454,1.);
#14454 = DIRECTION('',(4.610016693459E-17,1.,0.));
#14455 = ORIENTED_EDGE('',*,*,#14330,.T.);
#14456 = ORIENTED_EDGE('',*,*,#13824,.F.);
#14457 = PLANE('',#14458);
#14458 = AXIS2_PLACEMENT_3D('',#14459,#14460,#14461);
#14459 = CARTESIAN_POINT('',(33.11,-104.3071342385,16.46));
#14460 = DIRECTION('',(0.707106781187,-3.259774065328E-17,0.707106781187
    ));
#14461 = DIRECTION('',(0.707106781187,0.,-0.707106781187));
#14462 = ADVANCED_FACE('',(#14463),#14482,.T.);
#14463 = FACE_BOUND('',#14464,.T.);
#14464 = EDGE_LOOP('',(#14465,#14466,#14474,#14480,#14481));
#14465 = ORIENTED_EDGE('',*,*,#14179,.F.);
#14466 = ORIENTED_EDGE('',*,*,#14467,.T.);
#14467 = EDGE_CURVE('',#14172,#14468,#14470,.T.);
#14468 = VERTEX_POINT('',#14469);
#14469 = CARTESIAN_POINT('',(25.379494969593,-120.3030246036,15.96));
#14470 = LINE('',#14471,#14472);
#14471 = CARTESIAN_POINT('',(24.005824949321,-120.085041006,16.96));
#14472 = VECTOR('',#14473,1.);
#14473 = DIRECTION('',(0.801892933346,-0.127249997387,-0.583759506659));
#14474 = ORIENTED_EDGE('',*,*,#14475,.T.);
#14475 = EDGE_CURVE('',#14468,#14443,#14476,.T.);
#14476 = LINE('',#14477,#14478);
#14477 = CARTESIAN_POINT('',(61.598827066847,-93.05588689812,15.96));
#14478 = VECTOR('',#14479,1.);
#14479 = DIRECTION('',(0.799123967554,0.601166270246,0.));
#14480 = ORIENTED_EDGE('',*,*,#14442,.F.);
#14481 = ORIENTED_EDGE('',*,*,#14054,.T.);
#14482 = PLANE('',#14483);
#14483 = AXIS2_PLACEMENT_3D('',#14484,#14485,#14486);
#14484 = CARTESIAN_POINT('',(61.298243931725,-92.65632491434,16.46));
#14485 = DIRECTION('',(0.425088746311,-0.565065976466,0.707106781187));
#14486 = DIRECTION('',(0.857051631114,-2.498001805407E-16,
    -0.515230532485));
#14487 = ADVANCED_FACE('',(#14488),#14499,.T.);
#14488 = FACE_BOUND('',#14489,.T.);
#14489 = EDGE_LOOP('',(#14490,#14491,#14492,#14498));
#14490 = ORIENTED_EDGE('',*,*,#14171,.F.);
#14491 = ORIENTED_EDGE('',*,*,#14125,.T.);
#14492 = ORIENTED_EDGE('',*,*,#14493,.T.);
#14493 = EDGE_CURVE('',#14118,#14468,#14494,.T.);
#14494 = LINE('',#14495,#14496);
#14495 = CARTESIAN_POINT('',(52.563799954749,-159.1079172737,15.96));
#14496 = VECTOR('',#14497,1.);
#14497 = DIRECTION('',(-0.573758079099,0.819024826649,0.));
#14498 = ORIENTED_EDGE('',*,*,#14467,.F.);
#14499 = PLANE('',#14500);
#14500 = AXIS2_PLACEMENT_3D('',#14501,#14502,#14503);
#14501 = CARTESIAN_POINT('',(52.154287541425,-159.3947963132,16.46));
#14502 = DIRECTION('',(0.579138008884,0.405708228492,0.707106781187));
#14503 = DIRECTION('',(0.773637566355,1.942890293094E-16,-0.633628373674
    ));
#14504 = ADVANCED_FACE('',(#14505),#14532,.T.);
#14505 = FACE_BOUND('',#14506,.T.);
#14506 = EDGE_LOOP('',(#14507,#14508,#14509,#14510,#14518,#14526));
#14507 = ORIENTED_EDGE('',*,*,#14013,.F.);
#14508 = ORIENTED_EDGE('',*,*,#13896,.F.);
#14509 = ORIENTED_EDGE('',*,*,#14274,.T.);
#14510 = ORIENTED_EDGE('',*,*,#14511,.F.);
#14511 = EDGE_CURVE('',#14512,#14267,#14514,.T.);
#14512 = VERTEX_POINT('',#14513);
#14513 = CARTESIAN_POINT('',(168.58733879928,-17.79,1.51));
#14514 = LINE('',#14515,#14516);
#14515 = CARTESIAN_POINT('',(168.58733879928,-17.79,1.51));
#14516 = VECTOR('',#14517,1.);
#14517 = DIRECTION('',(0.,0.,1.));
#14518 = ORIENTED_EDGE('',*,*,#14519,.F.);
#14519 = EDGE_CURVE('',#14520,#14512,#14522,.T.);
#14520 = VERTEX_POINT('',#14521);
#14521 = CARTESIAN_POINT('',(171.59733879928,-20.51,1.51));
#14522 = LINE('',#14523,#14524);
#14523 = CARTESIAN_POINT('',(174.13037419129,-22.79898879278,1.51));
#14524 = VECTOR('',#14525,1.);
#14525 = DIRECTION('',(-0.741944414435,0.670461397762,0.));
#14526 = ORIENTED_EDGE('',*,*,#14527,.T.);
#14527 = EDGE_CURVE('',#14520,#14014,#14528,.T.);
#14528 = LINE('',#14529,#14530);
#14529 = CARTESIAN_POINT('',(171.59733879928,-20.51,1.51));
#14530 = VECTOR('',#14531,1.);
#14531 = DIRECTION('',(0.,0.,1.));
#14532 = PLANE('',#14533);
#14533 = AXIS2_PLACEMENT_3D('',#14534,#14535,#14536);
#14534 = CARTESIAN_POINT('',(168.58733879928,-17.79,1.51));
#14535 = DIRECTION('',(-0.670461397762,-0.741944414435,0.));
#14536 = DIRECTION('',(0.741944414435,-0.670461397762,0.));
#14537 = ADVANCED_FACE('',(#14538),#14558,.T.);
#14538 = FACE_BOUND('',#14539,.T.);
#14539 = EDGE_LOOP('',(#14540,#14541,#14542,#14543,#14551,#14557));
#14540 = ORIENTED_EDGE('',*,*,#12358,.F.);
#14541 = ORIENTED_EDGE('',*,*,#13219,.F.);
#14542 = ORIENTED_EDGE('',*,*,#13927,.T.);
#14543 = ORIENTED_EDGE('',*,*,#14544,.T.);
#14544 = EDGE_CURVE('',#13920,#14545,#14547,.T.);
#14545 = VERTEX_POINT('',#14546);
#14546 = CARTESIAN_POINT('',(169.74201639784,-14.79,15.46));
#14547 = LINE('',#14548,#14549);
#14548 = CARTESIAN_POINT('',(169.16467759856,-16.29,16.96));
#14549 = VECTOR('',#14550,1.);
#14550 = DIRECTION('',(0.262608008326,0.682289174018,-0.682289174018));
#14551 = ORIENTED_EDGE('',*,*,#14552,.T.);
#14552 = EDGE_CURVE('',#14545,#13087,#14553,.T.);
#14553 = LINE('',#14554,#14555);
#14554 = CARTESIAN_POINT('',(134.25712122719,-14.79,15.46));
#14555 = VECTOR('',#14556,1.);
#14556 = DIRECTION('',(-1.,3.228641359769E-16,0.));
#14557 = ORIENTED_EDGE('',*,*,#13094,.F.);
#14558 = PLANE('',#14559);
#14559 = AXIS2_PLACEMENT_3D('',#14560,#14561,#14562);
#14560 = CARTESIAN_POINT('',(134.25712122719,-15.54,16.21));
#14561 = DIRECTION('',(2.282994199512E-16,0.707106781187,0.707106781187)
  );
#14562 = DIRECTION('',(1.,3.697785493223E-31,-3.228641359769E-16));
#14563 = ADVANCED_FACE('',(#14564),#14575,.T.);
#14564 = FACE_BOUND('',#14565,.T.);
#14565 = EDGE_LOOP('',(#14566,#14567,#14568,#14574));
#14566 = ORIENTED_EDGE('',*,*,#13919,.T.);
#14567 = ORIENTED_EDGE('',*,*,#13483,.T.);
#14568 = ORIENTED_EDGE('',*,*,#14569,.T.);
#14569 = EDGE_CURVE('',#13476,#14545,#14570,.T.);
#14570 = LINE('',#14571,#14572);
#14571 = CARTESIAN_POINT('',(175.71340508722,-20.18607217113,15.46));
#14572 = VECTOR('',#14573,1.);
#14573 = DIRECTION('',(-0.741944414435,0.670461397762,0.));
#14574 = ORIENTED_EDGE('',*,*,#14544,.F.);
#14575 = PLANE('',#14576);
#14576 = AXIS2_PLACEMENT_3D('',#14577,#14578,#14579);
#14577 = CARTESIAN_POINT('',(175.21055903889,-20.74253048196,16.21));
#14578 = DIRECTION('',(0.474087800881,0.52463392671,0.707106781187));
#14579 = DIRECTION('',(0.830592721063,3.608224830032E-16,-0.556880356735
    ));
#14580 = ADVANCED_FACE('',(#14581),#14592,.T.);
#14581 = FACE_BOUND('',#14582,.T.);
#14582 = EDGE_LOOP('',(#14583,#14584,#14585,#14591));
#14583 = ORIENTED_EDGE('',*,*,#13086,.F.);
#14584 = ORIENTED_EDGE('',*,*,#14552,.F.);
#14585 = ORIENTED_EDGE('',*,*,#14586,.F.);
#14586 = EDGE_CURVE('',#12459,#14545,#14587,.T.);
#14587 = LINE('',#14588,#14589);
#14588 = CARTESIAN_POINT('',(169.74201639784,-14.79,1.51));
#14589 = VECTOR('',#14590,1.);
#14590 = DIRECTION('',(0.,0.,1.));
#14591 = ORIENTED_EDGE('',*,*,#12458,.F.);
#14592 = PLANE('',#14593);
#14593 = AXIS2_PLACEMENT_3D('',#14594,#14595,#14596);
#14594 = CARTESIAN_POINT('',(149.11,-14.79,1.51));
#14595 = DIRECTION('',(3.228641359769E-16,1.,0.));
#14596 = DIRECTION('',(1.,-3.228641359769E-16,0.));
#14597 = ADVANCED_FACE('',(#14598),#14609,.T.);
#14598 = FACE_BOUND('',#14599,.T.);
#14599 = EDGE_LOOP('',(#14600,#14601,#14607,#14608));
#14600 = ORIENTED_EDGE('',*,*,#14569,.F.);
#14601 = ORIENTED_EDGE('',*,*,#14602,.F.);
#14602 = EDGE_CURVE('',#12467,#13476,#14603,.T.);
#14603 = LINE('',#14604,#14605);
#14604 = CARTESIAN_POINT('',(172.75201639784,-17.51,1.51));
#14605 = VECTOR('',#14606,1.);
#14606 = DIRECTION('',(0.,0.,1.));
#14607 = ORIENTED_EDGE('',*,*,#12466,.F.);
#14608 = ORIENTED_EDGE('',*,*,#14586,.T.);
#14609 = PLANE('',#14610);
#14610 = AXIS2_PLACEMENT_3D('',#14611,#14612,#14613);
#14611 = CARTESIAN_POINT('',(169.74201639784,-14.79,1.51));
#14612 = DIRECTION('',(0.670461397762,0.741944414435,0.));
#14613 = DIRECTION('',(0.741944414435,-0.670461397762,0.));
#14614 = ADVANCED_FACE('',(#14615),#14621,.T.);
#14615 = FACE_BOUND('',#14616,.T.);
#14616 = EDGE_LOOP('',(#14617,#14618,#14619,#14620));
#14617 = ORIENTED_EDGE('',*,*,#13451,.F.);
#14618 = ORIENTED_EDGE('',*,*,#12474,.F.);
#14619 = ORIENTED_EDGE('',*,*,#14602,.T.);
#14620 = ORIENTED_EDGE('',*,*,#13475,.F.);
#14621 = PLANE('',#14622);
#14622 = AXIS2_PLACEMENT_3D('',#14623,#14624,#14625);
#14623 = CARTESIAN_POINT('',(172.75201639784,-17.51,1.51));
#14624 = DIRECTION('',(1.982630351374E-16,1.,0.));
#14625 = DIRECTION('',(1.,-1.982630351374E-16,0.));
#14626 = ADVANCED_FACE('',(#14627),#14633,.T.);
#14627 = FACE_BOUND('',#14628,.T.);
#14628 = EDGE_LOOP('',(#14629,#14630,#14631,#14632));
#14629 = ORIENTED_EDGE('',*,*,#13276,.F.);
#14630 = ORIENTED_EDGE('',*,*,#14240,.F.);
#14631 = ORIENTED_EDGE('',*,*,#13790,.F.);
#14632 = ORIENTED_EDGE('',*,*,#12525,.F.);
#14633 = PLANE('',#14634);
#14634 = AXIS2_PLACEMENT_3D('',#14635,#14636,#14637);
#14635 = CARTESIAN_POINT('',(130.09151783208,-126.56,1.51));
#14636 = DIRECTION('',(0.571146568369,-0.820848096447,0.));
#14637 = DIRECTION('',(-0.820848096447,-0.571146568369,0.));
#14638 = ADVANCED_FACE('',(#14639),#14645,.T.);
#14639 = FACE_BOUND('',#14640,.T.);
#14640 = EDGE_LOOP('',(#14641,#14642,#14643,#14644));
#14641 = ORIENTED_EDGE('',*,*,#13664,.F.);
#14642 = ORIENTED_EDGE('',*,*,#12559,.F.);
#14643 = ORIENTED_EDGE('',*,*,#13692,.F.);
#14644 = ORIENTED_EDGE('',*,*,#14208,.F.);
#14645 = PLANE('',#14646);
#14646 = AXIS2_PLACEMENT_3D('',#14647,#14648,#14649);
#14647 = CARTESIAN_POINT('',(21.258484908778,-119.6490738108,1.51));
#14648 = DIRECTION('',(-0.601166270246,0.799123967554,0.));
#14649 = DIRECTION('',(0.799123967554,0.601166270246,0.));
#14650 = ADVANCED_FACE('',(#14651),#14657,.T.);
#14651 = FACE_BOUND('',#14652,.T.);
#14652 = EDGE_LOOP('',(#14653,#14654,#14655,#14656));
#14653 = ORIENTED_EDGE('',*,*,#13242,.F.);
#14654 = ORIENTED_EDGE('',*,*,#12593,.F.);
#14655 = ORIENTED_EDGE('',*,*,#13526,.F.);
#14656 = ORIENTED_EDGE('',*,*,#13558,.F.);
#14657 = PLANE('',#14658);
#14658 = AXIS2_PLACEMENT_3D('',#14659,#14660,#14661);
#14659 = CARTESIAN_POINT('',(30.61,-14.78,1.51));
#14660 = DIRECTION('',(0.,1.,0.));
#14661 = DIRECTION('',(1.,0.,0.));
#14662 = ADVANCED_FACE('',(#14663),#14688,.T.);
#14663 = FACE_BOUND('',#14664,.T.);
#14664 = EDGE_LOOP('',(#14665,#14666,#14674,#14682));
#14665 = ORIENTED_EDGE('',*,*,#14493,.F.);
#14666 = ORIENTED_EDGE('',*,*,#14667,.F.);
#14667 = EDGE_CURVE('',#14668,#14118,#14670,.T.);
#14668 = VERTEX_POINT('',#14669);
#14669 = CARTESIAN_POINT('',(60.919363094053,-171.0352676693,1.51));
#14670 = LINE('',#14671,#14672);
#14671 = CARTESIAN_POINT('',(60.919363094053,-171.0352676693,1.51));
#14672 = VECTOR('',#14673,1.);
#14673 = DIRECTION('',(0.,0.,1.));
#14674 = ORIENTED_EDGE('',*,*,#14675,.F.);
#14675 = EDGE_CURVE('',#14676,#14668,#14678,.T.);
#14676 = VERTEX_POINT('',#14677);
#14677 = CARTESIAN_POINT('',(25.379494969593,-120.3030246036,1.51));
#14678 = LINE('',#14679,#14680);
#14679 = CARTESIAN_POINT('',(52.563799954749,-159.1079172737,1.51));
#14680 = VECTOR('',#14681,1.);
#14681 = DIRECTION('',(0.573758079099,-0.819024826649,0.));
#14682 = ORIENTED_EDGE('',*,*,#14683,.T.);
#14683 = EDGE_CURVE('',#14676,#14468,#14684,.T.);
#14684 = LINE('',#14685,#14686);
#14685 = CARTESIAN_POINT('',(25.379494969593,-120.3030246036,1.51));
#14686 = VECTOR('',#14687,1.);
#14687 = DIRECTION('',(0.,0.,1.));
#14688 = PLANE('',#14689);
#14689 = AXIS2_PLACEMENT_3D('',#14690,#14691,#14692);
#14690 = CARTESIAN_POINT('',(60.919363094053,-171.0352676693,1.51));
#14691 = DIRECTION('',(0.819024826649,0.573758079099,0.));
#14692 = DIRECTION('',(-0.573758079099,0.819024826649,0.));
#14693 = ADVANCED_FACE('',(#14694),#14712,.T.);
#14694 = FACE_BOUND('',#14695,.T.);
#14695 = EDGE_LOOP('',(#14696,#14697,#14705,#14711));
#14696 = ORIENTED_EDGE('',*,*,#14117,.F.);
#14697 = ORIENTED_EDGE('',*,*,#14698,.F.);
#14698 = EDGE_CURVE('',#14699,#14110,#14701,.T.);
#14699 = VERTEX_POINT('',#14700);
#14700 = CARTESIAN_POINT('',(129.15050594403,-123.56,1.51));
#14701 = LINE('',#14702,#14703);
#14702 = CARTESIAN_POINT('',(129.15050594403,-123.56,1.51));
#14703 = VECTOR('',#14704,1.);
#14704 = DIRECTION('',(0.,0.,1.));
#14705 = ORIENTED_EDGE('',*,*,#14706,.F.);
#14706 = EDGE_CURVE('',#14668,#14699,#14707,.T.);
#14707 = LINE('',#14708,#14709);
#14708 = CARTESIAN_POINT('',(132.67837162501,-121.1053090698,1.51));
#14709 = VECTOR('',#14710,1.);
#14710 = DIRECTION('',(0.820848096447,0.571146568369,0.));
#14711 = ORIENTED_EDGE('',*,*,#14667,.T.);
#14712 = PLANE('',#14713);
#14713 = AXIS2_PLACEMENT_3D('',#14714,#14715,#14716);
#14714 = CARTESIAN_POINT('',(129.15050594403,-123.56,1.51));
#14715 = DIRECTION('',(-0.571146568369,0.820848096447,0.));
#14716 = DIRECTION('',(-0.820848096447,-0.571146568369,0.));
#14717 = ADVANCED_FACE('',(#14718),#14736,.T.);
#14718 = FACE_BOUND('',#14719,.T.);
#14719 = EDGE_LOOP('',(#14720,#14721,#14729,#14735));
#14720 = ORIENTED_EDGE('',*,*,#14141,.F.);
#14721 = ORIENTED_EDGE('',*,*,#14722,.F.);
#14722 = EDGE_CURVE('',#14723,#13990,#14725,.T.);
#14723 = VERTEX_POINT('',#14724);
#14724 = CARTESIAN_POINT('',(214.55,-123.56,1.51));
#14725 = LINE('',#14726,#14727);
#14726 = CARTESIAN_POINT('',(214.55,-123.56,1.51));
#14727 = VECTOR('',#14728,1.);
#14728 = DIRECTION('',(0.,0.,1.));
#14729 = ORIENTED_EDGE('',*,*,#14730,.F.);
#14730 = EDGE_CURVE('',#14699,#14723,#14731,.T.);
#14731 = LINE('',#14732,#14733);
#14732 = CARTESIAN_POINT('',(166.97712122719,-123.56,1.51));
#14733 = VECTOR('',#14734,1.);
#14734 = DIRECTION('',(1.,0.,0.));
#14735 = ORIENTED_EDGE('',*,*,#14698,.T.);
#14736 = PLANE('',#14737);
#14737 = AXIS2_PLACEMENT_3D('',#14738,#14739,#14740);
#14738 = CARTESIAN_POINT('',(214.55,-123.56,1.51));
#14739 = DIRECTION('',(0.,1.,0.));
#14740 = DIRECTION('',(-1.,0.,0.));
#14741 = ADVANCED_FACE('',(#14742),#14760,.T.);
#14742 = FACE_BOUND('',#14743,.T.);
#14743 = EDGE_LOOP('',(#14744,#14745,#14753,#14759));
#14744 = ORIENTED_EDGE('',*,*,#13989,.F.);
#14745 = ORIENTED_EDGE('',*,*,#14746,.F.);
#14746 = EDGE_CURVE('',#14747,#13982,#14749,.T.);
#14747 = VERTEX_POINT('',#14748);
#14748 = CARTESIAN_POINT('',(214.55,-20.51,1.51));
#14749 = LINE('',#14750,#14751);
#14750 = CARTESIAN_POINT('',(214.55,-20.51,1.51));
#14751 = VECTOR('',#14752,1.);
#14752 = DIRECTION('',(0.,0.,1.));
#14753 = ORIENTED_EDGE('',*,*,#14754,.F.);
#14754 = EDGE_CURVE('',#14723,#14747,#14755,.T.);
#14755 = LINE('',#14756,#14757);
#14756 = CARTESIAN_POINT('',(214.55,-57.50645075198,1.51));
#14757 = VECTOR('',#14758,1.);
#14758 = DIRECTION('',(0.,1.,0.));
#14759 = ORIENTED_EDGE('',*,*,#14722,.T.);
#14760 = PLANE('',#14761);
#14761 = AXIS2_PLACEMENT_3D('',#14762,#14763,#14764);
#14762 = CARTESIAN_POINT('',(214.55,-20.51,1.51));
#14763 = DIRECTION('',(-1.,0.,0.));
#14764 = DIRECTION('',(0.,-1.,0.));
#14765 = ADVANCED_FACE('',(#14766),#14777,.T.);
#14766 = FACE_BOUND('',#14767,.T.);
#14767 = EDGE_LOOP('',(#14768,#14769,#14770,#14776));
#14768 = ORIENTED_EDGE('',*,*,#14021,.F.);
#14769 = ORIENTED_EDGE('',*,*,#14527,.F.);
#14770 = ORIENTED_EDGE('',*,*,#14771,.F.);
#14771 = EDGE_CURVE('',#14747,#14520,#14772,.T.);
#14772 = LINE('',#14773,#14774);
#14773 = CARTESIAN_POINT('',(145.50079062683,-20.51,1.51));
#14774 = VECTOR('',#14775,1.);
#14775 = DIRECTION('',(-1.,0.,0.));
#14776 = ORIENTED_EDGE('',*,*,#14746,.T.);
#14777 = PLANE('',#14778);
#14778 = AXIS2_PLACEMENT_3D('',#14779,#14780,#14781);
#14779 = CARTESIAN_POINT('',(171.59733879928,-20.51,1.51));
#14780 = DIRECTION('',(0.,-1.,0.));
#14781 = DIRECTION('',(1.,0.,0.));
#14782 = ADVANCED_FACE('',(#14783),#14794,.T.);
#14783 = FACE_BOUND('',#14784,.T.);
#14784 = EDGE_LOOP('',(#14785,#14786,#14787,#14793));
#14785 = ORIENTED_EDGE('',*,*,#14266,.F.);
#14786 = ORIENTED_EDGE('',*,*,#14315,.F.);
#14787 = ORIENTED_EDGE('',*,*,#14788,.F.);
#14788 = EDGE_CURVE('',#14512,#14308,#14789,.T.);
#14789 = LINE('',#14790,#14791);
#14790 = CARTESIAN_POINT('',(132.75712122719,-17.79,1.51));
#14791 = VECTOR('',#14792,1.);
#14792 = DIRECTION('',(-1.,0.,0.));
#14793 = ORIENTED_EDGE('',*,*,#14511,.T.);
#14794 = PLANE('',#14795);
#14795 = AXIS2_PLACEMENT_3D('',#14796,#14797,#14798);
#14796 = CARTESIAN_POINT('',(146.11,-17.79,1.51));
#14797 = DIRECTION('',(0.,-1.,0.));
#14798 = DIRECTION('',(1.,0.,0.));
#14799 = ADVANCED_FACE('',(#14800),#14813,.T.);
#14800 = FACE_BOUND('',#14801,.T.);
#14801 = EDGE_LOOP('',(#14802,#14803,#14804,#14810,#14811,#14812));
#14802 = ORIENTED_EDGE('',*,*,#14346,.F.);
#14803 = ORIENTED_EDGE('',*,*,#14378,.F.);
#14804 = ORIENTED_EDGE('',*,*,#14805,.F.);
#14805 = EDGE_CURVE('',#14418,#14371,#14806,.T.);
#14806 = LINE('',#14807,#14808);
#14807 = CARTESIAN_POINT('',(123.66,-56.14145075198,1.51));
#14808 = VECTOR('',#14809,1.);
#14809 = DIRECTION('',(0.,-1.,0.));
#14810 = ORIENTED_EDGE('',*,*,#14417,.T.);
#14811 = ORIENTED_EDGE('',*,*,#14392,.T.);
#14812 = ORIENTED_EDGE('',*,*,#13864,.F.);
#14813 = PLANE('',#14814);
#14814 = AXIS2_PLACEMENT_3D('',#14815,#14816,#14817);
#14815 = CARTESIAN_POINT('',(123.66,-17.78,1.51));
#14816 = DIRECTION('',(1.,0.,0.));
#14817 = DIRECTION('',(-0.,1.,0.));
#14818 = ADVANCED_FACE('',(#14819),#14837,.T.);
#14819 = FACE_BOUND('',#14820,.T.);
#14820 = EDGE_LOOP('',(#14821,#14822,#14830,#14836));
#14821 = ORIENTED_EDGE('',*,*,#14450,.F.);
#14822 = ORIENTED_EDGE('',*,*,#14823,.F.);
#14823 = EDGE_CURVE('',#14824,#14443,#14826,.T.);
#14824 = VERTEX_POINT('',#14825);
#14825 = CARTESIAN_POINT('',(33.61,-114.1113669731,1.51));
#14826 = LINE('',#14827,#14828);
#14827 = CARTESIAN_POINT('',(33.61,-114.1113669731,1.51));
#14828 = VECTOR('',#14829,1.);
#14829 = DIRECTION('',(0.,0.,1.));
#14830 = ORIENTED_EDGE('',*,*,#14831,.F.);
#14831 = EDGE_CURVE('',#14363,#14824,#14832,.T.);
#14832 = LINE('',#14833,#14834);
#14833 = CARTESIAN_POINT('',(33.61,-104.3071342385,1.51));
#14834 = VECTOR('',#14835,1.);
#14835 = DIRECTION('',(-4.610016693459E-17,-1.,0.));
#14836 = ORIENTED_EDGE('',*,*,#14362,.T.);
#14837 = PLANE('',#14838);
#14838 = AXIS2_PLACEMENT_3D('',#14839,#14840,#14841);
#14839 = CARTESIAN_POINT('',(33.61,-114.1113669731,1.51));
#14840 = DIRECTION('',(1.,-4.610016693459E-17,0.));
#14841 = DIRECTION('',(4.610016693459E-17,1.,0.));
#14842 = ADVANCED_FACE('',(#14843),#14854,.T.);
#14843 = FACE_BOUND('',#14844,.T.);
#14844 = EDGE_LOOP('',(#14845,#14846,#14847,#14853));
#14845 = ORIENTED_EDGE('',*,*,#14475,.F.);
#14846 = ORIENTED_EDGE('',*,*,#14683,.F.);
#14847 = ORIENTED_EDGE('',*,*,#14848,.F.);
#14848 = EDGE_CURVE('',#14824,#14676,#14849,.T.);
#14849 = LINE('',#14850,#14851);
#14850 = CARTESIAN_POINT('',(61.598827066847,-93.05588689812,1.51));
#14851 = VECTOR('',#14852,1.);
#14852 = DIRECTION('',(-0.799123967554,-0.601166270246,0.));
#14853 = ORIENTED_EDGE('',*,*,#14823,.T.);
#14854 = PLANE('',#14855);
#14855 = AXIS2_PLACEMENT_3D('',#14856,#14857,#14858);
#14856 = CARTESIAN_POINT('',(25.379494969593,-120.3030246036,1.51));
#14857 = DIRECTION('',(0.601166270246,-0.799123967554,0.));
#14858 = DIRECTION('',(0.799123967554,0.601166270246,0.));
#14859 = ADVANCED_FACE('',(#14860,#14875,#14881,#14888,#14894,#14900,
    #14910,#14920,#14926,#14936,#14943,#14950,#14958,#14964,#14973,
    #14979,#14985,#14992,#14999,#15006,#15013,#15019,#15028,#15035,
    #15041,#15047,#15054,#15060,#15069,#15075,#15082,#15091,#15098,
    #15105,#15112,#15119,#15126,#15133,#15139,#15145,#15152,#15160,
    #15166,#15173,#15183,#15190,#15199,#15206,#15213,#15220,#15229,
    #15237,#15243,#15250,#15256,#15263,#15270,#15277,#15286,#15293,
    #15302,#15309,#15317,#15323,#15328),#15334,.T.);
#14860 = FACE_BOUND('',#14861,.T.);
#14861 = EDGE_LOOP('',(#14862,#14863,#14864,#14865,#14866,#14867,#14868,
    #14869,#14870,#14871,#14872,#14873,#14874));
#14862 = ORIENTED_EDGE('',*,*,#14675,.T.);
#14863 = ORIENTED_EDGE('',*,*,#14706,.T.);
#14864 = ORIENTED_EDGE('',*,*,#14730,.T.);
#14865 = ORIENTED_EDGE('',*,*,#14754,.T.);
#14866 = ORIENTED_EDGE('',*,*,#14771,.T.);
#14867 = ORIENTED_EDGE('',*,*,#14519,.T.);
#14868 = ORIENTED_EDGE('',*,*,#14788,.T.);
#14869 = ORIENTED_EDGE('',*,*,#14307,.T.);
#14870 = ORIENTED_EDGE('',*,*,#14425,.T.);
#14871 = ORIENTED_EDGE('',*,*,#14805,.T.);
#14872 = ORIENTED_EDGE('',*,*,#14370,.T.);
#14873 = ORIENTED_EDGE('',*,*,#14831,.T.);
#14874 = ORIENTED_EDGE('',*,*,#14848,.T.);
#14875 = FACE_BOUND('',#14876,.T.);
#14876 = EDGE_LOOP('',(#14877,#14878,#14879,#14880));
#14877 = ORIENTED_EDGE('',*,*,#122,.T.);
#14878 = ORIENTED_EDGE('',*,*,#150,.T.);
#14879 = ORIENTED_EDGE('',*,*,#48,.T.);
#14880 = ORIENTED_EDGE('',*,*,#85,.T.);
#14881 = FACE_BOUND('',#14882,.T.);
#14882 = EDGE_LOOP('',(#14883,#14884,#14885,#14886,#14887));
#14883 = ORIENTED_EDGE('',*,*,#274,.T.);
#14884 = ORIENTED_EDGE('',*,*,#311,.T.);
#14885 = ORIENTED_EDGE('',*,*,#339,.T.);
#14886 = ORIENTED_EDGE('',*,*,#200,.T.);
#14887 = ORIENTED_EDGE('',*,*,#237,.T.);
#14888 = FACE_BOUND('',#14889,.T.);
#14889 = EDGE_LOOP('',(#14890,#14891,#14892,#14893));
#14890 = ORIENTED_EDGE('',*,*,#459,.T.);
#14891 = ORIENTED_EDGE('',*,*,#487,.T.);
#14892 = ORIENTED_EDGE('',*,*,#385,.T.);
#14893 = ORIENTED_EDGE('',*,*,#422,.T.);
#14894 = FACE_BOUND('',#14895,.T.);
#14895 = EDGE_LOOP('',(#14896,#14897,#14898,#14899));
#14896 = ORIENTED_EDGE('',*,*,#607,.T.);
#14897 = ORIENTED_EDGE('',*,*,#635,.T.);
#14898 = ORIENTED_EDGE('',*,*,#533,.T.);
#14899 = ORIENTED_EDGE('',*,*,#570,.T.);
#14900 = FACE_BOUND('',#14901,.T.);
#14901 = EDGE_LOOP('',(#14902,#14903,#14904,#14905,#14906,#14907,#14908,
    #14909));
#14902 = ORIENTED_EDGE('',*,*,#837,.T.);
#14903 = ORIENTED_EDGE('',*,*,#874,.T.);
#14904 = ORIENTED_EDGE('',*,*,#911,.T.);
#14905 = ORIENTED_EDGE('',*,*,#939,.T.);
#14906 = ORIENTED_EDGE('',*,*,#681,.T.);
#14907 = ORIENTED_EDGE('',*,*,#718,.T.);
#14908 = ORIENTED_EDGE('',*,*,#755,.T.);
#14909 = ORIENTED_EDGE('',*,*,#792,.T.);
#14910 = FACE_BOUND('',#14911,.T.);
#14911 = EDGE_LOOP('',(#14912,#14913,#14914,#14915,#14916,#14917,#14918,
    #14919));
#14912 = ORIENTED_EDGE('',*,*,#1121,.T.);
#14913 = ORIENTED_EDGE('',*,*,#1158,.T.);
#14914 = ORIENTED_EDGE('',*,*,#1195,.T.);
#14915 = ORIENTED_EDGE('',*,*,#1223,.T.);
#14916 = ORIENTED_EDGE('',*,*,#985,.T.);
#14917 = ORIENTED_EDGE('',*,*,#1004,.T.);
#14918 = ORIENTED_EDGE('',*,*,#1035,.T.);
#14919 = ORIENTED_EDGE('',*,*,#1084,.T.);
#14920 = FACE_BOUND('',#14921,.T.);
#14921 = EDGE_LOOP('',(#14922,#14923,#14924,#14925));
#14922 = ORIENTED_EDGE('',*,*,#1343,.T.);
#14923 = ORIENTED_EDGE('',*,*,#1371,.T.);
#14924 = ORIENTED_EDGE('',*,*,#1269,.T.);
#14925 = ORIENTED_EDGE('',*,*,#1306,.T.);
#14926 = FACE_BOUND('',#14927,.T.);
#14927 = EDGE_LOOP('',(#14928,#14929,#14930,#14931,#14932,#14933,#14934,
    #14935));
#14928 = ORIENTED_EDGE('',*,*,#1565,.T.);
#14929 = ORIENTED_EDGE('',*,*,#1602,.T.);
#14930 = ORIENTED_EDGE('',*,*,#1639,.T.);
#14931 = ORIENTED_EDGE('',*,*,#1667,.T.);
#14932 = ORIENTED_EDGE('',*,*,#1417,.T.);
#14933 = ORIENTED_EDGE('',*,*,#1454,.T.);
#14934 = ORIENTED_EDGE('',*,*,#1491,.T.);
#14935 = ORIENTED_EDGE('',*,*,#1528,.T.);
#14936 = FACE_BOUND('',#14937,.T.);
#14937 = EDGE_LOOP('',(#14938,#14939,#14940,#14941,#14942));
#14938 = ORIENTED_EDGE('',*,*,#1787,.T.);
#14939 = ORIENTED_EDGE('',*,*,#1824,.T.);
#14940 = ORIENTED_EDGE('',*,*,#1852,.T.);
#14941 = ORIENTED_EDGE('',*,*,#1713,.T.);
#14942 = ORIENTED_EDGE('',*,*,#1750,.T.);
#14943 = FACE_BOUND('',#14944,.T.);
#14944 = EDGE_LOOP('',(#14945,#14946,#14947,#14948,#14949));
#14945 = ORIENTED_EDGE('',*,*,#1972,.T.);
#14946 = ORIENTED_EDGE('',*,*,#2009,.T.);
#14947 = ORIENTED_EDGE('',*,*,#2037,.T.);
#14948 = ORIENTED_EDGE('',*,*,#1898,.T.);
#14949 = ORIENTED_EDGE('',*,*,#1935,.T.);
#14950 = FACE_BOUND('',#14951,.T.);
#14951 = EDGE_LOOP('',(#14952,#14953,#14954,#14955,#14956,#14957));
#14952 = ORIENTED_EDGE('',*,*,#2194,.T.);
#14953 = ORIENTED_EDGE('',*,*,#2231,.T.);
#14954 = ORIENTED_EDGE('',*,*,#2259,.T.);
#14955 = ORIENTED_EDGE('',*,*,#2083,.T.);
#14956 = ORIENTED_EDGE('',*,*,#2120,.T.);
#14957 = ORIENTED_EDGE('',*,*,#2157,.T.);
#14958 = FACE_BOUND('',#14959,.T.);
#14959 = EDGE_LOOP('',(#14960,#14961,#14962,#14963));
#14960 = ORIENTED_EDGE('',*,*,#2379,.T.);
#14961 = ORIENTED_EDGE('',*,*,#2407,.T.);
#14962 = ORIENTED_EDGE('',*,*,#2305,.T.);
#14963 = ORIENTED_EDGE('',*,*,#2342,.T.);
#14964 = FACE_BOUND('',#14965,.T.);
#14965 = EDGE_LOOP('',(#14966,#14967,#14968,#14969,#14970,#14971,#14972)
  );
#14966 = ORIENTED_EDGE('',*,*,#2564,.T.);
#14967 = ORIENTED_EDGE('',*,*,#2601,.T.);
#14968 = ORIENTED_EDGE('',*,*,#2638,.T.);
#14969 = ORIENTED_EDGE('',*,*,#2668,.T.);
#14970 = ORIENTED_EDGE('',*,*,#2453,.T.);
#14971 = ORIENTED_EDGE('',*,*,#2490,.T.);
#14972 = ORIENTED_EDGE('',*,*,#2527,.T.);
#14973 = FACE_BOUND('',#14974,.T.);
#14974 = EDGE_LOOP('',(#14975,#14976,#14977,#14978));
#14975 = ORIENTED_EDGE('',*,*,#2788,.T.);
#14976 = ORIENTED_EDGE('',*,*,#2816,.T.);
#14977 = ORIENTED_EDGE('',*,*,#2714,.T.);
#14978 = ORIENTED_EDGE('',*,*,#2751,.T.);
#14979 = FACE_BOUND('',#14980,.T.);
#14980 = EDGE_LOOP('',(#14981,#14982,#14983,#14984));
#14981 = ORIENTED_EDGE('',*,*,#2936,.T.);
#14982 = ORIENTED_EDGE('',*,*,#2964,.T.);
#14983 = ORIENTED_EDGE('',*,*,#2862,.T.);
#14984 = ORIENTED_EDGE('',*,*,#2899,.T.);
#14985 = FACE_BOUND('',#14986,.T.);
#14986 = EDGE_LOOP('',(#14987,#14988,#14989,#14990,#14991));
#14987 = ORIENTED_EDGE('',*,*,#3084,.T.);
#14988 = ORIENTED_EDGE('',*,*,#3121,.T.);
#14989 = ORIENTED_EDGE('',*,*,#3149,.T.);
#14990 = ORIENTED_EDGE('',*,*,#3010,.T.);
#14991 = ORIENTED_EDGE('',*,*,#3047,.T.);
#14992 = FACE_BOUND('',#14993,.T.);
#14993 = EDGE_LOOP('',(#14994,#14995,#14996,#14997,#14998));
#14994 = ORIENTED_EDGE('',*,*,#3269,.T.);
#14995 = ORIENTED_EDGE('',*,*,#3306,.T.);
#14996 = ORIENTED_EDGE('',*,*,#3334,.T.);
#14997 = ORIENTED_EDGE('',*,*,#3195,.T.);
#14998 = ORIENTED_EDGE('',*,*,#3232,.T.);
#14999 = FACE_BOUND('',#15000,.T.);
#15000 = EDGE_LOOP('',(#15001,#15002,#15003,#15004,#15005));
#15001 = ORIENTED_EDGE('',*,*,#3454,.T.);
#15002 = ORIENTED_EDGE('',*,*,#3491,.T.);
#15003 = ORIENTED_EDGE('',*,*,#3519,.T.);
#15004 = ORIENTED_EDGE('',*,*,#3380,.T.);
#15005 = ORIENTED_EDGE('',*,*,#3417,.T.);
#15006 = FACE_BOUND('',#15007,.T.);
#15007 = EDGE_LOOP('',(#15008,#15009,#15010,#15011,#15012));
#15008 = ORIENTED_EDGE('',*,*,#3639,.T.);
#15009 = ORIENTED_EDGE('',*,*,#3676,.T.);
#15010 = ORIENTED_EDGE('',*,*,#3704,.T.);
#15011 = ORIENTED_EDGE('',*,*,#3565,.T.);
#15012 = ORIENTED_EDGE('',*,*,#3602,.T.);
#15013 = FACE_BOUND('',#15014,.T.);
#15014 = EDGE_LOOP('',(#15015,#15016,#15017,#15018));
#15015 = ORIENTED_EDGE('',*,*,#3836,.T.);
#15016 = ORIENTED_EDGE('',*,*,#3864,.T.);
#15017 = ORIENTED_EDGE('',*,*,#3762,.T.);
#15018 = ORIENTED_EDGE('',*,*,#3799,.T.);
#15019 = FACE_BOUND('',#15020,.T.);
#15020 = EDGE_LOOP('',(#15021,#15022,#15023,#15024,#15025,#15026,#15027)
  );
#15021 = ORIENTED_EDGE('',*,*,#4023,.T.);
#15022 = ORIENTED_EDGE('',*,*,#4060,.T.);
#15023 = ORIENTED_EDGE('',*,*,#4101,.T.);
#15024 = ORIENTED_EDGE('',*,*,#4129,.T.);
#15025 = ORIENTED_EDGE('',*,*,#3910,.T.);
#15026 = ORIENTED_EDGE('',*,*,#3949,.T.);
#15027 = ORIENTED_EDGE('',*,*,#3986,.T.);
#15028 = FACE_BOUND('',#15029,.T.);
#15029 = EDGE_LOOP('',(#15030,#15031,#15032,#15033,#15034));
#15030 = ORIENTED_EDGE('',*,*,#4249,.T.);
#15031 = ORIENTED_EDGE('',*,*,#4286,.T.);
#15032 = ORIENTED_EDGE('',*,*,#4314,.T.);
#15033 = ORIENTED_EDGE('',*,*,#4175,.T.);
#15034 = ORIENTED_EDGE('',*,*,#4212,.T.);
#15035 = FACE_BOUND('',#15036,.T.);
#15036 = EDGE_LOOP('',(#15037,#15038,#15039,#15040));
#15037 = ORIENTED_EDGE('',*,*,#4434,.T.);
#15038 = ORIENTED_EDGE('',*,*,#4462,.T.);
#15039 = ORIENTED_EDGE('',*,*,#4360,.T.);
#15040 = ORIENTED_EDGE('',*,*,#4397,.T.);
#15041 = FACE_BOUND('',#15042,.T.);
#15042 = EDGE_LOOP('',(#15043,#15044,#15045,#15046));
#15043 = ORIENTED_EDGE('',*,*,#4582,.T.);
#15044 = ORIENTED_EDGE('',*,*,#4610,.T.);
#15045 = ORIENTED_EDGE('',*,*,#4508,.T.);
#15046 = ORIENTED_EDGE('',*,*,#4545,.T.);
#15047 = FACE_BOUND('',#15048,.T.);
#15048 = EDGE_LOOP('',(#15049,#15050,#15051,#15052,#15053));
#15049 = ORIENTED_EDGE('',*,*,#4730,.T.);
#15050 = ORIENTED_EDGE('',*,*,#4767,.T.);
#15051 = ORIENTED_EDGE('',*,*,#4795,.T.);
#15052 = ORIENTED_EDGE('',*,*,#4656,.T.);
#15053 = ORIENTED_EDGE('',*,*,#4693,.T.);
#15054 = FACE_BOUND('',#15055,.T.);
#15055 = EDGE_LOOP('',(#15056,#15057,#15058,#15059));
#15056 = ORIENTED_EDGE('',*,*,#4915,.T.);
#15057 = ORIENTED_EDGE('',*,*,#4943,.T.);
#15058 = ORIENTED_EDGE('',*,*,#4841,.T.);
#15059 = ORIENTED_EDGE('',*,*,#4878,.T.);
#15060 = FACE_BOUND('',#15061,.T.);
#15061 = EDGE_LOOP('',(#15062,#15063,#15064,#15065,#15066,#15067,#15068)
  );
#15062 = ORIENTED_EDGE('',*,*,#5104,.T.);
#15063 = ORIENTED_EDGE('',*,*,#5145,.T.);
#15064 = ORIENTED_EDGE('',*,*,#5182,.T.);
#15065 = ORIENTED_EDGE('',*,*,#5210,.T.);
#15066 = ORIENTED_EDGE('',*,*,#4989,.T.);
#15067 = ORIENTED_EDGE('',*,*,#5026,.T.);
#15068 = ORIENTED_EDGE('',*,*,#5063,.T.);
#15069 = FACE_BOUND('',#15070,.T.);
#15070 = EDGE_LOOP('',(#15071,#15072,#15073,#15074));
#15071 = ORIENTED_EDGE('',*,*,#5330,.T.);
#15072 = ORIENTED_EDGE('',*,*,#5362,.T.);
#15073 = ORIENTED_EDGE('',*,*,#5256,.T.);
#15074 = ORIENTED_EDGE('',*,*,#5293,.T.);
#15075 = FACE_BOUND('',#15076,.T.);
#15076 = EDGE_LOOP('',(#15077,#15078,#15079,#15080,#15081));
#15077 = ORIENTED_EDGE('',*,*,#5482,.T.);
#15078 = ORIENTED_EDGE('',*,*,#5519,.T.);
#15079 = ORIENTED_EDGE('',*,*,#5547,.T.);
#15080 = ORIENTED_EDGE('',*,*,#5408,.T.);
#15081 = ORIENTED_EDGE('',*,*,#5445,.T.);
#15082 = FACE_BOUND('',#15083,.T.);
#15083 = EDGE_LOOP('',(#15084,#15085,#15086,#15087,#15088,#15089,#15090)
  );
#15084 = ORIENTED_EDGE('',*,*,#5704,.T.);
#15085 = ORIENTED_EDGE('',*,*,#5741,.T.);
#15086 = ORIENTED_EDGE('',*,*,#5778,.T.);
#15087 = ORIENTED_EDGE('',*,*,#5806,.T.);
#15088 = ORIENTED_EDGE('',*,*,#5593,.T.);
#15089 = ORIENTED_EDGE('',*,*,#5630,.T.);
#15090 = ORIENTED_EDGE('',*,*,#5667,.T.);
#15091 = FACE_BOUND('',#15092,.T.);
#15092 = EDGE_LOOP('',(#15093,#15094,#15095,#15096,#15097));
#15093 = ORIENTED_EDGE('',*,*,#5926,.T.);
#15094 = ORIENTED_EDGE('',*,*,#5963,.T.);
#15095 = ORIENTED_EDGE('',*,*,#5991,.T.);
#15096 = ORIENTED_EDGE('',*,*,#5852,.T.);
#15097 = ORIENTED_EDGE('',*,*,#5889,.T.);
#15098 = FACE_BOUND('',#15099,.T.);
#15099 = EDGE_LOOP('',(#15100,#15101,#15102,#15103,#15104));
#15100 = ORIENTED_EDGE('',*,*,#6111,.T.);
#15101 = ORIENTED_EDGE('',*,*,#6148,.T.);
#15102 = ORIENTED_EDGE('',*,*,#6176,.T.);
#15103 = ORIENTED_EDGE('',*,*,#6037,.T.);
#15104 = ORIENTED_EDGE('',*,*,#6074,.T.);
#15105 = FACE_BOUND('',#15106,.T.);
#15106 = EDGE_LOOP('',(#15107,#15108,#15109,#15110,#15111));
#15107 = ORIENTED_EDGE('',*,*,#6296,.T.);
#15108 = ORIENTED_EDGE('',*,*,#6333,.T.);
#15109 = ORIENTED_EDGE('',*,*,#6361,.T.);
#15110 = ORIENTED_EDGE('',*,*,#6222,.T.);
#15111 = ORIENTED_EDGE('',*,*,#6259,.T.);
#15112 = FACE_BOUND('',#15113,.T.);
#15113 = EDGE_LOOP('',(#15114,#15115,#15116,#15117,#15118));
#15114 = ORIENTED_EDGE('',*,*,#6481,.T.);
#15115 = ORIENTED_EDGE('',*,*,#6520,.T.);
#15116 = ORIENTED_EDGE('',*,*,#6548,.T.);
#15117 = ORIENTED_EDGE('',*,*,#6407,.T.);
#15118 = ORIENTED_EDGE('',*,*,#6444,.T.);
#15119 = FACE_BOUND('',#15120,.T.);
#15120 = EDGE_LOOP('',(#15121,#15122,#15123,#15124,#15125));
#15121 = ORIENTED_EDGE('',*,*,#6668,.T.);
#15122 = ORIENTED_EDGE('',*,*,#6705,.T.);
#15123 = ORIENTED_EDGE('',*,*,#6733,.T.);
#15124 = ORIENTED_EDGE('',*,*,#6594,.T.);
#15125 = ORIENTED_EDGE('',*,*,#6631,.T.);
#15126 = FACE_BOUND('',#15127,.T.);
#15127 = EDGE_LOOP('',(#15128,#15129,#15130,#15131,#15132));
#15128 = ORIENTED_EDGE('',*,*,#6871,.T.);
#15129 = ORIENTED_EDGE('',*,*,#6908,.T.);
#15130 = ORIENTED_EDGE('',*,*,#6936,.T.);
#15131 = ORIENTED_EDGE('',*,*,#6787,.T.);
#15132 = ORIENTED_EDGE('',*,*,#6834,.T.);
#15133 = FACE_BOUND('',#15134,.T.);
#15134 = EDGE_LOOP('',(#15135,#15136,#15137,#15138));
#15135 = ORIENTED_EDGE('',*,*,#7056,.T.);
#15136 = ORIENTED_EDGE('',*,*,#7084,.T.);
#15137 = ORIENTED_EDGE('',*,*,#6982,.T.);
#15138 = ORIENTED_EDGE('',*,*,#7019,.T.);
#15139 = FACE_BOUND('',#15140,.T.);
#15140 = EDGE_LOOP('',(#15141,#15142,#15143,#15144));
#15141 = ORIENTED_EDGE('',*,*,#7204,.T.);
#15142 = ORIENTED_EDGE('',*,*,#7232,.T.);
#15143 = ORIENTED_EDGE('',*,*,#7130,.T.);
#15144 = ORIENTED_EDGE('',*,*,#7167,.T.);
#15145 = FACE_BOUND('',#15146,.T.);
#15146 = EDGE_LOOP('',(#15147,#15148,#15149,#15150,#15151));
#15147 = ORIENTED_EDGE('',*,*,#7356,.T.);
#15148 = ORIENTED_EDGE('',*,*,#7393,.T.);
#15149 = ORIENTED_EDGE('',*,*,#7421,.T.);
#15150 = ORIENTED_EDGE('',*,*,#7278,.T.);
#15151 = ORIENTED_EDGE('',*,*,#7319,.T.);
#15152 = FACE_BOUND('',#15153,.T.);
#15153 = EDGE_LOOP('',(#15154,#15155,#15156,#15157,#15158,#15159));
#15154 = ORIENTED_EDGE('',*,*,#7578,.T.);
#15155 = ORIENTED_EDGE('',*,*,#7615,.T.);
#15156 = ORIENTED_EDGE('',*,*,#7643,.T.);
#15157 = ORIENTED_EDGE('',*,*,#7467,.T.);
#15158 = ORIENTED_EDGE('',*,*,#7504,.T.);
#15159 = ORIENTED_EDGE('',*,*,#7541,.T.);
#15160 = FACE_BOUND('',#15161,.T.);
#15161 = EDGE_LOOP('',(#15162,#15163,#15164,#15165));
#15162 = ORIENTED_EDGE('',*,*,#7763,.T.);
#15163 = ORIENTED_EDGE('',*,*,#7791,.T.);
#15164 = ORIENTED_EDGE('',*,*,#7689,.T.);
#15165 = ORIENTED_EDGE('',*,*,#7726,.T.);
#15166 = FACE_BOUND('',#15167,.T.);
#15167 = EDGE_LOOP('',(#15168,#15169,#15170,#15171,#15172));
#15168 = ORIENTED_EDGE('',*,*,#7911,.T.);
#15169 = ORIENTED_EDGE('',*,*,#7948,.T.);
#15170 = ORIENTED_EDGE('',*,*,#7976,.T.);
#15171 = ORIENTED_EDGE('',*,*,#7837,.T.);
#15172 = ORIENTED_EDGE('',*,*,#7874,.T.);
#15173 = FACE_BOUND('',#15174,.T.);
#15174 = EDGE_LOOP('',(#15175,#15176,#15177,#15178,#15179,#15180,#15181,
    #15182));
#15175 = ORIENTED_EDGE('',*,*,#8172,.T.);
#15176 = ORIENTED_EDGE('',*,*,#8209,.T.);
#15177 = ORIENTED_EDGE('',*,*,#8246,.T.);
#15178 = ORIENTED_EDGE('',*,*,#8274,.T.);
#15179 = ORIENTED_EDGE('',*,*,#8022,.T.);
#15180 = ORIENTED_EDGE('',*,*,#8059,.T.);
#15181 = ORIENTED_EDGE('',*,*,#8096,.T.);
#15182 = ORIENTED_EDGE('',*,*,#8135,.T.);
#15183 = FACE_BOUND('',#15184,.T.);
#15184 = EDGE_LOOP('',(#15185,#15186,#15187,#15188,#15189));
#15185 = ORIENTED_EDGE('',*,*,#8394,.T.);
#15186 = ORIENTED_EDGE('',*,*,#8431,.T.);
#15187 = ORIENTED_EDGE('',*,*,#8459,.T.);
#15188 = ORIENTED_EDGE('',*,*,#8320,.T.);
#15189 = ORIENTED_EDGE('',*,*,#8357,.T.);
#15190 = FACE_BOUND('',#15191,.T.);
#15191 = EDGE_LOOP('',(#15192,#15193,#15194,#15195,#15196,#15197,#15198)
  );
#15192 = ORIENTED_EDGE('',*,*,#8616,.T.);
#15193 = ORIENTED_EDGE('',*,*,#8653,.T.);
#15194 = ORIENTED_EDGE('',*,*,#8690,.T.);
#15195 = ORIENTED_EDGE('',*,*,#8718,.T.);
#15196 = ORIENTED_EDGE('',*,*,#8505,.T.);
#15197 = ORIENTED_EDGE('',*,*,#8542,.T.);
#15198 = ORIENTED_EDGE('',*,*,#8579,.T.);
#15199 = FACE_BOUND('',#15200,.T.);
#15200 = EDGE_LOOP('',(#15201,#15202,#15203,#15204,#15205));
#15201 = ORIENTED_EDGE('',*,*,#8838,.T.);
#15202 = ORIENTED_EDGE('',*,*,#8875,.T.);
#15203 = ORIENTED_EDGE('',*,*,#8903,.T.);
#15204 = ORIENTED_EDGE('',*,*,#8764,.T.);
#15205 = ORIENTED_EDGE('',*,*,#8801,.T.);
#15206 = FACE_BOUND('',#15207,.T.);
#15207 = EDGE_LOOP('',(#15208,#15209,#15210,#15211,#15212));
#15208 = ORIENTED_EDGE('',*,*,#9023,.T.);
#15209 = ORIENTED_EDGE('',*,*,#9060,.T.);
#15210 = ORIENTED_EDGE('',*,*,#9088,.T.);
#15211 = ORIENTED_EDGE('',*,*,#8949,.T.);
#15212 = ORIENTED_EDGE('',*,*,#8986,.T.);
#15213 = FACE_BOUND('',#15214,.T.);
#15214 = EDGE_LOOP('',(#15215,#15216,#15217,#15218,#15219));
#15215 = ORIENTED_EDGE('',*,*,#9208,.T.);
#15216 = ORIENTED_EDGE('',*,*,#9245,.T.);
#15217 = ORIENTED_EDGE('',*,*,#9273,.T.);
#15218 = ORIENTED_EDGE('',*,*,#9134,.T.);
#15219 = ORIENTED_EDGE('',*,*,#9171,.T.);
#15220 = FACE_BOUND('',#15221,.T.);
#15221 = EDGE_LOOP('',(#15222,#15223,#15224,#15225,#15226,#15227,#15228)
  );
#15222 = ORIENTED_EDGE('',*,*,#9440,.T.);
#15223 = ORIENTED_EDGE('',*,*,#9477,.T.);
#15224 = ORIENTED_EDGE('',*,*,#9514,.T.);
#15225 = ORIENTED_EDGE('',*,*,#9542,.T.);
#15226 = ORIENTED_EDGE('',*,*,#9319,.T.);
#15227 = ORIENTED_EDGE('',*,*,#9356,.T.);
#15228 = ORIENTED_EDGE('',*,*,#9403,.T.);
#15229 = FACE_BOUND('',#15230,.T.);
#15230 = EDGE_LOOP('',(#15231,#15232,#15233,#15234,#15235,#15236));
#15231 = ORIENTED_EDGE('',*,*,#9701,.T.);
#15232 = ORIENTED_EDGE('',*,*,#9738,.T.);
#15233 = ORIENTED_EDGE('',*,*,#9766,.T.);
#15234 = ORIENTED_EDGE('',*,*,#9590,.T.);
#15235 = ORIENTED_EDGE('',*,*,#9627,.T.);
#15236 = ORIENTED_EDGE('',*,*,#9664,.T.);
#15237 = FACE_BOUND('',#15238,.T.);
#15238 = EDGE_LOOP('',(#15239,#15240,#15241,#15242));
#15239 = ORIENTED_EDGE('',*,*,#9886,.T.);
#15240 = ORIENTED_EDGE('',*,*,#9914,.T.);
#15241 = ORIENTED_EDGE('',*,*,#9812,.T.);
#15242 = ORIENTED_EDGE('',*,*,#9849,.T.);
#15243 = FACE_BOUND('',#15244,.T.);
#15244 = EDGE_LOOP('',(#15245,#15246,#15247,#15248,#15249));
#15245 = ORIENTED_EDGE('',*,*,#10034,.T.);
#15246 = ORIENTED_EDGE('',*,*,#10071,.T.);
#15247 = ORIENTED_EDGE('',*,*,#10099,.T.);
#15248 = ORIENTED_EDGE('',*,*,#9960,.T.);
#15249 = ORIENTED_EDGE('',*,*,#9997,.T.);
#15250 = FACE_BOUND('',#15251,.T.);
#15251 = EDGE_LOOP('',(#15252,#15253,#15254,#15255));
#15252 = ORIENTED_EDGE('',*,*,#10219,.T.);
#15253 = ORIENTED_EDGE('',*,*,#10247,.T.);
#15254 = ORIENTED_EDGE('',*,*,#10145,.T.);
#15255 = ORIENTED_EDGE('',*,*,#10182,.T.);
#15256 = FACE_BOUND('',#15257,.T.);
#15257 = EDGE_LOOP('',(#15258,#15259,#15260,#15261,#15262));
#15258 = ORIENTED_EDGE('',*,*,#10375,.T.);
#15259 = ORIENTED_EDGE('',*,*,#10412,.T.);
#15260 = ORIENTED_EDGE('',*,*,#10440,.T.);
#15261 = ORIENTED_EDGE('',*,*,#10301,.T.);
#15262 = ORIENTED_EDGE('',*,*,#10338,.T.);
#15263 = FACE_BOUND('',#15264,.T.);
#15264 = EDGE_LOOP('',(#15265,#15266,#15267,#15268,#15269));
#15265 = ORIENTED_EDGE('',*,*,#10560,.T.);
#15266 = ORIENTED_EDGE('',*,*,#10597,.T.);
#15267 = ORIENTED_EDGE('',*,*,#10625,.T.);
#15268 = ORIENTED_EDGE('',*,*,#10486,.T.);
#15269 = ORIENTED_EDGE('',*,*,#10523,.T.);
#15270 = FACE_BOUND('',#15271,.T.);
#15271 = EDGE_LOOP('',(#15272,#15273,#15274,#15275,#15276));
#15272 = ORIENTED_EDGE('',*,*,#10745,.T.);
#15273 = ORIENTED_EDGE('',*,*,#10782,.T.);
#15274 = ORIENTED_EDGE('',*,*,#10812,.T.);
#15275 = ORIENTED_EDGE('',*,*,#10671,.T.);
#15276 = ORIENTED_EDGE('',*,*,#10708,.T.);
#15277 = FACE_BOUND('',#15278,.T.);
#15278 = EDGE_LOOP('',(#15279,#15280,#15281,#15282,#15283,#15284,#15285)
  );
#15279 = ORIENTED_EDGE('',*,*,#10969,.T.);
#15280 = ORIENTED_EDGE('',*,*,#11006,.T.);
#15281 = ORIENTED_EDGE('',*,*,#11043,.T.);
#15282 = ORIENTED_EDGE('',*,*,#11071,.T.);
#15283 = ORIENTED_EDGE('',*,*,#10858,.T.);
#15284 = ORIENTED_EDGE('',*,*,#10895,.T.);
#15285 = ORIENTED_EDGE('',*,*,#10932,.T.);
#15286 = FACE_BOUND('',#15287,.T.);
#15287 = EDGE_LOOP('',(#15288,#15289,#15290,#15291,#15292));
#15288 = ORIENTED_EDGE('',*,*,#11195,.T.);
#15289 = ORIENTED_EDGE('',*,*,#11232,.T.);
#15290 = ORIENTED_EDGE('',*,*,#11260,.T.);
#15291 = ORIENTED_EDGE('',*,*,#11117,.T.);
#15292 = ORIENTED_EDGE('',*,*,#11158,.T.);
#15293 = FACE_BOUND('',#15294,.T.);
#15294 = EDGE_LOOP('',(#15295,#15296,#15297,#15298,#15299,#15300,#15301)
  );
#15295 = ORIENTED_EDGE('',*,*,#11417,.T.);
#15296 = ORIENTED_EDGE('',*,*,#11454,.T.);
#15297 = ORIENTED_EDGE('',*,*,#11491,.T.);
#15298 = ORIENTED_EDGE('',*,*,#11519,.T.);
#15299 = ORIENTED_EDGE('',*,*,#11306,.T.);
#15300 = ORIENTED_EDGE('',*,*,#11343,.T.);
#15301 = ORIENTED_EDGE('',*,*,#11380,.T.);
#15302 = FACE_BOUND('',#15303,.T.);
#15303 = EDGE_LOOP('',(#15304,#15305,#15306,#15307,#15308));
#15304 = ORIENTED_EDGE('',*,*,#11639,.T.);
#15305 = ORIENTED_EDGE('',*,*,#11676,.T.);
#15306 = ORIENTED_EDGE('',*,*,#11704,.T.);
#15307 = ORIENTED_EDGE('',*,*,#11565,.T.);
#15308 = ORIENTED_EDGE('',*,*,#11602,.T.);
#15309 = FACE_BOUND('',#15310,.T.);
#15310 = EDGE_LOOP('',(#15311,#15312,#15313,#15314,#15315,#15316));
#15311 = ORIENTED_EDGE('',*,*,#11861,.T.);
#15312 = ORIENTED_EDGE('',*,*,#11898,.T.);
#15313 = ORIENTED_EDGE('',*,*,#11926,.T.);
#15314 = ORIENTED_EDGE('',*,*,#11750,.T.);
#15315 = ORIENTED_EDGE('',*,*,#11787,.T.);
#15316 = ORIENTED_EDGE('',*,*,#11824,.T.);
#15317 = FACE_BOUND('',#15318,.T.);
#15318 = EDGE_LOOP('',(#15319,#15320,#15321,#15322));
#15319 = ORIENTED_EDGE('',*,*,#12046,.T.);
#15320 = ORIENTED_EDGE('',*,*,#12074,.T.);
#15321 = ORIENTED_EDGE('',*,*,#11972,.T.);
#15322 = ORIENTED_EDGE('',*,*,#12009,.T.);
#15323 = FACE_BOUND('',#15324,.T.);
#15324 = EDGE_LOOP('',(#15325,#15326,#15327));
#15325 = ORIENTED_EDGE('',*,*,#12157,.T.);
#15326 = ORIENTED_EDGE('',*,*,#12185,.T.);
#15327 = ORIENTED_EDGE('',*,*,#12120,.T.);
#15328 = FACE_BOUND('',#15329,.T.);
#15329 = EDGE_LOOP('',(#15330,#15331,#15332,#15333));
#15330 = ORIENTED_EDGE('',*,*,#12305,.T.);
#15331 = ORIENTED_EDGE('',*,*,#12333,.T.);
#15332 = ORIENTED_EDGE('',*,*,#12231,.T.);
#15333 = ORIENTED_EDGE('',*,*,#12268,.T.);
#15334 = PLANE('',#15335);
#15335 = AXIS2_PLACEMENT_3D('',#15336,#15337,#15338);
#15336 = CARTESIAN_POINT('',(119.40424245438,-94.50290150397,1.51));
#15337 = DIRECTION('',(0.,0.,1.));
#15338 = DIRECTION('',(-1.,0.,0.));
#15339 = ( GEOMETRIC_REPRESENTATION_CONTEXT(3) 
GLOBAL_UNCERTAINTY_ASSIGNED_CONTEXT((#15343)) 
GLOBAL_UNIT_ASSIGNED_CONTEXT((#15340,#15341,#15342)) 
REPRESENTATION_CONTEXT('Context #1',
  '3D Context with UNIT and UNCERTAINTY') );
#15340 = ( LENGTH_UNIT() NAMED_UNIT(*) SI_UNIT(.MILLI.,.METRE.) );
#15341 = ( NAMED_UNIT(*) PLANE_ANGLE_UNIT() SI_UNIT($,.RADIAN.) );
#15342 = ( NAMED_UNIT(*) SI_UNIT($,.STERADIAN.) SOLID_ANGLE_UNIT() );
#15343 = UNCERTAINTY_MEASURE_WITH_UNIT(LENGTH_MEASURE(1.E-04),#15340,
  'distance_accuracy_value','confusion accuracy');
#15344 = PRODUCT_RELATED_PRODUCT_CATEGORY('part',$,(#7));
#15345 = MECHANICAL_DESIGN_GEOMETRIC_PRESENTATION_REPRESENTATION('',(
    #15346),#15339);
#15346 = STYLED_ITEM('color',(#15347),#15);
#15347 = PRESENTATION_STYLE_ASSIGNMENT((#15348,#15354));
#15348 = SURFACE_STYLE_USAGE(.BOTH.,#15349);
#15349 = SURFACE_SIDE_STYLE('',(#15350));
#15350 = SURFACE_STYLE_FILL_AREA(#15351);
#15351 = FILL_AREA_STYLE('',(#15352));
#15352 = FILL_AREA_STYLE_COLOUR('',#15353);
#15353 = COLOUR_RGB('',0.627451011593,0.627451011593,0.627451011593);
#15354 = CURVE_STYLE('',#15355,POSITIVE_LENGTH_MEASURE(0.1),#15356);
#15355 = DRAUGHTING_PRE_DEFINED_CURVE_FONT('continuous');
#15356 = COLOUR_RGB('',9.803921802644E-02,9.803921802644E-02,
  9.803921802644E-02);
ENDSEC;
END-ISO-10303-21;
