ISO-10303-21;
HEADER;
FILE_DESCRIPTION(('FreeCAD Model'),'2;1');
FILE_NAME('Open CASCADE Shape Model','2026-04-24T23:39:01',(''),(''),
  'Open CASCADE STEP processor 7.8','FreeCAD','Unknown');
FILE_SCHEMA(('AUTOMOTIVE_DESIGN { 1 0 10303 214 1 1 1 1 }'));
ENDSEC;
DATA;
#1 = APPLICATION_PROTOCOL_DEFINITION('international standard',
  'automotive_design',2000,#2);
#2 = APPLICATION_CONTEXT(
  'core data for automotive mechanical design processes');
#3 = SHAPE_DEFINITION_REPRESENTATION(#4,#10);
#4 = PRODUCT_DEFINITION_SHAPE('','',#5);
#5 = PRODUCT_DEFINITION('design','',#6,#9);
#6 = PRODUCT_DEFINITION_FORMATION('','',#7);
#7 = PRODUCT('splitboard left_PCB001','splitboard left_PCB001','',(#8));
#8 = PRODUCT_CONTEXT('',#2,'mechanical');
#9 = PRODUCT_DEFINITION_CONTEXT('part definition',#2,'design');
#10 = ADVANCED_BREP_SHAPE_REPRESENTATION('',(#11,#15),#15306);
#11 = AXIS2_PLACEMENT_3D('',#12,#13,#14);
#12 = CARTESIAN_POINT('',(0.,0.,0.));
#13 = DIRECTION('',(0.,0.,1.));
#14 = DIRECTION('',(1.,0.,-0.));
#15 = MANIFOLD_SOLID_BREP('',#16);
#16 = CLOSED_SHELL('',(#17,#63,#100,#137,#165,#211,#248,#285,#313,#359,
    #396,#433,#461,#507,#544,#581,#618,#646,#694,#731,#768,#805,#842,
    #879,#916,#944,#990,#1027,#1064,#1101,#1129,#1175,#1212,#1249,#1286,
    #1323,#1360,#1388,#1434,#1471,#1499,#1545,#1582,#1619,#1647,#1693,
    #1730,#1767,#1804,#1832,#1878,#1915,#1952,#1989,#2017,#2063,#2100,
    #2137,#2165,#2211,#2248,#2285,#2322,#2362,#2408,#2445,#2482,#2519,
    #2547,#2593,#2630,#2667,#2704,#2732,#2778,#2815,#2852,#2889,#2917,
    #2963,#3000,#3037,#3074,#3102,#3148,#3185,#3222,#3259,#3296,#3333,
    #3372,#3400,#3446,#3483,#3520,#3556,#3602,#3639,#3676,#3713,#3741,
    #3787,#3824,#3861,#3898,#3926,#3972,#4009,#4046,#4083,#4111,#4157,
    #4194,#4231,#4261,#4307,#4344,#4381,#4418,#4455,#4491,#4537,#4574,
    #4611,#4648,#4685,#4722,#4759,#4787,#4833,#4870,#4907,#4944,#4972,
    #5018,#5055,#5092,#5129,#5166,#5203,#5231,#5277,#5314,#5351,#5388,
    #5416,#5462,#5499,#5536,#5573,#5601,#5647,#5684,#5721,#5758,#5795,
    #5832,#5860,#5906,#5943,#5980,#6008,#6054,#6091,#6128,#6165,#6193,
    #6239,#6276,#6313,#6350,#6378,#6424,#6461,#6498,#6535,#6563,#6609,
    #6646,#6683,#6720,#6757,#6794,#6822,#6868,#6917,#6954,#6982,#7028,
    #7065,#7102,#7130,#7176,#7213,#7250,#7287,#7324,#7361,#7389,#7435,
    #7472,#7509,#7537,#7583,#7620,#7657,#7685,#7731,#7768,#7805,#7833,
    #7879,#7916,#7953,#7990,#8027,#8064,#8092,#8138,#8175,#8212,#8249,
    #8277,#8323,#8360,#8397,#8434,#8462,#8508,#8545,#8582,#8619,#8647,
    #8693,#8730,#8767,#8804,#8836,#8882,#8919,#8956,#8993,#9030,#9067,
    #9095,#9141,#9178,#9215,#9243,#9289,#9326,#9363,#9400,#9437,#9465,
    #9511,#9548,#9585,#9622,#9650,#9696,#9733,#9770,#9810,#9856,#9899,
    #9936,#9973,#10010,#10047,#10075,#10121,#10158,#10195,#10232,#10260,
    #10306,#10343,#10380,#10417,#10445,#10491,#10528,#10565,#10602,
    #10630,#10676,#10713,#10750,#10787,#10824,#10861,#10889,#10935,
    #10972,#11009,#11046,#11074,#11120,#11163,#11200,#11237,#11265,
    #11313,#11350,#11387,#11428,#11465,#11502,#11530,#11576,#11613,
    #11650,#11678,#11724,#11761,#11798,#11835,#11872,#11900,#11946,
    #11983,#12020,#12057,#12094,#12122,#12168,#12217,#12254,#12291,
    #12319,#12365,#12402,#12439,#12467,#12513,#12550,#12587,#12624,
    #12652,#12698,#12735,#12772,#12800,#12860,#12920,#12962,#13004,
    #13046,#13088,#13130,#13172,#13214,#13238,#13262,#13293,#13317,
    #13341,#13365,#13389,#13413,#13444,#13468,#13492,#13516,#13540,
    #13564,#13588,#13612,#13636,#13660,#13677,#13708,#13732,#13756,
    #13780,#13804,#13828,#13852,#13876,#13900,#13924,#13941,#13972,
    #13996,#14020,#14044,#14068,#14092,#14116,#14140,#14164,#14188,
    #14205,#14236,#14253,#14277,#14301,#14318,#14812));
#17 = ADVANCED_FACE('',(#18),#54,.F.);
#18 = FACE_BOUND('',#19,.F.);
#19 = EDGE_LOOP('',(#20,#30,#39,#47));
#20 = ORIENTED_EDGE('',*,*,#21,.F.);
#21 = EDGE_CURVE('',#22,#24,#26,.T.);
#22 = VERTEX_POINT('',#23);
#23 = CARTESIAN_POINT('',(122.41251020863,-73.71838766417,-2.));
#24 = VERTEX_POINT('',#25);
#25 = CARTESIAN_POINT('',(122.41251020863,-73.71838766417,0.));
#26 = LINE('',#27,#28);
#27 = CARTESIAN_POINT('',(122.41251020863,-73.71838766417,-2.));
#28 = VECTOR('',#29,1.);
#29 = DIRECTION('',(0.,0.,1.));
#30 = ORIENTED_EDGE('',*,*,#31,.T.);
#31 = EDGE_CURVE('',#22,#32,#34,.T.);
#32 = VERTEX_POINT('',#33);
#33 = CARTESIAN_POINT('',(117.58163827911,-83.66958740018,-2.));
#34 = B_SPLINE_CURVE_WITH_KNOTS('',3,(#35,#36,#37,#38),.UNSPECIFIED.,.F.
  ,.F.,(4,4),(-1.,0.),.PIECEWISE_BEZIER_KNOTS.);
#35 = CARTESIAN_POINT('',(122.41251020863,-73.71838766417,-2.));
#36 = CARTESIAN_POINT('',(113.57747912926,-79.29044424651,-2.));
#37 = CARTESIAN_POINT('',(113.48099272159,-79.48999537636,-2.));
#38 = CARTESIAN_POINT('',(117.58163827911,-83.66958740018,-2.));
#39 = ORIENTED_EDGE('',*,*,#40,.T.);
#40 = EDGE_CURVE('',#32,#41,#43,.T.);
#41 = VERTEX_POINT('',#42);
#42 = CARTESIAN_POINT('',(117.58163827911,-83.66958740018,0.));
#43 = LINE('',#44,#45);
#44 = CARTESIAN_POINT('',(117.58163827911,-83.66958740018,-2.));
#45 = VECTOR('',#46,1.);
#46 = DIRECTION('',(0.,0.,1.));
#47 = ORIENTED_EDGE('',*,*,#48,.T.);
#48 = EDGE_CURVE('',#41,#24,#49,.T.);
#49 = B_SPLINE_CURVE_WITH_KNOTS('',3,(#50,#51,#52,#53),.UNSPECIFIED.,.F.
  ,.F.,(4,4),(0.,1.882774539148),.PIECEWISE_BEZIER_KNOTS.);
#50 = CARTESIAN_POINT('',(117.58163827911,-83.66958740018,0.));
#51 = CARTESIAN_POINT('',(113.48099272159,-79.48999537636,0.));
#52 = CARTESIAN_POINT('',(113.57747912926,-79.29044424651,0.));
#53 = CARTESIAN_POINT('',(122.41251020863,-73.71838766417,0.));
#54 = B_SPLINE_SURFACE_WITH_KNOTS('',3,1,(
    (#55,#56)
    ,(#57,#58)
    ,(#59,#60)
    ,(#61,#62)),.UNSPECIFIED.,.F.,.F.,.F.,(4,4),(2,2),(-1.,0.),(0.,1.),
  .PIECEWISE_BEZIER_KNOTS.);
#55 = CARTESIAN_POINT('',(122.41251020863,-73.71838766417,-2.));
#56 = CARTESIAN_POINT('',(122.41251020863,-73.71838766417,8.));
#57 = CARTESIAN_POINT('',(113.57747912926,-79.29044424651,-2.));
#58 = CARTESIAN_POINT('',(113.57747912926,-79.29044424651,8.));
#59 = CARTESIAN_POINT('',(113.48099272159,-79.48999537636,-2.));
#60 = CARTESIAN_POINT('',(113.48099272159,-79.48999537636,8.));
#61 = CARTESIAN_POINT('',(117.58163827911,-83.66958740018,-2.));
#62 = CARTESIAN_POINT('',(117.58163827911,-83.66958740018,8.));
#63 = ADVANCED_FACE('',(#64),#91,.F.);
#64 = FACE_BOUND('',#65,.F.);
#65 = EDGE_LOOP('',(#66,#76,#83,#84));
#66 = ORIENTED_EDGE('',*,*,#67,.F.);
#67 = EDGE_CURVE('',#68,#70,#72,.T.);
#68 = VERTEX_POINT('',#69);
#69 = CARTESIAN_POINT('',(130.03270125962,-77.88481971291,-2.));
#70 = VERTEX_POINT('',#71);
#71 = CARTESIAN_POINT('',(130.03270125962,-77.88481971291,0.));
#72 = LINE('',#73,#74);
#73 = CARTESIAN_POINT('',(130.03270125962,-77.88481971291,-2.));
#74 = VECTOR('',#75,1.);
#75 = DIRECTION('',(0.,0.,1.));
#76 = ORIENTED_EDGE('',*,*,#77,.T.);
#77 = EDGE_CURVE('',#68,#22,#78,.T.);
#78 = B_SPLINE_CURVE_WITH_KNOTS('',3,(#79,#80,#81,#82),.UNSPECIFIED.,.F.
  ,.F.,(4,4),(-1.,0.),.PIECEWISE_BEZIER_KNOTS.);
#79 = CARTESIAN_POINT('',(130.03270125962,-77.88481971291,-2.));
#80 = CARTESIAN_POINT('',(131.39885590611,-68.22746251221,-2.));
#81 = CARTESIAN_POINT('',(131.24754798009,-68.14413273358,-2.));
#82 = CARTESIAN_POINT('',(122.41251020863,-73.71838766417,-2.));
#83 = ORIENTED_EDGE('',*,*,#21,.T.);
#84 = ORIENTED_EDGE('',*,*,#85,.T.);
#85 = EDGE_CURVE('',#24,#70,#86,.T.);
#86 = B_SPLINE_CURVE_WITH_KNOTS('',3,(#87,#88,#89,#90),.UNSPECIFIED.,.F.
  ,.F.,(4,4),(0.,3.369613905906),.PIECEWISE_BEZIER_KNOTS.);
#87 = CARTESIAN_POINT('',(122.41251020863,-73.71838766417,0.));
#88 = CARTESIAN_POINT('',(131.24754798009,-68.14413273358,0.));
#89 = CARTESIAN_POINT('',(131.39885590611,-68.22746251221,0.));
#90 = CARTESIAN_POINT('',(130.03270125962,-77.88481971291,0.));
#91 = B_SPLINE_SURFACE_WITH_KNOTS('',3,1,(
    (#92,#93)
    ,(#94,#95)
    ,(#96,#97)
    ,(#98,#99)),.UNSPECIFIED.,.F.,.F.,.F.,(4,4),(2,2),(-1.,0.),(0.,1.),
  .PIECEWISE_BEZIER_KNOTS.);
#92 = CARTESIAN_POINT('',(130.03270125962,-77.88481971291,-2.));
#93 = CARTESIAN_POINT('',(130.03270125962,-77.88481971291,8.));
#94 = CARTESIAN_POINT('',(131.39885590611,-68.22746251221,-2.));
#95 = CARTESIAN_POINT('',(131.39885590611,-68.22746251221,8.));
#96 = CARTESIAN_POINT('',(131.24754798009,-68.14413273358,-2.));
#97 = CARTESIAN_POINT('',(131.24754798009,-68.14413273358,8.));
#98 = CARTESIAN_POINT('',(122.41251020863,-73.71838766417,-2.));
#99 = CARTESIAN_POINT('',(122.41251020863,-73.71838766417,8.));
#100 = ADVANCED_FACE('',(#101),#128,.F.);
#101 = FACE_BOUND('',#102,.F.);
#102 = EDGE_LOOP('',(#103,#113,#120,#121));
#103 = ORIENTED_EDGE('',*,*,#104,.F.);
#104 = EDGE_CURVE('',#105,#107,#109,.T.);
#105 = VERTEX_POINT('',#106);
#106 = CARTESIAN_POINT('',(125.20402433229,-87.83602279497,-2.));
#107 = VERTEX_POINT('',#108);
#108 = CARTESIAN_POINT('',(125.20402433229,-87.83602279497,0.));
#109 = LINE('',#110,#111);
#110 = CARTESIAN_POINT('',(125.20402433229,-87.83602279497,-2.));
#111 = VECTOR('',#112,1.);
#112 = DIRECTION('',(0.,0.,1.));
#113 = ORIENTED_EDGE('',*,*,#114,.T.);
#114 = EDGE_CURVE('',#105,#68,#115,.T.);
#115 = B_SPLINE_CURVE_WITH_KNOTS('',3,(#116,#117,#118,#119),
  .UNSPECIFIED.,.F.,.F.,(4,4),(-1.,0.),.PIECEWISE_BEZIER_KNOTS.);
#116 = CARTESIAN_POINT('',(125.20402433229,-87.83602279497,-2.));
#117 = CARTESIAN_POINT('',(128.57225520766,-87.7395363873,-2.));
#118 = CARTESIAN_POINT('',(128.66874161533,-87.53998525745,-2.));
#119 = CARTESIAN_POINT('',(130.03270125962,-77.88481971291,-2.));
#120 = ORIENTED_EDGE('',*,*,#67,.T.);
#121 = ORIENTED_EDGE('',*,*,#122,.T.);
#122 = EDGE_CURVE('',#70,#107,#123,.T.);
#123 = B_SPLINE_CURVE_WITH_KNOTS('',3,(#124,#125,#126,#127),
  .UNSPECIFIED.,.F.,.F.,(4,4),(0.,2.952584538076),
  .PIECEWISE_BEZIER_KNOTS.);
#124 = CARTESIAN_POINT('',(130.03270125962,-77.88481971291,0.));
#125 = CARTESIAN_POINT('',(128.66874161533,-87.53998525745,0.));
#126 = CARTESIAN_POINT('',(128.57225520766,-87.7395363873,0.));
#127 = CARTESIAN_POINT('',(125.20402433229,-87.83602279497,0.));
#128 = B_SPLINE_SURFACE_WITH_KNOTS('',3,1,(
    (#129,#130)
    ,(#131,#132)
    ,(#133,#134)
    ,(#135,#136
  )),.UNSPECIFIED.,.F.,.F.,.F.,(4,4),(2,2),(-1.,0.),(0.,1.),
  .PIECEWISE_BEZIER_KNOTS.);
#129 = CARTESIAN_POINT('',(125.20402433229,-87.83602279497,-2.));
#130 = CARTESIAN_POINT('',(125.20402433229,-87.83602279497,8.));
#131 = CARTESIAN_POINT('',(128.57225520766,-87.7395363873,-2.));
#132 = CARTESIAN_POINT('',(128.57225520766,-87.7395363873,8.));
#133 = CARTESIAN_POINT('',(128.66874161533,-87.53998525745,-2.));
#134 = CARTESIAN_POINT('',(128.66874161533,-87.53998525745,8.));
#135 = CARTESIAN_POINT('',(130.03270125962,-77.88481971291,-2.));
#136 = CARTESIAN_POINT('',(130.03270125962,-77.88481971291,8.));
#137 = ADVANCED_FACE('',(#138),#156,.F.);
#138 = FACE_BOUND('',#139,.F.);
#139 = EDGE_LOOP('',(#140,#141,#148,#149));
#140 = ORIENTED_EDGE('',*,*,#40,.F.);
#141 = ORIENTED_EDGE('',*,*,#142,.T.);
#142 = EDGE_CURVE('',#32,#105,#143,.T.);
#143 = B_SPLINE_CURVE_WITH_KNOTS('',3,(#144,#145,#146,#147),
  .UNSPECIFIED.,.F.,.F.,(4,4),(-1.,0.),.PIECEWISE_BEZIER_KNOTS.);
#144 = CARTESIAN_POINT('',(117.58163827911,-83.66958740018,-2.));
#145 = CARTESIAN_POINT('',(121.6844855309,-87.849179424,-2.));
#146 = CARTESIAN_POINT('',(121.83578676483,-87.93250920263,-2.));
#147 = CARTESIAN_POINT('',(125.20402433229,-87.83602279497,-2.));
#148 = ORIENTED_EDGE('',*,*,#104,.T.);
#149 = ORIENTED_EDGE('',*,*,#150,.T.);
#150 = EDGE_CURVE('',#107,#41,#151,.T.);
#151 = B_SPLINE_CURVE_WITH_KNOTS('',3,(#152,#153,#154,#155),
  .UNSPECIFIED.,.F.,.F.,(4,4),(0.,1.009654983794),
  .PIECEWISE_BEZIER_KNOTS.);
#152 = CARTESIAN_POINT('',(125.20402433229,-87.83602279497,0.));
#153 = CARTESIAN_POINT('',(121.83578676483,-87.93250920263,0.));
#154 = CARTESIAN_POINT('',(121.6844855309,-87.849179424,0.));
#155 = CARTESIAN_POINT('',(117.58163827911,-83.66958740018,0.));
#156 = B_SPLINE_SURFACE_WITH_KNOTS('',3,1,(
    (#157,#158)
    ,(#159,#160)
    ,(#161,#162)
    ,(#163,#164
  )),.UNSPECIFIED.,.F.,.F.,.F.,(4,4),(2,2),(-1.,0.),(0.,1.),
  .PIECEWISE_BEZIER_KNOTS.);
#157 = CARTESIAN_POINT('',(117.58163827911,-83.66958740018,-2.));
#158 = CARTESIAN_POINT('',(117.58163827911,-83.66958740018,8.));
#159 = CARTESIAN_POINT('',(121.6844855309,-87.849179424,-2.));
#160 = CARTESIAN_POINT('',(121.6844855309,-87.849179424,8.));
#161 = CARTESIAN_POINT('',(121.83578676483,-87.93250920263,-2.));
#162 = CARTESIAN_POINT('',(121.83578676483,-87.93250920263,8.));
#163 = CARTESIAN_POINT('',(125.20402433229,-87.83602279497,-2.));
#164 = CARTESIAN_POINT('',(125.20402433229,-87.83602279497,8.));
#165 = ADVANCED_FACE('',(#166),#202,.F.);
#166 = FACE_BOUND('',#167,.F.);
#167 = EDGE_LOOP('',(#168,#178,#187,#195));
#168 = ORIENTED_EDGE('',*,*,#169,.F.);
#169 = EDGE_CURVE('',#170,#172,#174,.T.);
#170 = VERTEX_POINT('',#171);
#171 = CARTESIAN_POINT('',(138.77563593572,-122.6652293996,-2.));
#172 = VERTEX_POINT('',#173);
#173 = CARTESIAN_POINT('',(138.77563593572,-122.6652293996,0.));
#174 = LINE('',#175,#176);
#175 = CARTESIAN_POINT('',(138.77563593572,-122.6652293996,-2.));
#176 = VECTOR('',#177,1.);
#177 = DIRECTION('',(0.,0.,1.));
#178 = ORIENTED_EDGE('',*,*,#179,.T.);
#179 = EDGE_CURVE('',#170,#180,#182,.T.);
#180 = VERTEX_POINT('',#181);
#181 = CARTESIAN_POINT('',(146.44188188042,-117.6808570514,-2.));
#182 = B_SPLINE_CURVE_WITH_KNOTS('',3,(#183,#184,#185,#186),
  .UNSPECIFIED.,.F.,.F.,(4,4),(-1.,0.),.PIECEWISE_BEZIER_KNOTS.);
#183 = CARTESIAN_POINT('',(138.77563593572,-122.6652293996,-2.));
#184 = CARTESIAN_POINT('',(148.96805503695,-126.9654296421,-2.));
#185 = CARTESIAN_POINT('',(149.12155796516,-126.8667509509,-2.));
#186 = CARTESIAN_POINT('',(146.44188188042,-117.6808570514,-2.));
#187 = ORIENTED_EDGE('',*,*,#188,.T.);
#188 = EDGE_CURVE('',#180,#189,#191,.T.);
#189 = VERTEX_POINT('',#190);
#190 = CARTESIAN_POINT('',(146.44188188042,-117.6808570514,0.));
#191 = LINE('',#192,#193);
#192 = CARTESIAN_POINT('',(146.44188188042,-117.6808570514,-2.));
#193 = VECTOR('',#194,1.);
#194 = DIRECTION('',(0.,0.,1.));
#195 = ORIENTED_EDGE('',*,*,#196,.T.);
#196 = EDGE_CURVE('',#189,#172,#197,.T.);
#197 = B_SPLINE_CURVE_WITH_KNOTS('',3,(#198,#199,#200,#201),
  .UNSPECIFIED.,.F.,.F.,(4,4),(0.,2.845330468833),
  .PIECEWISE_BEZIER_KNOTS.);
#198 = CARTESIAN_POINT('',(146.44188188042,-117.6808570514,0.));
#199 = CARTESIAN_POINT('',(149.12155796516,-126.8667509509,0.));
#200 = CARTESIAN_POINT('',(148.96805503695,-126.9654296421,0.));
#201 = CARTESIAN_POINT('',(138.77563593572,-122.6652293996,0.));
#202 = B_SPLINE_SURFACE_WITH_KNOTS('',3,1,(
    (#203,#204)
    ,(#205,#206)
    ,(#207,#208)
    ,(#209,#210
  )),.UNSPECIFIED.,.F.,.F.,.F.,(4,4),(2,2),(-1.,0.),(0.,1.),
  .PIECEWISE_BEZIER_KNOTS.);
#203 = CARTESIAN_POINT('',(138.77563593572,-122.6652293996,-2.));
#204 = CARTESIAN_POINT('',(138.77563593572,-122.6652293996,8.));
#205 = CARTESIAN_POINT('',(148.96805503695,-126.9654296421,-2.));
#206 = CARTESIAN_POINT('',(148.96805503695,-126.9654296421,8.));
#207 = CARTESIAN_POINT('',(149.12155796516,-126.8667509509,-2.));
#208 = CARTESIAN_POINT('',(149.12155796516,-126.8667509509,8.));
#209 = CARTESIAN_POINT('',(146.44188188042,-117.6808570514,-2.));
#210 = CARTESIAN_POINT('',(146.44188188042,-117.6808570514,8.));
#211 = ADVANCED_FACE('',(#212),#239,.F.);
#212 = FACE_BOUND('',#213,.F.);
#213 = EDGE_LOOP('',(#214,#224,#231,#232));
#214 = ORIENTED_EDGE('',*,*,#215,.F.);
#215 = EDGE_CURVE('',#216,#218,#220,.T.);
#216 = VERTEX_POINT('',#217);
#217 = CARTESIAN_POINT('',(134.15966676728,-112.9683998022,-2.));
#218 = VERTEX_POINT('',#219);
#219 = CARTESIAN_POINT('',(134.15966676728,-112.9683998022,0.));
#220 = LINE('',#221,#222);
#221 = CARTESIAN_POINT('',(134.15966676728,-112.9683998022,-2.));
#222 = VECTOR('',#223,1.);
#223 = DIRECTION('',(0.,0.,1.));
#224 = ORIENTED_EDGE('',*,*,#225,.T.);
#225 = EDGE_CURVE('',#216,#170,#226,.T.);
#226 = B_SPLINE_CURVE_WITH_KNOTS('',3,(#227,#228,#229,#230),
  .UNSPECIFIED.,.F.,.F.,(4,4),(-1.,0.),.PIECEWISE_BEZIER_KNOTS.);
#227 = CARTESIAN_POINT('',(134.15966676728,-112.9683998022,-2.));
#228 = CARTESIAN_POINT('',(128.48893212111,-118.1698648947,-2.));
#229 = CARTESIAN_POINT('',(128.58102852438,-118.3628368735,-2.));
#230 = CARTESIAN_POINT('',(138.77563593572,-122.6652293996,-2.));
#231 = ORIENTED_EDGE('',*,*,#169,.T.);
#232 = ORIENTED_EDGE('',*,*,#233,.T.);
#233 = EDGE_CURVE('',#172,#218,#234,.T.);
#234 = B_SPLINE_CURVE_WITH_KNOTS('',3,(#235,#236,#237,#238),
  .UNSPECIFIED.,.F.,.F.,(4,4),(0.,3.453348254103),
  .PIECEWISE_BEZIER_KNOTS.);
#235 = CARTESIAN_POINT('',(138.77563593572,-122.6652293996,0.));
#236 = CARTESIAN_POINT('',(128.58102852438,-118.3628368735,0.));
#237 = CARTESIAN_POINT('',(128.48893212111,-118.1698648947,0.));
#238 = CARTESIAN_POINT('',(134.15966676728,-112.9683998022,0.));
#239 = B_SPLINE_SURFACE_WITH_KNOTS('',3,1,(
    (#240,#241)
    ,(#242,#243)
    ,(#244,#245)
    ,(#246,#247
  )),.UNSPECIFIED.,.F.,.F.,.F.,(4,4),(2,2),(-1.,0.),(0.,1.),
  .PIECEWISE_BEZIER_KNOTS.);
#240 = CARTESIAN_POINT('',(134.15966676728,-112.9683998022,-2.));
#241 = CARTESIAN_POINT('',(134.15966676728,-112.9683998022,8.));
#242 = CARTESIAN_POINT('',(128.48893212111,-118.1698648947,-2.));
#243 = CARTESIAN_POINT('',(128.48893212111,-118.1698648947,8.));
#244 = CARTESIAN_POINT('',(128.58102852438,-118.3628368735,-2.));
#245 = CARTESIAN_POINT('',(128.58102852438,-118.3628368735,8.));
#246 = CARTESIAN_POINT('',(138.77563593572,-122.6652293996,-2.));
#247 = CARTESIAN_POINT('',(138.77563593572,-122.6652293996,8.));
#248 = ADVANCED_FACE('',(#249),#276,.F.);
#249 = FACE_BOUND('',#250,.F.);
#250 = EDGE_LOOP('',(#251,#261,#268,#269));
#251 = ORIENTED_EDGE('',*,*,#252,.F.);
#252 = EDGE_CURVE('',#253,#255,#257,.T.);
#253 = VERTEX_POINT('',#254);
#254 = CARTESIAN_POINT('',(141.8259060199,-107.9840266175,-2.));
#255 = VERTEX_POINT('',#256);
#256 = CARTESIAN_POINT('',(141.8259060199,-107.9840266175,0.));
#257 = LINE('',#258,#259);
#258 = CARTESIAN_POINT('',(141.8259060199,-107.9840266175,-2.));
#259 = VECTOR('',#260,1.);
#260 = DIRECTION('',(0.,0.,1.));
#261 = ORIENTED_EDGE('',*,*,#262,.T.);
#262 = EDGE_CURVE('',#253,#216,#263,.T.);
#263 = B_SPLINE_CURVE_WITH_KNOTS('',3,(#264,#265,#266,#267),
  .UNSPECIFIED.,.F.,.F.,(4,4),(-1.,0.),.PIECEWISE_BEZIER_KNOTS.);
#264 = CARTESIAN_POINT('',(141.8259060199,-107.9840266175,-2.));
#265 = CARTESIAN_POINT('',(139.98170933947,-107.6660624803,-2.));
#266 = CARTESIAN_POINT('',(139.82821310334,-107.7669338733,-2.));
#267 = CARTESIAN_POINT('',(134.15966676728,-112.9683998022,-2.));
#268 = ORIENTED_EDGE('',*,*,#215,.T.);
#269 = ORIENTED_EDGE('',*,*,#270,.T.);
#270 = EDGE_CURVE('',#218,#255,#271,.T.);
#271 = B_SPLINE_CURVE_WITH_KNOTS('',3,(#272,#273,#274,#275),
  .UNSPECIFIED.,.F.,.F.,(4,4),(0.,2.310741144023),
  .PIECEWISE_BEZIER_KNOTS.);
#272 = CARTESIAN_POINT('',(134.15966676728,-112.9683998022,0.));
#273 = CARTESIAN_POINT('',(139.82821310334,-107.7669338733,0.));
#274 = CARTESIAN_POINT('',(139.98170933947,-107.6660624803,0.));
#275 = CARTESIAN_POINT('',(141.8259060199,-107.9840266175,0.));
#276 = B_SPLINE_SURFACE_WITH_KNOTS('',3,1,(
    (#277,#278)
    ,(#279,#280)
    ,(#281,#282)
    ,(#283,#284
  )),.UNSPECIFIED.,.F.,.F.,.F.,(4,4),(2,2),(-1.,0.),(0.,1.),
  .PIECEWISE_BEZIER_KNOTS.);
#277 = CARTESIAN_POINT('',(141.8259060199,-107.9840266175,-2.));
#278 = CARTESIAN_POINT('',(141.8259060199,-107.9840266175,8.));
#279 = CARTESIAN_POINT('',(139.98170933947,-107.6660624803,-2.));
#280 = CARTESIAN_POINT('',(139.98170933947,-107.6660624803,8.));
#281 = CARTESIAN_POINT('',(139.82821310334,-107.7669338733,-2.));
#282 = CARTESIAN_POINT('',(139.82821310334,-107.7669338733,8.));
#283 = CARTESIAN_POINT('',(134.15966676728,-112.9683998022,-2.));
#284 = CARTESIAN_POINT('',(134.15966676728,-112.9683998022,8.));
#285 = ADVANCED_FACE('',(#286),#304,.F.);
#286 = FACE_BOUND('',#287,.F.);
#287 = EDGE_LOOP('',(#288,#289,#296,#297));
#288 = ORIENTED_EDGE('',*,*,#188,.F.);
#289 = ORIENTED_EDGE('',*,*,#290,.T.);
#290 = EDGE_CURVE('',#180,#253,#291,.T.);
#291 = B_SPLINE_CURVE_WITH_KNOTS('',3,(#292,#293,#294,#295),
  .UNSPECIFIED.,.F.,.F.,(4,4),(-1.,0.),.PIECEWISE_BEZIER_KNOTS.);
#292 = CARTESIAN_POINT('',(146.44188188042,-117.6808570514,-2.));
#293 = CARTESIAN_POINT('',(143.76439410579,-108.4971568993,-2.));
#294 = CARTESIAN_POINT('',(143.67229770252,-108.3019924278,-2.));
#295 = CARTESIAN_POINT('',(141.8259060199,-107.9840266175,-2.));
#296 = ORIENTED_EDGE('',*,*,#252,.T.);
#297 = ORIENTED_EDGE('',*,*,#298,.T.);
#298 = EDGE_CURVE('',#255,#189,#299,.T.);
#299 = B_SPLINE_CURVE_WITH_KNOTS('',3,(#300,#301,#302,#303),
  .UNSPECIFIED.,.F.,.F.,(4,4),(0.,0.558311404094),
  .PIECEWISE_BEZIER_KNOTS.);
#300 = CARTESIAN_POINT('',(141.8259060199,-107.9840266175,0.));
#301 = CARTESIAN_POINT('',(143.67229770252,-108.3019924278,0.));
#302 = CARTESIAN_POINT('',(143.76439410579,-108.4971568993,0.));
#303 = CARTESIAN_POINT('',(146.44188188042,-117.6808570514,0.));
#304 = B_SPLINE_SURFACE_WITH_KNOTS('',3,1,(
    (#305,#306)
    ,(#307,#308)
    ,(#309,#310)
    ,(#311,#312
  )),.UNSPECIFIED.,.F.,.F.,.F.,(4,4),(2,2),(-1.,0.),(0.,1.),
  .PIECEWISE_BEZIER_KNOTS.);
#305 = CARTESIAN_POINT('',(146.44188188042,-117.6808570514,-2.));
#306 = CARTESIAN_POINT('',(146.44188188042,-117.6808570514,8.));
#307 = CARTESIAN_POINT('',(143.76439410579,-108.4971568993,-2.));
#308 = CARTESIAN_POINT('',(143.76439410579,-108.4971568993,8.));
#309 = CARTESIAN_POINT('',(143.67229770252,-108.3019924278,-2.));
#310 = CARTESIAN_POINT('',(143.67229770252,-108.3019924278,8.));
#311 = CARTESIAN_POINT('',(141.8259060199,-107.9840266175,-2.));
#312 = CARTESIAN_POINT('',(141.8259060199,-107.9840266175,8.));
#313 = ADVANCED_FACE('',(#314),#350,.F.);
#314 = FACE_BOUND('',#315,.F.);
#315 = EDGE_LOOP('',(#316,#326,#335,#343));
#316 = ORIENTED_EDGE('',*,*,#317,.F.);
#317 = EDGE_CURVE('',#318,#320,#322,.T.);
#318 = VERTEX_POINT('',#319);
#319 = CARTESIAN_POINT('',(134.79340673163,-129.0727687846,-2.));
#320 = VERTEX_POINT('',#321);
#321 = CARTESIAN_POINT('',(134.79340673163,-129.0727687846,0.));
#322 = LINE('',#323,#324);
#323 = CARTESIAN_POINT('',(134.79340673163,-129.0727687846,-2.));
#324 = VECTOR('',#325,1.);
#325 = DIRECTION('',(0.,0.,1.));
#326 = ORIENTED_EDGE('',*,*,#327,.T.);
#327 = EDGE_CURVE('',#318,#328,#330,.T.);
#328 = VERTEX_POINT('',#329);
#329 = CARTESIAN_POINT('',(137.91384327332,-124.3712752013,-2.));
#330 = B_SPLINE_CURVE_WITH_KNOTS('',3,(#331,#332,#333,#334),
  .UNSPECIFIED.,.F.,.F.,(4,4),(-1.,0.),.PIECEWISE_BEZIER_KNOTS.);
#331 = CARTESIAN_POINT('',(134.79340673163,-129.0727687846,-2.));
#332 = CARTESIAN_POINT('',(148.1610838929,-128.9192685227,-2.));
#333 = CARTESIAN_POINT('',(148.22248372577,-128.8249755488,-2.));
#334 = CARTESIAN_POINT('',(137.91384327332,-124.3712752013,-2.));
#335 = ORIENTED_EDGE('',*,*,#336,.T.);
#336 = EDGE_CURVE('',#328,#337,#339,.T.);
#337 = VERTEX_POINT('',#338);
#338 = CARTESIAN_POINT('',(137.91384327332,-124.3712752013,0.));
#339 = LINE('',#340,#341);
#340 = CARTESIAN_POINT('',(137.91384327332,-124.3712752013,-2.));
#341 = VECTOR('',#342,1.);
#342 = DIRECTION('',(0.,0.,1.));
#343 = ORIENTED_EDGE('',*,*,#344,.T.);
#344 = EDGE_CURVE('',#337,#320,#345,.T.);
#345 = B_SPLINE_CURVE_WITH_KNOTS('',3,(#346,#347,#348,#349),
  .UNSPECIFIED.,.F.,.F.,(4,4),(0.,3.501783439918),
  .PIECEWISE_BEZIER_KNOTS.);
#346 = CARTESIAN_POINT('',(137.91384327332,-124.3712752013,0.));
#347 = CARTESIAN_POINT('',(148.22248372577,-128.8249755488,0.));
#348 = CARTESIAN_POINT('',(148.1610838929,-128.9192685227,0.));
#349 = CARTESIAN_POINT('',(134.79340673163,-129.0727687846,0.));
#350 = B_SPLINE_SURFACE_WITH_KNOTS('',3,1,(
    (#351,#352)
    ,(#353,#354)
    ,(#355,#356)
    ,(#357,#358
  )),.UNSPECIFIED.,.F.,.F.,.F.,(4,4),(2,2),(-1.,0.),(0.,1.),
  .PIECEWISE_BEZIER_KNOTS.);
#351 = CARTESIAN_POINT('',(134.79340673163,-129.0727687846,-2.));
#352 = CARTESIAN_POINT('',(134.79340673163,-129.0727687846,8.));
#353 = CARTESIAN_POINT('',(148.1610838929,-128.9192685227,-2.));
#354 = CARTESIAN_POINT('',(148.1610838929,-128.9192685227,8.));
#355 = CARTESIAN_POINT('',(148.22248372577,-128.8249755488,-2.));
#356 = CARTESIAN_POINT('',(148.22248372577,-128.8249755488,8.));
#357 = CARTESIAN_POINT('',(137.91384327332,-124.3712752013,-2.));
#358 = CARTESIAN_POINT('',(137.91384327332,-124.3712752013,8.));
#359 = ADVANCED_FACE('',(#360),#387,.F.);
#360 = FACE_BOUND('',#361,.F.);
#361 = EDGE_LOOP('',(#362,#372,#379,#380));
#362 = ORIENTED_EDGE('',*,*,#363,.F.);
#363 = EDGE_CURVE('',#364,#366,#368,.T.);
#364 = VERTEX_POINT('',#365);
#365 = CARTESIAN_POINT('',(122.33137543221,-125.3032410133,-2.));
#366 = VERTEX_POINT('',#367);
#367 = CARTESIAN_POINT('',(122.33137543221,-125.3032410133,0.));
#368 = LINE('',#369,#370);
#369 = CARTESIAN_POINT('',(122.33137543221,-125.3032410133,-2.));
#370 = VECTOR('',#371,1.);
#371 = DIRECTION('',(0.,0.,1.));
#372 = ORIENTED_EDGE('',*,*,#373,.T.);
#373 = EDGE_CURVE('',#364,#318,#374,.T.);
#374 = B_SPLINE_CURVE_WITH_KNOTS('',3,(#375,#376,#377,#378),
  .UNSPECIFIED.,.F.,.F.,(4,4),(-1.,0.),.PIECEWISE_BEZIER_KNOTS.);
#375 = CARTESIAN_POINT('',(122.33137543221,-125.3032410133,-2.));
#376 = CARTESIAN_POINT('',(121.18012354681,-129.151711748,-2.));
#377 = CARTESIAN_POINT('',(121.42791788049,-129.2262689941,-2.));
#378 = CARTESIAN_POINT('',(134.79340673163,-129.0727687846,-2.));
#379 = ORIENTED_EDGE('',*,*,#317,.T.);
#380 = ORIENTED_EDGE('',*,*,#381,.T.);
#381 = EDGE_CURVE('',#320,#366,#382,.T.);
#382 = B_SPLINE_CURVE_WITH_KNOTS('',3,(#383,#384,#385,#386),
  .UNSPECIFIED.,.F.,.F.,(4,4),(0.,3.891538228936),
  .PIECEWISE_BEZIER_KNOTS.);
#383 = CARTESIAN_POINT('',(134.79340673163,-129.0727687846,0.));
#384 = CARTESIAN_POINT('',(121.42791788049,-129.2262689941,0.));
#385 = CARTESIAN_POINT('',(121.18012354681,-129.151711748,0.));
#386 = CARTESIAN_POINT('',(122.33137543221,-125.3032410133,0.));
#387 = B_SPLINE_SURFACE_WITH_KNOTS('',3,1,(
    (#388,#389)
    ,(#390,#391)
    ,(#392,#393)
    ,(#394,#395
  )),.UNSPECIFIED.,.F.,.F.,.F.,(4,4),(2,2),(-1.,0.),(0.,1.),
  .PIECEWISE_BEZIER_KNOTS.);
#388 = CARTESIAN_POINT('',(122.33137543221,-125.3032410133,-2.));
#389 = CARTESIAN_POINT('',(122.33137543221,-125.3032410133,8.));
#390 = CARTESIAN_POINT('',(121.18012354681,-129.151711748,-2.));
#391 = CARTESIAN_POINT('',(121.18012354681,-129.151711748,8.));
#392 = CARTESIAN_POINT('',(121.42791788049,-129.2262689941,-2.));
#393 = CARTESIAN_POINT('',(121.42791788049,-129.2262689941,8.));
#394 = CARTESIAN_POINT('',(134.79340673163,-129.0727687846,-2.));
#395 = CARTESIAN_POINT('',(134.79340673163,-129.0727687846,8.));
#396 = ADVANCED_FACE('',(#397),#424,.F.);
#397 = FACE_BOUND('',#398,.F.);
#398 = EDGE_LOOP('',(#399,#409,#416,#417));
#399 = ORIENTED_EDGE('',*,*,#400,.F.);
#400 = EDGE_CURVE('',#401,#403,#405,.T.);
#401 = VERTEX_POINT('',#402);
#402 = CARTESIAN_POINT('',(125.44962366377,-120.6017474822,-2.));
#403 = VERTEX_POINT('',#404);
#404 = CARTESIAN_POINT('',(125.44962366377,-120.6017474822,0.));
#405 = LINE('',#406,#407);
#406 = CARTESIAN_POINT('',(125.44962366377,-120.6017474822,-2.));
#407 = VECTOR('',#408,1.);
#408 = DIRECTION('',(0.,0.,1.));
#409 = ORIENTED_EDGE('',*,*,#410,.T.);
#410 = EDGE_CURVE('',#401,#364,#411,.T.);
#411 = B_SPLINE_CURVE_WITH_KNOTS('',3,(#412,#413,#414,#415),
  .UNSPECIFIED.,.F.,.F.,(4,4),(-1.,0.),.PIECEWISE_BEZIER_KNOTS.);
#412 = CARTESIAN_POINT('',(125.44962366377,-120.6017474822,-2.));
#413 = CARTESIAN_POINT('',(123.54402715048,-121.360477932,-2.));
#414 = CARTESIAN_POINT('',(123.48043231541,-121.454770174,-2.));
#415 = CARTESIAN_POINT('',(122.33137543221,-125.3032410133,-2.));
#416 = ORIENTED_EDGE('',*,*,#363,.T.);
#417 = ORIENTED_EDGE('',*,*,#418,.T.);
#418 = EDGE_CURVE('',#366,#403,#419,.T.);
#419 = B_SPLINE_CURVE_WITH_KNOTS('',3,(#420,#421,#422,#423),
  .UNSPECIFIED.,.F.,.F.,(4,4),(0.,1.204176991922),
  .PIECEWISE_BEZIER_KNOTS.);
#420 = CARTESIAN_POINT('',(122.33137543221,-125.3032410133,0.));
#421 = CARTESIAN_POINT('',(123.48043231541,-121.454770174,0.));
#422 = CARTESIAN_POINT('',(123.54402715048,-121.360477932,0.));
#423 = CARTESIAN_POINT('',(125.44962366377,-120.6017474822,0.));
#424 = B_SPLINE_SURFACE_WITH_KNOTS('',3,1,(
    (#425,#426)
    ,(#427,#428)
    ,(#429,#430)
    ,(#431,#432
  )),.UNSPECIFIED.,.F.,.F.,.F.,(4,4),(2,2),(-1.,0.),(0.,1.),
  .PIECEWISE_BEZIER_KNOTS.);
#425 = CARTESIAN_POINT('',(125.44962366377,-120.6017474822,-2.));
#426 = CARTESIAN_POINT('',(125.44962366377,-120.6017474822,8.));
#427 = CARTESIAN_POINT('',(123.54402715048,-121.360477932,-2.));
#428 = CARTESIAN_POINT('',(123.54402715048,-121.360477932,8.));
#429 = CARTESIAN_POINT('',(123.48043231541,-121.454770174,-2.));
#430 = CARTESIAN_POINT('',(123.48043231541,-121.454770174,8.));
#431 = CARTESIAN_POINT('',(122.33137543221,-125.3032410133,-2.));
#432 = CARTESIAN_POINT('',(122.33137543221,-125.3032410133,8.));
#433 = ADVANCED_FACE('',(#434),#452,.F.);
#434 = FACE_BOUND('',#435,.F.);
#435 = EDGE_LOOP('',(#436,#437,#444,#445));
#436 = ORIENTED_EDGE('',*,*,#336,.F.);
#437 = ORIENTED_EDGE('',*,*,#438,.T.);
#438 = EDGE_CURVE('',#328,#401,#439,.T.);
#439 = B_SPLINE_CURVE_WITH_KNOTS('',3,(#440,#441,#442,#443),
  .UNSPECIFIED.,.F.,.F.,(4,4),(-1.,0.),.PIECEWISE_BEZIER_KNOTS.);
#440 = CARTESIAN_POINT('',(137.91384327332,-124.3712752013,-2.));
#441 = CARTESIAN_POINT('',(127.60739782307,-119.9153826748,-2.));
#442 = CARTESIAN_POINT('',(127.35741517927,-119.8408253763,-2.));
#443 = CARTESIAN_POINT('',(125.44962366377,-120.6017474822,-2.));
#444 = ORIENTED_EDGE('',*,*,#400,.T.);
#445 = ORIENTED_EDGE('',*,*,#446,.T.);
#446 = EDGE_CURVE('',#403,#337,#447,.T.);
#447 = B_SPLINE_CURVE_WITH_KNOTS('',3,(#448,#449,#450,#451),
  .UNSPECIFIED.,.F.,.F.,(4,4),(0.,0.614813175806),
  .PIECEWISE_BEZIER_KNOTS.);
#448 = CARTESIAN_POINT('',(125.44962366377,-120.6017474822,0.));
#449 = CARTESIAN_POINT('',(127.35741517927,-119.8408253763,0.));
#450 = CARTESIAN_POINT('',(127.60739782307,-119.9153826748,0.));
#451 = CARTESIAN_POINT('',(137.91384327332,-124.3712752013,0.));
#452 = B_SPLINE_SURFACE_WITH_KNOTS('',3,1,(
    (#453,#454)
    ,(#455,#456)
    ,(#457,#458)
    ,(#459,#460
  )),.UNSPECIFIED.,.F.,.F.,.F.,(4,4),(2,2),(-1.,0.),(0.,1.),
  .PIECEWISE_BEZIER_KNOTS.);
#453 = CARTESIAN_POINT('',(137.91384327332,-124.3712752013,-2.));
#454 = CARTESIAN_POINT('',(137.91384327332,-124.3712752013,8.));
#455 = CARTESIAN_POINT('',(127.60739782307,-119.9153826748,-2.));
#456 = CARTESIAN_POINT('',(127.60739782307,-119.9153826748,8.));
#457 = CARTESIAN_POINT('',(127.35741517927,-119.8408253763,-2.));
#458 = CARTESIAN_POINT('',(127.35741517927,-119.8408253763,8.));
#459 = CARTESIAN_POINT('',(125.44962366377,-120.6017474822,-2.));
#460 = CARTESIAN_POINT('',(125.44962366377,-120.6017474822,8.));
#461 = ADVANCED_FACE('',(#462),#498,.F.);
#462 = FACE_BOUND('',#463,.F.);
#463 = EDGE_LOOP('',(#464,#474,#483,#491));
#464 = ORIENTED_EDGE('',*,*,#465,.F.);
#465 = EDGE_CURVE('',#466,#468,#470,.T.);
#466 = VERTEX_POINT('',#467);
#467 = CARTESIAN_POINT('',(170.80236428035,-116.2861974906,-2.));
#468 = VERTEX_POINT('',#469);
#469 = CARTESIAN_POINT('',(170.80236428035,-116.2861974906,0.));
#470 = LINE('',#471,#472);
#471 = CARTESIAN_POINT('',(170.80236428035,-116.2861974906,-2.));
#472 = VECTOR('',#473,1.);
#473 = DIRECTION('',(0.,0.,1.));
#474 = ORIENTED_EDGE('',*,*,#475,.T.);
#475 = EDGE_CURVE('',#466,#476,#478,.T.);
#476 = VERTEX_POINT('',#477);
#477 = CARTESIAN_POINT('',(179.87861807097,-127.4456660509,-2.));
#478 = B_SPLINE_CURVE_WITH_KNOTS('',3,(#479,#480,#481,#482),
  .UNSPECIFIED.,.F.,.F.,(4,4),(-1.,0.),.PIECEWISE_BEZIER_KNOTS.);
#479 = CARTESIAN_POINT('',(170.80236428035,-116.2861974906,-2.));
#480 = CARTESIAN_POINT('',(171.58960717292,-127.2241870665,-2.));
#481 = CARTESIAN_POINT('',(171.77161836142,-127.4456660509,-2.));
#482 = CARTESIAN_POINT('',(179.87861807097,-127.4456660509,-2.));
#483 = ORIENTED_EDGE('',*,*,#484,.T.);
#484 = EDGE_CURVE('',#476,#485,#487,.T.);
#485 = VERTEX_POINT('',#486);
#486 = CARTESIAN_POINT('',(179.87861807097,-127.4456660509,0.));
#487 = LINE('',#488,#489);
#488 = CARTESIAN_POINT('',(179.87861807097,-127.4456660509,-2.));
#489 = VECTOR('',#490,1.);
#490 = DIRECTION('',(0.,0.,1.));
#491 = ORIENTED_EDGE('',*,*,#492,.T.);
#492 = EDGE_CURVE('',#485,#468,#493,.T.);
#493 = B_SPLINE_CURVE_WITH_KNOTS('',3,(#494,#495,#496,#497),
  .UNSPECIFIED.,.F.,.F.,(4,4),(0.,2.427590020299),
  .PIECEWISE_BEZIER_KNOTS.);
#494 = CARTESIAN_POINT('',(179.87861807097,-127.4456660509,0.));
#495 = CARTESIAN_POINT('',(171.77161836142,-127.4456660509,0.));
#496 = CARTESIAN_POINT('',(171.58960717292,-127.2241870665,0.));
#497 = CARTESIAN_POINT('',(170.80236428035,-116.2861974906,0.));
#498 = B_SPLINE_SURFACE_WITH_KNOTS('',3,1,(
    (#499,#500)
    ,(#501,#502)
    ,(#503,#504)
    ,(#505,#506
  )),.UNSPECIFIED.,.F.,.F.,.F.,(4,4),(2,2),(-1.,0.),(0.,1.),
  .PIECEWISE_BEZIER_KNOTS.);
#499 = CARTESIAN_POINT('',(170.80236428035,-116.2861974906,-2.));
#500 = CARTESIAN_POINT('',(170.80236428035,-116.2861974906,8.));
#501 = CARTESIAN_POINT('',(171.58960717292,-127.2241870665,-2.));
#502 = CARTESIAN_POINT('',(171.58960717292,-127.2241870665,8.));
#503 = CARTESIAN_POINT('',(171.77161836142,-127.4456660509,-2.));
#504 = CARTESIAN_POINT('',(171.77161836142,-127.4456660509,8.));
#505 = CARTESIAN_POINT('',(179.87861807097,-127.4456660509,-2.));
#506 = CARTESIAN_POINT('',(179.87861807097,-127.4456660509,8.));
#507 = ADVANCED_FACE('',(#508),#535,.F.);
#508 = FACE_BOUND('',#509,.F.);
#509 = EDGE_LOOP('',(#510,#520,#527,#528));
#510 = ORIENTED_EDGE('',*,*,#511,.F.);
#511 = EDGE_CURVE('',#512,#514,#516,.T.);
#512 = VERTEX_POINT('',#513);
#513 = CARTESIAN_POINT('',(174.71223871681,-103.5347119873,-2.));
#514 = VERTEX_POINT('',#515);
#515 = CARTESIAN_POINT('',(174.71223871681,-103.5347119873,0.));
#516 = LINE('',#517,#518);
#517 = CARTESIAN_POINT('',(174.71223871681,-103.5347119873,-2.));
#518 = VECTOR('',#519,1.);
#519 = DIRECTION('',(0.,0.,1.));
#520 = ORIENTED_EDGE('',*,*,#521,.T.);
#521 = EDGE_CURVE('',#512,#466,#522,.T.);
#522 = B_SPLINE_CURVE_WITH_KNOTS('',3,(#523,#524,#525,#526),
  .UNSPECIFIED.,.F.,.F.,(4,4),(-1.,0.),.PIECEWISE_BEZIER_KNOTS.);
#523 = CARTESIAN_POINT('',(174.71223871681,-103.5347119873,-2.));
#524 = CARTESIAN_POINT('',(170.09187954397,-105.093836103,-2.));
#525 = CARTESIAN_POINT('',(170.01293976974,-105.3504020804,-2.));
#526 = CARTESIAN_POINT('',(170.80236428035,-116.2861974906,-2.));
#527 = ORIENTED_EDGE('',*,*,#465,.T.);
#528 = ORIENTED_EDGE('',*,*,#529,.T.);
#529 = EDGE_CURVE('',#468,#514,#530,.T.);
#530 = B_SPLINE_CURVE_WITH_KNOTS('',3,(#531,#532,#533,#534),
  .UNSPECIFIED.,.F.,.F.,(4,4),(0.,3.298761919133),
  .PIECEWISE_BEZIER_KNOTS.);
#531 = CARTESIAN_POINT('',(170.80236428035,-116.2861974906,0.));
#532 = CARTESIAN_POINT('',(170.01293976974,-105.3504020804,0.));
#533 = CARTESIAN_POINT('',(170.09187954397,-105.093836103,0.));
#534 = CARTESIAN_POINT('',(174.71223871681,-103.5347119873,0.));
#535 = B_SPLINE_SURFACE_WITH_KNOTS('',3,1,(
    (#536,#537)
    ,(#538,#539)
    ,(#540,#541)
    ,(#542,#543
  )),.UNSPECIFIED.,.F.,.F.,.F.,(4,4),(2,2),(-1.,0.),(0.,1.),
  .PIECEWISE_BEZIER_KNOTS.);
#536 = CARTESIAN_POINT('',(174.71223871681,-103.5347119873,-2.));
#537 = CARTESIAN_POINT('',(174.71223871681,-103.5347119873,8.));
#538 = CARTESIAN_POINT('',(170.09187954397,-105.093836103,-2.));
#539 = CARTESIAN_POINT('',(170.09187954397,-105.093836103,8.));
#540 = CARTESIAN_POINT('',(170.01293976974,-105.3504020804,-2.));
#541 = CARTESIAN_POINT('',(170.01293976974,-105.3504020804,8.));
#542 = CARTESIAN_POINT('',(170.80236428035,-116.2861974906,-2.));
#543 = CARTESIAN_POINT('',(170.80236428035,-116.2861974906,8.));
#544 = ADVANCED_FACE('',(#545),#572,.F.);
#545 = FACE_BOUND('',#546,.F.);
#546 = EDGE_LOOP('',(#547,#557,#564,#565));
#547 = ORIENTED_EDGE('',*,*,#548,.F.);
#548 = EDGE_CURVE('',#549,#551,#553,.T.);
#549 = VERTEX_POINT('',#550);
#550 = CARTESIAN_POINT('',(182.06271218043,-104.3986996519,-2.));
#551 = VERTEX_POINT('',#552);
#552 = CARTESIAN_POINT('',(182.06271218043,-104.3986996519,0.));
#553 = LINE('',#554,#555);
#554 = CARTESIAN_POINT('',(182.06271218043,-104.3986996519,-2.));
#555 = VECTOR('',#556,1.);
#556 = DIRECTION('',(0.,0.,1.));
#557 = ORIENTED_EDGE('',*,*,#558,.T.);
#558 = EDGE_CURVE('',#549,#512,#559,.T.);
#559 = B_SPLINE_CURVE_WITH_KNOTS('',3,(#560,#561,#562,#563),
  .UNSPECIFIED.,.F.,.F.,(4,4),(-1.,0.),.PIECEWISE_BEZIER_KNOTS.);
#560 = CARTESIAN_POINT('',(182.06271218043,-104.3986996519,-2.));
#561 = CARTESIAN_POINT('',(179.48171081347,-101.9931311589,-2.));
#562 = CARTESIAN_POINT('',(179.33479289185,-101.9755878715,-2.));
#563 = CARTESIAN_POINT('',(174.71223871681,-103.5347119873,-2.));
#564 = ORIENTED_EDGE('',*,*,#511,.T.);
#565 = ORIENTED_EDGE('',*,*,#566,.T.);
#566 = EDGE_CURVE('',#514,#551,#567,.T.);
#567 = B_SPLINE_CURVE_WITH_KNOTS('',3,(#568,#569,#570,#571),
  .UNSPECIFIED.,.F.,.F.,(4,4),(0.,1.463033709125),
  .PIECEWISE_BEZIER_KNOTS.);
#568 = CARTESIAN_POINT('',(174.71223871681,-103.5347119873,0.));
#569 = CARTESIAN_POINT('',(179.33479289185,-101.9755878715,0.));
#570 = CARTESIAN_POINT('',(179.48171081347,-101.9931311589,0.));
#571 = CARTESIAN_POINT('',(182.06271218043,-104.3986996519,0.));
#572 = B_SPLINE_SURFACE_WITH_KNOTS('',3,1,(
    (#573,#574)
    ,(#575,#576)
    ,(#577,#578)
    ,(#579,#580
  )),.UNSPECIFIED.,.F.,.F.,.F.,(4,4),(2,2),(-1.,0.),(0.,1.),
  .PIECEWISE_BEZIER_KNOTS.);
#573 = CARTESIAN_POINT('',(182.06271218043,-104.3986996519,-2.));
#574 = CARTESIAN_POINT('',(182.06271218043,-104.3986996519,8.));
#575 = CARTESIAN_POINT('',(179.48171081347,-101.9931311589,-2.));
#576 = CARTESIAN_POINT('',(179.48171081347,-101.9931311589,8.));
#577 = CARTESIAN_POINT('',(179.33479289185,-101.9755878715,-2.));
#578 = CARTESIAN_POINT('',(179.33479289185,-101.9755878715,8.));
#579 = CARTESIAN_POINT('',(174.71223871681,-103.5347119873,-2.));
#580 = CARTESIAN_POINT('',(174.71223871681,-103.5347119873,8.));
#581 = ADVANCED_FACE('',(#582),#609,.F.);
#582 = FACE_BOUND('',#583,.F.);
#583 = EDGE_LOOP('',(#584,#594,#601,#602));
#584 = ORIENTED_EDGE('',*,*,#585,.F.);
#585 = EDGE_CURVE('',#586,#588,#590,.T.);
#586 = VERTEX_POINT('',#587);
#587 = CARTESIAN_POINT('',(186.42431539274,-117.1501851552,-2.));
#588 = VERTEX_POINT('',#589);
#589 = CARTESIAN_POINT('',(186.42431539274,-117.1501851552,0.));
#590 = LINE('',#591,#592);
#591 = CARTESIAN_POINT('',(186.42431539274,-117.1501851552,-2.));
#592 = VECTOR('',#593,1.);
#593 = DIRECTION('',(0.,0.,1.));
#594 = ORIENTED_EDGE('',*,*,#595,.T.);
#595 = EDGE_CURVE('',#586,#549,#596,.T.);
#596 = B_SPLINE_CURVE_WITH_KNOTS('',3,(#597,#598,#599,#600),
  .UNSPECIFIED.,.F.,.F.,(4,4),(-1.,0.),.PIECEWISE_BEZIER_KNOTS.);
#597 = CARTESIAN_POINT('',(186.42431539274,-117.1501851552,-2.));
#598 = CARTESIAN_POINT('',(184.73141994626,-107.0608324492,-2.));
#599 = CARTESIAN_POINT('',(184.64371354739,-106.806461474,-2.));
#600 = CARTESIAN_POINT('',(182.06271218043,-104.3986996519,-2.));
#601 = ORIENTED_EDGE('',*,*,#548,.T.);
#602 = ORIENTED_EDGE('',*,*,#603,.T.);
#603 = EDGE_CURVE('',#551,#588,#604,.T.);
#604 = B_SPLINE_CURVE_WITH_KNOTS('',3,(#605,#606,#607,#608),
  .UNSPECIFIED.,.F.,.F.,(4,4),(0.,1.07228948709),
  .PIECEWISE_BEZIER_KNOTS.);
#605 = CARTESIAN_POINT('',(182.06271218043,-104.3986996519,0.));
#606 = CARTESIAN_POINT('',(184.64371354739,-106.806461474,0.));
#607 = CARTESIAN_POINT('',(184.73141994626,-107.0608324492,0.));
#608 = CARTESIAN_POINT('',(186.42431539274,-117.1501851552,0.));
#609 = B_SPLINE_SURFACE_WITH_KNOTS('',3,1,(
    (#610,#611)
    ,(#612,#613)
    ,(#614,#615)
    ,(#616,#617
  )),.UNSPECIFIED.,.F.,.F.,.F.,(4,4),(2,2),(-1.,0.),(0.,1.),
  .PIECEWISE_BEZIER_KNOTS.);
#610 = CARTESIAN_POINT('',(186.42431539274,-117.1501851552,-2.));
#611 = CARTESIAN_POINT('',(186.42431539274,-117.1501851552,8.));
#612 = CARTESIAN_POINT('',(184.73141994626,-107.0608324492,-2.));
#613 = CARTESIAN_POINT('',(184.73141994626,-107.0608324492,8.));
#614 = CARTESIAN_POINT('',(184.64371354739,-106.806461474,-2.));
#615 = CARTESIAN_POINT('',(184.64371354739,-106.806461474,8.));
#616 = CARTESIAN_POINT('',(182.06271218043,-104.3986996519,-2.));
#617 = CARTESIAN_POINT('',(182.06271218043,-104.3986996519,8.));
#618 = ADVANCED_FACE('',(#619),#637,.F.);
#619 = FACE_BOUND('',#620,.F.);
#620 = EDGE_LOOP('',(#621,#622,#629,#630));
#621 = ORIENTED_EDGE('',*,*,#484,.F.);
#622 = ORIENTED_EDGE('',*,*,#623,.T.);
#623 = EDGE_CURVE('',#476,#586,#624,.T.);
#624 = B_SPLINE_CURVE_WITH_KNOTS('',3,(#625,#626,#627,#628),
  .UNSPECIFIED.,.F.,.F.,(4,4),(-1.,0.),.PIECEWISE_BEZIER_KNOTS.);
#625 = CARTESIAN_POINT('',(179.87861807097,-127.4456660509,-2.));
#626 = CARTESIAN_POINT('',(187.98563116469,-127.4456660509,-2.));
#627 = CARTESIAN_POINT('',(188.11719745507,-127.2395372339,-2.));
#628 = CARTESIAN_POINT('',(186.42431539274,-117.1501851552,-2.));
#629 = ORIENTED_EDGE('',*,*,#585,.T.);
#630 = ORIENTED_EDGE('',*,*,#631,.T.);
#631 = EDGE_CURVE('',#588,#485,#632,.T.);
#632 = B_SPLINE_CURVE_WITH_KNOTS('',3,(#633,#634,#635,#636),
  .UNSPECIFIED.,.F.,.F.,(4,4),(0.,2.978378352356),
  .PIECEWISE_BEZIER_KNOTS.);
#633 = CARTESIAN_POINT('',(186.42431539274,-117.1501851552,0.));
#634 = CARTESIAN_POINT('',(188.11719745507,-127.2395372339,0.));
#635 = CARTESIAN_POINT('',(187.98563116469,-127.4456660509,0.));
#636 = CARTESIAN_POINT('',(179.87861807097,-127.4456660509,0.));
#637 = B_SPLINE_SURFACE_WITH_KNOTS('',3,1,(
    (#638,#639)
    ,(#640,#641)
    ,(#642,#643)
    ,(#644,#645
  )),.UNSPECIFIED.,.F.,.F.,.F.,(4,4),(2,2),(-1.,0.),(0.,1.),
  .PIECEWISE_BEZIER_KNOTS.);
#638 = CARTESIAN_POINT('',(179.87861807097,-127.4456660509,-2.));
#639 = CARTESIAN_POINT('',(179.87861807097,-127.4456660509,8.));
#640 = CARTESIAN_POINT('',(187.98563116469,-127.4456660509,-2.));
#641 = CARTESIAN_POINT('',(187.98563116469,-127.4456660509,8.));
#642 = CARTESIAN_POINT('',(188.11719745507,-127.2395372339,-2.));
#643 = CARTESIAN_POINT('',(188.11719745507,-127.2395372339,8.));
#644 = CARTESIAN_POINT('',(186.42431539274,-117.1501851552,-2.));
#645 = CARTESIAN_POINT('',(186.42431539274,-117.1501851552,8.));
#646 = ADVANCED_FACE('',(#647),#685,.F.);
#647 = FACE_BOUND('',#648,.F.);
#648 = EDGE_LOOP('',(#649,#659,#668,#676));
#649 = ORIENTED_EDGE('',*,*,#650,.F.);
#650 = EDGE_CURVE('',#651,#653,#655,.T.);
#651 = VERTEX_POINT('',#652);
#652 = CARTESIAN_POINT('',(181.50134036787,-95.41454895663,-2.));
#653 = VERTEX_POINT('',#654);
#654 = CARTESIAN_POINT('',(181.50134036787,-95.41454895663,0.));
#655 = LINE('',#656,#657);
#656 = CARTESIAN_POINT('',(181.50134036787,-95.41454895663,-2.));
#657 = VECTOR('',#658,1.);
#658 = DIRECTION('',(0.,0.,1.));
#659 = ORIENTED_EDGE('',*,*,#660,.T.);
#660 = EDGE_CURVE('',#651,#661,#663,.T.);
#661 = VERTEX_POINT('',#662);
#662 = CARTESIAN_POINT('',(184.54940875776,-89.44777677294,-2.));
#663 = B_SPLINE_CURVE_WITH_KNOTS('',3,(#664,#665,#666,#667),
  .UNSPECIFIED.,.F.,.F.,(4,4),(-1.,0.),.PIECEWISE_BEZIER_KNOTS.);
#664 = CARTESIAN_POINT('',(181.50134036787,-95.41454895663,-2.));
#665 = CARTESIAN_POINT('',(183.72928098468,-93.0813452694,-2.));
#666 = CARTESIAN_POINT('',(183.79068750963,-92.96293226201,-2.));
#667 = CARTESIAN_POINT('',(184.54940875776,-89.44777677294,-2.));
#668 = ORIENTED_EDGE('',*,*,#669,.T.);
#669 = EDGE_CURVE('',#661,#670,#672,.T.);
#670 = VERTEX_POINT('',#671);
#671 = CARTESIAN_POINT('',(184.54940875776,-89.44777677294,0.));
#672 = LINE('',#673,#674);
#673 = CARTESIAN_POINT('',(184.54940875776,-89.44777677294,-2.));
#674 = VECTOR('',#675,1.);
#675 = DIRECTION('',(0.,0.,1.));
#676 = ORIENTED_EDGE('',*,*,#677,.T.);
#677 = EDGE_CURVE('',#670,#653,#678,.T.);
#678 = B_SPLINE_CURVE_WITH_KNOTS('',3,(#679,#680,#681,#682,#683,#684),
  .UNSPECIFIED.,.F.,.F.,(4,2,4),(0.,0.539641861573,1.079212246929),
  .UNSPECIFIED.);
#679 = CARTESIAN_POINT('',(184.54940875776,-89.44777677294,
    1.26389380985E-17));
#680 = CARTESIAN_POINT('',(184.16988918533,-91.20609092524,
    1.26389380985E-17));
#681 = CARTESIAN_POINT('',(183.96512203409,-92.1135395075,0.));
#682 = CARTESIAN_POINT('',(183.18759311379,-93.63514929725,0.));
#683 = CARTESIAN_POINT('',(182.61547283346,-94.24777729442,0.));
#684 = CARTESIAN_POINT('',(181.50134036787,-95.41454895663,0.));
#685 = B_SPLINE_SURFACE_WITH_KNOTS('',3,1,(
    (#686,#687)
    ,(#688,#689)
    ,(#690,#691)
    ,(#692,#693
  )),.UNSPECIFIED.,.F.,.F.,.F.,(4,4),(2,2),(-1.,0.),(0.,1.),
  .PIECEWISE_BEZIER_KNOTS.);
#686 = CARTESIAN_POINT('',(181.50134036787,-95.41454895663,-2.));
#687 = CARTESIAN_POINT('',(181.50134036787,-95.41454895663,8.));
#688 = CARTESIAN_POINT('',(183.72928098468,-93.0813452694,-2.));
#689 = CARTESIAN_POINT('',(183.72928098468,-93.0813452694,8.));
#690 = CARTESIAN_POINT('',(183.79068750963,-92.96293226201,-2.));
#691 = CARTESIAN_POINT('',(183.79068750963,-92.96293226201,8.));
#692 = CARTESIAN_POINT('',(184.54940875776,-89.44777677294,-2.));
#693 = CARTESIAN_POINT('',(184.54940875776,-89.44777677294,8.));
#694 = ADVANCED_FACE('',(#695),#722,.F.);
#695 = FACE_BOUND('',#696,.F.);
#696 = EDGE_LOOP('',(#697,#707,#714,#715));
#697 = ORIENTED_EDGE('',*,*,#698,.F.);
#698 = EDGE_CURVE('',#699,#701,#703,.T.);
#699 = VERTEX_POINT('',#700);
#700 = CARTESIAN_POINT('',(174.51269427904,-99.38581987992,-2.));
#701 = VERTEX_POINT('',#702);
#702 = CARTESIAN_POINT('',(174.51269427904,-99.38581987992,0.));
#703 = LINE('',#704,#705);
#704 = CARTESIAN_POINT('',(174.51269427904,-99.38581987992,-2.));
#705 = VECTOR('',#706,1.);
#706 = DIRECTION('',(0.,0.,1.));
#707 = ORIENTED_EDGE('',*,*,#708,.T.);
#708 = EDGE_CURVE('',#699,#651,#709,.T.);
#709 = B_SPLINE_CURVE_WITH_KNOTS('',3,(#710,#711,#712,#713),
  .UNSPECIFIED.,.F.,.F.,(4,4),(-1.,0.),.PIECEWISE_BEZIER_KNOTS.);
#710 = CARTESIAN_POINT('',(174.51269427904,-99.38581987992,-2.));
#711 = CARTESIAN_POINT('',(179.13523506992,-97.82669576414,-2.));
#712 = CARTESIAN_POINT('',(179.2733863669,-97.74775264387,-2.));
#713 = CARTESIAN_POINT('',(181.50134036787,-95.41454895663,-2.));
#714 = ORIENTED_EDGE('',*,*,#650,.T.);
#715 = ORIENTED_EDGE('',*,*,#716,.T.);
#716 = EDGE_CURVE('',#653,#701,#717,.T.);
#717 = B_SPLINE_CURVE_WITH_KNOTS('',3,(#718,#719,#720,#721),
  .UNSPECIFIED.,.F.,.F.,(4,4),(0.,0.968024658434),
  .PIECEWISE_BEZIER_KNOTS.);
#718 = CARTESIAN_POINT('',(181.50134036787,-95.41454895663,0.));
#719 = CARTESIAN_POINT('',(179.2733863669,-97.74775264387,0.));
#720 = CARTESIAN_POINT('',(179.13523506992,-97.82669576414,0.));
#721 = CARTESIAN_POINT('',(174.51269427904,-99.38581987992,0.));
#722 = B_SPLINE_SURFACE_WITH_KNOTS('',3,1,(
    (#723,#724)
    ,(#725,#726)
    ,(#727,#728)
    ,(#729,#730
  )),.UNSPECIFIED.,.F.,.F.,.F.,(4,4),(2,2),(-1.,0.),(0.,1.),
  .PIECEWISE_BEZIER_KNOTS.);
#723 = CARTESIAN_POINT('',(174.51269427904,-99.38581987992,-2.));
#724 = CARTESIAN_POINT('',(174.51269427904,-99.38581987992,8.));
#725 = CARTESIAN_POINT('',(179.13523506992,-97.82669576414,-2.));
#726 = CARTESIAN_POINT('',(179.13523506992,-97.82669576414,8.));
#727 = CARTESIAN_POINT('',(179.2733863669,-97.74775264387,-2.));
#728 = CARTESIAN_POINT('',(179.2733863669,-97.74775264387,8.));
#729 = CARTESIAN_POINT('',(181.50134036787,-95.41454895663,-2.));
#730 = CARTESIAN_POINT('',(181.50134036787,-95.41454895663,8.));
#731 = ADVANCED_FACE('',(#732),#759,.F.);
#732 = FACE_BOUND('',#733,.F.);
#733 = EDGE_LOOP('',(#734,#744,#751,#752));
#734 = ORIENTED_EDGE('',*,*,#735,.F.);
#735 = EDGE_CURVE('',#736,#738,#740,.T.);
#736 = VERTEX_POINT('',#737);
#737 = CARTESIAN_POINT('',(167.1249459305,-99.02838250953,-2.));
#738 = VERTEX_POINT('',#739);
#739 = CARTESIAN_POINT('',(167.1249459305,-99.02838250953,0.));
#740 = LINE('',#741,#742);
#741 = CARTESIAN_POINT('',(167.1249459305,-99.02838250953,-2.));
#742 = VECTOR('',#743,1.);
#743 = DIRECTION('',(0.,0.,1.));
#744 = ORIENTED_EDGE('',*,*,#745,.T.);
#745 = EDGE_CURVE('',#736,#699,#746,.T.);
#746 = B_SPLINE_CURVE_WITH_KNOTS('',3,(#747,#748,#749,#750),
  .UNSPECIFIED.,.F.,.F.,(4,4),(-1.,0.),.PIECEWISE_BEZIER_KNOTS.);
#747 = CARTESIAN_POINT('',(167.1249459305,-99.02838250953,-2.));
#748 = CARTESIAN_POINT('',(169.74322218238,-100.9383656811,-2.));
#749 = CARTESIAN_POINT('',(169.8923351062,-100.9471356518,-2.));
#750 = CARTESIAN_POINT('',(174.51269427904,-99.38581987992,-2.));
#751 = ORIENTED_EDGE('',*,*,#698,.T.);
#752 = ORIENTED_EDGE('',*,*,#753,.T.);
#753 = EDGE_CURVE('',#701,#738,#754,.T.);
#754 = B_SPLINE_CURVE_WITH_KNOTS('',3,(#755,#756,#757,#758),
  .UNSPECIFIED.,.F.,.F.,(4,4),(0.,1.484207469671),
  .PIECEWISE_BEZIER_KNOTS.);
#755 = CARTESIAN_POINT('',(174.51269427904,-99.38581987992,0.));
#756 = CARTESIAN_POINT('',(169.8923351062,-100.9471356518,0.));
#757 = CARTESIAN_POINT('',(169.74322218238,-100.9383656811,0.));
#758 = CARTESIAN_POINT('',(167.1249459305,-99.02838250953,0.));
#759 = B_SPLINE_SURFACE_WITH_KNOTS('',3,1,(
    (#760,#761)
    ,(#762,#763)
    ,(#764,#765)
    ,(#766,#767
  )),.UNSPECIFIED.,.F.,.F.,.F.,(4,4),(2,2),(-1.,0.),(0.,1.),
  .PIECEWISE_BEZIER_KNOTS.);
#760 = CARTESIAN_POINT('',(167.1249459305,-99.02838250953,-2.));
#761 = CARTESIAN_POINT('',(167.1249459305,-99.02838250953,8.));
#762 = CARTESIAN_POINT('',(169.74322218238,-100.9383656811,-2.));
#763 = CARTESIAN_POINT('',(169.74322218238,-100.9383656811,8.));
#764 = CARTESIAN_POINT('',(169.8923351062,-100.9471356518,-2.));
#765 = CARTESIAN_POINT('',(169.8923351062,-100.9471356518,8.));
#766 = CARTESIAN_POINT('',(174.51269427904,-99.38581987992,-2.));
#767 = CARTESIAN_POINT('',(174.51269427904,-99.38581987992,8.));
#768 = ADVANCED_FACE('',(#769),#796,.F.);
#769 = FACE_BOUND('',#770,.F.);
#770 = EDGE_LOOP('',(#771,#781,#788,#789));
#771 = ORIENTED_EDGE('',*,*,#772,.F.);
#772 = EDGE_CURVE('',#773,#775,#777,.T.);
#773 = VERTEX_POINT('',#774);
#774 = CARTESIAN_POINT('',(169.16869374078,-84.49629683383,-2.));
#775 = VERTEX_POINT('',#776);
#776 = CARTESIAN_POINT('',(169.16869374078,-84.49629683383,0.));
#777 = LINE('',#778,#779);
#778 = CARTESIAN_POINT('',(169.16869374078,-84.49629683383,-2.));
#779 = VECTOR('',#780,1.);
#780 = DIRECTION('',(0.,0.,1.));
#781 = ORIENTED_EDGE('',*,*,#782,.T.);
#782 = EDGE_CURVE('',#773,#736,#783,.T.);
#783 = B_SPLINE_CURVE_WITH_KNOTS('',3,(#784,#785,#786,#787),
  .UNSPECIFIED.,.F.,.F.,(4,4),(-1.,0.),.PIECEWISE_BEZIER_KNOTS.);
#784 = CARTESIAN_POINT('',(169.16869374078,-84.49629683383,-2.));
#785 = CARTESIAN_POINT('',(164.54833456794,-96.82675180476,-2.));
#786 = CARTESIAN_POINT('',(164.50666967863,-97.11620768172,-2.));
#787 = CARTESIAN_POINT('',(167.1249459305,-99.02838250953,-2.));
#788 = ORIENTED_EDGE('',*,*,#735,.T.);
#789 = ORIENTED_EDGE('',*,*,#790,.T.);
#790 = EDGE_CURVE('',#738,#775,#791,.T.);
#791 = B_SPLINE_CURVE_WITH_KNOTS('',3,(#792,#793,#794,#795),
  .UNSPECIFIED.,.F.,.F.,(4,4),(0.,1.005414765246),
  .PIECEWISE_BEZIER_KNOTS.);
#792 = CARTESIAN_POINT('',(167.1249459305,-99.02838250953,0.));
#793 = CARTESIAN_POINT('',(164.50666967863,-97.11620768172,0.));
#794 = CARTESIAN_POINT('',(164.54833456794,-96.82675180476,0.));
#795 = CARTESIAN_POINT('',(169.16869374078,-84.49629683383,0.));
#796 = B_SPLINE_SURFACE_WITH_KNOTS('',3,1,(
    (#797,#798)
    ,(#799,#800)
    ,(#801,#802)
    ,(#803,#804
  )),.UNSPECIFIED.,.F.,.F.,.F.,(4,4),(2,2),(-1.,0.),(0.,1.),
  .PIECEWISE_BEZIER_KNOTS.);
#797 = CARTESIAN_POINT('',(169.16869374078,-84.49629683383,-2.));
#798 = CARTESIAN_POINT('',(169.16869374078,-84.49629683383,8.));
#799 = CARTESIAN_POINT('',(164.54833456794,-96.82675180476,-2.));
#800 = CARTESIAN_POINT('',(164.54833456794,-96.82675180476,8.));
#801 = CARTESIAN_POINT('',(164.50666967863,-97.11620768172,-2.));
#802 = CARTESIAN_POINT('',(164.50666967863,-97.11620768172,8.));
#803 = CARTESIAN_POINT('',(167.1249459305,-99.02838250953,-2.));
#804 = CARTESIAN_POINT('',(167.1249459305,-99.02838250953,8.));
#805 = ADVANCED_FACE('',(#806),#833,.F.);
#806 = FACE_BOUND('',#807,.F.);
#807 = EDGE_LOOP('',(#808,#818,#825,#826));
#808 = ORIENTED_EDGE('',*,*,#809,.F.);
#809 = EDGE_CURVE('',#810,#812,#814,.T.);
#810 = VERTEX_POINT('',#811);
#811 = CARTESIAN_POINT('',(177.38753148924,-71.23168439475,-2.));
#812 = VERTEX_POINT('',#813);
#813 = CARTESIAN_POINT('',(177.38753148924,-71.23168439475,0.));
#814 = LINE('',#815,#816);
#815 = CARTESIAN_POINT('',(177.38753148924,-71.23168439475,-2.));
#816 = VECTOR('',#817,1.);
#817 = DIRECTION('',(0.,0.,1.));
#818 = ORIENTED_EDGE('',*,*,#819,.T.);
#819 = EDGE_CURVE('',#810,#773,#820,.T.);
#820 = B_SPLINE_CURVE_WITH_KNOTS('',3,(#821,#822,#823,#824),
  .UNSPECIFIED.,.F.,.F.,(4,4),(-1.,0.),.PIECEWISE_BEZIER_KNOTS.);
#821 = CARTESIAN_POINT('',(177.38753148924,-71.23168439475,-2.));
#822 = CARTESIAN_POINT('',(173.95569908672,-71.90050424182,-2.));
#823 = CARTESIAN_POINT('',(173.79123453166,-72.16583851686,-2.));
#824 = CARTESIAN_POINT('',(169.16869374078,-84.49629683383,-2.));
#825 = ORIENTED_EDGE('',*,*,#772,.T.);
#826 = ORIENTED_EDGE('',*,*,#827,.T.);
#827 = EDGE_CURVE('',#775,#812,#828,.T.);
#828 = B_SPLINE_CURVE_WITH_KNOTS('',3,(#829,#830,#831,#832),
  .UNSPECIFIED.,.F.,.F.,(4,4),(0.,3.986647505461),
  .PIECEWISE_BEZIER_KNOTS.);
#829 = CARTESIAN_POINT('',(169.16869374078,-84.49629683383,0.));
#830 = CARTESIAN_POINT('',(173.79123453166,-72.16583851686,0.));
#831 = CARTESIAN_POINT('',(173.95569908672,-71.90050424182,0.));
#832 = CARTESIAN_POINT('',(177.38753148924,-71.23168439475,0.));
#833 = B_SPLINE_SURFACE_WITH_KNOTS('',3,1,(
    (#834,#835)
    ,(#836,#837)
    ,(#838,#839)
    ,(#840,#841
  )),.UNSPECIFIED.,.F.,.F.,.F.,(4,4),(2,2),(-1.,0.),(0.,1.),
  .PIECEWISE_BEZIER_KNOTS.);
#834 = CARTESIAN_POINT('',(177.38753148924,-71.23168439475,-2.));
#835 = CARTESIAN_POINT('',(177.38753148924,-71.23168439475,8.));
#836 = CARTESIAN_POINT('',(173.95569908672,-71.90050424182,-2.));
#837 = CARTESIAN_POINT('',(173.95569908672,-71.90050424182,8.));
#838 = CARTESIAN_POINT('',(173.79123453166,-72.16583851686,-2.));
#839 = CARTESIAN_POINT('',(173.79123453166,-72.16583851686,8.));
#840 = CARTESIAN_POINT('',(169.16869374078,-84.49629683383,-2.));
#841 = CARTESIAN_POINT('',(169.16869374078,-84.49629683383,8.));
#842 = ADVANCED_FACE('',(#843),#870,.F.);
#843 = FACE_BOUND('',#844,.F.);
#844 = EDGE_LOOP('',(#845,#855,#862,#863));
#845 = ORIENTED_EDGE('',*,*,#846,.F.);
#846 = EDGE_CURVE('',#847,#849,#851,.T.);
#847 = VERTEX_POINT('',#848);
#848 = CARTESIAN_POINT('',(181.53422524838,-71.10449472461,-2.));
#849 = VERTEX_POINT('',#850);
#850 = CARTESIAN_POINT('',(181.53422524838,-71.10449472461,0.));
#851 = LINE('',#852,#853);
#852 = CARTESIAN_POINT('',(181.53422524838,-71.10449472461,-2.));
#853 = VECTOR('',#854,1.);
#854 = DIRECTION('',(0.,0.,1.));
#855 = ORIENTED_EDGE('',*,*,#856,.T.);
#856 = EDGE_CURVE('',#847,#810,#857,.T.);
#857 = B_SPLINE_CURVE_WITH_KNOTS('',3,(#858,#859,#860,#861),
  .UNSPECIFIED.,.F.,.F.,(4,4),(-1.,0.),.PIECEWISE_BEZIER_KNOTS.);
#858 = CARTESIAN_POINT('',(181.53422524838,-71.10449472461,-2.));
#859 = CARTESIAN_POINT('',(180.90487528843,-70.5606628534,-2.));
#860 = CARTESIAN_POINT('',(180.8215455098,-70.5628578556,-2.));
#861 = CARTESIAN_POINT('',(177.38753148924,-71.23168439475,-2.));
#862 = ORIENTED_EDGE('',*,*,#809,.T.);
#863 = ORIENTED_EDGE('',*,*,#864,.T.);
#864 = EDGE_CURVE('',#812,#849,#865,.T.);
#865 = B_SPLINE_CURVE_WITH_KNOTS('',3,(#866,#867,#868,#869),
  .UNSPECIFIED.,.F.,.F.,(4,4),(0.,1.050868891552),
  .PIECEWISE_BEZIER_KNOTS.);
#866 = CARTESIAN_POINT('',(177.38753148924,-71.23168439475,0.));
#867 = CARTESIAN_POINT('',(180.8215455098,-70.5628578556,0.));
#868 = CARTESIAN_POINT('',(180.90487528843,-70.5606628534,0.));
#869 = CARTESIAN_POINT('',(181.53422524838,-71.10449472461,0.));
#870 = B_SPLINE_SURFACE_WITH_KNOTS('',3,1,(
    (#871,#872)
    ,(#873,#874)
    ,(#875,#876)
    ,(#877,#878
  )),.UNSPECIFIED.,.F.,.F.,.F.,(4,4),(2,2),(-1.,0.),(0.,1.),
  .PIECEWISE_BEZIER_KNOTS.);
#871 = CARTESIAN_POINT('',(181.53422524838,-71.10449472461,-2.));
#872 = CARTESIAN_POINT('',(181.53422524838,-71.10449472461,8.));
#873 = CARTESIAN_POINT('',(180.90487528843,-70.5606628534,-2.));
#874 = CARTESIAN_POINT('',(180.90487528843,-70.5606628534,8.));
#875 = CARTESIAN_POINT('',(180.8215455098,-70.5628578556,-2.));
#876 = CARTESIAN_POINT('',(180.8215455098,-70.5628578556,8.));
#877 = CARTESIAN_POINT('',(177.38753148924,-71.23168439475,-2.));
#878 = CARTESIAN_POINT('',(177.38753148924,-71.23168439475,8.));
#879 = ADVANCED_FACE('',(#880),#907,.F.);
#880 = FACE_BOUND('',#881,.F.);
#881 = EDGE_LOOP('',(#882,#892,#899,#900));
#882 = ORIENTED_EDGE('',*,*,#883,.F.);
#883 = EDGE_CURVE('',#884,#886,#888,.T.);
#884 = VERTEX_POINT('',#885);
#885 = CARTESIAN_POINT('',(183.75121762252,-78.76196400655,-2.));
#886 = VERTEX_POINT('',#887);
#887 = CARTESIAN_POINT('',(183.75121762252,-78.76196400655,0.));
#888 = LINE('',#889,#890);
#889 = CARTESIAN_POINT('',(183.75121762252,-78.76196400655,-2.));
#890 = VECTOR('',#891,1.);
#891 = DIRECTION('',(0.,0.,1.));
#892 = ORIENTED_EDGE('',*,*,#893,.T.);
#893 = EDGE_CURVE('',#884,#847,#894,.T.);
#894 = B_SPLINE_CURVE_WITH_KNOTS('',3,(#895,#896,#897,#898),
  .UNSPECIFIED.,.F.,.F.,(4,4),(-1.,0.),.PIECEWISE_BEZIER_KNOTS.);
#895 = CARTESIAN_POINT('',(183.75121762252,-78.76196400655,-2.));
#896 = CARTESIAN_POINT('',(182.20743509985,-71.80401783415,-2.));
#897 = CARTESIAN_POINT('',(182.16357520834,-71.65051490593,-2.));
#898 = CARTESIAN_POINT('',(181.53422524838,-71.10449472461,-2.));
#899 = ORIENTED_EDGE('',*,*,#846,.T.);
#900 = ORIENTED_EDGE('',*,*,#901,.T.);
#901 = EDGE_CURVE('',#849,#886,#902,.T.);
#902 = B_SPLINE_CURVE_WITH_KNOTS('',3,(#903,#904,#905,#906),
  .UNSPECIFIED.,.F.,.F.,(4,4),(0.,0.255149433903),
  .PIECEWISE_BEZIER_KNOTS.);
#903 = CARTESIAN_POINT('',(181.53422524838,-71.10449472461,0.));
#904 = CARTESIAN_POINT('',(182.16357520834,-71.65051490593,0.));
#905 = CARTESIAN_POINT('',(182.20743509985,-71.80401783415,0.));
#906 = CARTESIAN_POINT('',(183.75121762252,-78.76196400655,0.));
#907 = B_SPLINE_SURFACE_WITH_KNOTS('',3,1,(
    (#908,#909)
    ,(#910,#911)
    ,(#912,#913)
    ,(#914,#915
  )),.UNSPECIFIED.,.F.,.F.,.F.,(4,4),(2,2),(-1.,0.),(0.,1.),
  .PIECEWISE_BEZIER_KNOTS.);
#908 = CARTESIAN_POINT('',(183.75121762252,-78.76196400655,-2.));
#909 = CARTESIAN_POINT('',(183.75121762252,-78.76196400655,8.));
#910 = CARTESIAN_POINT('',(182.20743509985,-71.80401783415,-2.));
#911 = CARTESIAN_POINT('',(182.20743509985,-71.80401783415,8.));
#912 = CARTESIAN_POINT('',(182.16357520834,-71.65051490593,-2.));
#913 = CARTESIAN_POINT('',(182.16357520834,-71.65051490593,8.));
#914 = CARTESIAN_POINT('',(181.53422524838,-71.10449472461,-2.));
#915 = CARTESIAN_POINT('',(181.53422524838,-71.10449472461,8.));
#916 = ADVANCED_FACE('',(#917),#935,.F.);
#917 = FACE_BOUND('',#918,.F.);
#918 = EDGE_LOOP('',(#919,#920,#927,#928));
#919 = ORIENTED_EDGE('',*,*,#669,.F.);
#920 = ORIENTED_EDGE('',*,*,#921,.T.);
#921 = EDGE_CURVE('',#661,#884,#922,.T.);
#922 = B_SPLINE_CURVE_WITH_KNOTS('',3,(#923,#924,#925,#926),
  .UNSPECIFIED.,.F.,.F.,(4,4),(-1.,0.),.PIECEWISE_BEZIER_KNOTS.);
#923 = CARTESIAN_POINT('',(184.54940875776,-89.44777677294,-2.));
#924 = CARTESIAN_POINT('',(185.30814339006,-85.93481294003,-2.));
#925 = CARTESIAN_POINT('',(185.29279175882,-85.71991352498,-2.));
#926 = CARTESIAN_POINT('',(183.75121762252,-78.76196400655,-2.));
#927 = ORIENTED_EDGE('',*,*,#883,.T.);
#928 = ORIENTED_EDGE('',*,*,#929,.T.);
#929 = EDGE_CURVE('',#886,#670,#930,.T.);
#930 = B_SPLINE_CURVE_WITH_KNOTS('',3,(#931,#932,#933,#934),
  .UNSPECIFIED.,.F.,.F.,(4,4),(0.,2.131970891762),
  .PIECEWISE_BEZIER_KNOTS.);
#931 = CARTESIAN_POINT('',(183.75121762252,-78.76196400655,0.));
#932 = CARTESIAN_POINT('',(185.29279175882,-85.71991352498,0.));
#933 = CARTESIAN_POINT('',(185.30814339006,-85.93481294003,0.));
#934 = CARTESIAN_POINT('',(184.54940875776,-89.44777677294,0.));
#935 = B_SPLINE_SURFACE_WITH_KNOTS('',3,1,(
    (#936,#937)
    ,(#938,#939)
    ,(#940,#941)
    ,(#942,#943
  )),.UNSPECIFIED.,.F.,.F.,.F.,(4,4),(2,2),(-1.,0.),(0.,1.),
  .PIECEWISE_BEZIER_KNOTS.);
#936 = CARTESIAN_POINT('',(184.54940875776,-89.44777677294,-2.));
#937 = CARTESIAN_POINT('',(184.54940875776,-89.44777677294,8.));
#938 = CARTESIAN_POINT('',(185.30814339006,-85.93481294003,-2.));
#939 = CARTESIAN_POINT('',(185.30814339006,-85.93481294003,8.));
#940 = CARTESIAN_POINT('',(185.29279175882,-85.71991352498,-2.));
#941 = CARTESIAN_POINT('',(185.29279175882,-85.71991352498,8.));
#942 = CARTESIAN_POINT('',(183.75121762252,-78.76196400655,-2.));
#943 = CARTESIAN_POINT('',(183.75121762252,-78.76196400655,8.));
#944 = ADVANCED_FACE('',(#945),#981,.F.);
#945 = FACE_BOUND('',#946,.F.);
#946 = EDGE_LOOP('',(#947,#957,#966,#974));
#947 = ORIENTED_EDGE('',*,*,#948,.F.);
#948 = EDGE_CURVE('',#949,#951,#953,.T.);
#949 = VERTEX_POINT('',#950);
#950 = CARTESIAN_POINT('',(184.39810083175,-63.64438491637,-2.));
#951 = VERTEX_POINT('',#952);
#952 = CARTESIAN_POINT('',(184.39810083175,-63.64438491637,0.));
#953 = LINE('',#954,#955);
#954 = CARTESIAN_POINT('',(184.39810083175,-63.64438491637,-2.));
#955 = VECTOR('',#956,1.);
#956 = DIRECTION('',(0.,0.,1.));
#957 = ORIENTED_EDGE('',*,*,#958,.T.);
#958 = EDGE_CURVE('',#949,#959,#961,.T.);
#959 = VERTEX_POINT('',#960);
#960 = CARTESIAN_POINT('',(196.98293179692,-68.53446167657,-2.));
#961 = B_SPLINE_CURVE_WITH_KNOTS('',3,(#962,#963,#964,#965),
  .UNSPECIFIED.,.F.,.F.,(4,4),(-1.,0.),.PIECEWISE_BEZIER_KNOTS.);
#962 = CARTESIAN_POINT('',(184.39810083175,-63.64438491637,-2.));
#963 = CARTESIAN_POINT('',(184.04944347015,-67.2560268131,-2.));
#964 = CARTESIAN_POINT('',(184.30161442408,-67.35470153089,-2.));
#965 = CARTESIAN_POINT('',(196.98293179692,-68.53446167657,-2.));
#966 = ORIENTED_EDGE('',*,*,#967,.T.);
#967 = EDGE_CURVE('',#959,#968,#970,.T.);
#968 = VERTEX_POINT('',#969);
#969 = CARTESIAN_POINT('',(196.98293179692,-68.53446167657,0.));
#970 = LINE('',#971,#972);
#971 = CARTESIAN_POINT('',(196.98293179692,-68.53446167657,-2.));
#972 = VECTOR('',#973,1.);
#973 = DIRECTION('',(0.,0.,1.));
#974 = ORIENTED_EDGE('',*,*,#975,.T.);
#975 = EDGE_CURVE('',#968,#951,#976,.T.);
#976 = B_SPLINE_CURVE_WITH_KNOTS('',3,(#977,#978,#979,#980),
  .UNSPECIFIED.,.F.,.F.,(4,4),(0.,3.794351852166),
  .PIECEWISE_BEZIER_KNOTS.);
#977 = CARTESIAN_POINT('',(196.98293179692,-68.53446167657,0.));
#978 = CARTESIAN_POINT('',(184.30161442408,-67.35470153089,0.));
#979 = CARTESIAN_POINT('',(184.04944347015,-67.2560268131,0.));
#980 = CARTESIAN_POINT('',(184.39810083175,-63.64438491637,0.));
#981 = B_SPLINE_SURFACE_WITH_KNOTS('',3,1,(
    (#982,#983)
    ,(#984,#985)
    ,(#986,#987)
    ,(#988,#989
  )),.UNSPECIFIED.,.F.,.F.,.F.,(4,4),(2,2),(-1.,0.),(0.,1.),
  .PIECEWISE_BEZIER_KNOTS.);
#982 = CARTESIAN_POINT('',(184.39810083175,-63.64438491637,-2.));
#983 = CARTESIAN_POINT('',(184.39810083175,-63.64438491637,8.));
#984 = CARTESIAN_POINT('',(184.04944347015,-67.2560268131,-2.));
#985 = CARTESIAN_POINT('',(184.04944347015,-67.2560268131,8.));
#986 = CARTESIAN_POINT('',(184.30161442408,-67.35470153089,-2.));
#987 = CARTESIAN_POINT('',(184.30161442408,-67.35470153089,8.));
#988 = CARTESIAN_POINT('',(196.98293179692,-68.53446167657,-2.));
#989 = CARTESIAN_POINT('',(196.98293179692,-68.53446167657,8.));
#990 = ADVANCED_FACE('',(#991),#1018,.F.);
#991 = FACE_BOUND('',#992,.F.);
#992 = EDGE_LOOP('',(#993,#1003,#1010,#1011));
#993 = ORIENTED_EDGE('',*,*,#994,.F.);
#994 = EDGE_CURVE('',#995,#997,#999,.T.);
#995 = VERTEX_POINT('',#996);
#996 = CARTESIAN_POINT('',(188.53822296845,-57.55042306253,-2.));
#997 = VERTEX_POINT('',#998);
#998 = CARTESIAN_POINT('',(188.53822296845,-57.55042306253,0.));
#999 = LINE('',#1000,#1001);
#1000 = CARTESIAN_POINT('',(188.53822296845,-57.55042306253,-2.));
#1001 = VECTOR('',#1002,1.);
#1002 = DIRECTION('',(0.,0.,1.));
#1003 = ORIENTED_EDGE('',*,*,#1004,.T.);
#1004 = EDGE_CURVE('',#995,#949,#1005,.T.);
#1005 = B_SPLINE_CURVE_WITH_KNOTS('',3,(#1006,#1007,#1008,#1009),
  .UNSPECIFIED.,.F.,.F.,(4,4),(-1.,0.),.PIECEWISE_BEZIER_KNOTS.);
#1006 = CARTESIAN_POINT('',(188.53822296845,-57.55042306253,-2.));
#1007 = CARTESIAN_POINT('',(184.83010135613,-59.90994335388,-2.));
#1008 = CARTESIAN_POINT('',(184.7467715775,-60.03274301963,-2.));
#1009 = CARTESIAN_POINT('',(184.39810083175,-63.64438491637,-2.));
#1010 = ORIENTED_EDGE('',*,*,#948,.T.);
#1011 = ORIENTED_EDGE('',*,*,#1012,.T.);
#1012 = EDGE_CURVE('',#951,#997,#1013,.T.);
#1013 = B_SPLINE_CURVE_WITH_KNOTS('',3,(#1014,#1015,#1016,#1017),
  .UNSPECIFIED.,.F.,.F.,(4,4),(0.,1.092005004604),
  .PIECEWISE_BEZIER_KNOTS.);
#1014 = CARTESIAN_POINT('',(184.39810083175,-63.64438491637,0.));
#1015 = CARTESIAN_POINT('',(184.7467715775,-60.03274301963,0.));
#1016 = CARTESIAN_POINT('',(184.83010135613,-59.90994335388,0.));
#1017 = CARTESIAN_POINT('',(188.53822296845,-57.55042306253,0.));
#1018 = B_SPLINE_SURFACE_WITH_KNOTS('',3,1,(
    (#1019,#1020)
    ,(#1021,#1022)
    ,(#1023,#1024)
    ,(#1025,#1026
    )),.UNSPECIFIED.,.F.,.F.,.F.,(4,4),(2,2),(-1.,0.),(0.,1.),
  .PIECEWISE_BEZIER_KNOTS.);
#1019 = CARTESIAN_POINT('',(188.53822296845,-57.55042306253,-2.));
#1020 = CARTESIAN_POINT('',(188.53822296845,-57.55042306253,8.));
#1021 = CARTESIAN_POINT('',(184.83010135613,-59.90994335388,-2.));
#1022 = CARTESIAN_POINT('',(184.83010135613,-59.90994335388,8.));
#1023 = CARTESIAN_POINT('',(184.7467715775,-60.03274301963,-2.));
#1024 = CARTESIAN_POINT('',(184.7467715775,-60.03274301963,8.));
#1025 = CARTESIAN_POINT('',(184.39810083175,-63.64438491637,-2.));
#1026 = CARTESIAN_POINT('',(184.39810083175,-63.64438491637,8.));
#1027 = ADVANCED_FACE('',(#1028),#1055,.F.);
#1028 = FACE_BOUND('',#1029,.F.);
#1029 = EDGE_LOOP('',(#1030,#1040,#1047,#1048));
#1030 = ORIENTED_EDGE('',*,*,#1031,.F.);
#1031 = EDGE_CURVE('',#1032,#1034,#1036,.T.);
#1032 = VERTEX_POINT('',#1033);
#1033 = CARTESIAN_POINT('',(201.12305393362,-50.63633343561,-2.));
#1034 = VERTEX_POINT('',#1035);
#1035 = CARTESIAN_POINT('',(201.12305393362,-50.63633343561,0.));
#1036 = LINE('',#1037,#1038);
#1037 = CARTESIAN_POINT('',(201.12305393362,-50.63633343561,-2.));
#1038 = VECTOR('',#1039,1.);
#1039 = DIRECTION('',(0.,0.,1.));
#1040 = ORIENTED_EDGE('',*,*,#1041,.T.);
#1041 = EDGE_CURVE('',#1032,#995,#1042,.T.);
#1042 = B_SPLINE_CURVE_WITH_KNOTS('',3,(#1043,#1044,#1045,#1046),
  .UNSPECIFIED.,.F.,.F.,(4,4),(-1.,0.),.PIECEWISE_BEZIER_KNOTS.);
#1043 = CARTESIAN_POINT('',(201.12305393362,-50.63633343561,-2.));
#1044 = CARTESIAN_POINT('',(192.49634730082,-55.05056316408,-2.));
#1045 = CARTESIAN_POINT('',(192.24635796494,-55.19090277118,-2.));
#1046 = CARTESIAN_POINT('',(188.53822296845,-57.55042306253,-2.));
#1047 = ORIENTED_EDGE('',*,*,#994,.T.);
#1048 = ORIENTED_EDGE('',*,*,#1049,.T.);
#1049 = EDGE_CURVE('',#997,#1034,#1050,.T.);
#1050 = B_SPLINE_CURVE_WITH_KNOTS('',3,(#1051,#1052,#1053,#1054),
  .UNSPECIFIED.,.F.,.F.,(4,4),(0.,1.279559842931),
  .PIECEWISE_BEZIER_KNOTS.);
#1051 = CARTESIAN_POINT('',(188.53822296845,-57.55042306253,0.));
#1052 = CARTESIAN_POINT('',(192.24635796494,-55.19090277118,0.));
#1053 = CARTESIAN_POINT('',(192.49634730082,-55.05056316408,0.));
#1054 = CARTESIAN_POINT('',(201.12305393362,-50.63633343561,0.));
#1055 = B_SPLINE_SURFACE_WITH_KNOTS('',3,1,(
    (#1056,#1057)
    ,(#1058,#1059)
    ,(#1060,#1061)
    ,(#1062,#1063
    )),.UNSPECIFIED.,.F.,.F.,.F.,(4,4),(2,2),(-1.,0.),(0.,1.),
  .PIECEWISE_BEZIER_KNOTS.);
#1056 = CARTESIAN_POINT('',(201.12305393362,-50.63633343561,-2.));
#1057 = CARTESIAN_POINT('',(201.12305393362,-50.63633343561,8.));
#1058 = CARTESIAN_POINT('',(192.49634730082,-55.05056316408,-2.));
#1059 = CARTESIAN_POINT('',(192.49634730082,-55.05056316408,8.));
#1060 = CARTESIAN_POINT('',(192.24635796494,-55.19090277118,-2.));
#1061 = CARTESIAN_POINT('',(192.24635796494,-55.19090277118,8.));
#1062 = CARTESIAN_POINT('',(188.53822296845,-57.55042306253,-2.));
#1063 = CARTESIAN_POINT('',(188.53822296845,-57.55042306253,8.));
#1064 = ADVANCED_FACE('',(#1065),#1092,.F.);
#1065 = FACE_BOUND('',#1066,.F.);
#1066 = EDGE_LOOP('',(#1067,#1077,#1084,#1085));
#1067 = ORIENTED_EDGE('',*,*,#1068,.F.);
#1068 = EDGE_CURVE('',#1069,#1071,#1073,.T.);
#1069 = VERTEX_POINT('',#1070);
#1070 = CARTESIAN_POINT('',(209.92520013248,-57.9363686932,-2.));
#1071 = VERTEX_POINT('',#1072);
#1072 = CARTESIAN_POINT('',(209.92520013248,-57.9363686932,0.));
#1073 = LINE('',#1074,#1075);
#1074 = CARTESIAN_POINT('',(209.92520013248,-57.9363686932,-2.));
#1075 = VECTOR('',#1076,1.);
#1076 = DIRECTION('',(0.,0.,1.));
#1077 = ORIENTED_EDGE('',*,*,#1078,.T.);
#1078 = EDGE_CURVE('',#1069,#1032,#1079,.T.);
#1079 = B_SPLINE_CURVE_WITH_KNOTS('',3,(#1080,#1081,#1082,#1083),
  .UNSPECIFIED.,.F.,.F.,(4,4),(-1.,0.),.PIECEWISE_BEZIER_KNOTS.);
#1080 = CARTESIAN_POINT('',(209.92520013248,-57.9363686932,-2.));
#1081 = CARTESIAN_POINT('',(209.92520013248,-46.36902832084,-2.));
#1082 = CARTESIAN_POINT('',(209.74757894838,-46.22210370715,-2.));
#1083 = CARTESIAN_POINT('',(201.12305393362,-50.63633343561,-2.));
#1084 = ORIENTED_EDGE('',*,*,#1031,.T.);
#1085 = ORIENTED_EDGE('',*,*,#1086,.T.);
#1086 = EDGE_CURVE('',#1034,#1071,#1087,.T.);
#1087 = B_SPLINE_CURVE_WITH_KNOTS('',3,(#1088,#1089,#1090,#1091),
  .UNSPECIFIED.,.F.,.F.,(4,4),(0.,2.94406167759),
  .PIECEWISE_BEZIER_KNOTS.);
#1088 = CARTESIAN_POINT('',(201.12305393362,-50.63633343561,0.));
#1089 = CARTESIAN_POINT('',(209.74757894838,-46.22210370715,0.));
#1090 = CARTESIAN_POINT('',(209.92520013248,-46.36902832084,0.));
#1091 = CARTESIAN_POINT('',(209.92520013248,-57.9363686932,0.));
#1092 = B_SPLINE_SURFACE_WITH_KNOTS('',3,1,(
    (#1093,#1094)
    ,(#1095,#1096)
    ,(#1097,#1098)
    ,(#1099,#1100
    )),.UNSPECIFIED.,.F.,.F.,.F.,(4,4),(2,2),(-1.,0.),(0.,1.),
  .PIECEWISE_BEZIER_KNOTS.);
#1093 = CARTESIAN_POINT('',(209.92520013248,-57.9363686932,-2.));
#1094 = CARTESIAN_POINT('',(209.92520013248,-57.9363686932,8.));
#1095 = CARTESIAN_POINT('',(209.92520013248,-46.36902832084,-2.));
#1096 = CARTESIAN_POINT('',(209.92520013248,-46.36902832084,8.));
#1097 = CARTESIAN_POINT('',(209.74757894838,-46.22210370715,-2.));
#1098 = CARTESIAN_POINT('',(209.74757894838,-46.22210370715,8.));
#1099 = CARTESIAN_POINT('',(201.12305393362,-50.63633343561,-2.));
#1100 = CARTESIAN_POINT('',(201.12305393362,-50.63633343561,8.));
#1101 = ADVANCED_FACE('',(#1102),#1120,.F.);
#1102 = FACE_BOUND('',#1103,.F.);
#1103 = EDGE_LOOP('',(#1104,#1105,#1112,#1113));
#1104 = ORIENTED_EDGE('',*,*,#967,.F.);
#1105 = ORIENTED_EDGE('',*,*,#1106,.T.);
#1106 = EDGE_CURVE('',#959,#1069,#1107,.T.);
#1107 = B_SPLINE_CURVE_WITH_KNOTS('',3,(#1108,#1109,#1110,#1111),
  .UNSPECIFIED.,.F.,.F.,(4,4),(-1.,0.),.PIECEWISE_BEZIER_KNOTS.);
#1108 = CARTESIAN_POINT('',(196.98293179692,-68.53446167657,-2.));
#1109 = CARTESIAN_POINT('',(209.66644417196,-69.71422182224,-2.));
#1110 = CARTESIAN_POINT('',(209.92520013248,-69.50370906555,-2.));
#1111 = CARTESIAN_POINT('',(209.92520013248,-57.9363686932,-2.));
#1112 = ORIENTED_EDGE('',*,*,#1068,.T.);
#1113 = ORIENTED_EDGE('',*,*,#1114,.T.);
#1114 = EDGE_CURVE('',#1071,#968,#1115,.T.);
#1115 = B_SPLINE_CURVE_WITH_KNOTS('',3,(#1116,#1117,#1118,#1119),
  .UNSPECIFIED.,.F.,.F.,(4,4),(0.,3.476522871005),
  .PIECEWISE_BEZIER_KNOTS.);
#1116 = CARTESIAN_POINT('',(209.92520013248,-57.9363686932,0.));
#1117 = CARTESIAN_POINT('',(209.92520013248,-69.50370906555,0.));
#1118 = CARTESIAN_POINT('',(209.66644417196,-69.71422182224,0.));
#1119 = CARTESIAN_POINT('',(196.98293179692,-68.53446167657,0.));
#1120 = B_SPLINE_SURFACE_WITH_KNOTS('',3,1,(
    (#1121,#1122)
    ,(#1123,#1124)
    ,(#1125,#1126)
    ,(#1127,#1128
    )),.UNSPECIFIED.,.F.,.F.,.F.,(4,4),(2,2),(-1.,0.),(0.,1.),
  .PIECEWISE_BEZIER_KNOTS.);
#1121 = CARTESIAN_POINT('',(196.98293179692,-68.53446167657,-2.));
#1122 = CARTESIAN_POINT('',(196.98293179692,-68.53446167657,8.));
#1123 = CARTESIAN_POINT('',(209.66644417196,-69.71422182224,-2.));
#1124 = CARTESIAN_POINT('',(209.66644417196,-69.71422182224,8.));
#1125 = CARTESIAN_POINT('',(209.92520013248,-69.50370906555,-2.));
#1126 = CARTESIAN_POINT('',(209.92520013248,-69.50370906555,8.));
#1127 = CARTESIAN_POINT('',(209.92520013248,-57.9363686932,-2.));
#1128 = CARTESIAN_POINT('',(209.92520013248,-57.9363686932,8.));
#1129 = ADVANCED_FACE('',(#1130),#1166,.F.);
#1130 = FACE_BOUND('',#1131,.F.);
#1131 = EDGE_LOOP('',(#1132,#1142,#1151,#1159));
#1132 = ORIENTED_EDGE('',*,*,#1133,.F.);
#1133 = EDGE_CURVE('',#1134,#1136,#1138,.T.);
#1134 = VERTEX_POINT('',#1135);
#1135 = CARTESIAN_POINT('',(54.247436296906,-112.1044121376,-2.));
#1136 = VERTEX_POINT('',#1137);
#1137 = CARTESIAN_POINT('',(54.247436296906,-112.1044121376,0.));
#1138 = LINE('',#1139,#1140);
#1139 = CARTESIAN_POINT('',(54.247436296906,-112.1044121376,-2.));
#1140 = VECTOR('',#1141,1.);
#1141 = DIRECTION('',(0.,0.,1.));
#1142 = ORIENTED_EDGE('',*,*,#1143,.T.);
#1143 = EDGE_CURVE('',#1134,#1144,#1146,.T.);
#1144 = VERTEX_POINT('',#1145);
#1145 = CARTESIAN_POINT('',(62.100070050336,-109.6703370574,-2.));
#1146 = B_SPLINE_CURVE_WITH_KNOTS('',3,(#1147,#1148,#1149,#1150),
  .UNSPECIFIED.,.F.,.F.,(4,4),(-1.,0.),.PIECEWISE_BEZIER_KNOTS.);
#1147 = CARTESIAN_POINT('',(54.247436296906,-112.1044121376,-2.));
#1148 = CARTESIAN_POINT('',(57.856884864465,-112.0035407446,-2.));
#1149 = CARTESIAN_POINT('',(58.014771105003,-111.9552975408,-2.));
#1150 = CARTESIAN_POINT('',(62.100070050336,-109.6703370574,-2.));
#1151 = ORIENTED_EDGE('',*,*,#1152,.T.);
#1152 = EDGE_CURVE('',#1144,#1153,#1155,.T.);
#1153 = VERTEX_POINT('',#1154);
#1154 = CARTESIAN_POINT('',(62.100070050336,-109.6703370574,0.));
#1155 = LINE('',#1156,#1157);
#1156 = CARTESIAN_POINT('',(62.100070050336,-109.6703370574,-2.));
#1157 = VECTOR('',#1158,1.);
#1158 = DIRECTION('',(0.,0.,1.));
#1159 = ORIENTED_EDGE('',*,*,#1160,.T.);
#1160 = EDGE_CURVE('',#1153,#1136,#1161,.T.);
#1161 = B_SPLINE_CURVE_WITH_KNOTS('',3,(#1162,#1163,#1164,#1165),
  .UNSPECIFIED.,.F.,.F.,(4,4),(0.,1.404959819465),
  .PIECEWISE_BEZIER_KNOTS.);
#1162 = CARTESIAN_POINT('',(62.100070050336,-109.6703370574,0.));
#1163 = CARTESIAN_POINT('',(58.014771105003,-111.9552975408,0.));
#1164 = CARTESIAN_POINT('',(57.856884864465,-112.0035407446,0.));
#1165 = CARTESIAN_POINT('',(54.247436296906,-112.1044121376,0.));
#1166 = B_SPLINE_SURFACE_WITH_KNOTS('',3,1,(
    (#1167,#1168)
    ,(#1169,#1170)
    ,(#1171,#1172)
    ,(#1173,#1174
    )),.UNSPECIFIED.,.F.,.F.,.F.,(4,4),(2,2),(-1.,0.),(0.,1.),
  .PIECEWISE_BEZIER_KNOTS.);
#1167 = CARTESIAN_POINT('',(54.247436296906,-112.1044121376,-2.));
#1168 = CARTESIAN_POINT('',(54.247436296906,-112.1044121376,8.));
#1169 = CARTESIAN_POINT('',(57.856884864465,-112.0035407446,-2.));
#1170 = CARTESIAN_POINT('',(57.856884864465,-112.0035407446,8.));
#1171 = CARTESIAN_POINT('',(58.014771105003,-111.9552975408,-2.));
#1172 = CARTESIAN_POINT('',(58.014771105003,-111.9552975408,8.));
#1173 = CARTESIAN_POINT('',(62.100070050336,-109.6703370574,-2.));
#1174 = CARTESIAN_POINT('',(62.100070050336,-109.6703370574,8.));
#1175 = ADVANCED_FACE('',(#1176),#1203,.F.);
#1176 = FACE_BOUND('',#1177,.F.);
#1177 = EDGE_LOOP('',(#1178,#1188,#1195,#1196));
#1178 = ORIENTED_EDGE('',*,*,#1179,.F.);
#1179 = EDGE_CURVE('',#1180,#1182,#1184,.T.);
#1180 = VERTEX_POINT('',#1181);
#1181 = CARTESIAN_POINT('',(49.804700817694,-111.7075048801,-2.));
#1182 = VERTEX_POINT('',#1183);
#1183 = CARTESIAN_POINT('',(49.804700817694,-111.7075048801,0.));
#1184 = LINE('',#1185,#1186);
#1185 = CARTESIAN_POINT('',(49.804700817694,-111.7075048801,-2.));
#1186 = VECTOR('',#1187,1.);
#1187 = DIRECTION('',(0.,0.,1.));
#1188 = ORIENTED_EDGE('',*,*,#1189,.T.);
#1189 = EDGE_CURVE('',#1180,#1134,#1190,.T.);
#1190 = B_SPLINE_CURVE_WITH_KNOTS('',3,(#1191,#1192,#1193,#1194),
  .UNSPECIFIED.,.F.,.F.,(4,4),(-1.,0.),.PIECEWISE_BEZIER_KNOTS.);
#1191 = CARTESIAN_POINT('',(49.804700817694,-111.7075048801,-2.));
#1192 = CARTESIAN_POINT('',(50.54808047271,-112.1943202308,-2.));
#1193 = CARTESIAN_POINT('',(50.635794400168,-112.2030918745,-2.));
#1194 = CARTESIAN_POINT('',(54.247436296906,-112.1044121376,-2.));
#1195 = ORIENTED_EDGE('',*,*,#1133,.T.);
#1196 = ORIENTED_EDGE('',*,*,#1197,.T.);
#1197 = EDGE_CURVE('',#1136,#1182,#1198,.T.);
#1198 = B_SPLINE_CURVE_WITH_KNOTS('',3,(#1199,#1200,#1201,#1202),
  .UNSPECIFIED.,.F.,.F.,(4,4),(0.,1.084839840744),
  .PIECEWISE_BEZIER_KNOTS.);
#1199 = CARTESIAN_POINT('',(54.247436296906,-112.1044121376,0.));
#1200 = CARTESIAN_POINT('',(50.635794400168,-112.2030918745,0.));
#1201 = CARTESIAN_POINT('',(50.54808047271,-112.1943202308,0.));
#1202 = CARTESIAN_POINT('',(49.804700817694,-111.7075048801,0.));
#1203 = B_SPLINE_SURFACE_WITH_KNOTS('',3,1,(
    (#1204,#1205)
    ,(#1206,#1207)
    ,(#1208,#1209)
    ,(#1210,#1211
    )),.UNSPECIFIED.,.F.,.F.,.F.,(4,4),(2,2),(-1.,0.),(0.,1.),
  .PIECEWISE_BEZIER_KNOTS.);
#1204 = CARTESIAN_POINT('',(49.804700817694,-111.7075048801,-2.));
#1205 = CARTESIAN_POINT('',(49.804700817694,-111.7075048801,8.));
#1206 = CARTESIAN_POINT('',(50.54808047271,-112.1943202308,-2.));
#1207 = CARTESIAN_POINT('',(50.54808047271,-112.1943202308,8.));
#1208 = CARTESIAN_POINT('',(50.635794400168,-112.2030918745,-2.));
#1209 = CARTESIAN_POINT('',(50.635794400168,-112.2030918745,8.));
#1210 = CARTESIAN_POINT('',(54.247436296906,-112.1044121376,-2.));
#1211 = CARTESIAN_POINT('',(54.247436296906,-112.1044121376,8.));
#1212 = ADVANCED_FACE('',(#1213),#1240,.F.);
#1213 = FACE_BOUND('',#1214,.F.);
#1214 = EDGE_LOOP('',(#1215,#1225,#1232,#1233));
#1215 = ORIENTED_EDGE('',*,*,#1216,.F.);
#1216 = EDGE_CURVE('',#1217,#1219,#1221,.T.);
#1217 = VERTEX_POINT('',#1218);
#1218 = CARTESIAN_POINT('',(49.427528503746,-110.5891462403,-2.));
#1219 = VERTEX_POINT('',#1220);
#1220 = CARTESIAN_POINT('',(49.427528503746,-110.5891462403,0.));
#1221 = LINE('',#1222,#1223);
#1222 = CARTESIAN_POINT('',(49.427528503746,-110.5891462403,-2.));
#1223 = VECTOR('',#1224,1.);
#1224 = DIRECTION('',(0.,0.,1.));
#1225 = ORIENTED_EDGE('',*,*,#1226,.T.);
#1226 = EDGE_CURVE('',#1217,#1180,#1227,.T.);
#1227 = B_SPLINE_CURVE_WITH_KNOTS('',3,(#1228,#1229,#1230,#1231),
  .UNSPECIFIED.,.F.,.F.,(4,4),(-1.,0.),.PIECEWISE_BEZIER_KNOTS.);
#1228 = CARTESIAN_POINT('',(49.427528503746,-110.5891462403,-2.));
#1229 = CARTESIAN_POINT('',(49.054742011648,-111.1987612567,-2.));
#1230 = CARTESIAN_POINT('',(49.063513655346,-111.2206895295,-2.));
#1231 = CARTESIAN_POINT('',(49.804700817694,-111.7075048801,-2.));
#1232 = ORIENTED_EDGE('',*,*,#1179,.T.);
#1233 = ORIENTED_EDGE('',*,*,#1234,.T.);
#1234 = EDGE_CURVE('',#1182,#1219,#1235,.T.);
#1235 = B_SPLINE_CURVE_WITH_KNOTS('',3,(#1236,#1237,#1238,#1239),
  .UNSPECIFIED.,.F.,.F.,(4,4),(0.,0.267928541539),
  .PIECEWISE_BEZIER_KNOTS.);
#1236 = CARTESIAN_POINT('',(49.804700817694,-111.7075048801,0.));
#1237 = CARTESIAN_POINT('',(49.063513655346,-111.2206895295,0.));
#1238 = CARTESIAN_POINT('',(49.054742011648,-111.1987612567,0.));
#1239 = CARTESIAN_POINT('',(49.427528503746,-110.5891462403,0.));
#1240 = B_SPLINE_SURFACE_WITH_KNOTS('',3,1,(
    (#1241,#1242)
    ,(#1243,#1244)
    ,(#1245,#1246)
    ,(#1247,#1248
    )),.UNSPECIFIED.,.F.,.F.,.F.,(4,4),(2,2),(-1.,0.),(0.,1.),
  .PIECEWISE_BEZIER_KNOTS.);
#1241 = CARTESIAN_POINT('',(49.427528503746,-110.5891462403,-2.));
#1242 = CARTESIAN_POINT('',(49.427528503746,-110.5891462403,8.));
#1243 = CARTESIAN_POINT('',(49.054742011648,-111.1987612567,-2.));
#1244 = CARTESIAN_POINT('',(49.054742011648,-111.1987612567,8.));
#1245 = CARTESIAN_POINT('',(49.063513655346,-111.2206895295,-2.));
#1246 = CARTESIAN_POINT('',(49.063513655346,-111.2206895295,8.));
#1247 = CARTESIAN_POINT('',(49.804700817694,-111.7075048801,-2.));
#1248 = CARTESIAN_POINT('',(49.804700817694,-111.7075048801,8.));
#1249 = ADVANCED_FACE('',(#1250),#1277,.F.);
#1250 = FACE_BOUND('',#1251,.F.);
#1251 = EDGE_LOOP('',(#1252,#1262,#1269,#1270));
#1252 = ORIENTED_EDGE('',*,*,#1253,.F.);
#1253 = EDGE_CURVE('',#1254,#1256,#1258,.T.);
#1254 = VERTEX_POINT('',#1255);
#1255 = CARTESIAN_POINT('',(53.291348882999,-105.7473093379,-2.));
#1256 = VERTEX_POINT('',#1257);
#1257 = CARTESIAN_POINT('',(53.291348882999,-105.7473093379,0.));
#1258 = LINE('',#1259,#1260);
#1259 = CARTESIAN_POINT('',(53.291348882999,-105.7473093379,-2.));
#1260 = VECTOR('',#1261,1.);
#1261 = DIRECTION('',(0.,0.,1.));
#1262 = ORIENTED_EDGE('',*,*,#1263,.T.);
#1263 = EDGE_CURVE('',#1254,#1217,#1264,.T.);
#1264 = B_SPLINE_CURVE_WITH_KNOTS('',3,(#1265,#1266,#1267,#1268),
  .UNSPECIFIED.,.F.,.F.,(4,4),(-1.,0.),.PIECEWISE_BEZIER_KNOTS.);
#1265 = CARTESIAN_POINT('',(53.291348882999,-105.7473093379,-2.));
#1266 = CARTESIAN_POINT('',(49.877064786933,-109.8830448163,-2.));
#1267 = CARTESIAN_POINT('',(49.800314995844,-109.9795295509,-2.));
#1268 = CARTESIAN_POINT('',(49.427528503746,-110.5891462403,-2.));
#1269 = ORIENTED_EDGE('',*,*,#1216,.T.);
#1270 = ORIENTED_EDGE('',*,*,#1271,.T.);
#1271 = EDGE_CURVE('',#1219,#1256,#1272,.T.);
#1272 = B_SPLINE_CURVE_WITH_KNOTS('',3,(#1273,#1274,#1275,#1276),
  .UNSPECIFIED.,.F.,.F.,(4,4),(0.,0.248148314525),
  .PIECEWISE_BEZIER_KNOTS.);
#1273 = CARTESIAN_POINT('',(49.427528503746,-110.5891462403,0.));
#1274 = CARTESIAN_POINT('',(49.800314995844,-109.9795295509,0.));
#1275 = CARTESIAN_POINT('',(49.877064786933,-109.8830448163,0.));
#1276 = CARTESIAN_POINT('',(53.291348882999,-105.7473093379,0.));
#1277 = B_SPLINE_SURFACE_WITH_KNOTS('',3,1,(
    (#1278,#1279)
    ,(#1280,#1281)
    ,(#1282,#1283)
    ,(#1284,#1285
    )),.UNSPECIFIED.,.F.,.F.,.F.,(4,4),(2,2),(-1.,0.),(0.,1.),
  .PIECEWISE_BEZIER_KNOTS.);
#1278 = CARTESIAN_POINT('',(53.291348882999,-105.7473093379,-2.));
#1279 = CARTESIAN_POINT('',(53.291348882999,-105.7473093379,8.));
#1280 = CARTESIAN_POINT('',(49.877064786933,-109.8830448163,-2.));
#1281 = CARTESIAN_POINT('',(49.877064786933,-109.8830448163,8.));
#1282 = CARTESIAN_POINT('',(49.800314995844,-109.9795295509,-2.));
#1283 = CARTESIAN_POINT('',(49.800314995844,-109.9795295509,8.));
#1284 = CARTESIAN_POINT('',(49.427528503746,-110.5891462403,-2.));
#1285 = CARTESIAN_POINT('',(49.427528503746,-110.5891462403,8.));
#1286 = ADVANCED_FACE('',(#1287),#1314,.F.);
#1287 = FACE_BOUND('',#1288,.F.);
#1288 = EDGE_LOOP('',(#1289,#1299,#1306,#1307));
#1289 = ORIENTED_EDGE('',*,*,#1290,.F.);
#1290 = EDGE_CURVE('',#1291,#1293,#1295,.T.);
#1291 = VERTEX_POINT('',#1292);
#1292 = CARTESIAN_POINT('',(62.828099747135,-101.8155099748,-2.));
#1293 = VERTEX_POINT('',#1294);
#1294 = CARTESIAN_POINT('',(62.828099747135,-101.8155099748,0.));
#1295 = LINE('',#1296,#1297);
#1296 = CARTESIAN_POINT('',(62.828099747135,-101.8155099748,-2.));
#1297 = VECTOR('',#1298,1.);
#1298 = DIRECTION('',(0.,0.,1.));
#1299 = ORIENTED_EDGE('',*,*,#1300,.T.);
#1300 = EDGE_CURVE('',#1291,#1254,#1301,.T.);
#1301 = B_SPLINE_CURVE_WITH_KNOTS('',3,(#1302,#1303,#1304,#1305),
  .UNSPECIFIED.,.F.,.F.,(4,4),(-1.,0.),.PIECEWISE_BEZIER_KNOTS.);
#1302 = CARTESIAN_POINT('',(62.828099747135,-101.8155099748,-2.));
#1303 = CARTESIAN_POINT('',(56.894219136039,-101.5348240685,-2.));
#1304 = CARTESIAN_POINT('',(56.703439649885,-101.6137671888,-2.));
#1305 = CARTESIAN_POINT('',(53.291348882999,-105.7473093379,-2.));
#1306 = ORIENTED_EDGE('',*,*,#1253,.T.);
#1307 = ORIENTED_EDGE('',*,*,#1308,.T.);
#1308 = EDGE_CURVE('',#1256,#1293,#1309,.T.);
#1309 = B_SPLINE_CURVE_WITH_KNOTS('',3,(#1310,#1311,#1312,#1313),
  .UNSPECIFIED.,.F.,.F.,(4,4),(0.,1.610760109385),
  .PIECEWISE_BEZIER_KNOTS.);
#1310 = CARTESIAN_POINT('',(53.291348882999,-105.7473093379,0.));
#1311 = CARTESIAN_POINT('',(56.703439649885,-101.6137671888,0.));
#1312 = CARTESIAN_POINT('',(56.894219136039,-101.5348240685,0.));
#1313 = CARTESIAN_POINT('',(62.828099747135,-101.8155099748,0.));
#1314 = B_SPLINE_SURFACE_WITH_KNOTS('',3,1,(
    (#1315,#1316)
    ,(#1317,#1318)
    ,(#1319,#1320)
    ,(#1321,#1322
    )),.UNSPECIFIED.,.F.,.F.,.F.,(4,4),(2,2),(-1.,0.),(0.,1.),
  .PIECEWISE_BEZIER_KNOTS.);
#1315 = CARTESIAN_POINT('',(62.828099747135,-101.8155099748,-2.));
#1316 = CARTESIAN_POINT('',(62.828099747135,-101.8155099748,8.));
#1317 = CARTESIAN_POINT('',(56.894219136039,-101.5348240685,-2.));
#1318 = CARTESIAN_POINT('',(56.894219136039,-101.5348240685,8.));
#1319 = CARTESIAN_POINT('',(56.703439649885,-101.6137671888,-2.));
#1320 = CARTESIAN_POINT('',(56.703439649885,-101.6137671888,8.));
#1321 = CARTESIAN_POINT('',(53.291348882999,-105.7473093379,-2.));
#1322 = CARTESIAN_POINT('',(53.291348882999,-105.7473093379,8.));
#1323 = ADVANCED_FACE('',(#1324),#1351,.F.);
#1324 = FACE_BOUND('',#1325,.F.);
#1325 = EDGE_LOOP('',(#1326,#1336,#1343,#1344));
#1326 = ORIENTED_EDGE('',*,*,#1327,.F.);
#1327 = EDGE_CURVE('',#1328,#1330,#1332,.T.);
#1328 = VERTEX_POINT('',#1329);
#1329 = CARTESIAN_POINT('',(67.575643571055,-104.7210504475,-2.));
#1330 = VERTEX_POINT('',#1331);
#1331 = CARTESIAN_POINT('',(67.575643571055,-104.7210504475,0.));
#1332 = LINE('',#1333,#1334);
#1333 = CARTESIAN_POINT('',(67.575643571055,-104.7210504475,-2.));
#1334 = VECTOR('',#1335,1.);
#1335 = DIRECTION('',(0.,0.,1.));
#1336 = ORIENTED_EDGE('',*,*,#1337,.T.);
#1337 = EDGE_CURVE('',#1328,#1291,#1338,.T.);
#1338 = B_SPLINE_CURVE_WITH_KNOTS('',3,(#1339,#1340,#1341,#1342),
  .UNSPECIFIED.,.F.,.F.,(4,4),(-1.,0.),.PIECEWISE_BEZIER_KNOTS.);
#1339 = CARTESIAN_POINT('',(67.575643571055,-104.7210504475,-2.));
#1340 = CARTESIAN_POINT('',(68.856273436717,-102.1554040578,-2.));
#1341 = CARTESIAN_POINT('',(68.76198203125,-102.0983892102,-2.));
#1342 = CARTESIAN_POINT('',(62.828099747135,-101.8155099748,-2.));
#1343 = ORIENTED_EDGE('',*,*,#1290,.T.);
#1344 = ORIENTED_EDGE('',*,*,#1345,.T.);
#1345 = EDGE_CURVE('',#1293,#1330,#1346,.T.);
#1346 = B_SPLINE_CURVE_WITH_KNOTS('',3,(#1347,#1348,#1349,#1350),
  .UNSPECIFIED.,.F.,.F.,(4,4),(0.,1.836398426481),
  .PIECEWISE_BEZIER_KNOTS.);
#1347 = CARTESIAN_POINT('',(62.828099747135,-101.8155099748,0.));
#1348 = CARTESIAN_POINT('',(68.76198203125,-102.0983892102,0.));
#1349 = CARTESIAN_POINT('',(68.856273436717,-102.1554040578,0.));
#1350 = CARTESIAN_POINT('',(67.575643571055,-104.7210504475,0.));
#1351 = B_SPLINE_SURFACE_WITH_KNOTS('',3,1,(
    (#1352,#1353)
    ,(#1354,#1355)
    ,(#1356,#1357)
    ,(#1358,#1359
    )),.UNSPECIFIED.,.F.,.F.,.F.,(4,4),(2,2),(-1.,0.),(0.,1.),
  .PIECEWISE_BEZIER_KNOTS.);
#1352 = CARTESIAN_POINT('',(67.575643571055,-104.7210504475,-2.));
#1353 = CARTESIAN_POINT('',(67.575643571055,-104.7210504475,8.));
#1354 = CARTESIAN_POINT('',(68.856273436717,-102.1554040578,-2.));
#1355 = CARTESIAN_POINT('',(68.856273436717,-102.1554040578,8.));
#1356 = CARTESIAN_POINT('',(68.76198203125,-102.0983892102,-2.));
#1357 = CARTESIAN_POINT('',(68.76198203125,-102.0983892102,8.));
#1358 = CARTESIAN_POINT('',(62.828099747135,-101.8155099748,-2.));
#1359 = CARTESIAN_POINT('',(62.828099747135,-101.8155099748,8.));
#1360 = ADVANCED_FACE('',(#1361),#1379,.F.);
#1361 = FACE_BOUND('',#1362,.F.);
#1362 = EDGE_LOOP('',(#1363,#1364,#1371,#1372));
#1363 = ORIENTED_EDGE('',*,*,#1152,.F.);
#1364 = ORIENTED_EDGE('',*,*,#1365,.T.);
#1365 = EDGE_CURVE('',#1144,#1328,#1366,.T.);
#1366 = B_SPLINE_CURVE_WITH_KNOTS('',3,(#1367,#1368,#1369,#1370),
  .UNSPECIFIED.,.F.,.F.,(4,4),(-1.,0.),.PIECEWISE_BEZIER_KNOTS.);
#1367 = CARTESIAN_POINT('',(62.100070050336,-109.6703370574,-2.));
#1368 = CARTESIAN_POINT('',(66.187562324848,-107.3831832448,-2.));
#1369 = CARTESIAN_POINT('',(66.297205361553,-107.284505181,-2.));
#1370 = CARTESIAN_POINT('',(67.575643571055,-104.7210504475,-2.));
#1371 = ORIENTED_EDGE('',*,*,#1327,.T.);
#1372 = ORIENTED_EDGE('',*,*,#1373,.T.);
#1373 = EDGE_CURVE('',#1330,#1153,#1374,.T.);
#1374 = B_SPLINE_CURVE_WITH_KNOTS('',3,(#1375,#1376,#1377,#1378),
  .UNSPECIFIED.,.F.,.F.,(4,4),(0.,0.859368836957),
  .PIECEWISE_BEZIER_KNOTS.);
#1375 = CARTESIAN_POINT('',(67.575643571055,-104.7210504475,0.));
#1376 = CARTESIAN_POINT('',(66.297205361553,-107.284505181,0.));
#1377 = CARTESIAN_POINT('',(66.187562324848,-107.3831832448,0.));
#1378 = CARTESIAN_POINT('',(62.100070050336,-109.6703370574,0.));
#1379 = B_SPLINE_SURFACE_WITH_KNOTS('',3,1,(
    (#1380,#1381)
    ,(#1382,#1383)
    ,(#1384,#1385)
    ,(#1386,#1387
    )),.UNSPECIFIED.,.F.,.F.,.F.,(4,4),(2,2),(-1.,0.),(0.,1.),
  .PIECEWISE_BEZIER_KNOTS.);
#1380 = CARTESIAN_POINT('',(62.100070050336,-109.6703370574,-2.));
#1381 = CARTESIAN_POINT('',(62.100070050336,-109.6703370574,8.));
#1382 = CARTESIAN_POINT('',(66.187562324848,-107.3831832448,-2.));
#1383 = CARTESIAN_POINT('',(66.187562324848,-107.3831832448,8.));
#1384 = CARTESIAN_POINT('',(66.297205361553,-107.284505181,-2.));
#1385 = CARTESIAN_POINT('',(66.297205361553,-107.284505181,8.));
#1386 = CARTESIAN_POINT('',(67.575643571055,-104.7210504475,-2.));
#1387 = CARTESIAN_POINT('',(67.575643571055,-104.7210504475,8.));
#1388 = ADVANCED_FACE('',(#1389),#1425,.F.);
#1389 = FACE_BOUND('',#1390,.F.);
#1390 = EDGE_LOOP('',(#1391,#1401,#1410,#1418));
#1391 = ORIENTED_EDGE('',*,*,#1392,.F.);
#1392 = EDGE_CURVE('',#1393,#1395,#1397,.T.);
#1393 = VERTEX_POINT('',#1394);
#1394 = CARTESIAN_POINT('',(145.44632123336,-40.2312065755,-2.));
#1395 = VERTEX_POINT('',#1396);
#1396 = CARTESIAN_POINT('',(145.44632123336,-40.2312065755,0.));
#1397 = LINE('',#1398,#1399);
#1398 = CARTESIAN_POINT('',(145.44632123336,-40.2312065755,-2.));
#1399 = VECTOR('',#1400,1.);
#1400 = DIRECTION('',(0.,0.,1.));
#1401 = ORIENTED_EDGE('',*,*,#1402,.T.);
#1402 = EDGE_CURVE('',#1393,#1403,#1405,.T.);
#1403 = VERTEX_POINT('',#1404);
#1404 = CARTESIAN_POINT('',(140.50361126492,-32.13516849278,-2.));
#1405 = B_SPLINE_CURVE_WITH_KNOTS('',3,(#1406,#1407,#1408,#1409),
  .UNSPECIFIED.,.F.,.F.,(4,4),(-1.,0.),.PIECEWISE_BEZIER_KNOTS.);
#1406 = CARTESIAN_POINT('',(145.44632123336,-40.2312065755,-2.));
#1407 = CARTESIAN_POINT('',(155.0970967735,-32.29743804564,-2.));
#1408 = CARTESIAN_POINT('',(154.99842874779,-32.13516849278,-2.));
#1409 = CARTESIAN_POINT('',(140.50361126492,-32.13516849278,-2.));
#1410 = ORIENTED_EDGE('',*,*,#1411,.T.);
#1411 = EDGE_CURVE('',#1403,#1412,#1414,.T.);
#1412 = VERTEX_POINT('',#1413);
#1413 = CARTESIAN_POINT('',(140.50361126492,-32.13516849278,0.));
#1414 = LINE('',#1415,#1416);
#1415 = CARTESIAN_POINT('',(140.50361126492,-32.13516849278,-2.));
#1416 = VECTOR('',#1417,1.);
#1417 = DIRECTION('',(0.,0.,1.));
#1418 = ORIENTED_EDGE('',*,*,#1419,.T.);
#1419 = EDGE_CURVE('',#1412,#1395,#1420,.T.);
#1420 = B_SPLINE_CURVE_WITH_KNOTS('',3,(#1421,#1422,#1423,#1424),
  .UNSPECIFIED.,.F.,.F.,(4,4),(0.,4.769843924719),
  .PIECEWISE_BEZIER_KNOTS.);
#1421 = CARTESIAN_POINT('',(140.50361126492,-32.13516849278,0.));
#1422 = CARTESIAN_POINT('',(154.99842874779,-32.13516849278,0.));
#1423 = CARTESIAN_POINT('',(155.0970967735,-32.29743804564,0.));
#1424 = CARTESIAN_POINT('',(145.44632123336,-40.2312065755,0.));
#1425 = B_SPLINE_SURFACE_WITH_KNOTS('',3,1,(
    (#1426,#1427)
    ,(#1428,#1429)
    ,(#1430,#1431)
    ,(#1432,#1433
    )),.UNSPECIFIED.,.F.,.F.,.F.,(4,4),(2,2),(-1.,0.),(0.,1.),
  .PIECEWISE_BEZIER_KNOTS.);
#1426 = CARTESIAN_POINT('',(145.44632123336,-40.2312065755,-2.));
#1427 = CARTESIAN_POINT('',(145.44632123336,-40.2312065755,8.));
#1428 = CARTESIAN_POINT('',(155.0970967735,-32.29743804564,-2.));
#1429 = CARTESIAN_POINT('',(155.0970967735,-32.29743804564,8.));
#1430 = CARTESIAN_POINT('',(154.99842874779,-32.13516849278,-2.));
#1431 = CARTESIAN_POINT('',(154.99842874779,-32.13516849278,8.));
#1432 = CARTESIAN_POINT('',(140.50361126492,-32.13516849278,-2.));
#1433 = CARTESIAN_POINT('',(140.50361126492,-32.13516849278,8.));
#1434 = ADVANCED_FACE('',(#1435),#1462,.F.);
#1435 = FACE_BOUND('',#1436,.F.);
#1436 = EDGE_LOOP('',(#1437,#1447,#1454,#1455));
#1437 = ORIENTED_EDGE('',*,*,#1438,.F.);
#1438 = EDGE_CURVE('',#1439,#1441,#1443,.T.);
#1439 = VERTEX_POINT('',#1440);
#1440 = CARTESIAN_POINT('',(130.65547290505,-40.2312065755,-2.));
#1441 = VERTEX_POINT('',#1442);
#1442 = CARTESIAN_POINT('',(130.65547290505,-40.2312065755,0.));
#1443 = LINE('',#1444,#1445);
#1444 = CARTESIAN_POINT('',(130.65547290505,-40.2312065755,-2.));
#1445 = VECTOR('',#1446,1.);
#1446 = DIRECTION('',(0.,0.,1.));
#1447 = ORIENTED_EDGE('',*,*,#1448,.T.);
#1448 = EDGE_CURVE('',#1439,#1393,#1449,.T.);
#1449 = B_SPLINE_CURVE_WITH_KNOTS('',3,(#1450,#1451,#1452,#1453),
  .UNSPECIFIED.,.F.,.F.,(4,4),(-1.,0.),.PIECEWISE_BEZIER_KNOTS.);
#1450 = CARTESIAN_POINT('',(130.65547290505,-40.2312065755,-2.));
#1451 = CARTESIAN_POINT('',(135.4995081557,-48.16498179744,-2.));
#1452 = CARTESIAN_POINT('',(135.79553900114,-48.16498179744,-2.));
#1453 = CARTESIAN_POINT('',(145.44632123336,-40.2312065755,-2.));
#1454 = ORIENTED_EDGE('',*,*,#1392,.T.);
#1455 = ORIENTED_EDGE('',*,*,#1456,.T.);
#1456 = EDGE_CURVE('',#1395,#1441,#1457,.T.);
#1457 = B_SPLINE_CURVE_WITH_KNOTS('',3,(#1458,#1459,#1460,#1461),
  .UNSPECIFIED.,.F.,.F.,(4,4),(0.,3.618523743517),
  .PIECEWISE_BEZIER_KNOTS.);
#1458 = CARTESIAN_POINT('',(145.44632123336,-40.2312065755,0.));
#1459 = CARTESIAN_POINT('',(135.79553900114,-48.16498179744,0.));
#1460 = CARTESIAN_POINT('',(135.4995081557,-48.16498179744,0.));
#1461 = CARTESIAN_POINT('',(130.65547290505,-40.2312065755,0.));
#1462 = B_SPLINE_SURFACE_WITH_KNOTS('',3,1,(
    (#1463,#1464)
    ,(#1465,#1466)
    ,(#1467,#1468)
    ,(#1469,#1470
    )),.UNSPECIFIED.,.F.,.F.,.F.,(4,4),(2,2),(-1.,0.),(0.,1.),
  .PIECEWISE_BEZIER_KNOTS.);
#1463 = CARTESIAN_POINT('',(130.65547290505,-40.2312065755,-2.));
#1464 = CARTESIAN_POINT('',(130.65547290505,-40.2312065755,8.));
#1465 = CARTESIAN_POINT('',(135.4995081557,-48.16498179744,-2.));
#1466 = CARTESIAN_POINT('',(135.4995081557,-48.16498179744,8.));
#1467 = CARTESIAN_POINT('',(135.79553900114,-48.16498179744,-2.));
#1468 = CARTESIAN_POINT('',(135.79553900114,-48.16498179744,8.));
#1469 = CARTESIAN_POINT('',(145.44632123336,-40.2312065755,-2.));
#1470 = CARTESIAN_POINT('',(145.44632123336,-40.2312065755,8.));
#1471 = ADVANCED_FACE('',(#1472),#1490,.F.);
#1472 = FACE_BOUND('',#1473,.F.);
#1473 = EDGE_LOOP('',(#1474,#1475,#1482,#1483));
#1474 = ORIENTED_EDGE('',*,*,#1411,.F.);
#1475 = ORIENTED_EDGE('',*,*,#1476,.T.);
#1476 = EDGE_CURVE('',#1403,#1439,#1477,.T.);
#1477 = B_SPLINE_CURVE_WITH_KNOTS('',3,(#1478,#1479,#1480,#1481),
  .UNSPECIFIED.,.F.,.F.,(4,4),(-1.,0.),.PIECEWISE_BEZIER_KNOTS.);
#1478 = CARTESIAN_POINT('',(140.50361126492,-32.13516849278,-2.));
#1479 = CARTESIAN_POINT('',(126.00880716621,-32.13516849278,-2.));
#1480 = CARTESIAN_POINT('',(125.81144434648,-32.29743804564,-2.));
#1481 = CARTESIAN_POINT('',(130.65547290505,-40.2312065755,-2.));
#1482 = ORIENTED_EDGE('',*,*,#1438,.T.);
#1483 = ORIENTED_EDGE('',*,*,#1484,.T.);
#1484 = EDGE_CURVE('',#1441,#1412,#1485,.T.);
#1485 = B_SPLINE_CURVE_WITH_KNOTS('',3,(#1486,#1487,#1488,#1489),
  .UNSPECIFIED.,.F.,.F.,(4,4),(0.,2.833175557142),
  .PIECEWISE_BEZIER_KNOTS.);
#1486 = CARTESIAN_POINT('',(130.65547290505,-40.2312065755,0.));
#1487 = CARTESIAN_POINT('',(125.81144434648,-32.29743804564,0.));
#1488 = CARTESIAN_POINT('',(126.00880716621,-32.13516849278,0.));
#1489 = CARTESIAN_POINT('',(140.50361126492,-32.13516849278,0.));
#1490 = B_SPLINE_SURFACE_WITH_KNOTS('',3,1,(
    (#1491,#1492)
    ,(#1493,#1494)
    ,(#1495,#1496)
    ,(#1497,#1498
    )),.UNSPECIFIED.,.F.,.F.,.F.,(4,4),(2,2),(-1.,0.),(0.,1.),
  .PIECEWISE_BEZIER_KNOTS.);
#1491 = CARTESIAN_POINT('',(140.50361126492,-32.13516849278,-2.));
#1492 = CARTESIAN_POINT('',(140.50361126492,-32.13516849278,8.));
#1493 = CARTESIAN_POINT('',(126.00880716621,-32.13516849278,-2.));
#1494 = CARTESIAN_POINT('',(126.00880716621,-32.13516849278,8.));
#1495 = CARTESIAN_POINT('',(125.81144434648,-32.29743804564,-2.));
#1496 = CARTESIAN_POINT('',(125.81144434648,-32.29743804564,8.));
#1497 = CARTESIAN_POINT('',(130.65547290505,-40.2312065755,-2.));
#1498 = CARTESIAN_POINT('',(130.65547290505,-40.2312065755,8.));
#1499 = ADVANCED_FACE('',(#1500),#1536,.F.);
#1500 = FACE_BOUND('',#1501,.F.);
#1501 = EDGE_LOOP('',(#1502,#1512,#1521,#1529));
#1502 = ORIENTED_EDGE('',*,*,#1503,.F.);
#1503 = EDGE_CURVE('',#1504,#1506,#1508,.T.);
#1504 = VERTEX_POINT('',#1505);
#1505 = CARTESIAN_POINT('',(52.966806431244,-104.300021588,-2.));
#1506 = VERTEX_POINT('',#1507);
#1507 = CARTESIAN_POINT('',(52.966806431244,-104.300021588,0.));
#1508 = LINE('',#1509,#1510);
#1509 = CARTESIAN_POINT('',(52.966806431244,-104.300021588,-2.));
#1510 = VECTOR('',#1511,1.);
#1511 = DIRECTION('',(0.,0.,1.));
#1512 = ORIENTED_EDGE('',*,*,#1513,.T.);
#1513 = EDGE_CURVE('',#1504,#1514,#1516,.T.);
#1514 = VERTEX_POINT('',#1515);
#1515 = CARTESIAN_POINT('',(58.350278529637,-96.41449291601,-2.));
#1516 = B_SPLINE_CURVE_WITH_KNOTS('',3,(#1517,#1518,#1519,#1520),
  .UNSPECIFIED.,.F.,.F.,(4,4),(-1.,0.),.PIECEWISE_BEZIER_KNOTS.);
#1517 = CARTESIAN_POINT('',(52.966806431244,-104.300021588,-2.));
#1518 = CARTESIAN_POINT('',(56.37889719813,-100.1642861097,-2.));
#1519 = CARTESIAN_POINT('',(56.488540234835,-100.0063998691,-2.));
#1520 = CARTESIAN_POINT('',(58.350278529637,-96.41449291601,-2.));
#1521 = ORIENTED_EDGE('',*,*,#1522,.T.);
#1522 = EDGE_CURVE('',#1514,#1523,#1525,.T.);
#1523 = VERTEX_POINT('',#1524);
#1524 = CARTESIAN_POINT('',(58.350278529637,-96.41449291601,0.));
#1525 = LINE('',#1526,#1527);
#1526 = CARTESIAN_POINT('',(58.350278529637,-96.41449291601,-2.));
#1527 = VECTOR('',#1528,1.);
#1528 = DIRECTION('',(0.,0.,1.));
#1529 = ORIENTED_EDGE('',*,*,#1530,.T.);
#1530 = EDGE_CURVE('',#1523,#1506,#1531,.T.);
#1531 = B_SPLINE_CURVE_WITH_KNOTS('',3,(#1532,#1533,#1534,#1535),
  .UNSPECIFIED.,.F.,.F.,(4,4),(0.,1.213880745477),
  .PIECEWISE_BEZIER_KNOTS.);
#1532 = CARTESIAN_POINT('',(58.350278529637,-96.41449291601,0.));
#1533 = CARTESIAN_POINT('',(56.488540234835,-100.0063998691,0.));
#1534 = CARTESIAN_POINT('',(56.37889719813,-100.1642861097,0.));
#1535 = CARTESIAN_POINT('',(52.966806431244,-104.300021588,0.));
#1536 = B_SPLINE_SURFACE_WITH_KNOTS('',3,1,(
    (#1537,#1538)
    ,(#1539,#1540)
    ,(#1541,#1542)
    ,(#1543,#1544
    )),.UNSPECIFIED.,.F.,.F.,.F.,(4,4),(2,2),(-1.,0.),(0.,1.),
  .PIECEWISE_BEZIER_KNOTS.);
#1537 = CARTESIAN_POINT('',(52.966806431244,-104.300021588,-2.));
#1538 = CARTESIAN_POINT('',(52.966806431244,-104.300021588,8.));
#1539 = CARTESIAN_POINT('',(56.37889719813,-100.1642861097,-2.));
#1540 = CARTESIAN_POINT('',(56.37889719813,-100.1642861097,8.));
#1541 = CARTESIAN_POINT('',(56.488540234835,-100.0063998691,-2.));
#1542 = CARTESIAN_POINT('',(56.488540234835,-100.0063998691,8.));
#1543 = CARTESIAN_POINT('',(58.350278529637,-96.41449291601,-2.));
#1544 = CARTESIAN_POINT('',(58.350278529637,-96.41449291601,8.));
#1545 = ADVANCED_FACE('',(#1546),#1573,.F.);
#1546 = FACE_BOUND('',#1547,.F.);
#1547 = EDGE_LOOP('',(#1548,#1558,#1565,#1566));
#1548 = ORIENTED_EDGE('',*,*,#1549,.F.);
#1549 = EDGE_CURVE('',#1550,#1552,#1554,.T.);
#1550 = VERTEX_POINT('',#1551);
#1551 = CARTESIAN_POINT('',(51.401104000942,-100.3791855247,-2.));
#1552 = VERTEX_POINT('',#1553);
#1553 = CARTESIAN_POINT('',(51.401104000942,-100.3791855247,0.));
#1554 = LINE('',#1555,#1556);
#1555 = CARTESIAN_POINT('',(51.401104000942,-100.3791855247,-2.));
#1556 = VECTOR('',#1557,1.);
#1557 = DIRECTION('',(0.,0.,1.));
#1558 = ORIENTED_EDGE('',*,*,#1559,.T.);
#1559 = EDGE_CURVE('',#1550,#1504,#1560,.T.);
#1560 = B_SPLINE_CURVE_WITH_KNOTS('',3,(#1561,#1562,#1563,#1564),
  .UNSPECIFIED.,.F.,.F.,(4,4),(-1.,0.),.PIECEWISE_BEZIER_KNOTS.);
#1561 = CARTESIAN_POINT('',(51.401104000942,-100.3791855247,-2.));
#1562 = CARTESIAN_POINT('',(49.521821582233,-108.3568139461,-2.));
#1563 = CARTESIAN_POINT('',(49.552521498668,-108.4335637372,-2.));
#1564 = CARTESIAN_POINT('',(52.966806431244,-104.300021588,-2.));
#1565 = ORIENTED_EDGE('',*,*,#1503,.T.);
#1566 = ORIENTED_EDGE('',*,*,#1567,.T.);
#1567 = EDGE_CURVE('',#1506,#1552,#1568,.T.);
#1568 = B_SPLINE_CURVE_WITH_KNOTS('',3,(#1569,#1570,#1571,#1572),
  .UNSPECIFIED.,.F.,.F.,(4,4),(0.,1.471922340232),
  .PIECEWISE_BEZIER_KNOTS.);
#1569 = CARTESIAN_POINT('',(52.966806431244,-104.300021588,0.));
#1570 = CARTESIAN_POINT('',(49.552521498668,-108.4335637372,0.));
#1571 = CARTESIAN_POINT('',(49.521821582233,-108.3568139461,0.));
#1572 = CARTESIAN_POINT('',(51.401104000942,-100.3791855247,0.));
#1573 = B_SPLINE_SURFACE_WITH_KNOTS('',3,1,(
    (#1574,#1575)
    ,(#1576,#1577)
    ,(#1578,#1579)
    ,(#1580,#1581
    )),.UNSPECIFIED.,.F.,.F.,.F.,(4,4),(2,2),(-1.,0.),(0.,1.),
  .PIECEWISE_BEZIER_KNOTS.);
#1574 = CARTESIAN_POINT('',(51.401104000942,-100.3791855247,-2.));
#1575 = CARTESIAN_POINT('',(51.401104000942,-100.3791855247,8.));
#1576 = CARTESIAN_POINT('',(49.521821582233,-108.3568139461,-2.));
#1577 = CARTESIAN_POINT('',(49.521821582233,-108.3568139461,8.));
#1578 = CARTESIAN_POINT('',(49.552521498668,-108.4335637372,-2.));
#1579 = CARTESIAN_POINT('',(49.552521498668,-108.4335637372,8.));
#1580 = CARTESIAN_POINT('',(52.966806431244,-104.300021588,-2.));
#1581 = CARTESIAN_POINT('',(52.966806431244,-104.300021588,8.));
#1582 = ADVANCED_FACE('',(#1583),#1610,.F.);
#1583 = FACE_BOUND('',#1584,.F.);
#1584 = EDGE_LOOP('',(#1585,#1595,#1602,#1603));
#1585 = ORIENTED_EDGE('',*,*,#1586,.F.);
#1586 = EDGE_CURVE('',#1587,#1589,#1591,.T.);
#1587 = VERTEX_POINT('',#1588);
#1588 = CARTESIAN_POINT('',(56.786769428514,-92.49366019876,-2.));
#1589 = VERTEX_POINT('',#1590);
#1590 = CARTESIAN_POINT('',(56.786769428514,-92.49366019876,0.));
#1591 = LINE('',#1592,#1593);
#1592 = CARTESIAN_POINT('',(56.786769428514,-92.49366019876,-2.));
#1593 = VECTOR('',#1594,1.);
#1594 = DIRECTION('',(0.,0.,1.));
#1595 = ORIENTED_EDGE('',*,*,#1596,.T.);
#1596 = EDGE_CURVE('',#1587,#1550,#1597,.T.);
#1597 = B_SPLINE_CURVE_WITH_KNOTS('',3,(#1598,#1599,#1600,#1601),
  .UNSPECIFIED.,.F.,.F.,(4,4),(-1.,0.),.PIECEWISE_BEZIER_KNOTS.);
#1598 = CARTESIAN_POINT('',(56.786769428514,-92.49366019876,-2.));
#1599 = CARTESIAN_POINT('',(53.390028619846,-92.24367420891,-2.));
#1600 = CARTESIAN_POINT('',(53.2825772393,-92.40155710341,-2.));
#1601 = CARTESIAN_POINT('',(51.401104000942,-100.3791855247,-2.));
#1602 = ORIENTED_EDGE('',*,*,#1549,.T.);
#1603 = ORIENTED_EDGE('',*,*,#1604,.T.);
#1604 = EDGE_CURVE('',#1552,#1589,#1605,.T.);
#1605 = B_SPLINE_CURVE_WITH_KNOTS('',3,(#1606,#1607,#1608,#1609),
  .UNSPECIFIED.,.F.,.F.,(4,4),(0.,2.503794751266),
  .PIECEWISE_BEZIER_KNOTS.);
#1606 = CARTESIAN_POINT('',(51.401104000942,-100.3791855247,0.));
#1607 = CARTESIAN_POINT('',(53.2825772393,-92.40155710341,0.));
#1608 = CARTESIAN_POINT('',(53.390028619846,-92.24367420891,0.));
#1609 = CARTESIAN_POINT('',(56.786769428514,-92.49366019876,0.));
#1610 = B_SPLINE_SURFACE_WITH_KNOTS('',3,1,(
    (#1611,#1612)
    ,(#1613,#1614)
    ,(#1615,#1616)
    ,(#1617,#1618
    )),.UNSPECIFIED.,.F.,.F.,.F.,(4,4),(2,2),(-1.,0.),(0.,1.),
  .PIECEWISE_BEZIER_KNOTS.);
#1611 = CARTESIAN_POINT('',(56.786769428514,-92.49366019876,-2.));
#1612 = CARTESIAN_POINT('',(56.786769428514,-92.49366019876,8.));
#1613 = CARTESIAN_POINT('',(53.390028619846,-92.24367420891,-2.));
#1614 = CARTESIAN_POINT('',(53.390028619846,-92.24367420891,8.));
#1615 = CARTESIAN_POINT('',(53.2825772393,-92.40155710341,-2.));
#1616 = CARTESIAN_POINT('',(53.2825772393,-92.40155710341,8.));
#1617 = CARTESIAN_POINT('',(51.401104000942,-100.3791855247,-2.));
#1618 = CARTESIAN_POINT('',(51.401104000942,-100.3791855247,8.));
#1619 = ADVANCED_FACE('',(#1620),#1638,.F.);
#1620 = FACE_BOUND('',#1621,.F.);
#1621 = EDGE_LOOP('',(#1622,#1623,#1630,#1631));
#1622 = ORIENTED_EDGE('',*,*,#1522,.F.);
#1623 = ORIENTED_EDGE('',*,*,#1624,.T.);
#1624 = EDGE_CURVE('',#1514,#1587,#1625,.T.);
#1625 = B_SPLINE_CURVE_WITH_KNOTS('',3,(#1626,#1627,#1628,#1629),
  .UNSPECIFIED.,.F.,.F.,(4,4),(-1.,0.),.PIECEWISE_BEZIER_KNOTS.);
#1626 = CARTESIAN_POINT('',(58.350278529637,-96.41449291601,-2.));
#1627 = CARTESIAN_POINT('',(60.214210153618,-92.82039430667,-2.));
#1628 = CARTESIAN_POINT('',(60.183510237182,-92.7436461886,-2.));
#1629 = CARTESIAN_POINT('',(56.786769428514,-92.49366019876,-2.));
#1630 = ORIENTED_EDGE('',*,*,#1586,.T.);
#1631 = ORIENTED_EDGE('',*,*,#1632,.T.);
#1632 = EDGE_CURVE('',#1589,#1523,#1633,.T.);
#1633 = B_SPLINE_CURVE_WITH_KNOTS('',3,(#1634,#1635,#1636,#1637),
  .UNSPECIFIED.,.F.,.F.,(4,4),(0.,1.05504579554),
  .PIECEWISE_BEZIER_KNOTS.);
#1634 = CARTESIAN_POINT('',(56.786769428514,-92.49366019876,0.));
#1635 = CARTESIAN_POINT('',(60.183510237182,-92.7436461886,0.));
#1636 = CARTESIAN_POINT('',(60.214210153618,-92.82039430667,0.));
#1637 = CARTESIAN_POINT('',(58.350278529637,-96.41449291601,0.));
#1638 = B_SPLINE_SURFACE_WITH_KNOTS('',3,1,(
    (#1639,#1640)
    ,(#1641,#1642)
    ,(#1643,#1644)
    ,(#1645,#1646
    )),.UNSPECIFIED.,.F.,.F.,.F.,(4,4),(2,2),(-1.,0.),(0.,1.),
  .PIECEWISE_BEZIER_KNOTS.);
#1639 = CARTESIAN_POINT('',(58.350278529637,-96.41449291601,-2.));
#1640 = CARTESIAN_POINT('',(58.350278529637,-96.41449291601,8.));
#1641 = CARTESIAN_POINT('',(60.214210153618,-92.82039430667,-2.));
#1642 = CARTESIAN_POINT('',(60.214210153618,-92.82039430667,8.));
#1643 = CARTESIAN_POINT('',(60.183510237182,-92.7436461886,-2.));
#1644 = CARTESIAN_POINT('',(60.183510237182,-92.7436461886,8.));
#1645 = CARTESIAN_POINT('',(56.786769428514,-92.49366019876,-2.));
#1646 = CARTESIAN_POINT('',(56.786769428514,-92.49366019876,8.));
#1647 = ADVANCED_FACE('',(#1648),#1684,.F.);
#1648 = FACE_BOUND('',#1649,.F.);
#1649 = EDGE_LOOP('',(#1650,#1660,#1669,#1677));
#1650 = ORIENTED_EDGE('',*,*,#1651,.F.);
#1651 = EDGE_CURVE('',#1652,#1654,#1656,.T.);
#1652 = VERTEX_POINT('',#1653);
#1653 = CARTESIAN_POINT('',(38.467610550554,-119.7903896798,-2.));
#1654 = VERTEX_POINT('',#1655);
#1655 = CARTESIAN_POINT('',(38.467610550554,-119.7903896798,0.));
#1656 = LINE('',#1657,#1658);
#1657 = CARTESIAN_POINT('',(38.467610550554,-119.7903896798,-2.));
#1658 = VECTOR('',#1659,1.);
#1659 = DIRECTION('',(0.,0.,1.));
#1660 = ORIENTED_EDGE('',*,*,#1661,.T.);
#1661 = EDGE_CURVE('',#1652,#1662,#1664,.T.);
#1662 = VERTEX_POINT('',#1663);
#1663 = CARTESIAN_POINT('',(45.791765841601,-128.2153602187,-2.));
#1664 = B_SPLINE_CURVE_WITH_KNOTS('',3,(#1665,#1666,#1667,#1668),
  .UNSPECIFIED.,.F.,.F.,(4,4),(-1.,0.),.PIECEWISE_BEZIER_KNOTS.);
#1665 = CARTESIAN_POINT('',(38.467610550554,-119.7903896798,-2.));
#1666 = CARTESIAN_POINT('',(38.467610550554,-128.0465098418,-2.));
#1667 = CARTESIAN_POINT('',(38.614532236469,-128.2153602187,-2.));
#1668 = CARTESIAN_POINT('',(45.791765841601,-128.2153602187,-2.));
#1669 = ORIENTED_EDGE('',*,*,#1670,.T.);
#1670 = EDGE_CURVE('',#1662,#1671,#1673,.T.);
#1671 = VERTEX_POINT('',#1672);
#1672 = CARTESIAN_POINT('',(45.791765841601,-128.2153602187,0.));
#1673 = LINE('',#1674,#1675);
#1674 = CARTESIAN_POINT('',(45.791765841601,-128.2153602187,-2.));
#1675 = VECTOR('',#1676,1.);
#1676 = DIRECTION('',(0.,0.,1.));
#1677 = ORIENTED_EDGE('',*,*,#1678,.T.);
#1678 = EDGE_CURVE('',#1671,#1654,#1679,.T.);
#1679 = B_SPLINE_CURVE_WITH_KNOTS('',3,(#1680,#1681,#1682,#1683),
  .UNSPECIFIED.,.F.,.F.,(4,4),(0.,2.092366193397),
  .PIECEWISE_BEZIER_KNOTS.);
#1680 = CARTESIAN_POINT('',(45.791765841601,-128.2153602187,0.));
#1681 = CARTESIAN_POINT('',(38.614532236469,-128.2153602187,0.));
#1682 = CARTESIAN_POINT('',(38.467610550554,-128.0465098418,0.));
#1683 = CARTESIAN_POINT('',(38.467610550554,-119.7903896798,0.));
#1684 = B_SPLINE_SURFACE_WITH_KNOTS('',3,1,(
    (#1685,#1686)
    ,(#1687,#1688)
    ,(#1689,#1690)
    ,(#1691,#1692
    )),.UNSPECIFIED.,.F.,.F.,.F.,(4,4),(2,2),(-1.,0.),(0.,1.),
  .PIECEWISE_BEZIER_KNOTS.);
#1685 = CARTESIAN_POINT('',(38.467610550554,-119.7903896798,-2.));
#1686 = CARTESIAN_POINT('',(38.467610550554,-119.7903896798,8.));
#1687 = CARTESIAN_POINT('',(38.467610550554,-128.0465098418,-2.));
#1688 = CARTESIAN_POINT('',(38.467610550554,-128.0465098418,8.));
#1689 = CARTESIAN_POINT('',(38.614532236469,-128.2153602187,-2.));
#1690 = CARTESIAN_POINT('',(38.614532236469,-128.2153602187,8.));
#1691 = CARTESIAN_POINT('',(45.791765841601,-128.2153602187,-2.));
#1692 = CARTESIAN_POINT('',(45.791765841601,-128.2153602187,8.));
#1693 = ADVANCED_FACE('',(#1694),#1721,.F.);
#1694 = FACE_BOUND('',#1695,.F.);
#1695 = EDGE_LOOP('',(#1696,#1706,#1713,#1714));
#1696 = ORIENTED_EDGE('',*,*,#1697,.F.);
#1697 = EDGE_CURVE('',#1698,#1700,#1702,.T.);
#1698 = VERTEX_POINT('',#1699);
#1699 = CARTESIAN_POINT('',(42.870874992451,-112.1022188084,-2.));
#1700 = VERTEX_POINT('',#1701);
#1701 = CARTESIAN_POINT('',(42.870874992451,-112.1022188084,0.));
#1702 = LINE('',#1703,#1704);
#1703 = CARTESIAN_POINT('',(42.870874992451,-112.1022188084,-2.));
#1704 = VECTOR('',#1705,1.);
#1705 = DIRECTION('',(0.,0.,1.));
#1706 = ORIENTED_EDGE('',*,*,#1707,.T.);
#1707 = EDGE_CURVE('',#1698,#1652,#1708,.T.);
#1708 = B_SPLINE_CURVE_WITH_KNOTS('',3,(#1709,#1710,#1711,#1712),
  .UNSPECIFIED.,.F.,.F.,(4,4),(-1.,0.),.PIECEWISE_BEZIER_KNOTS.);
#1709 = CARTESIAN_POINT('',(42.870874992451,-112.1022188084,-2.));
#1710 = CARTESIAN_POINT('',(38.555325000831,-111.3807690992,-2.));
#1711 = CARTESIAN_POINT('',(38.467610550554,-111.5342686814,-2.));
#1712 = CARTESIAN_POINT('',(38.467610550554,-119.7903896798,-2.));
#1713 = ORIENTED_EDGE('',*,*,#1651,.T.);
#1714 = ORIENTED_EDGE('',*,*,#1715,.T.);
#1715 = EDGE_CURVE('',#1654,#1700,#1716,.T.);
#1716 = B_SPLINE_CURVE_WITH_KNOTS('',3,(#1717,#1718,#1719,#1720),
  .UNSPECIFIED.,.F.,.F.,(4,4),(0.,2.552823609969),
  .PIECEWISE_BEZIER_KNOTS.);
#1717 = CARTESIAN_POINT('',(38.467610550554,-119.7903896798,0.));
#1718 = CARTESIAN_POINT('',(38.467610550554,-111.5342686814,0.));
#1719 = CARTESIAN_POINT('',(38.555325000831,-111.3807690992,0.));
#1720 = CARTESIAN_POINT('',(42.870874992451,-112.1022188084,0.));
#1721 = B_SPLINE_SURFACE_WITH_KNOTS('',3,1,(
    (#1722,#1723)
    ,(#1724,#1725)
    ,(#1726,#1727)
    ,(#1728,#1729
    )),.UNSPECIFIED.,.F.,.F.,.F.,(4,4),(2,2),(-1.,0.),(0.,1.),
  .PIECEWISE_BEZIER_KNOTS.);
#1722 = CARTESIAN_POINT('',(42.870874992451,-112.1022188084,-2.));
#1723 = CARTESIAN_POINT('',(42.870874992451,-112.1022188084,8.));
#1724 = CARTESIAN_POINT('',(38.555325000831,-111.3807690992,-2.));
#1725 = CARTESIAN_POINT('',(38.555325000831,-111.3807690992,8.));
#1726 = CARTESIAN_POINT('',(38.467610550554,-111.5342686814,-2.));
#1727 = CARTESIAN_POINT('',(38.467610550554,-111.5342686814,8.));
#1728 = CARTESIAN_POINT('',(38.467610550554,-119.7903896798,-2.));
#1729 = CARTESIAN_POINT('',(38.467610550554,-119.7903896798,8.));
#1730 = ADVANCED_FACE('',(#1731),#1758,.F.);
#1731 = FACE_BOUND('',#1732,.F.);
#1732 = EDGE_LOOP('',(#1733,#1743,#1750,#1751));
#1733 = ORIENTED_EDGE('',*,*,#1734,.F.);
#1734 = EDGE_CURVE('',#1735,#1737,#1739,.T.);
#1735 = VERTEX_POINT('',#1736);
#1736 = CARTESIAN_POINT('',(48.03286894302,-113.3346071433,-2.));
#1737 = VERTEX_POINT('',#1738);
#1738 = CARTESIAN_POINT('',(48.03286894302,-113.3346071433,0.));
#1739 = LINE('',#1740,#1741);
#1740 = CARTESIAN_POINT('',(48.03286894302,-113.3346071433,-2.));
#1741 = VECTOR('',#1742,1.);
#1742 = DIRECTION('',(0.,0.,1.));
#1743 = ORIENTED_EDGE('',*,*,#1744,.T.);
#1744 = EDGE_CURVE('',#1735,#1698,#1745,.T.);
#1745 = B_SPLINE_CURVE_WITH_KNOTS('',3,(#1746,#1747,#1748,#1749),
  .UNSPECIFIED.,.F.,.F.,(4,4),(-1.,0.),.PIECEWISE_BEZIER_KNOTS.);
#1746 = CARTESIAN_POINT('',(48.03286894302,-113.3346071433,-2.));
#1747 = CARTESIAN_POINT('',(47.291681780672,-112.8477917926,-2.));
#1748 = CARTESIAN_POINT('',(47.186424565817,-112.8236701907,-2.));
#1749 = CARTESIAN_POINT('',(42.870874992451,-112.1022188084,-2.));
#1750 = ORIENTED_EDGE('',*,*,#1697,.T.);
#1751 = ORIENTED_EDGE('',*,*,#1752,.T.);
#1752 = EDGE_CURVE('',#1700,#1737,#1753,.T.);
#1753 = B_SPLINE_CURVE_WITH_KNOTS('',3,(#1754,#1755,#1756,#1757),
  .UNSPECIFIED.,.F.,.F.,(4,4),(0.,1.313040147715),
  .PIECEWISE_BEZIER_KNOTS.);
#1754 = CARTESIAN_POINT('',(42.870874992451,-112.1022188084,0.));
#1755 = CARTESIAN_POINT('',(47.186424565817,-112.8236701907,0.));
#1756 = CARTESIAN_POINT('',(47.291681780672,-112.8477917926,0.));
#1757 = CARTESIAN_POINT('',(48.03286894302,-113.3346071433,0.));
#1758 = B_SPLINE_SURFACE_WITH_KNOTS('',3,1,(
    (#1759,#1760)
    ,(#1761,#1762)
    ,(#1763,#1764)
    ,(#1765,#1766
    )),.UNSPECIFIED.,.F.,.F.,.F.,(4,4),(2,2),(-1.,0.),(0.,1.),
  .PIECEWISE_BEZIER_KNOTS.);
#1759 = CARTESIAN_POINT('',(48.03286894302,-113.3346071433,-2.));
#1760 = CARTESIAN_POINT('',(48.03286894302,-113.3346071433,8.));
#1761 = CARTESIAN_POINT('',(47.291681780672,-112.8477917926,-2.));
#1762 = CARTESIAN_POINT('',(47.291681780672,-112.8477917926,8.));
#1763 = CARTESIAN_POINT('',(47.186424565817,-112.8236701907,-2.));
#1764 = CARTESIAN_POINT('',(47.186424565817,-112.8236701907,8.));
#1765 = CARTESIAN_POINT('',(42.870874992451,-112.1022188084,-2.));
#1766 = CARTESIAN_POINT('',(42.870874992451,-112.1022188084,8.));
#1767 = ADVANCED_FACE('',(#1768),#1795,.F.);
#1768 = FACE_BOUND('',#1769,.F.);
#1769 = EDGE_LOOP('',(#1770,#1780,#1787,#1788));
#1770 = ORIENTED_EDGE('',*,*,#1771,.F.);
#1771 = EDGE_CURVE('',#1772,#1774,#1776,.T.);
#1772 = VERTEX_POINT('',#1773);
#1773 = CARTESIAN_POINT('',(50.953759373914,-121.0227771782,-2.));
#1774 = VERTEX_POINT('',#1775);
#1775 = CARTESIAN_POINT('',(50.953759373914,-121.0227771782,0.));
#1776 = LINE('',#1777,#1778);
#1777 = CARTESIAN_POINT('',(50.953759373914,-121.0227771782,-2.));
#1778 = VECTOR('',#1779,1.);
#1779 = DIRECTION('',(0.,0.,1.));
#1780 = ORIENTED_EDGE('',*,*,#1781,.T.);
#1781 = EDGE_CURVE('',#1772,#1735,#1782,.T.);
#1782 = B_SPLINE_CURVE_WITH_KNOTS('',3,(#1783,#1784,#1785,#1786),
  .UNSPECIFIED.,.F.,.F.,(4,4),(-1.,0.),.PIECEWISE_BEZIER_KNOTS.);
#1783 = CARTESIAN_POINT('',(50.953759373914,-121.0227771782,-2.));
#1784 = CARTESIAN_POINT('',(48.833263445568,-113.9749220761,-2.));
#1785 = CARTESIAN_POINT('',(48.776248598036,-113.821422494,-2.));
#1786 = CARTESIAN_POINT('',(48.03286894302,-113.3346071433,-2.));
#1787 = ORIENTED_EDGE('',*,*,#1734,.T.);
#1788 = ORIENTED_EDGE('',*,*,#1789,.T.);
#1789 = EDGE_CURVE('',#1737,#1774,#1790,.T.);
#1790 = B_SPLINE_CURVE_WITH_KNOTS('',3,(#1791,#1792,#1793,#1794),
  .UNSPECIFIED.,.F.,.F.,(4,4),(0.,0.290139037925),
  .PIECEWISE_BEZIER_KNOTS.);
#1791 = CARTESIAN_POINT('',(48.03286894302,-113.3346071433,0.));
#1792 = CARTESIAN_POINT('',(48.776248598036,-113.821422494,0.));
#1793 = CARTESIAN_POINT('',(48.833263445568,-113.9749220761,0.));
#1794 = CARTESIAN_POINT('',(50.953759373914,-121.0227771782,0.));
#1795 = B_SPLINE_SURFACE_WITH_KNOTS('',3,1,(
    (#1796,#1797)
    ,(#1798,#1799)
    ,(#1800,#1801)
    ,(#1802,#1803
    )),.UNSPECIFIED.,.F.,.F.,.F.,(4,4),(2,2),(-1.,0.),(0.,1.),
  .PIECEWISE_BEZIER_KNOTS.);
#1796 = CARTESIAN_POINT('',(50.953759373914,-121.0227771782,-2.));
#1797 = CARTESIAN_POINT('',(50.953759373914,-121.0227771782,8.));
#1798 = CARTESIAN_POINT('',(48.833263445568,-113.9749220761,-2.));
#1799 = CARTESIAN_POINT('',(48.833263445568,-113.9749220761,8.));
#1800 = CARTESIAN_POINT('',(48.776248598036,-113.821422494,-2.));
#1801 = CARTESIAN_POINT('',(48.776248598036,-113.821422494,8.));
#1802 = CARTESIAN_POINT('',(48.03286894302,-113.3346071433,-2.));
#1803 = CARTESIAN_POINT('',(48.03286894302,-113.3346071433,8.));
#1804 = ADVANCED_FACE('',(#1805),#1823,.F.);
#1805 = FACE_BOUND('',#1806,.F.);
#1806 = EDGE_LOOP('',(#1807,#1808,#1815,#1816));
#1807 = ORIENTED_EDGE('',*,*,#1670,.F.);
#1808 = ORIENTED_EDGE('',*,*,#1809,.T.);
#1809 = EDGE_CURVE('',#1662,#1772,#1810,.T.);
#1810 = B_SPLINE_CURVE_WITH_KNOTS('',3,(#1811,#1812,#1813,#1814),
  .UNSPECIFIED.,.F.,.F.,(4,4),(-1.,0.),.PIECEWISE_BEZIER_KNOTS.);
#1811 = CARTESIAN_POINT('',(45.791765841601,-128.2153602187,-2.));
#1812 = CARTESIAN_POINT('',(52.971191416584,-128.2153602187,-2.));
#1813 = CARTESIAN_POINT('',(53.074256138769,-128.0728243546,-2.));
#1814 = CARTESIAN_POINT('',(50.953759373914,-121.0227771782,-2.));
#1815 = ORIENTED_EDGE('',*,*,#1771,.T.);
#1816 = ORIENTED_EDGE('',*,*,#1817,.T.);
#1817 = EDGE_CURVE('',#1774,#1671,#1818,.T.);
#1818 = B_SPLINE_CURVE_WITH_KNOTS('',3,(#1819,#1820,#1821,#1822),
  .UNSPECIFIED.,.F.,.F.,(4,4),(0.,2.182135399212),
  .PIECEWISE_BEZIER_KNOTS.);
#1819 = CARTESIAN_POINT('',(50.953759373914,-121.0227771782,0.));
#1820 = CARTESIAN_POINT('',(53.074256138769,-128.0728243546,0.));
#1821 = CARTESIAN_POINT('',(52.971191416584,-128.2153602187,0.));
#1822 = CARTESIAN_POINT('',(45.791765841601,-128.2153602187,0.));
#1823 = B_SPLINE_SURFACE_WITH_KNOTS('',3,1,(
    (#1824,#1825)
    ,(#1826,#1827)
    ,(#1828,#1829)
    ,(#1830,#1831
    )),.UNSPECIFIED.,.F.,.F.,.F.,(4,4),(2,2),(-1.,0.),(0.,1.),
  .PIECEWISE_BEZIER_KNOTS.);
#1824 = CARTESIAN_POINT('',(45.791765841601,-128.2153602187,-2.));
#1825 = CARTESIAN_POINT('',(45.791765841601,-128.2153602187,8.));
#1826 = CARTESIAN_POINT('',(52.971191416584,-128.2153602187,-2.));
#1827 = CARTESIAN_POINT('',(52.971191416584,-128.2153602187,8.));
#1828 = CARTESIAN_POINT('',(53.074256138769,-128.0728243546,-2.));
#1829 = CARTESIAN_POINT('',(53.074256138769,-128.0728243546,8.));
#1830 = CARTESIAN_POINT('',(50.953759373914,-121.0227771782,-2.));
#1831 = CARTESIAN_POINT('',(50.953759373914,-121.0227771782,8.));
#1832 = ADVANCED_FACE('',(#1833),#1869,.F.);
#1833 = FACE_BOUND('',#1834,.F.);
#1834 = EDGE_LOOP('',(#1835,#1845,#1854,#1862));
#1835 = ORIENTED_EDGE('',*,*,#1836,.F.);
#1836 = EDGE_CURVE('',#1837,#1839,#1841,.T.);
#1837 = VERTEX_POINT('',#1838);
#1838 = CARTESIAN_POINT('',(67.332235895729,-94.42776162629,-2.));
#1839 = VERTEX_POINT('',#1840);
#1840 = CARTESIAN_POINT('',(67.332235895729,-94.42776162629,0.));
#1841 = LINE('',#1842,#1843);
#1842 = CARTESIAN_POINT('',(67.332235895729,-94.42776162629,-2.));
#1843 = VECTOR('',#1844,1.);
#1844 = DIRECTION('',(0.,0.,1.));
#1845 = ORIENTED_EDGE('',*,*,#1846,.T.);
#1846 = EDGE_CURVE('',#1837,#1847,#1849,.T.);
#1847 = VERTEX_POINT('',#1848);
#1848 = CARTESIAN_POINT('',(73.595045616939,-97.40785856088,-2.));
#1849 = B_SPLINE_CURVE_WITH_KNOTS('',3,(#1850,#1851,#1852,#1853),
  .UNSPECIFIED.,.F.,.F.,(4,4),(-1.,0.),.PIECEWISE_BEZIER_KNOTS.);
#1850 = CARTESIAN_POINT('',(67.332235895729,-94.42776162629,-2.));
#1851 = CARTESIAN_POINT('',(71.384641595446,-97.94291711536,-2.));
#1852 = CARTESIAN_POINT('',(71.509636263389,-98.00212529207,-2.));
#1853 = CARTESIAN_POINT('',(73.595045616939,-97.40785856088,-2.));
#1854 = ORIENTED_EDGE('',*,*,#1855,.T.);
#1855 = EDGE_CURVE('',#1847,#1856,#1858,.T.);
#1856 = VERTEX_POINT('',#1857);
#1857 = CARTESIAN_POINT('',(73.595045616939,-97.40785856088,0.));
#1858 = LINE('',#1859,#1860);
#1859 = CARTESIAN_POINT('',(73.595045616939,-97.40785856088,-2.));
#1860 = VECTOR('',#1861,1.);
#1861 = DIRECTION('',(0.,0.,1.));
#1862 = ORIENTED_EDGE('',*,*,#1863,.T.);
#1863 = EDGE_CURVE('',#1856,#1839,#1864,.T.);
#1864 = B_SPLINE_CURVE_WITH_KNOTS('',3,(#1865,#1866,#1867,#1868),
  .UNSPECIFIED.,.F.,.F.,(4,4),(0.,0.652962641324),
  .PIECEWISE_BEZIER_KNOTS.);
#1865 = CARTESIAN_POINT('',(73.595045616939,-97.40785856088,0.));
#1866 = CARTESIAN_POINT('',(71.509636263389,-98.00212529207,0.));
#1867 = CARTESIAN_POINT('',(71.384641595446,-97.94291711536,0.));
#1868 = CARTESIAN_POINT('',(67.332235895729,-94.42776162629,0.));
#1869 = B_SPLINE_SURFACE_WITH_KNOTS('',3,1,(
    (#1870,#1871)
    ,(#1872,#1873)
    ,(#1874,#1875)
    ,(#1876,#1877
    )),.UNSPECIFIED.,.F.,.F.,.F.,(4,4),(2,2),(-1.,0.),(0.,1.),
  .PIECEWISE_BEZIER_KNOTS.);
#1870 = CARTESIAN_POINT('',(67.332235895729,-94.42776162629,-2.));
#1871 = CARTESIAN_POINT('',(67.332235895729,-94.42776162629,8.));
#1872 = CARTESIAN_POINT('',(71.384641595446,-97.94291711536,-2.));
#1873 = CARTESIAN_POINT('',(71.384641595446,-97.94291711536,8.));
#1874 = CARTESIAN_POINT('',(71.509636263389,-98.00212529207,-2.));
#1875 = CARTESIAN_POINT('',(71.509636263389,-98.00212529207,8.));
#1876 = CARTESIAN_POINT('',(73.595045616939,-97.40785856088,-2.));
#1877 = CARTESIAN_POINT('',(73.595045616939,-97.40785856088,8.));
#1878 = ADVANCED_FACE('',(#1879),#1906,.F.);
#1879 = FACE_BOUND('',#1880,.F.);
#1880 = EDGE_LOOP('',(#1881,#1891,#1898,#1899));
#1881 = ORIENTED_EDGE('',*,*,#1882,.F.);
#1882 = EDGE_CURVE('',#1883,#1885,#1887,.T.);
#1883 = VERTEX_POINT('',#1884);
#1884 = CARTESIAN_POINT('',(64.242495924438,-85.10371684802,-2.));
#1885 = VERTEX_POINT('',#1886);
#1886 = CARTESIAN_POINT('',(64.242495924438,-85.10371684802,0.));
#1887 = LINE('',#1888,#1889);
#1888 = CARTESIAN_POINT('',(64.242495924438,-85.10371684802,-2.));
#1889 = VECTOR('',#1890,1.);
#1890 = DIRECTION('',(0.,0.,1.));
#1891 = ORIENTED_EDGE('',*,*,#1892,.T.);
#1892 = EDGE_CURVE('',#1883,#1837,#1893,.T.);
#1893 = B_SPLINE_CURVE_WITH_KNOTS('',3,(#1894,#1895,#1896,#1897),
  .UNSPECIFIED.,.F.,.F.,(4,4),(-1.,0.),.PIECEWISE_BEZIER_KNOTS.);
#1894 = CARTESIAN_POINT('',(64.242495924438,-85.10371684802,-2.));
#1895 = CARTESIAN_POINT('',(63.21843036314,-90.7262116364,-2.));
#1896 = CARTESIAN_POINT('',(63.279830196012,-90.91260613722,-2.));
#1897 = CARTESIAN_POINT('',(67.332235895729,-94.42776162629,-2.));
#1898 = ORIENTED_EDGE('',*,*,#1836,.T.);
#1899 = ORIENTED_EDGE('',*,*,#1900,.T.);
#1900 = EDGE_CURVE('',#1839,#1885,#1901,.T.);
#1901 = B_SPLINE_CURVE_WITH_KNOTS('',3,(#1902,#1903,#1904,#1905),
  .UNSPECIFIED.,.F.,.F.,(4,4),(0.,1.607726793732),
  .PIECEWISE_BEZIER_KNOTS.);
#1902 = CARTESIAN_POINT('',(67.332235895729,-94.42776162629,0.));
#1903 = CARTESIAN_POINT('',(63.279830196012,-90.91260613722,0.));
#1904 = CARTESIAN_POINT('',(63.21843036314,-90.7262116364,0.));
#1905 = CARTESIAN_POINT('',(64.242495924438,-85.10371684802,0.));
#1906 = B_SPLINE_SURFACE_WITH_KNOTS('',3,1,(
    (#1907,#1908)
    ,(#1909,#1910)
    ,(#1911,#1912)
    ,(#1913,#1914
    )),.UNSPECIFIED.,.F.,.F.,.F.,(4,4),(2,2),(-1.,0.),(0.,1.),
  .PIECEWISE_BEZIER_KNOTS.);
#1907 = CARTESIAN_POINT('',(64.242495924438,-85.10371684802,-2.));
#1908 = CARTESIAN_POINT('',(64.242495924438,-85.10371684802,8.));
#1909 = CARTESIAN_POINT('',(63.21843036314,-90.7262116364,-2.));
#1910 = CARTESIAN_POINT('',(63.21843036314,-90.7262116364,8.));
#1911 = CARTESIAN_POINT('',(63.279830196012,-90.91260613722,-2.));
#1912 = CARTESIAN_POINT('',(63.279830196012,-90.91260613722,8.));
#1913 = CARTESIAN_POINT('',(67.332235895729,-94.42776162629,-2.));
#1914 = CARTESIAN_POINT('',(67.332235895729,-94.42776162629,8.));
#1915 = ADVANCED_FACE('',(#1916),#1943,.F.);
#1916 = FACE_BOUND('',#1917,.F.);
#1917 = EDGE_LOOP('',(#1918,#1928,#1935,#1936));
#1918 = ORIENTED_EDGE('',*,*,#1919,.F.);
#1919 = EDGE_CURVE('',#1920,#1922,#1924,.T.);
#1920 = VERTEX_POINT('',#1921);
#1921 = CARTESIAN_POINT('',(66.74674248125,-79.66103824594,-2.));
#1922 = VERTEX_POINT('',#1923);
#1923 = CARTESIAN_POINT('',(66.74674248125,-79.66103824594,0.));
#1924 = LINE('',#1925,#1926);
#1925 = CARTESIAN_POINT('',(66.74674248125,-79.66103824594,-2.));
#1926 = VECTOR('',#1927,1.);
#1927 = DIRECTION('',(0.,0.,1.));
#1928 = ORIENTED_EDGE('',*,*,#1929,.T.);
#1929 = EDGE_CURVE('',#1920,#1883,#1930,.T.);
#1930 = B_SPLINE_CURVE_WITH_KNOTS('',3,(#1931,#1932,#1933,#1934),
  .UNSPECIFIED.,.F.,.F.,(4,4),(-1.,0.),.PIECEWISE_BEZIER_KNOTS.);
#1931 = CARTESIAN_POINT('',(66.74674248125,-79.66103824594,-2.));
#1932 = CARTESIAN_POINT('',(65.314804689569,-79.37157902294,-2.));
#1933 = CARTESIAN_POINT('',(65.264368156556,-79.48122205965,-2.));
#1934 = CARTESIAN_POINT('',(64.242495924438,-85.10371684802,-2.));
#1935 = ORIENTED_EDGE('',*,*,#1882,.T.);
#1936 = ORIENTED_EDGE('',*,*,#1937,.T.);
#1937 = EDGE_CURVE('',#1885,#1922,#1938,.T.);
#1938 = B_SPLINE_CURVE_WITH_KNOTS('',3,(#1939,#1940,#1941,#1942),
  .UNSPECIFIED.,.F.,.F.,(4,4),(0.,1.73423067259),
  .PIECEWISE_BEZIER_KNOTS.);
#1939 = CARTESIAN_POINT('',(64.242495924438,-85.10371684802,0.));
#1940 = CARTESIAN_POINT('',(65.264368156556,-79.48122205965,0.));
#1941 = CARTESIAN_POINT('',(65.314804689569,-79.37157902294,0.));
#1942 = CARTESIAN_POINT('',(66.74674248125,-79.66103824594,0.));
#1943 = B_SPLINE_SURFACE_WITH_KNOTS('',3,1,(
    (#1944,#1945)
    ,(#1946,#1947)
    ,(#1948,#1949)
    ,(#1950,#1951
    )),.UNSPECIFIED.,.F.,.F.,.F.,(4,4),(2,2),(-1.,0.),(0.,1.),
  .PIECEWISE_BEZIER_KNOTS.);
#1944 = CARTESIAN_POINT('',(66.74674248125,-79.66103824594,-2.));
#1945 = CARTESIAN_POINT('',(66.74674248125,-79.66103824594,8.));
#1946 = CARTESIAN_POINT('',(65.314804689569,-79.37157902294,-2.));
#1947 = CARTESIAN_POINT('',(65.314804689569,-79.37157902294,8.));
#1948 = CARTESIAN_POINT('',(65.264368156556,-79.48122205965,-2.));
#1949 = CARTESIAN_POINT('',(65.264368156556,-79.48122205965,8.));
#1950 = CARTESIAN_POINT('',(64.242495924438,-85.10371684802,-2.));
#1951 = CARTESIAN_POINT('',(64.242495924438,-85.10371684802,8.));
#1952 = ADVANCED_FACE('',(#1953),#1980,.F.);
#1953 = FACE_BOUND('',#1954,.F.);
#1954 = EDGE_LOOP('',(#1955,#1965,#1972,#1973));
#1955 = ORIENTED_EDGE('',*,*,#1956,.F.);
#1956 = EDGE_CURVE('',#1957,#1959,#1961,.T.);
#1957 = VERTEX_POINT('',#1958);
#1958 = CARTESIAN_POINT('',(71.965751697605,-88.37765966397,-2.));
#1959 = VERTEX_POINT('',#1960);
#1960 = CARTESIAN_POINT('',(71.965751697605,-88.37765966397,0.));
#1961 = LINE('',#1962,#1963);
#1962 = CARTESIAN_POINT('',(71.965751697605,-88.37765966397,-2.));
#1963 = VECTOR('',#1964,1.);
#1964 = DIRECTION('',(0.,0.,1.));
#1965 = ORIENTED_EDGE('',*,*,#1966,.T.);
#1966 = EDGE_CURVE('',#1957,#1920,#1967,.T.);
#1967 = B_SPLINE_CURVE_WITH_KNOTS('',3,(#1968,#1969,#1970,#1971),
  .UNSPECIFIED.,.F.,.F.,(4,4),(-1.,0.),.PIECEWISE_BEZIER_KNOTS.);
#1968 = CARTESIAN_POINT('',(71.965751697605,-88.37765966397,-2.));
#1969 = CARTESIAN_POINT('',(68.283936651277,-80.12373199468,-2.));
#1970 = CARTESIAN_POINT('',(68.180871929091,-79.94830246674,-2.));
#1971 = CARTESIAN_POINT('',(66.74674248125,-79.66103824594,-2.));
#1972 = ORIENTED_EDGE('',*,*,#1919,.T.);
#1973 = ORIENTED_EDGE('',*,*,#1974,.T.);
#1974 = EDGE_CURVE('',#1922,#1959,#1975,.T.);
#1975 = B_SPLINE_CURVE_WITH_KNOTS('',3,(#1976,#1977,#1978,#1979),
  .UNSPECIFIED.,.F.,.F.,(4,4),(0.,0.449833298581),
  .PIECEWISE_BEZIER_KNOTS.);
#1976 = CARTESIAN_POINT('',(66.74674248125,-79.66103824594,0.));
#1977 = CARTESIAN_POINT('',(68.180871929091,-79.94830246674,0.));
#1978 = CARTESIAN_POINT('',(68.283936651277,-80.12373199468,0.));
#1979 = CARTESIAN_POINT('',(71.965751697605,-88.37765966397,0.));
#1980 = B_SPLINE_SURFACE_WITH_KNOTS('',3,1,(
    (#1981,#1982)
    ,(#1983,#1984)
    ,(#1985,#1986)
    ,(#1987,#1988
    )),.UNSPECIFIED.,.F.,.F.,.F.,(4,4),(2,2),(-1.,0.),(0.,1.),
  .PIECEWISE_BEZIER_KNOTS.);
#1981 = CARTESIAN_POINT('',(71.965751697605,-88.37765966397,-2.));
#1982 = CARTESIAN_POINT('',(71.965751697605,-88.37765966397,8.));
#1983 = CARTESIAN_POINT('',(68.283936651277,-80.12373199468,-2.));
#1984 = CARTESIAN_POINT('',(68.283936651277,-80.12373199468,8.));
#1985 = CARTESIAN_POINT('',(68.180871929091,-79.94830246674,-2.));
#1986 = CARTESIAN_POINT('',(68.180871929091,-79.94830246674,8.));
#1987 = CARTESIAN_POINT('',(66.74674248125,-79.66103824594,-2.));
#1988 = CARTESIAN_POINT('',(66.74674248125,-79.66103824594,8.));
#1989 = ADVANCED_FACE('',(#1990),#2008,.F.);
#1990 = FACE_BOUND('',#1991,.F.);
#1991 = EDGE_LOOP('',(#1992,#1993,#2000,#2001));
#1992 = ORIENTED_EDGE('',*,*,#1855,.F.);
#1993 = ORIENTED_EDGE('',*,*,#1994,.T.);
#1994 = EDGE_CURVE('',#1847,#1957,#1995,.T.);
#1995 = B_SPLINE_CURVE_WITH_KNOTS('',3,(#1996,#1997,#1998,#1999),
  .UNSPECIFIED.,.F.,.F.,(4,4),(-1.,0.),.PIECEWISE_BEZIER_KNOTS.);
#1996 = CARTESIAN_POINT('',(73.595045616939,-97.40785856088,-2.));
#1997 = CARTESIAN_POINT('',(75.67826331433,-96.81359517572,-2.));
#1998 = CARTESIAN_POINT('',(75.647563397894,-96.63377898942,-2.));
#1999 = CARTESIAN_POINT('',(71.965751697605,-88.37765966397,-2.));
#2000 = ORIENTED_EDGE('',*,*,#1956,.T.);
#2001 = ORIENTED_EDGE('',*,*,#2002,.T.);
#2002 = EDGE_CURVE('',#1959,#1856,#2003,.T.);
#2003 = B_SPLINE_CURVE_WITH_KNOTS('',3,(#2004,#2005,#2006,#2007),
  .UNSPECIFIED.,.F.,.F.,(4,4),(0.,2.748893250947),
  .PIECEWISE_BEZIER_KNOTS.);
#2004 = CARTESIAN_POINT('',(71.965751697605,-88.37765966397,0.));
#2005 = CARTESIAN_POINT('',(75.647563397894,-96.63377898942,0.));
#2006 = CARTESIAN_POINT('',(75.67826331433,-96.81359517572,0.));
#2007 = CARTESIAN_POINT('',(73.595045616939,-97.40785856088,0.));
#2008 = B_SPLINE_SURFACE_WITH_KNOTS('',3,1,(
    (#2009,#2010)
    ,(#2011,#2012)
    ,(#2013,#2014)
    ,(#2015,#2016
    )),.UNSPECIFIED.,.F.,.F.,.F.,(4,4),(2,2),(-1.,0.),(0.,1.),
  .PIECEWISE_BEZIER_KNOTS.);
#2009 = CARTESIAN_POINT('',(73.595045616939,-97.40785856088,-2.));
#2010 = CARTESIAN_POINT('',(73.595045616939,-97.40785856088,8.));
#2011 = CARTESIAN_POINT('',(75.67826331433,-96.81359517572,-2.));
#2012 = CARTESIAN_POINT('',(75.67826331433,-96.81359517572,8.));
#2013 = CARTESIAN_POINT('',(75.647563397894,-96.63377898942,-2.));
#2014 = CARTESIAN_POINT('',(75.647563397894,-96.63377898942,8.));
#2015 = CARTESIAN_POINT('',(71.965751697605,-88.37765966397,-2.));
#2016 = CARTESIAN_POINT('',(71.965751697605,-88.37765966397,8.));
#2017 = ADVANCED_FACE('',(#2018),#2054,.F.);
#2018 = FACE_BOUND('',#2019,.F.);
#2019 = EDGE_LOOP('',(#2020,#2030,#2039,#2047));
#2020 = ORIENTED_EDGE('',*,*,#2021,.F.);
#2021 = EDGE_CURVE('',#2022,#2024,#2026,.T.);
#2022 = VERTEX_POINT('',#2023);
#2023 = CARTESIAN_POINT('',(107.64578682829,-63.82200610046,-2.));
#2024 = VERTEX_POINT('',#2025);
#2025 = CARTESIAN_POINT('',(107.64578682829,-63.82200610046,0.));
#2026 = LINE('',#2027,#2028);
#2027 = CARTESIAN_POINT('',(107.64578682829,-63.82200610046,-2.));
#2028 = VECTOR('',#2029,1.);
#2029 = DIRECTION('',(0.,0.,1.));
#2030 = ORIENTED_EDGE('',*,*,#2031,.T.);
#2031 = EDGE_CURVE('',#2022,#2032,#2034,.T.);
#2032 = VERTEX_POINT('',#2033);
#2033 = CARTESIAN_POINT('',(115.4282541242,-61.80018823594,-2.));
#2034 = B_SPLINE_CURVE_WITH_KNOTS('',3,(#2035,#2036,#2037,#2038),
  .UNSPECIFIED.,.F.,.F.,(4,4),(-1.,0.),.PIECEWISE_BEZIER_KNOTS.);
#2035 = CARTESIAN_POINT('',(107.64578682829,-63.82200610046,-2.));
#2036 = CARTESIAN_POINT('',(108.33215330879,-65.23201394638,-2.));
#2037 = CARTESIAN_POINT('',(108.48784454713,-65.19254405927,-2.));
#2038 = CARTESIAN_POINT('',(115.4282541242,-61.80018823594,-2.));
#2039 = ORIENTED_EDGE('',*,*,#2040,.T.);
#2040 = EDGE_CURVE('',#2032,#2041,#2043,.T.);
#2041 = VERTEX_POINT('',#2042);
#2042 = CARTESIAN_POINT('',(115.4282541242,-61.80018823594,0.));
#2043 = LINE('',#2044,#2045);
#2044 = CARTESIAN_POINT('',(115.4282541242,-61.80018823594,-2.));
#2045 = VECTOR('',#2046,1.);
#2046 = DIRECTION('',(0.,0.,1.));
#2047 = ORIENTED_EDGE('',*,*,#2048,.T.);
#2048 = EDGE_CURVE('',#2041,#2024,#2049,.T.);
#2049 = B_SPLINE_CURVE_WITH_KNOTS('',3,(#2050,#2051,#2052,#2053),
  .UNSPECIFIED.,.F.,.F.,(4,4),(0.,2.333807355348),
  .PIECEWISE_BEZIER_KNOTS.);
#2050 = CARTESIAN_POINT('',(115.4282541242,-61.80018823594,0.));
#2051 = CARTESIAN_POINT('',(108.48784454713,-65.19254405927,0.));
#2052 = CARTESIAN_POINT('',(108.33215330879,-65.23201394638,0.));
#2053 = CARTESIAN_POINT('',(107.64578682829,-63.82200610046,0.));
#2054 = B_SPLINE_SURFACE_WITH_KNOTS('',3,1,(
    (#2055,#2056)
    ,(#2057,#2058)
    ,(#2059,#2060)
    ,(#2061,#2062
    )),.UNSPECIFIED.,.F.,.F.,.F.,(4,4),(2,2),(-1.,0.),(0.,1.),
  .PIECEWISE_BEZIER_KNOTS.);
#2055 = CARTESIAN_POINT('',(107.64578682829,-63.82200610046,-2.));
#2056 = CARTESIAN_POINT('',(107.64578682829,-63.82200610046,8.));
#2057 = CARTESIAN_POINT('',(108.33215330879,-65.23201394638,-2.));
#2058 = CARTESIAN_POINT('',(108.33215330879,-65.23201394638,8.));
#2059 = CARTESIAN_POINT('',(108.48784454713,-65.19254405927,-2.));
#2060 = CARTESIAN_POINT('',(108.48784454713,-65.19254405927,8.));
#2061 = CARTESIAN_POINT('',(115.4282541242,-61.80018823594,-2.));
#2062 = CARTESIAN_POINT('',(115.4282541242,-61.80018823594,8.));
#2063 = ADVANCED_FACE('',(#2064),#2091,.F.);
#2064 = FACE_BOUND('',#2065,.F.);
#2065 = EDGE_LOOP('',(#2066,#2076,#2083,#2084));
#2066 = ORIENTED_EDGE('',*,*,#2067,.F.);
#2067 = EDGE_CURVE('',#2068,#2070,#2072,.T.);
#2068 = VERTEX_POINT('',#2069);
#2069 = CARTESIAN_POINT('',(110.05355032347,-55.1974810857,-2.));
#2070 = VERTEX_POINT('',#2071);
#2071 = CARTESIAN_POINT('',(110.05355032347,-55.1974810857,0.));
#2072 = LINE('',#2073,#2074);
#2073 = CARTESIAN_POINT('',(110.05355032347,-55.1974810857,-2.));
#2074 = VECTOR('',#2075,1.);
#2075 = DIRECTION('',(0.,0.,1.));
#2076 = ORIENTED_EDGE('',*,*,#2077,.T.);
#2077 = EDGE_CURVE('',#2068,#2022,#2078,.T.);
#2078 = B_SPLINE_CURVE_WITH_KNOTS('',3,(#2079,#2080,#2081,#2082),
  .UNSPECIFIED.,.F.,.F.,(4,4),(-1.,0.),.PIECEWISE_BEZIER_KNOTS.);
#2079 = CARTESIAN_POINT('',(110.05355032347,-55.1974810857,-2.));
#2080 = CARTESIAN_POINT('',(107.00985855381,-62.23876038276,-2.));
#2081 = CARTESIAN_POINT('',(106.96161534998,-62.41199825454,-2.));
#2082 = CARTESIAN_POINT('',(107.64578682829,-63.82200610046,-2.));
#2083 = ORIENTED_EDGE('',*,*,#2021,.T.);
#2084 = ORIENTED_EDGE('',*,*,#2085,.T.);
#2085 = EDGE_CURVE('',#2024,#2070,#2086,.T.);
#2086 = B_SPLINE_CURVE_WITH_KNOTS('',3,(#2087,#2088,#2089,#2090),
  .UNSPECIFIED.,.F.,.F.,(4,4),(0.,0.469491891567),
  .PIECEWISE_BEZIER_KNOTS.);
#2087 = CARTESIAN_POINT('',(107.64578682829,-63.82200610046,0.));
#2088 = CARTESIAN_POINT('',(106.96161534998,-62.41199825454,0.));
#2089 = CARTESIAN_POINT('',(107.00985855381,-62.23876038276,0.));
#2090 = CARTESIAN_POINT('',(110.05355032347,-55.1974810857,0.));
#2091 = B_SPLINE_SURFACE_WITH_KNOTS('',3,1,(
    (#2092,#2093)
    ,(#2094,#2095)
    ,(#2096,#2097)
    ,(#2098,#2099
    )),.UNSPECIFIED.,.F.,.F.,.F.,(4,4),(2,2),(-1.,0.),(0.,1.),
  .PIECEWISE_BEZIER_KNOTS.);
#2092 = CARTESIAN_POINT('',(110.05355032347,-55.1974810857,-2.));
#2093 = CARTESIAN_POINT('',(110.05355032347,-55.1974810857,8.));
#2094 = CARTESIAN_POINT('',(107.00985855381,-62.23876038276,-2.));
#2095 = CARTESIAN_POINT('',(107.00985855381,-62.23876038276,8.));
#2096 = CARTESIAN_POINT('',(106.96161534998,-62.41199825454,-2.));
#2097 = CARTESIAN_POINT('',(106.96161534998,-62.41199825454,8.));
#2098 = CARTESIAN_POINT('',(107.64578682829,-63.82200610046,-2.));
#2099 = CARTESIAN_POINT('',(107.64578682829,-63.82200610046,8.));
#2100 = ADVANCED_FACE('',(#2101),#2128,.F.);
#2101 = FACE_BOUND('',#2102,.F.);
#2102 = EDGE_LOOP('',(#2103,#2113,#2120,#2121));
#2103 = ORIENTED_EDGE('',*,*,#2104,.F.);
#2104 = EDGE_CURVE('',#2105,#2107,#2109,.T.);
#2105 = VERTEX_POINT('',#2106);
#2106 = CARTESIAN_POINT('',(117.83601092731,-53.17566322118,-2.));
#2107 = VERTEX_POINT('',#2108);
#2108 = CARTESIAN_POINT('',(117.83601092731,-53.17566322118,0.));
#2109 = LINE('',#2110,#2111);
#2110 = CARTESIAN_POINT('',(117.83601092731,-53.17566322118,-2.));
#2111 = VECTOR('',#2112,1.);
#2112 = DIRECTION('',(0.,0.,1.));
#2113 = ORIENTED_EDGE('',*,*,#2114,.T.);
#2114 = EDGE_CURVE('',#2105,#2068,#2115,.T.);
#2115 = B_SPLINE_CURVE_WITH_KNOTS('',3,(#2116,#2117,#2118,#2119),
  .UNSPECIFIED.,.F.,.F.,(4,4),(-1.,0.),.PIECEWISE_BEZIER_KNOTS.);
#2116 = CARTESIAN_POINT('',(117.83601092731,-53.17566322118,-2.));
#2117 = CARTESIAN_POINT('',(113.25512833367,-48.1145435914,-2.));
#2118 = CARTESIAN_POINT('',(113.09943040325,-48.15401347852,-2.));
#2119 = CARTESIAN_POINT('',(110.05355032347,-55.1974810857,-2.));
#2120 = ORIENTED_EDGE('',*,*,#2067,.T.);
#2121 = ORIENTED_EDGE('',*,*,#2122,.T.);
#2122 = EDGE_CURVE('',#2070,#2107,#2123,.T.);
#2123 = B_SPLINE_CURVE_WITH_KNOTS('',3,(#2124,#2125,#2126,#2127),
  .UNSPECIFIED.,.F.,.F.,(4,4),(0.,2.264540547107),
  .PIECEWISE_BEZIER_KNOTS.);
#2124 = CARTESIAN_POINT('',(110.05355032347,-55.1974810857,0.));
#2125 = CARTESIAN_POINT('',(113.09943040325,-48.15401347852,0.));
#2126 = CARTESIAN_POINT('',(113.25512833367,-48.1145435914,0.));
#2127 = CARTESIAN_POINT('',(117.83601092731,-53.17566322118,0.));
#2128 = B_SPLINE_SURFACE_WITH_KNOTS('',3,1,(
    (#2129,#2130)
    ,(#2131,#2132)
    ,(#2133,#2134)
    ,(#2135,#2136
    )),.UNSPECIFIED.,.F.,.F.,.F.,(4,4),(2,2),(-1.,0.),(0.,1.),
  .PIECEWISE_BEZIER_KNOTS.);
#2129 = CARTESIAN_POINT('',(117.83601092731,-53.17566322118,-2.));
#2130 = CARTESIAN_POINT('',(117.83601092731,-53.17566322118,8.));
#2131 = CARTESIAN_POINT('',(113.25512833367,-48.1145435914,-2.));
#2132 = CARTESIAN_POINT('',(113.25512833367,-48.1145435914,8.));
#2133 = CARTESIAN_POINT('',(113.09943040325,-48.15401347852,-2.));
#2134 = CARTESIAN_POINT('',(113.09943040325,-48.15401347852,8.));
#2135 = CARTESIAN_POINT('',(110.05355032347,-55.1974810857,-2.));
#2136 = CARTESIAN_POINT('',(110.05355032347,-55.1974810857,8.));
#2137 = ADVANCED_FACE('',(#2138),#2156,.F.);
#2138 = FACE_BOUND('',#2139,.F.);
#2139 = EDGE_LOOP('',(#2140,#2141,#2148,#2149));
#2140 = ORIENTED_EDGE('',*,*,#2040,.F.);
#2141 = ORIENTED_EDGE('',*,*,#2142,.T.);
#2142 = EDGE_CURVE('',#2032,#2105,#2143,.T.);
#2143 = B_SPLINE_CURVE_WITH_KNOTS('',3,(#2144,#2145,#2146,#2147),
  .UNSPECIFIED.,.F.,.F.,(4,4),(-1.,0.),.PIECEWISE_BEZIER_KNOTS.);
#2144 = CARTESIAN_POINT('',(115.4282541242,-61.80018823594,-2.));
#2145 = CARTESIAN_POINT('',(122.3686570092,-58.41002741481,-2.));
#2146 = CARTESIAN_POINT('',(122.41690021303,-58.23678954304,-2.));
#2147 = CARTESIAN_POINT('',(117.83601092731,-53.17566322118,-2.));
#2148 = ORIENTED_EDGE('',*,*,#2104,.T.);
#2149 = ORIENTED_EDGE('',*,*,#2150,.T.);
#2150 = EDGE_CURVE('',#2107,#2041,#2151,.T.);
#2151 = B_SPLINE_CURVE_WITH_KNOTS('',3,(#2152,#2153,#2154,#2155),
  .UNSPECIFIED.,.F.,.F.,(4,4),(0.,2.036948678191),
  .PIECEWISE_BEZIER_KNOTS.);
#2152 = CARTESIAN_POINT('',(117.83601092731,-53.17566322118,0.));
#2153 = CARTESIAN_POINT('',(122.41690021303,-58.23678954304,0.));
#2154 = CARTESIAN_POINT('',(122.3686570092,-58.41002741481,0.));
#2155 = CARTESIAN_POINT('',(115.4282541242,-61.80018823594,0.));
#2156 = B_SPLINE_SURFACE_WITH_KNOTS('',3,1,(
    (#2157,#2158)
    ,(#2159,#2160)
    ,(#2161,#2162)
    ,(#2163,#2164
    )),.UNSPECIFIED.,.F.,.F.,.F.,(4,4),(2,2),(-1.,0.),(0.,1.),
  .PIECEWISE_BEZIER_KNOTS.);
#2157 = CARTESIAN_POINT('',(115.4282541242,-61.80018823594,-2.));
#2158 = CARTESIAN_POINT('',(115.4282541242,-61.80018823594,8.));
#2159 = CARTESIAN_POINT('',(122.3686570092,-58.41002741481,-2.));
#2160 = CARTESIAN_POINT('',(122.3686570092,-58.41002741481,8.));
#2161 = CARTESIAN_POINT('',(122.41690021303,-58.23678954304,-2.));
#2162 = CARTESIAN_POINT('',(122.41690021303,-58.23678954304,8.));
#2163 = CARTESIAN_POINT('',(117.83601092731,-53.17566322118,-2.));
#2164 = CARTESIAN_POINT('',(117.83601092731,-53.17566322118,8.));
#2165 = ADVANCED_FACE('',(#2166),#2202,.F.);
#2166 = FACE_BOUND('',#2167,.F.);
#2167 = EDGE_LOOP('',(#2168,#2178,#2187,#2195));
#2168 = ORIENTED_EDGE('',*,*,#2169,.F.);
#2169 = EDGE_CURVE('',#2170,#2172,#2174,.T.);
#2170 = VERTEX_POINT('',#2171);
#2171 = CARTESIAN_POINT('',(84.427779650995,-61.51730732746,-2.));
#2172 = VERTEX_POINT('',#2173);
#2173 = CARTESIAN_POINT('',(84.427779650995,-61.51730732746,0.));
#2174 = LINE('',#2175,#2176);
#2175 = CARTESIAN_POINT('',(84.427779650995,-61.51730732746,-2.));
#2176 = VECTOR('',#2177,1.);
#2177 = DIRECTION('',(0.,0.,1.));
#2178 = ORIENTED_EDGE('',*,*,#2179,.T.);
#2179 = EDGE_CURVE('',#2170,#2180,#2182,.T.);
#2180 = VERTEX_POINT('',#2181);
#2181 = CARTESIAN_POINT('',(95.90959858856,-66.68807668602,-2.));
#2182 = B_SPLINE_CURVE_WITH_KNOTS('',3,(#2183,#2184,#2185,#2186),
  .UNSPECIFIED.,.F.,.F.,(4,4),(-1.,0.),.PIECEWISE_BEZIER_KNOTS.);
#2183 = CARTESIAN_POINT('',(84.427779650995,-61.51730732746,-2.));
#2184 = CARTESIAN_POINT('',(85.907960646509,-67.76696041963,-2.));
#2185 = CARTESIAN_POINT('',(86.138211692797,-67.87002514182,-2.));
#2186 = CARTESIAN_POINT('',(95.90959858856,-66.68807668602,-2.));
#2187 = ORIENTED_EDGE('',*,*,#2188,.T.);
#2188 = EDGE_CURVE('',#2180,#2189,#2191,.T.);
#2189 = VERTEX_POINT('',#2190);
#2190 = CARTESIAN_POINT('',(95.90959858856,-66.68807668602,0.));
#2191 = LINE('',#2192,#2193);
#2192 = CARTESIAN_POINT('',(95.90959858856,-66.68807668602,-2.));
#2193 = VECTOR('',#2194,1.);
#2194 = DIRECTION('',(0.,0.,1.));
#2195 = ORIENTED_EDGE('',*,*,#2196,.T.);
#2196 = EDGE_CURVE('',#2189,#2172,#2197,.T.);
#2197 = B_SPLINE_CURVE_WITH_KNOTS('',3,(#2198,#2199,#2200,#2201),
  .UNSPECIFIED.,.F.,.F.,(4,4),(0.,2.95289001177),
  .PIECEWISE_BEZIER_KNOTS.);
#2198 = CARTESIAN_POINT('',(95.90959858856,-66.68807668602,0.));
#2199 = CARTESIAN_POINT('',(86.138211692797,-67.87002514182,0.));
#2200 = CARTESIAN_POINT('',(85.907960646509,-67.76696041963,0.));
#2201 = CARTESIAN_POINT('',(84.427779650995,-61.51730732746,0.));
#2202 = B_SPLINE_SURFACE_WITH_KNOTS('',3,1,(
    (#2203,#2204)
    ,(#2205,#2206)
    ,(#2207,#2208)
    ,(#2209,#2210
    )),.UNSPECIFIED.,.F.,.F.,.F.,(4,4),(2,2),(-1.,0.),(0.,1.),
  .PIECEWISE_BEZIER_KNOTS.);
#2203 = CARTESIAN_POINT('',(84.427779650995,-61.51730732746,-2.));
#2204 = CARTESIAN_POINT('',(84.427779650995,-61.51730732746,8.));
#2205 = CARTESIAN_POINT('',(85.907960646509,-67.76696041963,-2.));
#2206 = CARTESIAN_POINT('',(85.907960646509,-67.76696041963,8.));
#2207 = CARTESIAN_POINT('',(86.138211692797,-67.87002514182,-2.));
#2208 = CARTESIAN_POINT('',(86.138211692797,-67.87002514182,8.));
#2209 = CARTESIAN_POINT('',(95.90959858856,-66.68807668602,-2.));
#2210 = CARTESIAN_POINT('',(95.90959858856,-66.68807668602,8.));
#2211 = ADVANCED_FACE('',(#2212),#2239,.F.);
#2212 = FACE_BOUND('',#2213,.F.);
#2213 = EDGE_LOOP('',(#2214,#2224,#2231,#2232));
#2214 = ORIENTED_EDGE('',*,*,#2215,.F.);
#2215 = EDGE_CURVE('',#2216,#2218,#2220,.T.);
#2216 = VERTEX_POINT('',#2217);
#2217 = CARTESIAN_POINT('',(92.177348682238,-57.52410980446,-2.));
#2218 = VERTEX_POINT('',#2219);
#2219 = CARTESIAN_POINT('',(92.177348682238,-57.52410980446,0.));
#2220 = LINE('',#2221,#2222);
#2221 = CARTESIAN_POINT('',(92.177348682238,-57.52410980446,-2.));
#2222 = VECTOR('',#2223,1.);
#2223 = DIRECTION('',(0.,0.,1.));
#2224 = ORIENTED_EDGE('',*,*,#2225,.T.);
#2225 = EDGE_CURVE('',#2216,#2170,#2226,.T.);
#2226 = B_SPLINE_CURVE_WITH_KNOTS('',3,(#2227,#2228,#2229,#2230),
  .UNSPECIFIED.,.F.,.F.,(4,4),(-1.,0.),.PIECEWISE_BEZIER_KNOTS.);
#2227 = CARTESIAN_POINT('',(92.177348682238,-57.52410980446,-2.));
#2228 = CARTESIAN_POINT('',(83.105484896018,-55.19090277118,-2.));
#2229 = CARTESIAN_POINT('',(82.94979031164,-55.26984923749,-2.));
#2230 = CARTESIAN_POINT('',(84.427779650995,-61.51730732746,-2.));
#2231 = ORIENTED_EDGE('',*,*,#2169,.T.);
#2232 = ORIENTED_EDGE('',*,*,#2233,.T.);
#2233 = EDGE_CURVE('',#2172,#2218,#2234,.T.);
#2234 = B_SPLINE_CURVE_WITH_KNOTS('',3,(#2235,#2236,#2237,#2238),
  .UNSPECIFIED.,.F.,.F.,(4,4),(0.,1.978496999708),
  .PIECEWISE_BEZIER_KNOTS.);
#2235 = CARTESIAN_POINT('',(84.427779650995,-61.51730732746,0.));
#2236 = CARTESIAN_POINT('',(82.94979031164,-55.26984923749,0.));
#2237 = CARTESIAN_POINT('',(83.105484896018,-55.19090277118,0.));
#2238 = CARTESIAN_POINT('',(92.177348682238,-57.52410980446,0.));
#2239 = B_SPLINE_SURFACE_WITH_KNOTS('',3,1,(
    (#2240,#2241)
    ,(#2242,#2243)
    ,(#2244,#2245)
    ,(#2246,#2247
    )),.UNSPECIFIED.,.F.,.F.,.F.,(4,4),(2,2),(-1.,0.),(0.,1.),
  .PIECEWISE_BEZIER_KNOTS.);
#2240 = CARTESIAN_POINT('',(92.177348682238,-57.52410980446,-2.));
#2241 = CARTESIAN_POINT('',(92.177348682238,-57.52410980446,8.));
#2242 = CARTESIAN_POINT('',(83.105484896018,-55.19090277118,-2.));
#2243 = CARTESIAN_POINT('',(83.105484896018,-55.19090277118,8.));
#2244 = CARTESIAN_POINT('',(82.94979031164,-55.26984923749,-2.));
#2245 = CARTESIAN_POINT('',(82.94979031164,-55.26984923749,8.));
#2246 = CARTESIAN_POINT('',(84.427779650995,-61.51730732746,-2.));
#2247 = CARTESIAN_POINT('',(84.427779650995,-61.51730732746,8.));
#2248 = ADVANCED_FACE('',(#2249),#2276,.F.);
#2249 = FACE_BOUND('',#2250,.F.);
#2250 = EDGE_LOOP('',(#2251,#2261,#2268,#2269));
#2251 = ORIENTED_EDGE('',*,*,#2252,.F.);
#2252 = EDGE_CURVE('',#2253,#2255,#2257,.T.);
#2253 = VERTEX_POINT('',#2254);
#2254 = CARTESIAN_POINT('',(103.01227102641,-61.32433451213,-2.));
#2255 = VERTEX_POINT('',#2256);
#2256 = CARTESIAN_POINT('',(103.01227102641,-61.32433451213,0.));
#2257 = LINE('',#2258,#2259);
#2258 = CARTESIAN_POINT('',(103.01227102641,-61.32433451213,-2.));
#2259 = VECTOR('',#2260,1.);
#2260 = DIRECTION('',(0.,0.,1.));
#2261 = ORIENTED_EDGE('',*,*,#2262,.T.);
#2262 = EDGE_CURVE('',#2253,#2216,#2263,.T.);
#2263 = B_SPLINE_CURVE_WITH_KNOTS('',3,(#2264,#2265,#2266,#2267),
  .UNSPECIFIED.,.F.,.F.,(4,4),(-1.,0.),.PIECEWISE_BEZIER_KNOTS.);
#2264 = CARTESIAN_POINT('',(103.01227102641,-61.32433451213,-2.));
#2265 = CARTESIAN_POINT('',(101.4663068857,-59.93406160976,-2.));
#2266 = CARTESIAN_POINT('',(101.24921581449,-59.85731014565,-2.));
#2267 = CARTESIAN_POINT('',(92.177348682238,-57.52410980446,-2.));
#2268 = ORIENTED_EDGE('',*,*,#2215,.T.);
#2269 = ORIENTED_EDGE('',*,*,#2270,.T.);
#2270 = EDGE_CURVE('',#2218,#2255,#2271,.T.);
#2271 = B_SPLINE_CURVE_WITH_KNOTS('',3,(#2272,#2273,#2274,#2275),
  .UNSPECIFIED.,.F.,.F.,(4,4),(0.,2.812651540145),
  .PIECEWISE_BEZIER_KNOTS.);
#2272 = CARTESIAN_POINT('',(92.177348682238,-57.52410980446,0.));
#2273 = CARTESIAN_POINT('',(101.24921581449,-59.85731014565,0.));
#2274 = CARTESIAN_POINT('',(101.4663068857,-59.93406160976,0.));
#2275 = CARTESIAN_POINT('',(103.01227102641,-61.32433451213,0.));
#2276 = B_SPLINE_SURFACE_WITH_KNOTS('',3,1,(
    (#2277,#2278)
    ,(#2279,#2280)
    ,(#2281,#2282)
    ,(#2283,#2284
    )),.UNSPECIFIED.,.F.,.F.,.F.,(4,4),(2,2),(-1.,0.),(0.,1.),
  .PIECEWISE_BEZIER_KNOTS.);
#2277 = CARTESIAN_POINT('',(103.01227102641,-61.32433451213,-2.));
#2278 = CARTESIAN_POINT('',(103.01227102641,-61.32433451213,8.));
#2279 = CARTESIAN_POINT('',(101.4663068857,-59.93406160976,-2.));
#2280 = CARTESIAN_POINT('',(101.4663068857,-59.93406160976,8.));
#2281 = CARTESIAN_POINT('',(101.24921581449,-59.85731014565,-2.));
#2282 = CARTESIAN_POINT('',(101.24921581449,-59.85731014565,8.));
#2283 = CARTESIAN_POINT('',(92.177348682238,-57.52410980446,-2.));
#2284 = CARTESIAN_POINT('',(92.177348682238,-57.52410980446,8.));
#2285 = ADVANCED_FACE('',(#2286),#2313,.F.);
#2286 = FACE_BOUND('',#2287,.F.);
#2287 = EDGE_LOOP('',(#2288,#2298,#2305,#2306));
#2288 = ORIENTED_EDGE('',*,*,#2289,.F.);
#2289 = EDGE_CURVE('',#2290,#2292,#2294,.T.);
#2290 = VERTEX_POINT('',#2291);
#2291 = CARTESIAN_POINT('',(105.23583502298,-64.11146532346,-2.));
#2292 = VERTEX_POINT('',#2293);
#2293 = CARTESIAN_POINT('',(105.23583502298,-64.11146532346,0.));
#2294 = LINE('',#2295,#2296);
#2295 = CARTESIAN_POINT('',(105.23583502298,-64.11146532346,-2.));
#2296 = VECTOR('',#2297,1.);
#2297 = DIRECTION('',(0.,0.,1.));
#2298 = ORIENTED_EDGE('',*,*,#2299,.T.);
#2299 = EDGE_CURVE('',#2290,#2253,#2300,.T.);
#2300 = B_SPLINE_CURVE_WITH_KNOTS('',3,(#2301,#2302,#2303,#2304),
  .UNSPECIFIED.,.F.,.F.,(4,4),(-1.,0.),.PIECEWISE_BEZIER_KNOTS.);
#2301 = CARTESIAN_POINT('',(105.23583502298,-64.11146532346,-2.));
#2302 = CARTESIAN_POINT('',(104.60429006083,-62.76724062273,-2.));
#2303 = CARTESIAN_POINT('',(104.55824185919,-62.71241910437,-2.));
#2304 = CARTESIAN_POINT('',(103.01227102641,-61.32433451213,-2.));
#2305 = ORIENTED_EDGE('',*,*,#2252,.T.);
#2306 = ORIENTED_EDGE('',*,*,#2307,.T.);
#2307 = EDGE_CURVE('',#2255,#2292,#2308,.T.);
#2308 = B_SPLINE_CURVE_WITH_KNOTS('',3,(#2309,#2310,#2311,#2312),
  .UNSPECIFIED.,.F.,.F.,(4,4),(0.,0.62370126041),
  .PIECEWISE_BEZIER_KNOTS.);
#2309 = CARTESIAN_POINT('',(103.01227102641,-61.32433451213,0.));
#2310 = CARTESIAN_POINT('',(104.55824185919,-62.71241910437,0.));
#2311 = CARTESIAN_POINT('',(104.60429006083,-62.76724062273,0.));
#2312 = CARTESIAN_POINT('',(105.23583502298,-64.11146532346,0.));
#2313 = B_SPLINE_SURFACE_WITH_KNOTS('',3,1,(
    (#2314,#2315)
    ,(#2316,#2317)
    ,(#2318,#2319)
    ,(#2320,#2321
    )),.UNSPECIFIED.,.F.,.F.,.F.,(4,4),(2,2),(-1.,0.),(0.,1.),
  .PIECEWISE_BEZIER_KNOTS.);
#2314 = CARTESIAN_POINT('',(105.23583502298,-64.11146532346,-2.));
#2315 = CARTESIAN_POINT('',(105.23583502298,-64.11146532346,8.));
#2316 = CARTESIAN_POINT('',(104.60429006083,-62.76724062273,-2.));
#2317 = CARTESIAN_POINT('',(104.60429006083,-62.76724062273,8.));
#2318 = CARTESIAN_POINT('',(104.55824185919,-62.71241910437,-2.));
#2319 = CARTESIAN_POINT('',(104.55824185919,-62.71241910437,8.));
#2320 = CARTESIAN_POINT('',(103.01227102641,-61.32433451213,-2.));
#2321 = CARTESIAN_POINT('',(103.01227102641,-61.32433451213,8.));
#2322 = ADVANCED_FACE('',(#2323),#2353,.F.);
#2323 = FACE_BOUND('',#2324,.F.);
#2324 = EDGE_LOOP('',(#2325,#2326,#2333,#2334));
#2325 = ORIENTED_EDGE('',*,*,#2188,.F.);
#2326 = ORIENTED_EDGE('',*,*,#2327,.T.);
#2327 = EDGE_CURVE('',#2180,#2290,#2328,.T.);
#2328 = B_SPLINE_CURVE_WITH_KNOTS('',3,(#2329,#2330,#2331,#2332),
  .UNSPECIFIED.,.F.,.F.,(4,4),(-1.,0.),.PIECEWISE_BEZIER_KNOTS.);
#2329 = CARTESIAN_POINT('',(95.90959858856,-66.68807668602,-2.));
#2330 = CARTESIAN_POINT('',(105.68318048652,-65.50612153815,-2.));
#2331 = CARTESIAN_POINT('',(105.86956829525,-65.45349502199,-2.));
#2332 = CARTESIAN_POINT('',(105.23583502298,-64.11146532346,-2.));
#2333 = ORIENTED_EDGE('',*,*,#2289,.T.);
#2334 = ORIENTED_EDGE('',*,*,#2335,.T.);
#2335 = EDGE_CURVE('',#2292,#2189,#2336,.T.);
#2336 = B_SPLINE_CURVE_WITH_KNOTS('',3,(#2337,#2338,#2339,#2340,#2341,
    #2342,#2343,#2344,#2345,#2346,#2347,#2348,#2349,#2350,#2351,#2352),
  .UNSPECIFIED.,.F.,.F.,(4,2,2,2,2,2,2,4),(0.,5.549473152101E-02,
    8.86527403707E-02,0.114919882776,0.141992628017,0.180078488044,
    0.249549756239,0.491927834329),.UNSPECIFIED.);
#2337 = CARTESIAN_POINT('',(105.23583502298,-64.11146532346,
    1.18275788811E-17));
#2338 = CARTESIAN_POINT('',(105.31482338745,-64.2787355862,
    1.18275788811E-17));
#2339 = CARTESIAN_POINT('',(105.38136900579,-64.42651790492,0.));
#2340 = CARTESIAN_POINT('',(105.43975697695,-64.63817343968,0.));
#2341 = CARTESIAN_POINT('',(105.45133020681,-64.71327825361,0.));
#2342 = CARTESIAN_POINT('',(105.444188421,-64.84132008136,0.));
#2343 = CARTESIAN_POINT('',(105.43127499221,-64.89484727811,0.));
#2344 = CARTESIAN_POINT('',(105.38119204633,-64.99848658378,0.));
#2345 = CARTESIAN_POINT('',(105.34528381805,-65.04422955401,0.));
#2346 = CARTESIAN_POINT('',(105.24418260221,-65.14145953352,0.));
#2347 = CARTESIAN_POINT('',(105.16538192884,-65.19519636388,0.));
#2348 = CARTESIAN_POINT('',(104.87500020958,-65.34242317859,0.));
#2349 = CARTESIAN_POINT('',(104.61041522151,-65.43067502954,0.));
#2350 = CARTESIAN_POINT('',(102.97857957714,-65.82655956784,0.));
#2351 = CARTESIAN_POINT('',(100.50429150051,-66.1324236003,0.));
#2352 = CARTESIAN_POINT('',(95.90959858856,-66.68807668602,0.));
#2353 = B_SPLINE_SURFACE_WITH_KNOTS('',3,1,(
    (#2354,#2355)
    ,(#2356,#2357)
    ,(#2358,#2359)
    ,(#2360,#2361
    )),.UNSPECIFIED.,.F.,.F.,.F.,(4,4),(2,2),(-1.,0.),(0.,1.),
  .PIECEWISE_BEZIER_KNOTS.);
#2354 = CARTESIAN_POINT('',(95.90959858856,-66.68807668602,-2.));
#2355 = CARTESIAN_POINT('',(95.90959858856,-66.68807668602,8.));
#2356 = CARTESIAN_POINT('',(105.68318048652,-65.50612153815,-2.));
#2357 = CARTESIAN_POINT('',(105.68318048652,-65.50612153815,8.));
#2358 = CARTESIAN_POINT('',(105.86956829525,-65.45349502199,-2.));
#2359 = CARTESIAN_POINT('',(105.86956829525,-65.45349502199,8.));
#2360 = CARTESIAN_POINT('',(105.23583502298,-64.11146532346,-2.));
#2361 = CARTESIAN_POINT('',(105.23583502298,-64.11146532346,8.));
#2362 = ADVANCED_FACE('',(#2363),#2399,.F.);
#2363 = FACE_BOUND('',#2364,.F.);
#2364 = EDGE_LOOP('',(#2365,#2375,#2384,#2392));
#2365 = ORIENTED_EDGE('',*,*,#2366,.F.);
#2366 = EDGE_CURVE('',#2367,#2369,#2371,.T.);
#2367 = VERTEX_POINT('',#2368);
#2368 = CARTESIAN_POINT('',(48.971413906039,-48.55311573822,-2.));
#2369 = VERTEX_POINT('',#2370);
#2370 = CARTESIAN_POINT('',(48.971413906039,-48.55311573822,0.));
#2371 = LINE('',#2372,#2373);
#2372 = CARTESIAN_POINT('',(48.971413906039,-48.55311573822,-2.));
#2373 = VECTOR('',#2374,1.);
#2374 = DIRECTION('',(0.,0.,1.));
#2375 = ORIENTED_EDGE('',*,*,#2376,.T.);
#2376 = EDGE_CURVE('',#2367,#2377,#2379,.T.);
#2377 = VERTEX_POINT('',#2378);
#2378 = CARTESIAN_POINT('',(56.09163297733,-48.46540264727,-2.));
#2379 = B_SPLINE_CURVE_WITH_KNOTS('',3,(#2380,#2381,#2382,#2383),
  .UNSPECIFIED.,.F.,.F.,(4,4),(-1.,0.),.PIECEWISE_BEZIER_KNOTS.);
#2380 = CARTESIAN_POINT('',(48.971413906039,-48.55311573822,-2.));
#2381 = CARTESIAN_POINT('',(52.773833615911,-49.28553042036,-2.));
#2382 = CARTESIAN_POINT('',(52.916369898231,-49.28553042036,-2.));
#2383 = CARTESIAN_POINT('',(56.09163297733,-48.46540264727,-2.));
#2384 = ORIENTED_EDGE('',*,*,#2385,.T.);
#2385 = EDGE_CURVE('',#2377,#2386,#2388,.T.);
#2386 = VERTEX_POINT('',#2387);
#2387 = CARTESIAN_POINT('',(56.09163297733,-48.46540264727,0.));
#2388 = LINE('',#2389,#2390);
#2389 = CARTESIAN_POINT('',(56.09163297733,-48.46540264727,-2.));
#2390 = VECTOR('',#2391,1.);
#2391 = DIRECTION('',(0.,0.,1.));
#2392 = ORIENTED_EDGE('',*,*,#2393,.T.);
#2393 = EDGE_CURVE('',#2386,#2369,#2394,.T.);
#2394 = B_SPLINE_CURVE_WITH_KNOTS('',3,(#2395,#2396,#2397,#2398),
  .UNSPECIFIED.,.F.,.F.,(4,4),(0.,0.983986909868),
  .PIECEWISE_BEZIER_KNOTS.);
#2395 = CARTESIAN_POINT('',(56.09163297733,-48.46540264727,0.));
#2396 = CARTESIAN_POINT('',(52.916369898231,-49.28553042036,0.));
#2397 = CARTESIAN_POINT('',(52.773833615911,-49.28553042036,0.));
#2398 = CARTESIAN_POINT('',(48.971413906039,-48.55311573822,0.));
#2399 = B_SPLINE_SURFACE_WITH_KNOTS('',3,1,(
    (#2400,#2401)
    ,(#2402,#2403)
    ,(#2404,#2405)
    ,(#2406,#2407
    )),.UNSPECIFIED.,.F.,.F.,.F.,(4,4),(2,2),(-1.,0.),(0.,1.),
  .PIECEWISE_BEZIER_KNOTS.);
#2400 = CARTESIAN_POINT('',(48.971413906039,-48.55311573822,-2.));
#2401 = CARTESIAN_POINT('',(48.971413906039,-48.55311573822,8.));
#2402 = CARTESIAN_POINT('',(52.773833615911,-49.28553042036,-2.));
#2403 = CARTESIAN_POINT('',(52.773833615911,-49.28553042036,8.));
#2404 = CARTESIAN_POINT('',(52.916369898231,-49.28553042036,-2.));
#2405 = CARTESIAN_POINT('',(52.916369898231,-49.28553042036,8.));
#2406 = CARTESIAN_POINT('',(56.09163297733,-48.46540264727,-2.));
#2407 = CARTESIAN_POINT('',(56.09163297733,-48.46540264727,8.));
#2408 = ADVANCED_FACE('',(#2409),#2436,.F.);
#2409 = FACE_BOUND('',#2410,.F.);
#2410 = EDGE_LOOP('',(#2411,#2421,#2428,#2429));
#2411 = ORIENTED_EDGE('',*,*,#2412,.F.);
#2412 = EDGE_CURVE('',#2413,#2415,#2417,.T.);
#2413 = VERTEX_POINT('',#2414);
#2414 = CARTESIAN_POINT('',(45.58344390456,-44.15643264319,-2.));
#2415 = VERTEX_POINT('',#2416);
#2416 = CARTESIAN_POINT('',(45.58344390456,-44.15643264319,0.));
#2417 = LINE('',#2418,#2419);
#2418 = CARTESIAN_POINT('',(45.58344390456,-44.15643264319,-2.));
#2419 = VECTOR('',#2420,1.);
#2420 = DIRECTION('',(0.,0.,1.));
#2421 = ORIENTED_EDGE('',*,*,#2422,.T.);
#2422 = EDGE_CURVE('',#2413,#2367,#2423,.T.);
#2423 = B_SPLINE_CURVE_WITH_KNOTS('',3,(#2424,#2425,#2426,#2427),
  .UNSPECIFIED.,.F.,.F.,(4,4),(-1.,0.),.PIECEWISE_BEZIER_KNOTS.);
#2424 = CARTESIAN_POINT('',(45.58344390456,-44.15643264319,-2.));
#2425 = CARTESIAN_POINT('',(45.103206868426,-47.73079296294,-2.));
#2426 = CARTESIAN_POINT('',(45.171185852327,-47.81850605388,-2.));
#2427 = CARTESIAN_POINT('',(48.971413906039,-48.55311573822,-2.));
#2428 = ORIENTED_EDGE('',*,*,#2366,.T.);
#2429 = ORIENTED_EDGE('',*,*,#2430,.T.);
#2430 = EDGE_CURVE('',#2369,#2415,#2431,.T.);
#2431 = B_SPLINE_CURVE_WITH_KNOTS('',3,(#2432,#2433,#2434,#2435),
  .UNSPECIFIED.,.F.,.F.,(4,4),(0.,1.175659603318),
  .PIECEWISE_BEZIER_KNOTS.);
#2432 = CARTESIAN_POINT('',(48.971413906039,-48.55311573822,0.));
#2433 = CARTESIAN_POINT('',(45.171185852327,-47.81850605388,0.));
#2434 = CARTESIAN_POINT('',(45.103206868426,-47.73079296294,0.));
#2435 = CARTESIAN_POINT('',(45.58344390456,-44.15643264319,0.));
#2436 = B_SPLINE_SURFACE_WITH_KNOTS('',3,1,(
    (#2437,#2438)
    ,(#2439,#2440)
    ,(#2441,#2442)
    ,(#2443,#2444
    )),.UNSPECIFIED.,.F.,.F.,.F.,(4,4),(2,2),(-1.,0.),(0.,1.),
  .PIECEWISE_BEZIER_KNOTS.);
#2437 = CARTESIAN_POINT('',(45.58344390456,-44.15643264319,-2.));
#2438 = CARTESIAN_POINT('',(45.58344390456,-44.15643264319,8.));
#2439 = CARTESIAN_POINT('',(45.103206868426,-47.73079296294,-2.));
#2440 = CARTESIAN_POINT('',(45.103206868426,-47.73079296294,8.));
#2441 = CARTESIAN_POINT('',(45.171185852327,-47.81850605388,-2.));
#2442 = CARTESIAN_POINT('',(45.171185852327,-47.81850605388,8.));
#2443 = CARTESIAN_POINT('',(48.971413906039,-48.55311573822,-2.));
#2444 = CARTESIAN_POINT('',(48.971413906039,-48.55311573822,8.));
#2445 = ADVANCED_FACE('',(#2446),#2473,.F.);
#2446 = FACE_BOUND('',#2447,.F.);
#2447 = EDGE_LOOP('',(#2448,#2458,#2465,#2466));
#2448 = ORIENTED_EDGE('',*,*,#2449,.F.);
#2449 = EDGE_CURVE('',#2450,#2452,#2454,.T.);
#2450 = VERTEX_POINT('',#2451);
#2451 = CARTESIAN_POINT('',(49.370514492724,-38.20500539866,-2.));
#2452 = VERTEX_POINT('',#2453);
#2453 = CARTESIAN_POINT('',(49.370514492724,-38.20500539866,0.));
#2454 = LINE('',#2455,#2456);
#2455 = CARTESIAN_POINT('',(49.370514492724,-38.20500539866,-2.));
#2456 = VECTOR('',#2457,1.);
#2457 = DIRECTION('',(0.,0.,1.));
#2458 = ORIENTED_EDGE('',*,*,#2459,.T.);
#2459 = EDGE_CURVE('',#2450,#2413,#2460,.T.);
#2460 = B_SPLINE_CURVE_WITH_KNOTS('',3,(#2461,#2462,#2463,#2464),
  .UNSPECIFIED.,.F.,.F.,(4,4),(-1.,0.),.PIECEWISE_BEZIER_KNOTS.);
#2461 = CARTESIAN_POINT('',(49.370514492724,-38.20500539866,-2.));
#2462 = CARTESIAN_POINT('',(46.142623224452,-40.46364927794,-2.));
#2463 = CARTESIAN_POINT('',(46.065873433363,-40.58206563137,-2.));
#2464 = CARTESIAN_POINT('',(45.58344390456,-44.15643264319,-2.));
#2465 = ORIENTED_EDGE('',*,*,#2412,.T.);
#2466 = ORIENTED_EDGE('',*,*,#2467,.T.);
#2467 = EDGE_CURVE('',#2415,#2452,#2468,.T.);
#2468 = B_SPLINE_CURVE_WITH_KNOTS('',3,(#2469,#2470,#2471,#2472),
  .UNSPECIFIED.,.F.,.F.,(4,4),(0.,1.082133250842),
  .PIECEWISE_BEZIER_KNOTS.);
#2469 = CARTESIAN_POINT('',(45.58344390456,-44.15643264319,0.));
#2470 = CARTESIAN_POINT('',(46.065873433363,-40.58206563137,0.));
#2471 = CARTESIAN_POINT('',(46.142623224452,-40.46364927794,0.));
#2472 = CARTESIAN_POINT('',(49.370514492724,-38.20500539866,0.));
#2473 = B_SPLINE_SURFACE_WITH_KNOTS('',3,1,(
    (#2474,#2475)
    ,(#2476,#2477)
    ,(#2478,#2479)
    ,(#2480,#2481
    )),.UNSPECIFIED.,.F.,.F.,.F.,(4,4),(2,2),(-1.,0.),(0.,1.),
  .PIECEWISE_BEZIER_KNOTS.);
#2474 = CARTESIAN_POINT('',(49.370514492724,-38.20500539866,-2.));
#2475 = CARTESIAN_POINT('',(49.370514492724,-38.20500539866,8.));
#2476 = CARTESIAN_POINT('',(46.142623224452,-40.46364927794,-2.));
#2477 = CARTESIAN_POINT('',(46.142623224452,-40.46364927794,8.));
#2478 = CARTESIAN_POINT('',(46.065873433363,-40.58206563137,-2.));
#2479 = CARTESIAN_POINT('',(46.065873433363,-40.58206563137,8.));
#2480 = CARTESIAN_POINT('',(45.58344390456,-44.15643264319,-2.));
#2481 = CARTESIAN_POINT('',(45.58344390456,-44.15643264319,8.));
#2482 = ADVANCED_FACE('',(#2483),#2510,.F.);
#2483 = FACE_BOUND('',#2484,.F.);
#2484 = EDGE_LOOP('',(#2485,#2495,#2502,#2503));
#2485 = ORIENTED_EDGE('',*,*,#2486,.F.);
#2486 = EDGE_CURVE('',#2487,#2489,#2491,.T.);
#2487 = VERTEX_POINT('',#2488);
#2488 = CARTESIAN_POINT('',(55.999531555003,-41.76620908936,-2.));
#2489 = VERTEX_POINT('',#2490);
#2490 = CARTESIAN_POINT('',(55.999531555003,-41.76620908936,0.));
#2491 = LINE('',#2492,#2493);
#2492 = CARTESIAN_POINT('',(55.999531555003,-41.76620908936,-2.));
#2493 = VECTOR('',#2494,1.);
#2494 = DIRECTION('',(0.,0.,1.));
#2495 = ORIENTED_EDGE('',*,*,#2496,.T.);
#2496 = EDGE_CURVE('',#2487,#2450,#2497,.T.);
#2497 = B_SPLINE_CURVE_WITH_KNOTS('',3,(#2498,#2499,#2500,#2501),
  .UNSPECIFIED.,.F.,.F.,(4,4),(-1.,0.),.PIECEWISE_BEZIER_KNOTS.);
#2498 = CARTESIAN_POINT('',(55.999531555003,-41.76620908936,-2.));
#2499 = CARTESIAN_POINT('',(52.732170399617,-36.01872297908,-2.));
#2500 = CARTESIAN_POINT('',(52.600597417155,-35.94636151937,-2.));
#2501 = CARTESIAN_POINT('',(49.370514492724,-38.20500539866,-2.));
#2502 = ORIENTED_EDGE('',*,*,#2449,.T.);
#2503 = ORIENTED_EDGE('',*,*,#2504,.T.);
#2504 = EDGE_CURVE('',#2452,#2489,#2505,.T.);
#2505 = B_SPLINE_CURVE_WITH_KNOTS('',3,(#2506,#2507,#2508,#2509),
  .UNSPECIFIED.,.F.,.F.,(4,4),(0.,1.207892009954),
  .PIECEWISE_BEZIER_KNOTS.);
#2506 = CARTESIAN_POINT('',(49.370514492724,-38.20500539866,0.));
#2507 = CARTESIAN_POINT('',(52.600597417155,-35.94636151937,0.));
#2508 = CARTESIAN_POINT('',(52.732170399617,-36.01872297908,0.));
#2509 = CARTESIAN_POINT('',(55.999531555003,-41.76620908936,0.));
#2510 = B_SPLINE_SURFACE_WITH_KNOTS('',3,1,(
    (#2511,#2512)
    ,(#2513,#2514)
    ,(#2515,#2516)
    ,(#2517,#2518
    )),.UNSPECIFIED.,.F.,.F.,.F.,(4,4),(2,2),(-1.,0.),(0.,1.),
  .PIECEWISE_BEZIER_KNOTS.);
#2511 = CARTESIAN_POINT('',(55.999531555003,-41.76620908936,-2.));
#2512 = CARTESIAN_POINT('',(55.999531555003,-41.76620908936,8.));
#2513 = CARTESIAN_POINT('',(52.732170399617,-36.01872297908,-2.));
#2514 = CARTESIAN_POINT('',(52.732170399617,-36.01872297908,8.));
#2515 = CARTESIAN_POINT('',(52.600597417155,-35.94636151937,-2.));
#2516 = CARTESIAN_POINT('',(52.600597417155,-35.94636151937,8.));
#2517 = CARTESIAN_POINT('',(49.370514492724,-38.20500539866,-2.));
#2518 = CARTESIAN_POINT('',(49.370514492724,-38.20500539866,8.));
#2519 = ADVANCED_FACE('',(#2520),#2538,.F.);
#2520 = FACE_BOUND('',#2521,.F.);
#2521 = EDGE_LOOP('',(#2522,#2523,#2530,#2531));
#2522 = ORIENTED_EDGE('',*,*,#2385,.F.);
#2523 = ORIENTED_EDGE('',*,*,#2524,.T.);
#2524 = EDGE_CURVE('',#2377,#2487,#2525,.T.);
#2525 = B_SPLINE_CURVE_WITH_KNOTS('',3,(#2526,#2527,#2528,#2529),
  .UNSPECIFIED.,.F.,.F.,(4,4),(-1.,0.),.PIECEWISE_BEZIER_KNOTS.);
#2526 = CARTESIAN_POINT('',(56.09163297733,-48.46540264727,-2.));
#2527 = CARTESIAN_POINT('',(59.266894383409,-47.64746318431,-2.));
#2528 = CARTESIAN_POINT('',(59.26470105423,-47.51370189173,-2.));
#2529 = CARTESIAN_POINT('',(55.999531555003,-41.76620908936,-2.));
#2530 = ORIENTED_EDGE('',*,*,#2486,.T.);
#2531 = ORIENTED_EDGE('',*,*,#2532,.T.);
#2532 = EDGE_CURVE('',#2489,#2386,#2533,.T.);
#2533 = B_SPLINE_CURVE_WITH_KNOTS('',3,(#2534,#2535,#2536,#2537),
  .UNSPECIFIED.,.F.,.F.,(4,4),(0.,2.007554064239),
  .PIECEWISE_BEZIER_KNOTS.);
#2534 = CARTESIAN_POINT('',(55.999531555003,-41.76620908936,0.));
#2535 = CARTESIAN_POINT('',(59.26470105423,-47.51370189173,0.));
#2536 = CARTESIAN_POINT('',(59.266894383409,-47.64746318431,0.));
#2537 = CARTESIAN_POINT('',(56.09163297733,-48.46540264727,0.));
#2538 = B_SPLINE_SURFACE_WITH_KNOTS('',3,1,(
    (#2539,#2540)
    ,(#2541,#2542)
    ,(#2543,#2544)
    ,(#2545,#2546
    )),.UNSPECIFIED.,.F.,.F.,.F.,(4,4),(2,2),(-1.,0.),(0.,1.),
  .PIECEWISE_BEZIER_KNOTS.);
#2539 = CARTESIAN_POINT('',(56.09163297733,-48.46540264727,-2.));
#2540 = CARTESIAN_POINT('',(56.09163297733,-48.46540264727,8.));
#2541 = CARTESIAN_POINT('',(59.266894383409,-47.64746318431,-2.));
#2542 = CARTESIAN_POINT('',(59.266894383409,-47.64746318431,8.));
#2543 = CARTESIAN_POINT('',(59.26470105423,-47.51370189173,-2.));
#2544 = CARTESIAN_POINT('',(59.26470105423,-47.51370189173,8.));
#2545 = CARTESIAN_POINT('',(55.999531555003,-41.76620908936,-2.));
#2546 = CARTESIAN_POINT('',(55.999531555003,-41.76620908936,8.));
#2547 = ADVANCED_FACE('',(#2548),#2584,.F.);
#2548 = FACE_BOUND('',#2549,.F.);
#2549 = EDGE_LOOP('',(#2550,#2560,#2569,#2577));
#2550 = ORIENTED_EDGE('',*,*,#2551,.F.);
#2551 = EDGE_CURVE('',#2552,#2554,#2556,.T.);
#2552 = VERTEX_POINT('',#2553);
#2553 = CARTESIAN_POINT('',(81.748103566247,-32.88073980396,-2.));
#2554 = VERTEX_POINT('',#2555);
#2555 = CARTESIAN_POINT('',(81.748103566247,-32.88073980396,0.));
#2556 = LINE('',#2557,#2558);
#2557 = CARTESIAN_POINT('',(81.748103566247,-32.88073980396,-2.));
#2558 = VECTOR('',#2559,1.);
#2559 = DIRECTION('',(0.,0.,1.));
#2560 = ORIENTED_EDGE('',*,*,#2561,.T.);
#2561 = EDGE_CURVE('',#2552,#2562,#2564,.T.);
#2562 = VERTEX_POINT('',#2563);
#2563 = CARTESIAN_POINT('',(69.156697632596,-40.02288882101,-2.));
#2564 = B_SPLINE_CURVE_WITH_KNOTS('',3,(#2565,#2566,#2567,#2568),
  .UNSPECIFIED.,.F.,.F.,(4,4),(-1.,0.),.PIECEWISE_BEZIER_KNOTS.);
#2565 = CARTESIAN_POINT('',(81.748103566247,-32.88073980396,-2.));
#2566 = CARTESIAN_POINT('',(69.165467603274,-32.88073980396,-2.));
#2567 = CARTESIAN_POINT('',(68.913289957269,-33.02327441326,-2.));
#2568 = CARTESIAN_POINT('',(69.156697632596,-40.02288882101,-2.));
#2569 = ORIENTED_EDGE('',*,*,#2570,.T.);
#2570 = EDGE_CURVE('',#2562,#2571,#2573,.T.);
#2571 = VERTEX_POINT('',#2572);
#2572 = CARTESIAN_POINT('',(69.156697632596,-40.02288882101,0.));
#2573 = LINE('',#2574,#2575);
#2574 = CARTESIAN_POINT('',(69.156697632596,-40.02288882101,-2.));
#2575 = VECTOR('',#2576,1.);
#2576 = DIRECTION('',(0.,0.,1.));
#2577 = ORIENTED_EDGE('',*,*,#2578,.T.);
#2578 = EDGE_CURVE('',#2571,#2554,#2579,.T.);
#2579 = B_SPLINE_CURVE_WITH_KNOTS('',3,(#2580,#2581,#2582,#2583),
  .UNSPECIFIED.,.F.,.F.,(4,4),(0.,2.145946824935),
  .PIECEWISE_BEZIER_KNOTS.);
#2580 = CARTESIAN_POINT('',(69.156697632596,-40.02288882101,0.));
#2581 = CARTESIAN_POINT('',(68.913289957269,-33.02327441326,0.));
#2582 = CARTESIAN_POINT('',(69.165467603274,-32.88073980396,0.));
#2583 = CARTESIAN_POINT('',(81.748103566247,-32.88073980396,0.));
#2584 = B_SPLINE_SURFACE_WITH_KNOTS('',3,1,(
    (#2585,#2586)
    ,(#2587,#2588)
    ,(#2589,#2590)
    ,(#2591,#2592
    )),.UNSPECIFIED.,.F.,.F.,.F.,(4,4),(2,2),(-1.,0.),(0.,1.),
  .PIECEWISE_BEZIER_KNOTS.);
#2585 = CARTESIAN_POINT('',(81.748103566247,-32.88073980396,-2.));
#2586 = CARTESIAN_POINT('',(81.748103566247,-32.88073980396,8.));
#2587 = CARTESIAN_POINT('',(69.165467603274,-32.88073980396,-2.));
#2588 = CARTESIAN_POINT('',(69.165467603274,-32.88073980396,8.));
#2589 = CARTESIAN_POINT('',(68.913289957269,-33.02327441326,-2.));
#2590 = CARTESIAN_POINT('',(68.913289957269,-33.02327441326,8.));
#2591 = CARTESIAN_POINT('',(69.156697632596,-40.02288882101,-2.));
#2592 = CARTESIAN_POINT('',(69.156697632596,-40.02288882101,8.));
#2593 = ADVANCED_FACE('',(#2594),#2621,.F.);
#2594 = FACE_BOUND('',#2595,.F.);
#2595 = EDGE_LOOP('',(#2596,#2606,#2613,#2614));
#2596 = ORIENTED_EDGE('',*,*,#2597,.F.);
#2597 = EDGE_CURVE('',#2598,#2600,#2602,.T.);
#2598 = VERTEX_POINT('',#2599);
#2599 = CARTESIAN_POINT('',(86.418897599078,-41.50745312884,-2.));
#2600 = VERTEX_POINT('',#2601);
#2601 = CARTESIAN_POINT('',(86.418897599078,-41.50745312884,0.));
#2602 = LINE('',#2603,#2604);
#2603 = CARTESIAN_POINT('',(86.418897599078,-41.50745312884,-2.));
#2604 = VECTOR('',#2605,1.);
#2605 = DIRECTION('',(0.,0.,1.));
#2606 = ORIENTED_EDGE('',*,*,#2607,.T.);
#2607 = EDGE_CURVE('',#2598,#2552,#2608,.T.);
#2608 = B_SPLINE_CURVE_WITH_KNOTS('',3,(#2609,#2610,#2611,#2612),
  .UNSPECIFIED.,.F.,.F.,(4,4),(-1.,0.),.PIECEWISE_BEZIER_KNOTS.);
#2609 = CARTESIAN_POINT('',(86.418897599078,-41.50745312884,-2.));
#2610 = CARTESIAN_POINT('',(94.422839278526,-33.05397767573,-2.));
#2611 = CARTESIAN_POINT('',(94.32854787306,-32.88073980396,-2.));
#2612 = CARTESIAN_POINT('',(81.748103566247,-32.88073980396,-2.));
#2613 = ORIENTED_EDGE('',*,*,#2551,.T.);
#2614 = ORIENTED_EDGE('',*,*,#2615,.T.);
#2615 = EDGE_CURVE('',#2554,#2600,#2616,.T.);
#2616 = B_SPLINE_CURVE_WITH_KNOTS('',3,(#2617,#2618,#2619,#2620),
  .UNSPECIFIED.,.F.,.F.,(4,4),(0.,3.928417049284),
  .PIECEWISE_BEZIER_KNOTS.);
#2617 = CARTESIAN_POINT('',(81.748103566247,-32.88073980396,0.));
#2618 = CARTESIAN_POINT('',(94.32854787306,-32.88073980396,0.));
#2619 = CARTESIAN_POINT('',(94.422839278526,-33.05397767573,0.));
#2620 = CARTESIAN_POINT('',(86.418897599078,-41.50745312884,0.));
#2621 = B_SPLINE_SURFACE_WITH_KNOTS('',3,1,(
    (#2622,#2623)
    ,(#2624,#2625)
    ,(#2626,#2627)
    ,(#2628,#2629
    )),.UNSPECIFIED.,.F.,.F.,.F.,(4,4),(2,2),(-1.,0.),(0.,1.),
  .PIECEWISE_BEZIER_KNOTS.);
#2622 = CARTESIAN_POINT('',(86.418897599078,-41.50745312884,-2.));
#2623 = CARTESIAN_POINT('',(86.418897599078,-41.50745312884,8.));
#2624 = CARTESIAN_POINT('',(94.422839278526,-33.05397767573,-2.));
#2625 = CARTESIAN_POINT('',(94.422839278526,-33.05397767573,8.));
#2626 = CARTESIAN_POINT('',(94.32854787306,-32.88073980396,-2.));
#2627 = CARTESIAN_POINT('',(94.32854787306,-32.88073980396,8.));
#2628 = CARTESIAN_POINT('',(81.748103566247,-32.88073980396,-2.));
#2629 = CARTESIAN_POINT('',(81.748103566247,-32.88073980396,8.));
#2630 = ADVANCED_FACE('',(#2631),#2658,.F.);
#2631 = FACE_BOUND('',#2632,.F.);
#2632 = EDGE_LOOP('',(#2633,#2643,#2650,#2651));
#2633 = ORIENTED_EDGE('',*,*,#2634,.F.);
#2634 = EDGE_CURVE('',#2635,#2637,#2639,.T.);
#2635 = VERTEX_POINT('',#2636);
#2636 = CARTESIAN_POINT('',(75.366877491613,-49.80743234581,-2.));
#2637 = VERTEX_POINT('',#2638);
#2638 = CARTESIAN_POINT('',(75.366877491613,-49.80743234581,0.));
#2639 = LINE('',#2640,#2641);
#2640 = CARTESIAN_POINT('',(75.366877491613,-49.80743234581,-2.));
#2641 = VECTOR('',#2642,1.);
#2642 = DIRECTION('',(0.,0.,1.));
#2643 = ORIENTED_EDGE('',*,*,#2644,.T.);
#2644 = EDGE_CURVE('',#2635,#2598,#2645,.T.);
#2645 = B_SPLINE_CURVE_WITH_KNOTS('',3,(#2646,#2647,#2648,#2649),
  .UNSPECIFIED.,.F.,.F.,(4,4),(-1.,0.),.PIECEWISE_BEZIER_KNOTS.);
#2646 = CARTESIAN_POINT('',(75.366877491613,-49.80743234581,-2.));
#2647 = CARTESIAN_POINT('',(78.19566984622,-50.1297831414,-2.));
#2648 = CARTESIAN_POINT('',(78.417147575789,-49.96312358415,-2.));
#2649 = CARTESIAN_POINT('',(86.418897599078,-41.50745312884,-2.));
#2650 = ORIENTED_EDGE('',*,*,#2597,.T.);
#2651 = ORIENTED_EDGE('',*,*,#2652,.T.);
#2652 = EDGE_CURVE('',#2600,#2637,#2653,.T.);
#2653 = B_SPLINE_CURVE_WITH_KNOTS('',3,(#2654,#2655,#2656,#2657),
  .UNSPECIFIED.,.F.,.F.,(4,4),(0.,3.494419678445),
  .PIECEWISE_BEZIER_KNOTS.);
#2654 = CARTESIAN_POINT('',(86.418897599078,-41.50745312884,0.));
#2655 = CARTESIAN_POINT('',(78.417147575789,-49.96312358415,0.));
#2656 = CARTESIAN_POINT('',(78.19566984622,-50.1297831414,0.));
#2657 = CARTESIAN_POINT('',(75.366877491613,-49.80743234581,0.));
#2658 = B_SPLINE_SURFACE_WITH_KNOTS('',3,1,(
    (#2659,#2660)
    ,(#2661,#2662)
    ,(#2663,#2664)
    ,(#2665,#2666
    )),.UNSPECIFIED.,.F.,.F.,.F.,(4,4),(2,2),(-1.,0.),(0.,1.),
  .PIECEWISE_BEZIER_KNOTS.);
#2659 = CARTESIAN_POINT('',(75.366877491613,-49.80743234581,-2.));
#2660 = CARTESIAN_POINT('',(75.366877491613,-49.80743234581,8.));
#2661 = CARTESIAN_POINT('',(78.19566984622,-50.1297831414,-2.));
#2662 = CARTESIAN_POINT('',(78.19566984622,-50.1297831414,8.));
#2663 = CARTESIAN_POINT('',(78.417147575789,-49.96312358415,-2.));
#2664 = CARTESIAN_POINT('',(78.417147575789,-49.96312358415,8.));
#2665 = CARTESIAN_POINT('',(86.418897599078,-41.50745312884,-2.));
#2666 = CARTESIAN_POINT('',(86.418897599078,-41.50745312884,8.));
#2667 = ADVANCED_FACE('',(#2668),#2695,.F.);
#2668 = FACE_BOUND('',#2669,.F.);
#2669 = EDGE_LOOP('',(#2670,#2680,#2687,#2688));
#2670 = ORIENTED_EDGE('',*,*,#2671,.F.);
#2671 = EDGE_CURVE('',#2672,#2674,#2676,.T.);
#2672 = VERTEX_POINT('',#2673);
#2673 = CARTESIAN_POINT('',(70.941686136308,-48.32286803797,-2.));
#2674 = VERTEX_POINT('',#2675);
#2675 = CARTESIAN_POINT('',(70.941686136308,-48.32286803797,0.));
#2676 = LINE('',#2677,#2678);
#2677 = CARTESIAN_POINT('',(70.941686136308,-48.32286803797,-2.));
#2678 = VECTOR('',#2679,1.);
#2679 = DIRECTION('',(0.,0.,1.));
#2680 = ORIENTED_EDGE('',*,*,#2681,.T.);
#2681 = EDGE_CURVE('',#2672,#2635,#2682,.T.);
#2682 = B_SPLINE_CURVE_WITH_KNOTS('',3,(#2683,#2684,#2685,#2686),
  .UNSPECIFIED.,.F.,.F.,(4,4),(-1.,0.),.PIECEWISE_BEZIER_KNOTS.);
#2683 = CARTESIAN_POINT('',(70.941686136308,-48.32286803797,-2.));
#2684 = CARTESIAN_POINT('',(72.448180389898,-49.45657328994,-2.));
#2685 = CARTESIAN_POINT('',(72.538088483046,-49.48508155021,-2.));
#2686 = CARTESIAN_POINT('',(75.366877491613,-49.80743234581,-2.));
#2687 = ORIENTED_EDGE('',*,*,#2634,.T.);
#2688 = ORIENTED_EDGE('',*,*,#2689,.T.);
#2689 = EDGE_CURVE('',#2637,#2674,#2690,.T.);
#2690 = B_SPLINE_CURVE_WITH_KNOTS('',3,(#2691,#2692,#2693,#2694),
  .UNSPECIFIED.,.F.,.F.,(4,4),(0.,0.854842594589),
  .PIECEWISE_BEZIER_KNOTS.);
#2691 = CARTESIAN_POINT('',(75.366877491613,-49.80743234581,0.));
#2692 = CARTESIAN_POINT('',(72.538088483046,-49.48508155021,0.));
#2693 = CARTESIAN_POINT('',(72.448180389898,-49.45657328994,0.));
#2694 = CARTESIAN_POINT('',(70.941686136308,-48.32286803797,0.));
#2695 = B_SPLINE_SURFACE_WITH_KNOTS('',3,1,(
    (#2696,#2697)
    ,(#2698,#2699)
    ,(#2700,#2701)
    ,(#2702,#2703
    )),.UNSPECIFIED.,.F.,.F.,.F.,(4,4),(2,2),(-1.,0.),(0.,1.),
  .PIECEWISE_BEZIER_KNOTS.);
#2696 = CARTESIAN_POINT('',(70.941686136308,-48.32286803797,-2.));
#2697 = CARTESIAN_POINT('',(70.941686136308,-48.32286803797,8.));
#2698 = CARTESIAN_POINT('',(72.448180389898,-49.45657328994,-2.));
#2699 = CARTESIAN_POINT('',(72.448180389898,-49.45657328994,8.));
#2700 = CARTESIAN_POINT('',(72.538088483046,-49.48508155021,-2.));
#2701 = CARTESIAN_POINT('',(72.538088483046,-49.48508155021,8.));
#2702 = CARTESIAN_POINT('',(75.366877491613,-49.80743234581,-2.));
#2703 = CARTESIAN_POINT('',(75.366877491613,-49.80743234581,8.));
#2704 = ADVANCED_FACE('',(#2705),#2723,.F.);
#2705 = FACE_BOUND('',#2706,.F.);
#2706 = EDGE_LOOP('',(#2707,#2708,#2715,#2716));
#2707 = ORIENTED_EDGE('',*,*,#2570,.F.);
#2708 = ORIENTED_EDGE('',*,*,#2709,.T.);
#2709 = EDGE_CURVE('',#2562,#2672,#2710,.T.);
#2710 = B_SPLINE_CURVE_WITH_KNOTS('',3,(#2711,#2712,#2713,#2714),
  .UNSPECIFIED.,.F.,.F.,(4,4),(-1.,0.),.PIECEWISE_BEZIER_KNOTS.);
#2711 = CARTESIAN_POINT('',(69.156697632596,-40.02288882101,-2.));
#2712 = CARTESIAN_POINT('',(69.400105307922,-47.02249653667,-2.));
#2713 = CARTESIAN_POINT('',(69.435188536677,-47.18915609393,-2.));
#2714 = CARTESIAN_POINT('',(70.941686136308,-48.32286803797,-2.));
#2715 = ORIENTED_EDGE('',*,*,#2671,.T.);
#2716 = ORIENTED_EDGE('',*,*,#2717,.T.);
#2717 = EDGE_CURVE('',#2674,#2571,#2718,.T.);
#2718 = B_SPLINE_CURVE_WITH_KNOTS('',3,(#2719,#2720,#2721,#2722),
  .UNSPECIFIED.,.F.,.F.,(4,4),(0.,0.564046700903),
  .PIECEWISE_BEZIER_KNOTS.);
#2719 = CARTESIAN_POINT('',(70.941686136308,-48.32286803797,0.));
#2720 = CARTESIAN_POINT('',(69.435188536677,-47.18915609393,0.));
#2721 = CARTESIAN_POINT('',(69.400105307922,-47.02249653667,0.));
#2722 = CARTESIAN_POINT('',(69.156697632596,-40.02288882101,0.));
#2723 = B_SPLINE_SURFACE_WITH_KNOTS('',3,1,(
    (#2724,#2725)
    ,(#2726,#2727)
    ,(#2728,#2729)
    ,(#2730,#2731
    )),.UNSPECIFIED.,.F.,.F.,.F.,(4,4),(2,2),(-1.,0.),(0.,1.),
  .PIECEWISE_BEZIER_KNOTS.);
#2724 = CARTESIAN_POINT('',(69.156697632596,-40.02288882101,-2.));
#2725 = CARTESIAN_POINT('',(69.156697632596,-40.02288882101,8.));
#2726 = CARTESIAN_POINT('',(69.400105307922,-47.02249653667,-2.));
#2727 = CARTESIAN_POINT('',(69.400105307922,-47.02249653667,8.));
#2728 = CARTESIAN_POINT('',(69.435188536677,-47.18915609393,-2.));
#2729 = CARTESIAN_POINT('',(69.435188536677,-47.18915609393,8.));
#2730 = CARTESIAN_POINT('',(70.941686136308,-48.32286803797,-2.));
#2731 = CARTESIAN_POINT('',(70.941686136308,-48.32286803797,8.));
#2732 = ADVANCED_FACE('',(#2733),#2769,.F.);
#2733 = FACE_BOUND('',#2734,.F.);
#2734 = EDGE_LOOP('',(#2735,#2745,#2754,#2762));
#2735 = ORIENTED_EDGE('',*,*,#2736,.F.);
#2736 = EDGE_CURVE('',#2737,#2739,#2741,.T.);
#2737 = VERTEX_POINT('',#2738);
#2738 = CARTESIAN_POINT('',(60.225175126496,-32.29524304344,-2.));
#2739 = VERTEX_POINT('',#2740);
#2740 = CARTESIAN_POINT('',(60.225175126496,-32.29524304344,0.));
#2741 = LINE('',#2742,#2743);
#2742 = CARTESIAN_POINT('',(60.225175126496,-32.29524304344,-2.));
#2743 = VECTOR('',#2744,1.);
#2744 = DIRECTION('',(0.,0.,1.));
#2745 = ORIENTED_EDGE('',*,*,#2746,.T.);
#2746 = EDGE_CURVE('',#2737,#2747,#2749,.T.);
#2747 = VERTEX_POINT('',#2748);
#2748 = CARTESIAN_POINT('',(54.017185250618,-33.67674932117,-2.));
#2749 = B_SPLINE_CURVE_WITH_KNOTS('',3,(#2750,#2751,#2752,#2753),
  .UNSPECIFIED.,.F.,.F.,(4,4),(-1.,0.),.PIECEWISE_BEZIER_KNOTS.);
#2750 = CARTESIAN_POINT('',(60.225175126496,-32.29524304344,-2.));
#2751 = CARTESIAN_POINT('',(54.109286672946,-32.29524304344,-2.));
#2752 = CARTESIAN_POINT('',(53.986485334183,-32.32375130372,-2.));
#2753 = CARTESIAN_POINT('',(54.017185250618,-33.67674932117,-2.));
#2754 = ORIENTED_EDGE('',*,*,#2755,.T.);
#2755 = EDGE_CURVE('',#2747,#2756,#2758,.T.);
#2756 = VERTEX_POINT('',#2757);
#2757 = CARTESIAN_POINT('',(54.017185250618,-33.67674932117,0.));
#2758 = LINE('',#2759,#2760);
#2759 = CARTESIAN_POINT('',(54.017185250618,-33.67674932117,-2.));
#2760 = VECTOR('',#2761,1.);
#2761 = DIRECTION('',(0.,0.,1.));
#2762 = ORIENTED_EDGE('',*,*,#2763,.T.);
#2763 = EDGE_CURVE('',#2756,#2739,#2764,.T.);
#2764 = B_SPLINE_CURVE_WITH_KNOTS('',3,(#2765,#2766,#2767,#2768),
  .UNSPECIFIED.,.F.,.F.,(4,4),(0.,0.439101073785),
  .PIECEWISE_BEZIER_KNOTS.);
#2765 = CARTESIAN_POINT('',(54.017185250618,-33.67674932117,0.));
#2766 = CARTESIAN_POINT('',(53.986485334183,-32.32375130372,0.));
#2767 = CARTESIAN_POINT('',(54.109286672946,-32.29524304344,0.));
#2768 = CARTESIAN_POINT('',(60.225175126496,-32.29524304344,0.));
#2769 = B_SPLINE_SURFACE_WITH_KNOTS('',3,1,(
    (#2770,#2771)
    ,(#2772,#2773)
    ,(#2774,#2775)
    ,(#2776,#2777
    )),.UNSPECIFIED.,.F.,.F.,.F.,(4,4),(2,2),(-1.,0.),(0.,1.),
  .PIECEWISE_BEZIER_KNOTS.);
#2770 = CARTESIAN_POINT('',(60.225175126496,-32.29524304344,-2.));
#2771 = CARTESIAN_POINT('',(60.225175126496,-32.29524304344,8.));
#2772 = CARTESIAN_POINT('',(54.109286672946,-32.29524304344,-2.));
#2773 = CARTESIAN_POINT('',(54.109286672946,-32.29524304344,8.));
#2774 = CARTESIAN_POINT('',(53.986485334183,-32.32375130372,-2.));
#2775 = CARTESIAN_POINT('',(53.986485334183,-32.32375130372,8.));
#2776 = CARTESIAN_POINT('',(54.017185250618,-33.67674932117,-2.));
#2777 = CARTESIAN_POINT('',(54.017185250618,-33.67674932117,8.));
#2778 = ADVANCED_FACE('',(#2779),#2806,.F.);
#2779 = FACE_BOUND('',#2780,.F.);
#2780 = EDGE_LOOP('',(#2781,#2791,#2798,#2799));
#2781 = ORIENTED_EDGE('',*,*,#2782,.F.);
#2782 = EDGE_CURVE('',#2783,#2785,#2787,.T.);
#2783 = VERTEX_POINT('',#2784);
#2784 = CARTESIAN_POINT('',(66.711655906455,-39.43739206049,-2.));
#2785 = VERTEX_POINT('',#2786);
#2786 = CARTESIAN_POINT('',(66.711655906455,-39.43739206049,0.));
#2787 = LINE('',#2788,#2789);
#2788 = CARTESIAN_POINT('',(66.711655906455,-39.43739206049,-2.));
#2789 = VECTOR('',#2790,1.);
#2790 = DIRECTION('',(0.,0.,1.));
#2791 = ORIENTED_EDGE('',*,*,#2792,.T.);
#2792 = EDGE_CURVE('',#2783,#2737,#2793,.T.);
#2793 = B_SPLINE_CURVE_WITH_KNOTS('',3,(#2794,#2795,#2796,#2797),
  .UNSPECIFIED.,.F.,.F.,(4,4),(-1.,0.),.PIECEWISE_BEZIER_KNOTS.);
#2794 = CARTESIAN_POINT('',(66.711655906455,-39.43739206049,-2.));
#2795 = CARTESIAN_POINT('',(66.470443233329,-32.43778434482,-2.));
#2796 = CARTESIAN_POINT('',(66.341061907027,-32.29524304344,-2.));
#2797 = CARTESIAN_POINT('',(60.225175126496,-32.29524304344,-2.));
#2798 = ORIENTED_EDGE('',*,*,#2736,.T.);
#2799 = ORIENTED_EDGE('',*,*,#2800,.T.);
#2800 = EDGE_CURVE('',#2739,#2785,#2801,.T.);
#2801 = B_SPLINE_CURVE_WITH_KNOTS('',3,(#2802,#2803,#2804,#2805),
  .UNSPECIFIED.,.F.,.F.,(4,4),(0.,1.79346245379),
  .PIECEWISE_BEZIER_KNOTS.);
#2802 = CARTESIAN_POINT('',(60.225175126496,-32.29524304344,0.));
#2803 = CARTESIAN_POINT('',(66.341061907027,-32.29524304344,0.));
#2804 = CARTESIAN_POINT('',(66.470443233329,-32.43778434482,0.));
#2805 = CARTESIAN_POINT('',(66.711655906455,-39.43739206049,0.));
#2806 = B_SPLINE_SURFACE_WITH_KNOTS('',3,1,(
    (#2807,#2808)
    ,(#2809,#2810)
    ,(#2811,#2812)
    ,(#2813,#2814
    )),.UNSPECIFIED.,.F.,.F.,.F.,(4,4),(2,2),(-1.,0.),(0.,1.),
  .PIECEWISE_BEZIER_KNOTS.);
#2807 = CARTESIAN_POINT('',(66.711655906455,-39.43739206049,-2.));
#2808 = CARTESIAN_POINT('',(66.711655906455,-39.43739206049,8.));
#2809 = CARTESIAN_POINT('',(66.470443233329,-32.43778434482,-2.));
#2810 = CARTESIAN_POINT('',(66.470443233329,-32.43778434482,8.));
#2811 = CARTESIAN_POINT('',(66.341061907027,-32.29524304344,-2.));
#2812 = CARTESIAN_POINT('',(66.341061907027,-32.29524304344,8.));
#2813 = CARTESIAN_POINT('',(60.225175126496,-32.29524304344,-2.));
#2814 = CARTESIAN_POINT('',(60.225175126496,-32.29524304344,8.));
#2815 = ADVANCED_FACE('',(#2816),#2843,.F.);
#2816 = FACE_BOUND('',#2817,.F.);
#2817 = EDGE_LOOP('',(#2818,#2828,#2835,#2836));
#2818 = ORIENTED_EDGE('',*,*,#2819,.F.);
#2819 = EDGE_CURVE('',#2820,#2822,#2824,.T.);
#2820 = VERTEX_POINT('',#2821);
#2821 = CARTESIAN_POINT('',(63.839008679394,-46.68260579972,-2.));
#2822 = VERTEX_POINT('',#2823);
#2823 = CARTESIAN_POINT('',(63.839008679394,-46.68260579972,0.));
#2824 = LINE('',#2825,#2826);
#2825 = CARTESIAN_POINT('',(63.839008679394,-46.68260579972,-2.));
#2826 = VECTOR('',#2827,1.);
#2827 = DIRECTION('',(0.,0.,1.));
#2828 = ORIENTED_EDGE('',*,*,#2829,.T.);
#2829 = EDGE_CURVE('',#2820,#2783,#2830,.T.);
#2830 = B_SPLINE_CURVE_WITH_KNOTS('',3,(#2831,#2832,#2833,#2834),
  .UNSPECIFIED.,.F.,.F.,(4,4),(-1.,0.),.PIECEWISE_BEZIER_KNOTS.);
#2831 = CARTESIAN_POINT('',(63.839008679394,-46.68260579972,-2.));
#2832 = CARTESIAN_POINT('',(66.898050407269,-46.58173607973,-2.));
#2833 = CARTESIAN_POINT('',(66.955063581782,-46.43700646824,-2.));
#2834 = CARTESIAN_POINT('',(66.711655906455,-39.43739206049,-2.));
#2835 = ORIENTED_EDGE('',*,*,#2782,.T.);
#2836 = ORIENTED_EDGE('',*,*,#2837,.T.);
#2837 = EDGE_CURVE('',#2785,#2822,#2838,.T.);
#2838 = B_SPLINE_CURVE_WITH_KNOTS('',3,(#2839,#2840,#2841,#2842),
  .UNSPECIFIED.,.F.,.F.,(4,4),(0.,2.130428551644),
  .PIECEWISE_BEZIER_KNOTS.);
#2839 = CARTESIAN_POINT('',(66.711655906455,-39.43739206049,0.));
#2840 = CARTESIAN_POINT('',(66.955063581782,-46.43700646824,0.));
#2841 = CARTESIAN_POINT('',(66.898050407269,-46.58173607973,0.));
#2842 = CARTESIAN_POINT('',(63.839008679394,-46.68260579972,0.));
#2843 = B_SPLINE_SURFACE_WITH_KNOTS('',3,1,(
    (#2844,#2845)
    ,(#2846,#2847)
    ,(#2848,#2849)
    ,(#2850,#2851
    )),.UNSPECIFIED.,.F.,.F.,.F.,(4,4),(2,2),(-1.,0.),(0.,1.),
  .PIECEWISE_BEZIER_KNOTS.);
#2844 = CARTESIAN_POINT('',(63.839008679394,-46.68260579972,-2.));
#2845 = CARTESIAN_POINT('',(63.839008679394,-46.68260579972,8.));
#2846 = CARTESIAN_POINT('',(66.898050407269,-46.58173607973,-2.));
#2847 = CARTESIAN_POINT('',(66.898050407269,-46.58173607973,8.));
#2848 = CARTESIAN_POINT('',(66.955063581782,-46.43700646824,-2.));
#2849 = CARTESIAN_POINT('',(66.955063581782,-46.43700646824,8.));
#2850 = CARTESIAN_POINT('',(66.711655906455,-39.43739206049,-2.));
#2851 = CARTESIAN_POINT('',(66.711655906455,-39.43739206049,8.));
#2852 = ADVANCED_FACE('',(#2853),#2880,.F.);
#2853 = FACE_BOUND('',#2854,.F.);
#2854 = EDGE_LOOP('',(#2855,#2865,#2872,#2873));
#2855 = ORIENTED_EDGE('',*,*,#2856,.F.);
#2856 = EDGE_CURVE('',#2857,#2859,#2861,.T.);
#2857 = VERTEX_POINT('',#2858);
#2858 = CARTESIAN_POINT('',(57.383227815871,-40.9219630604,-2.));
#2859 = VERTEX_POINT('',#2860);
#2860 = CARTESIAN_POINT('',(57.383227815871,-40.9219630604,0.));
#2861 = LINE('',#2862,#2863);
#2862 = CARTESIAN_POINT('',(57.383227815871,-40.9219630604,-2.));
#2863 = VECTOR('',#2864,1.);
#2864 = DIRECTION('',(0.,0.,1.));
#2865 = ORIENTED_EDGE('',*,*,#2866,.T.);
#2866 = EDGE_CURVE('',#2857,#2820,#2867,.T.);
#2867 = B_SPLINE_CURVE_WITH_KNOTS('',3,(#2868,#2869,#2870,#2871),
  .UNSPECIFIED.,.F.,.F.,(4,4),(-1.,0.),.PIECEWISE_BEZIER_KNOTS.);
#2868 = CARTESIAN_POINT('',(57.383227815871,-40.9219630604,-2.));
#2869 = CARTESIAN_POINT('',(60.648397315097,-46.66944917068,-2.));
#2870 = CARTESIAN_POINT('',(60.777775295359,-46.78347551971,-2.));
#2871 = CARTESIAN_POINT('',(63.839008679394,-46.68260579972,-2.));
#2872 = ORIENTED_EDGE('',*,*,#2819,.T.);
#2873 = ORIENTED_EDGE('',*,*,#2874,.T.);
#2874 = EDGE_CURVE('',#2822,#2859,#2875,.T.);
#2875 = B_SPLINE_CURVE_WITH_KNOTS('',3,(#2876,#2877,#2878,#2879),
  .UNSPECIFIED.,.F.,.F.,(4,4),(0.,0.920730211893),
  .PIECEWISE_BEZIER_KNOTS.);
#2876 = CARTESIAN_POINT('',(63.839008679394,-46.68260579972,0.));
#2877 = CARTESIAN_POINT('',(60.777775295359,-46.78347551971,0.));
#2878 = CARTESIAN_POINT('',(60.648397315097,-46.66944917068,0.));
#2879 = CARTESIAN_POINT('',(57.383227815871,-40.9219630604,0.));
#2880 = B_SPLINE_SURFACE_WITH_KNOTS('',3,1,(
    (#2881,#2882)
    ,(#2883,#2884)
    ,(#2885,#2886)
    ,(#2887,#2888
    )),.UNSPECIFIED.,.F.,.F.,.F.,(4,4),(2,2),(-1.,0.),(0.,1.),
  .PIECEWISE_BEZIER_KNOTS.);
#2881 = CARTESIAN_POINT('',(57.383227815871,-40.9219630604,-2.));
#2882 = CARTESIAN_POINT('',(57.383227815871,-40.9219630604,8.));
#2883 = CARTESIAN_POINT('',(60.648397315097,-46.66944917068,-2.));
#2884 = CARTESIAN_POINT('',(60.648397315097,-46.66944917068,8.));
#2885 = CARTESIAN_POINT('',(60.777775295359,-46.78347551971,-2.));
#2886 = CARTESIAN_POINT('',(60.777775295359,-46.78347551971,8.));
#2887 = CARTESIAN_POINT('',(63.839008679394,-46.68260579972,-2.));
#2888 = CARTESIAN_POINT('',(63.839008679394,-46.68260579972,8.));
#2889 = ADVANCED_FACE('',(#2890),#2908,.F.);
#2890 = FACE_BOUND('',#2891,.F.);
#2891 = EDGE_LOOP('',(#2892,#2893,#2900,#2901));
#2892 = ORIENTED_EDGE('',*,*,#2755,.F.);
#2893 = ORIENTED_EDGE('',*,*,#2894,.T.);
#2894 = EDGE_CURVE('',#2747,#2857,#2895,.T.);
#2895 = B_SPLINE_CURVE_WITH_KNOTS('',3,(#2896,#2897,#2898,#2899),
  .UNSPECIFIED.,.F.,.F.,(4,4),(-1.,0.),.PIECEWISE_BEZIER_KNOTS.);
#2896 = CARTESIAN_POINT('',(54.017185250618,-33.67674932117,-2.));
#2897 = CARTESIAN_POINT('',(54.050078496234,-35.02974064654,-2.));
#2898 = CARTESIAN_POINT('',(54.118058316644,-35.17447025804,-2.));
#2899 = CARTESIAN_POINT('',(57.383227815871,-40.9219630604,-2.));
#2900 = ORIENTED_EDGE('',*,*,#2856,.T.);
#2901 = ORIENTED_EDGE('',*,*,#2902,.T.);
#2902 = EDGE_CURVE('',#2859,#2756,#2903,.T.);
#2903 = B_SPLINE_CURVE_WITH_KNOTS('',3,(#2904,#2905,#2906,#2907),
  .UNSPECIFIED.,.F.,.F.,(4,4),(0.,1.985171357641),
  .PIECEWISE_BEZIER_KNOTS.);
#2904 = CARTESIAN_POINT('',(57.383227815871,-40.9219630604,0.));
#2905 = CARTESIAN_POINT('',(54.118058316644,-35.17447025804,0.));
#2906 = CARTESIAN_POINT('',(54.050078496234,-35.02974064654,0.));
#2907 = CARTESIAN_POINT('',(54.017185250618,-33.67674932117,0.));
#2908 = B_SPLINE_SURFACE_WITH_KNOTS('',3,1,(
    (#2909,#2910)
    ,(#2911,#2912)
    ,(#2913,#2914)
    ,(#2915,#2916
    )),.UNSPECIFIED.,.F.,.F.,.F.,(4,4),(2,2),(-1.,0.),(0.,1.),
  .PIECEWISE_BEZIER_KNOTS.);
#2909 = CARTESIAN_POINT('',(54.017185250618,-33.67674932117,-2.));
#2910 = CARTESIAN_POINT('',(54.017185250618,-33.67674932117,8.));
#2911 = CARTESIAN_POINT('',(54.050078496234,-35.02974064654,-2.));
#2912 = CARTESIAN_POINT('',(54.050078496234,-35.02974064654,8.));
#2913 = CARTESIAN_POINT('',(54.118058316644,-35.17447025804,-2.));
#2914 = CARTESIAN_POINT('',(54.118058316644,-35.17447025804,8.));
#2915 = CARTESIAN_POINT('',(57.383227815871,-40.9219630604,-2.));
#2916 = CARTESIAN_POINT('',(57.383227815871,-40.9219630604,8.));
#2917 = ADVANCED_FACE('',(#2918),#2954,.F.);
#2918 = FACE_BOUND('',#2919,.F.);
#2919 = EDGE_LOOP('',(#2920,#2930,#2939,#2947));
#2920 = ORIENTED_EDGE('',*,*,#2921,.F.);
#2921 = EDGE_CURVE('',#2922,#2924,#2926,.T.);
#2922 = VERTEX_POINT('',#2923);
#2923 = CARTESIAN_POINT('',(106.26867055496,-33.42237667296,-2.));
#2924 = VERTEX_POINT('',#2925);
#2925 = CARTESIAN_POINT('',(106.26867055496,-33.42237667296,0.));
#2926 = LINE('',#2927,#2928);
#2927 = CARTESIAN_POINT('',(106.26867055496,-33.42237667296,-2.));
#2928 = VECTOR('',#2929,1.);
#2929 = DIRECTION('',(0.,0.,1.));
#2930 = ORIENTED_EDGE('',*,*,#2931,.T.);
#2931 = EDGE_CURVE('',#2922,#2932,#2934,.T.);
#2932 = VERTEX_POINT('',#2933);
#2933 = CARTESIAN_POINT('',(101.50797177502,-45.45679745241,-2.));
#2934 = B_SPLINE_CURVE_WITH_KNOTS('',3,(#2935,#2936,#2937,#2938),
  .UNSPECIFIED.,.F.,.F.,(4,4),(-1.,0.),.PIECEWISE_BEZIER_KNOTS.);
#2935 = CARTESIAN_POINT('',(106.26867055496,-33.42237667296,-2.));
#2936 = CARTESIAN_POINT('',(100.10673055373,-33.42237667296,-2.));
#2937 = CARTESIAN_POINT('',(100.01243914827,-33.66359269213,-2.));
#2938 = CARTESIAN_POINT('',(101.50797177502,-45.45679745241,-2.));
#2939 = ORIENTED_EDGE('',*,*,#2940,.T.);
#2940 = EDGE_CURVE('',#2932,#2941,#2943,.T.);
#2941 = VERTEX_POINT('',#2942);
#2942 = CARTESIAN_POINT('',(101.50797177502,-45.45679745241,0.));
#2943 = LINE('',#2944,#2945);
#2944 = CARTESIAN_POINT('',(101.50797177502,-45.45679745241,-2.));
#2945 = VECTOR('',#2946,1.);
#2946 = DIRECTION('',(0.,0.,1.));
#2947 = ORIENTED_EDGE('',*,*,#2948,.T.);
#2948 = EDGE_CURVE('',#2941,#2924,#2949,.T.);
#2949 = B_SPLINE_CURVE_WITH_KNOTS('',3,(#2950,#2951,#2952,#2953),
  .UNSPECIFIED.,.F.,.F.,(4,4),(0.,3.485030441631),
  .PIECEWISE_BEZIER_KNOTS.);
#2950 = CARTESIAN_POINT('',(101.50797177502,-45.45679745241,0.));
#2951 = CARTESIAN_POINT('',(100.01243914827,-33.66359269213,0.));
#2952 = CARTESIAN_POINT('',(100.10673055373,-33.42237667296,0.));
#2953 = CARTESIAN_POINT('',(106.26867055496,-33.42237667296,0.));
#2954 = B_SPLINE_SURFACE_WITH_KNOTS('',3,1,(
    (#2955,#2956)
    ,(#2957,#2958)
    ,(#2959,#2960)
    ,(#2961,#2962
    )),.UNSPECIFIED.,.F.,.F.,.F.,(4,4),(2,2),(-1.,0.),(0.,1.),
  .PIECEWISE_BEZIER_KNOTS.);
#2955 = CARTESIAN_POINT('',(106.26867055496,-33.42237667296,-2.));
#2956 = CARTESIAN_POINT('',(106.26867055496,-33.42237667296,8.));
#2957 = CARTESIAN_POINT('',(100.10673055373,-33.42237667296,-2.));
#2958 = CARTESIAN_POINT('',(100.10673055373,-33.42237667296,8.));
#2959 = CARTESIAN_POINT('',(100.01243914827,-33.66359269213,-2.));
#2960 = CARTESIAN_POINT('',(100.01243914827,-33.66359269213,8.));
#2961 = CARTESIAN_POINT('',(101.50797177502,-45.45679745241,-2.));
#2962 = CARTESIAN_POINT('',(101.50797177502,-45.45679745241,8.));
#2963 = ADVANCED_FACE('',(#2964),#2991,.F.);
#2964 = FACE_BOUND('',#2965,.F.);
#2965 = EDGE_LOOP('',(#2966,#2976,#2983,#2984));
#2966 = ORIENTED_EDGE('',*,*,#2967,.F.);
#2967 = EDGE_CURVE('',#2968,#2970,#2972,.T.);
#2968 = VERTEX_POINT('',#2969);
#2969 = CARTESIAN_POINT('',(112.48104876221,-39.68738139637,-2.));
#2970 = VERTEX_POINT('',#2971);
#2971 = CARTESIAN_POINT('',(112.48104876221,-39.68738139637,0.));
#2972 = LINE('',#2973,#2974);
#2973 = CARTESIAN_POINT('',(112.48104876221,-39.68738139637,-2.));
#2974 = VECTOR('',#2975,1.);
#2975 = DIRECTION('',(0.,0.,1.));
#2976 = ORIENTED_EDGE('',*,*,#2977,.T.);
#2977 = EDGE_CURVE('',#2968,#2922,#2978,.T.);
#2978 = B_SPLINE_CURVE_WITH_KNOTS('',3,(#2979,#2980,#2981,#2982),
  .UNSPECIFIED.,.F.,.F.,(4,4),(-1.,0.),.PIECEWISE_BEZIER_KNOTS.);
#2979 = CARTESIAN_POINT('',(112.48104876221,-39.68738139637,-2.));
#2980 = CARTESIAN_POINT('',(112.55341022192,-33.54955965103,-2.));
#2981 = CARTESIAN_POINT('',(112.42841555398,-33.42237667296,-2.));
#2982 = CARTESIAN_POINT('',(106.26867055496,-33.42237667296,-2.));
#2983 = ORIENTED_EDGE('',*,*,#2921,.T.);
#2984 = ORIENTED_EDGE('',*,*,#2985,.T.);
#2985 = EDGE_CURVE('',#2924,#2970,#2986,.T.);
#2986 = B_SPLINE_CURVE_WITH_KNOTS('',3,(#2987,#2988,#2989,#2990),
  .UNSPECIFIED.,.F.,.F.,(4,4),(0.,1.872532117267),
  .PIECEWISE_BEZIER_KNOTS.);
#2987 = CARTESIAN_POINT('',(106.26867055496,-33.42237667296,0.));
#2988 = CARTESIAN_POINT('',(112.42841555398,-33.42237667296,0.));
#2989 = CARTESIAN_POINT('',(112.55341022192,-33.54955965103,0.));
#2990 = CARTESIAN_POINT('',(112.48104876221,-39.68738139637,0.));
#2991 = B_SPLINE_SURFACE_WITH_KNOTS('',3,1,(
    (#2992,#2993)
    ,(#2994,#2995)
    ,(#2996,#2997)
    ,(#2998,#2999
    )),.UNSPECIFIED.,.F.,.F.,.F.,(4,4),(2,2),(-1.,0.),(0.,1.),
  .PIECEWISE_BEZIER_KNOTS.);
#2992 = CARTESIAN_POINT('',(112.48104876221,-39.68738139637,-2.));
#2993 = CARTESIAN_POINT('',(112.48104876221,-39.68738139637,8.));
#2994 = CARTESIAN_POINT('',(112.55341022192,-33.54955965103,-2.));
#2995 = CARTESIAN_POINT('',(112.55341022192,-33.54955965103,8.));
#2996 = CARTESIAN_POINT('',(112.42841555398,-33.42237667296,-2.));
#2997 = CARTESIAN_POINT('',(112.42841555398,-33.42237667296,8.));
#2998 = CARTESIAN_POINT('',(106.26867055496,-33.42237667296,-2.));
#2999 = CARTESIAN_POINT('',(106.26867055496,-33.42237667296,8.));
#3000 = ADVANCED_FACE('',(#3001),#3028,.F.);
#3001 = FACE_BOUND('',#3002,.F.);
#3002 = EDGE_LOOP('',(#3003,#3013,#3020,#3021));
#3003 = ORIENTED_EDGE('',*,*,#3004,.F.);
#3004 = EDGE_CURVE('',#3005,#3007,#3009,.T.);
#3005 = VERTEX_POINT('',#3006);
#3006 = CARTESIAN_POINT('',(109.29920569558,-53.13838833626,-2.));
#3007 = VERTEX_POINT('',#3008);
#3008 = CARTESIAN_POINT('',(109.29920569558,-53.13838833626,0.));
#3009 = LINE('',#3010,#3011);
#3010 = CARTESIAN_POINT('',(109.29920569558,-53.13838833626,-2.));
#3011 = VECTOR('',#3012,1.);
#3012 = DIRECTION('',(0.,0.,1.));
#3013 = ORIENTED_EDGE('',*,*,#3014,.T.);
#3014 = EDGE_CURVE('',#3005,#2968,#3015,.T.);
#3015 = B_SPLINE_CURVE_WITH_KNOTS('',3,(#3016,#3017,#3018,#3019),
  .UNSPECIFIED.,.F.,.F.,(4,4),(-1.,0.),.PIECEWISE_BEZIER_KNOTS.);
#3016 = CARTESIAN_POINT('',(109.29920569558,-53.13838833626,-2.));
#3017 = CARTESIAN_POINT('',(112.34508577535,-46.09492072908,-2.));
#3018 = CARTESIAN_POINT('',(112.40868061042,-45.82519644964,-2.));
#3019 = CARTESIAN_POINT('',(112.48104876221,-39.68738139637,-2.));
#3020 = ORIENTED_EDGE('',*,*,#2967,.T.);
#3021 = ORIENTED_EDGE('',*,*,#3022,.T.);
#3022 = EDGE_CURVE('',#2970,#3007,#3023,.T.);
#3023 = B_SPLINE_CURVE_WITH_KNOTS('',3,(#3024,#3025,#3026,#3027),
  .UNSPECIFIED.,.F.,.F.,(4,4),(0.,1.841760173049),
  .PIECEWISE_BEZIER_KNOTS.);
#3024 = CARTESIAN_POINT('',(112.48104876221,-39.68738139637,0.));
#3025 = CARTESIAN_POINT('',(112.40868061042,-45.82519644964,0.));
#3026 = CARTESIAN_POINT('',(112.34508577535,-46.09492072908,0.));
#3027 = CARTESIAN_POINT('',(109.29920569558,-53.13838833626,0.));
#3028 = B_SPLINE_SURFACE_WITH_KNOTS('',3,1,(
    (#3029,#3030)
    ,(#3031,#3032)
    ,(#3033,#3034)
    ,(#3035,#3036
    )),.UNSPECIFIED.,.F.,.F.,.F.,(4,4),(2,2),(-1.,0.),(0.,1.),
  .PIECEWISE_BEZIER_KNOTS.);
#3029 = CARTESIAN_POINT('',(109.29920569558,-53.13838833626,-2.));
#3030 = CARTESIAN_POINT('',(109.29920569558,-53.13838833626,8.));
#3031 = CARTESIAN_POINT('',(112.34508577535,-46.09492072908,-2.));
#3032 = CARTESIAN_POINT('',(112.34508577535,-46.09492072908,8.));
#3033 = CARTESIAN_POINT('',(112.40868061042,-45.82519644964,-2.));
#3034 = CARTESIAN_POINT('',(112.40868061042,-45.82519644964,8.));
#3035 = CARTESIAN_POINT('',(112.48104876221,-39.68738139637,-2.));
#3036 = CARTESIAN_POINT('',(112.48104876221,-39.68738139637,8.));
#3037 = ADVANCED_FACE('',(#3038),#3065,.F.);
#3038 = FACE_BOUND('',#3039,.F.);
#3039 = EDGE_LOOP('',(#3040,#3050,#3057,#3058));
#3040 = ORIENTED_EDGE('',*,*,#3041,.F.);
#3041 = EDGE_CURVE('',#3042,#3044,#3046,.T.);
#3042 = VERTEX_POINT('',#3043);
#3043 = CARTESIAN_POINT('',(104.61525168767,-58.9078043923,-2.));
#3044 = VERTEX_POINT('',#3045);
#3045 = CARTESIAN_POINT('',(104.61525168767,-58.9078043923,0.));
#3046 = LINE('',#3047,#3048);
#3047 = CARTESIAN_POINT('',(104.61525168767,-58.9078043923,-2.));
#3048 = VECTOR('',#3049,1.);
#3049 = DIRECTION('',(0.,0.,1.));
#3050 = ORIENTED_EDGE('',*,*,#3051,.T.);
#3051 = EDGE_CURVE('',#3042,#3005,#3052,.T.);
#3052 = B_SPLINE_CURVE_WITH_KNOTS('',3,(#3053,#3054,#3055,#3056),
  .UNSPECIFIED.,.F.,.F.,(4,4),(-1.,0.),.PIECEWISE_BEZIER_KNOTS.);
#3053 = CARTESIAN_POINT('',(104.61525168767,-58.9078043923,-2.));
#3054 = CARTESIAN_POINT('',(106.16122252045,-60.29588229247,-2.));
#3055 = CARTESIAN_POINT('',(106.25551392592,-60.17966094125,-2.));
#3056 = CARTESIAN_POINT('',(109.29920569558,-53.13838833626,-2.));
#3057 = ORIENTED_EDGE('',*,*,#3004,.T.);
#3058 = ORIENTED_EDGE('',*,*,#3059,.T.);
#3059 = EDGE_CURVE('',#3007,#3044,#3060,.T.);
#3060 = B_SPLINE_CURVE_WITH_KNOTS('',3,(#3061,#3062,#3063,#3064),
  .UNSPECIFIED.,.F.,.F.,(4,4),(0.,2.173734275919),
  .PIECEWISE_BEZIER_KNOTS.);
#3061 = CARTESIAN_POINT('',(109.29920569558,-53.13838833626,0.));
#3062 = CARTESIAN_POINT('',(106.25551392592,-60.17966094125,0.));
#3063 = CARTESIAN_POINT('',(106.16122252045,-60.29588229247,0.));
#3064 = CARTESIAN_POINT('',(104.61525168767,-58.9078043923,0.));
#3065 = B_SPLINE_SURFACE_WITH_KNOTS('',3,1,(
    (#3066,#3067)
    ,(#3068,#3069)
    ,(#3070,#3071)
    ,(#3072,#3073
    )),.UNSPECIFIED.,.F.,.F.,.F.,(4,4),(2,2),(-1.,0.),(0.,1.),
  .PIECEWISE_BEZIER_KNOTS.);
#3066 = CARTESIAN_POINT('',(104.61525168767,-58.9078043923,-2.));
#3067 = CARTESIAN_POINT('',(104.61525168767,-58.9078043923,8.));
#3068 = CARTESIAN_POINT('',(106.16122252045,-60.29588229247,-2.));
#3069 = CARTESIAN_POINT('',(106.16122252045,-60.29588229247,8.));
#3070 = CARTESIAN_POINT('',(106.25551392592,-60.17966094125,-2.));
#3071 = CARTESIAN_POINT('',(106.25551392592,-60.17966094125,8.));
#3072 = CARTESIAN_POINT('',(109.29920569558,-53.13838833626,-2.));
#3073 = CARTESIAN_POINT('',(109.29920569558,-53.13838833626,8.));
#3074 = ADVANCED_FACE('',(#3075),#3093,.F.);
#3075 = FACE_BOUND('',#3076,.F.);
#3076 = EDGE_LOOP('',(#3077,#3078,#3085,#3086));
#3077 = ORIENTED_EDGE('',*,*,#2940,.F.);
#3078 = ORIENTED_EDGE('',*,*,#3079,.T.);
#3079 = EDGE_CURVE('',#2932,#3042,#3080,.T.);
#3080 = B_SPLINE_CURVE_WITH_KNOTS('',3,(#3081,#3082,#3083,#3084),
  .UNSPECIFIED.,.F.,.F.,(4,4),(-1.,0.),.PIECEWISE_BEZIER_KNOTS.);
#3081 = CARTESIAN_POINT('',(101.50797177502,-45.45679745241,-2.));
#3082 = CARTESIAN_POINT('',(103.00569271189,-57.24780721049,-2.));
#3083 = CARTESIAN_POINT('',(103.06709254476,-57.51753148994,-2.));
#3084 = CARTESIAN_POINT('',(104.61525168767,-58.9078043923,-2.));
#3085 = ORIENTED_EDGE('',*,*,#3041,.T.);
#3086 = ORIENTED_EDGE('',*,*,#3087,.T.);
#3087 = EDGE_CURVE('',#3044,#2941,#3088,.T.);
#3088 = B_SPLINE_CURVE_WITH_KNOTS('',3,(#3089,#3090,#3091,#3092),
  .UNSPECIFIED.,.F.,.F.,(4,4),(0.,0.624749392117),
  .PIECEWISE_BEZIER_KNOTS.);
#3089 = CARTESIAN_POINT('',(104.61525168767,-58.9078043923,0.));
#3090 = CARTESIAN_POINT('',(103.06709254476,-57.51753148994,0.));
#3091 = CARTESIAN_POINT('',(103.00569271189,-57.24780721049,0.));
#3092 = CARTESIAN_POINT('',(101.50797177502,-45.45679745241,0.));
#3093 = B_SPLINE_SURFACE_WITH_KNOTS('',3,1,(
    (#3094,#3095)
    ,(#3096,#3097)
    ,(#3098,#3099)
    ,(#3100,#3101
    )),.UNSPECIFIED.,.F.,.F.,.F.,(4,4),(2,2),(-1.,0.),(0.,1.),
  .PIECEWISE_BEZIER_KNOTS.);
#3094 = CARTESIAN_POINT('',(101.50797177502,-45.45679745241,-2.));
#3095 = CARTESIAN_POINT('',(101.50797177502,-45.45679745241,8.));
#3096 = CARTESIAN_POINT('',(103.00569271189,-57.24780721049,-2.));
#3097 = CARTESIAN_POINT('',(103.00569271189,-57.24780721049,8.));
#3098 = CARTESIAN_POINT('',(103.06709254476,-57.51753148994,-2.));
#3099 = CARTESIAN_POINT('',(103.06709254476,-57.51753148994,8.));
#3100 = CARTESIAN_POINT('',(104.61525168767,-58.9078043923,-2.));
#3101 = CARTESIAN_POINT('',(104.61525168767,-58.9078043923,8.));
#3102 = ADVANCED_FACE('',(#3103),#3139,.F.);
#3103 = FACE_BOUND('',#3104,.F.);
#3104 = EDGE_LOOP('',(#3105,#3115,#3124,#3132));
#3105 = ORIENTED_EDGE('',*,*,#3106,.F.);
#3106 = EDGE_CURVE('',#3107,#3109,#3111,.T.);
#3107 = VERTEX_POINT('',#3108);
#3108 = CARTESIAN_POINT('',(75.270391083947,-76.48358183766,-2.));
#3109 = VERTEX_POINT('',#3110);
#3110 = CARTESIAN_POINT('',(75.270391083947,-76.48358183766,0.));
#3111 = LINE('',#3112,#3113);
#3112 = CARTESIAN_POINT('',(75.270391083947,-76.48358183766,-2.));
#3113 = VECTOR('',#3114,1.);
#3114 = DIRECTION('',(0.,0.,1.));
#3115 = ORIENTED_EDGE('',*,*,#3116,.T.);
#3116 = EDGE_CURVE('',#3107,#3117,#3119,.T.);
#3117 = VERTEX_POINT('',#3118);
#3118 = CARTESIAN_POINT('',(82.081419334721,-72.46187605438,-2.));
#3119 = B_SPLINE_CURVE_WITH_KNOTS('',3,(#3120,#3121,#3122,#3123),
  .UNSPECIFIED.,.F.,.F.,(4,4),(-1.,0.),.PIECEWISE_BEZIER_KNOTS.);
#3120 = CARTESIAN_POINT('',(75.270391083947,-76.48358183766,-2.));
#3121 = CARTESIAN_POINT('',(81.406017827094,-76.34981719904,-2.));
#3122 = CARTESIAN_POINT('',(81.541974121875,-76.26868242261,-2.));
#3123 = CARTESIAN_POINT('',(82.081419334721,-72.46187605438,-2.));
#3124 = ORIENTED_EDGE('',*,*,#3125,.T.);
#3125 = EDGE_CURVE('',#3117,#3126,#3128,.T.);
#3126 = VERTEX_POINT('',#3127);
#3127 = CARTESIAN_POINT('',(82.081419334721,-72.46187605438,0.));
#3128 = LINE('',#3129,#3130);
#3129 = CARTESIAN_POINT('',(82.081419334721,-72.46187605438,-2.));
#3130 = VECTOR('',#3131,1.);
#3131 = DIRECTION('',(0.,0.,1.));
#3132 = ORIENTED_EDGE('',*,*,#3133,.T.);
#3133 = EDGE_CURVE('',#3126,#3109,#3134,.T.);
#3134 = B_SPLINE_CURVE_WITH_KNOTS('',3,(#3135,#3136,#3137,#3138),
  .UNSPECIFIED.,.F.,.F.,(4,4),(0.,1.205079226602),
  .PIECEWISE_BEZIER_KNOTS.);
#3135 = CARTESIAN_POINT('',(82.081419334721,-72.46187605438,0.));
#3136 = CARTESIAN_POINT('',(81.541974121875,-76.26868242261,0.));
#3137 = CARTESIAN_POINT('',(81.406017827094,-76.34981719904,0.));
#3138 = CARTESIAN_POINT('',(75.270391083947,-76.48358183766,0.));
#3139 = B_SPLINE_SURFACE_WITH_KNOTS('',3,1,(
    (#3140,#3141)
    ,(#3142,#3143)
    ,(#3144,#3145)
    ,(#3146,#3147
    )),.UNSPECIFIED.,.F.,.F.,.F.,(4,4),(2,2),(-1.,0.),(0.,1.),
  .PIECEWISE_BEZIER_KNOTS.);
#3140 = CARTESIAN_POINT('',(75.270391083947,-76.48358183766,-2.));
#3141 = CARTESIAN_POINT('',(75.270391083947,-76.48358183766,8.));
#3142 = CARTESIAN_POINT('',(81.406017827094,-76.34981719904,-2.));
#3143 = CARTESIAN_POINT('',(81.406017827094,-76.34981719904,8.));
#3144 = CARTESIAN_POINT('',(81.541974121875,-76.26868242261,-2.));
#3145 = CARTESIAN_POINT('',(81.541974121875,-76.26868242261,8.));
#3146 = CARTESIAN_POINT('',(82.081419334721,-72.46187605438,-2.));
#3147 = CARTESIAN_POINT('',(82.081419334721,-72.46187605438,8.));
#3148 = ADVANCED_FACE('',(#3149),#3176,.F.);
#3149 = FACE_BOUND('',#3150,.F.);
#3150 = EDGE_LOOP('',(#3151,#3161,#3168,#3169));
#3151 = ORIENTED_EDGE('',*,*,#3152,.F.);
#3152 = EDGE_CURVE('',#3153,#3155,#3157,.T.);
#3153 = VERTEX_POINT('',#3154);
#3154 = CARTESIAN_POINT('',(67.549330312979,-76.32789059932,-2.));
#3155 = VERTEX_POINT('',#3156);
#3156 = CARTESIAN_POINT('',(67.549330312979,-76.32789059932,0.));
#3157 = LINE('',#3158,#3159);
#3158 = CARTESIAN_POINT('',(67.549330312979,-76.32789059932,-2.));
#3159 = VECTOR('',#3160,1.);
#3160 = DIRECTION('',(0.,0.,1.));
#3161 = ORIENTED_EDGE('',*,*,#3162,.T.);
#3162 = EDGE_CURVE('',#3153,#3107,#3163,.T.);
#3163 = B_SPLINE_CURVE_WITH_KNOTS('',3,(#3164,#3165,#3166,#3167),
  .UNSPECIFIED.,.F.,.F.,(4,4),(-1.,0.),.PIECEWISE_BEZIER_KNOTS.);
#3164 = CARTESIAN_POINT('',(67.549330312979,-76.32789059932,-2.));
#3165 = CARTESIAN_POINT('',(68.98126810466,-76.61515482012,-2.));
#3166 = CARTESIAN_POINT('',(69.134767686839,-76.61954147848,-2.));
#3167 = CARTESIAN_POINT('',(75.270391083947,-76.48358183766,-2.));
#3168 = ORIENTED_EDGE('',*,*,#3106,.T.);
#3169 = ORIENTED_EDGE('',*,*,#3170,.T.);
#3170 = EDGE_CURVE('',#3109,#3155,#3171,.T.);
#3171 = B_SPLINE_CURVE_WITH_KNOTS('',3,(#3172,#3173,#3174,#3175),
  .UNSPECIFIED.,.F.,.F.,(4,4),(0.,1.761475871262),
  .PIECEWISE_BEZIER_KNOTS.);
#3172 = CARTESIAN_POINT('',(75.270391083947,-76.48358183766,0.));
#3173 = CARTESIAN_POINT('',(69.134767686839,-76.61954147848,0.));
#3174 = CARTESIAN_POINT('',(68.98126810466,-76.61515482012,0.));
#3175 = CARTESIAN_POINT('',(67.549330312979,-76.32789059932,0.));
#3176 = B_SPLINE_SURFACE_WITH_KNOTS('',3,1,(
    (#3177,#3178)
    ,(#3179,#3180)
    ,(#3181,#3182)
    ,(#3183,#3184
    )),.UNSPECIFIED.,.F.,.F.,.F.,(4,4),(2,2),(-1.,0.),(0.,1.),
  .PIECEWISE_BEZIER_KNOTS.);
#3177 = CARTESIAN_POINT('',(67.549330312979,-76.32789059932,-2.));
#3178 = CARTESIAN_POINT('',(67.549330312979,-76.32789059932,8.));
#3179 = CARTESIAN_POINT('',(68.98126810466,-76.61515482012,-2.));
#3180 = CARTESIAN_POINT('',(68.98126810466,-76.61515482012,8.));
#3181 = CARTESIAN_POINT('',(69.134767686839,-76.61954147848,-2.));
#3182 = CARTESIAN_POINT('',(69.134767686839,-76.61954147848,8.));
#3183 = CARTESIAN_POINT('',(75.270391083947,-76.48358183766,-2.));
#3184 = CARTESIAN_POINT('',(75.270391083947,-76.48358183766,8.));
#3185 = ADVANCED_FACE('',(#3186),#3213,.F.);
#3186 = FACE_BOUND('',#3187,.F.);
#3187 = EDGE_LOOP('',(#3188,#3198,#3205,#3206));
#3188 = ORIENTED_EDGE('',*,*,#3189,.F.);
#3189 = EDGE_CURVE('',#3190,#3192,#3194,.T.);
#3190 = VERTEX_POINT('',#3191);
#3191 = CARTESIAN_POINT('',(65.09551861616,-74.97270092571,-2.));
#3192 = VERTEX_POINT('',#3193);
#3193 = CARTESIAN_POINT('',(65.09551861616,-74.97270092571,0.));
#3194 = LINE('',#3195,#3196);
#3195 = CARTESIAN_POINT('',(65.09551861616,-74.97270092571,-2.));
#3196 = VECTOR('',#3197,1.);
#3197 = DIRECTION('',(0.,0.,1.));
#3198 = ORIENTED_EDGE('',*,*,#3199,.T.);
#3199 = EDGE_CURVE('',#3190,#3153,#3200,.T.);
#3200 = B_SPLINE_CURVE_WITH_KNOTS('',3,(#3201,#3202,#3203,#3204),
  .UNSPECIFIED.,.F.,.F.,(4,4),(-1.,0.),.PIECEWISE_BEZIER_KNOTS.);
#3201 = CARTESIAN_POINT('',(65.09551861616,-74.97270092571,-2.));
#3202 = CARTESIAN_POINT('',(66.066954315265,-76.01211811825,-2.));
#3203 = CARTESIAN_POINT('',(66.115197519098,-76.03843137632,-2.));
#3204 = CARTESIAN_POINT('',(67.549330312979,-76.32789059932,-2.));
#3205 = ORIENTED_EDGE('',*,*,#3152,.T.);
#3206 = ORIENTED_EDGE('',*,*,#3207,.T.);
#3207 = EDGE_CURVE('',#3155,#3192,#3208,.T.);
#3208 = B_SPLINE_CURVE_WITH_KNOTS('',3,(#3209,#3210,#3211,#3212),
  .UNSPECIFIED.,.F.,.F.,(4,4),(0.,0.43906565407),
  .PIECEWISE_BEZIER_KNOTS.);
#3209 = CARTESIAN_POINT('',(67.549330312979,-76.32789059932,0.));
#3210 = CARTESIAN_POINT('',(66.115197519098,-76.03843137632,0.));
#3211 = CARTESIAN_POINT('',(66.066954315265,-76.01211811825,0.));
#3212 = CARTESIAN_POINT('',(65.09551861616,-74.97270092571,0.));
#3213 = B_SPLINE_SURFACE_WITH_KNOTS('',3,1,(
    (#3214,#3215)
    ,(#3216,#3217)
    ,(#3218,#3219)
    ,(#3220,#3221
    )),.UNSPECIFIED.,.F.,.F.,.F.,(4,4),(2,2),(-1.,0.),(0.,1.),
  .PIECEWISE_BEZIER_KNOTS.);
#3214 = CARTESIAN_POINT('',(65.09551861616,-74.97270092571,-2.));
#3215 = CARTESIAN_POINT('',(65.09551861616,-74.97270092571,8.));
#3216 = CARTESIAN_POINT('',(66.066954315265,-76.01211811825,-2.));
#3217 = CARTESIAN_POINT('',(66.066954315265,-76.01211811825,8.));
#3218 = CARTESIAN_POINT('',(66.115197519098,-76.03843137632,-2.));
#3219 = CARTESIAN_POINT('',(66.115197519098,-76.03843137632,8.));
#3220 = CARTESIAN_POINT('',(67.549330312979,-76.32789059932,-2.));
#3221 = CARTESIAN_POINT('',(67.549330312979,-76.32789059932,8.));
#3222 = ADVANCED_FACE('',(#3223),#3250,.F.);
#3223 = FACE_BOUND('',#3224,.F.);
#3224 = EDGE_LOOP('',(#3225,#3235,#3242,#3243));
#3225 = ORIENTED_EDGE('',*,*,#3226,.F.);
#3226 = EDGE_CURVE('',#3227,#3229,#3231,.T.);
#3227 = VERTEX_POINT('',#3228);
#3228 = CARTESIAN_POINT('',(68.095350494303,-63.5150069361,-2.));
#3229 = VERTEX_POINT('',#3230);
#3230 = CARTESIAN_POINT('',(68.095350494303,-63.5150069361,0.));
#3231 = LINE('',#3232,#3233);
#3232 = CARTESIAN_POINT('',(68.095350494303,-63.5150069361,-2.));
#3233 = VECTOR('',#3234,1.);
#3234 = DIRECTION('',(0.,0.,1.));
#3235 = ORIENTED_EDGE('',*,*,#3236,.T.);
#3236 = EDGE_CURVE('',#3227,#3190,#3237,.T.);
#3237 = B_SPLINE_CURVE_WITH_KNOTS('',3,(#3238,#3239,#3240,#3241),
  .UNSPECIFIED.,.F.,.F.,(4,4),(-1.,0.),.PIECEWISE_BEZIER_KNOTS.);
#3238 = CARTESIAN_POINT('',(68.095350494303,-63.5150069361,-2.));
#3239 = CARTESIAN_POINT('',(64.183287747726,-73.70303603293,-2.));
#3240 = CARTESIAN_POINT('',(64.124081244035,-73.93328707922,-2.));
#3241 = CARTESIAN_POINT('',(65.09551861616,-74.97270092571,-2.));
#3242 = ORIENTED_EDGE('',*,*,#3189,.T.);
#3243 = ORIENTED_EDGE('',*,*,#3244,.T.);
#3244 = EDGE_CURVE('',#3192,#3229,#3245,.T.);
#3245 = B_SPLINE_CURVE_WITH_KNOTS('',3,(#3246,#3247,#3248,#3249),
  .UNSPECIFIED.,.F.,.F.,(4,4),(0.,0.425746544029),
  .PIECEWISE_BEZIER_KNOTS.);
#3246 = CARTESIAN_POINT('',(65.09551861616,-74.97270092571,0.));
#3247 = CARTESIAN_POINT('',(64.124081244035,-73.93328707922,0.));
#3248 = CARTESIAN_POINT('',(64.183287747726,-73.70303603293,0.));
#3249 = CARTESIAN_POINT('',(68.095350494303,-63.5150069361,0.));
#3250 = B_SPLINE_SURFACE_WITH_KNOTS('',3,1,(
    (#3251,#3252)
    ,(#3253,#3254)
    ,(#3255,#3256)
    ,(#3257,#3258
    )),.UNSPECIFIED.,.F.,.F.,.F.,(4,4),(2,2),(-1.,0.),(0.,1.),
  .PIECEWISE_BEZIER_KNOTS.);
#3251 = CARTESIAN_POINT('',(68.095350494303,-63.5150069361,-2.));
#3252 = CARTESIAN_POINT('',(68.095350494303,-63.5150069361,8.));
#3253 = CARTESIAN_POINT('',(64.183287747726,-73.70303603293,-2.));
#3254 = CARTESIAN_POINT('',(64.183287747726,-73.70303603293,8.));
#3255 = CARTESIAN_POINT('',(64.124081244035,-73.93328707922,-2.));
#3256 = CARTESIAN_POINT('',(64.124081244035,-73.93328707922,8.));
#3257 = CARTESIAN_POINT('',(65.09551861616,-74.97270092571,-2.));
#3258 = CARTESIAN_POINT('',(65.09551861616,-74.97270092571,8.));
#3259 = ADVANCED_FACE('',(#3260),#3287,.F.);
#3260 = FACE_BOUND('',#3261,.F.);
#3261 = EDGE_LOOP('',(#3262,#3272,#3279,#3280));
#3262 = ORIENTED_EDGE('',*,*,#3263,.F.);
#3263 = EDGE_CURVE('',#3264,#3266,#3268,.T.);
#3264 = VERTEX_POINT('',#3265);
#3265 = CARTESIAN_POINT('',(74.974356892468,-53.44758250282,-2.));
#3266 = VERTEX_POINT('',#3267);
#3267 = CARTESIAN_POINT('',(74.974356892468,-53.44758250282,0.));
#3268 = LINE('',#3269,#3270);
#3269 = CARTESIAN_POINT('',(74.974356892468,-53.44758250282,-2.));
#3270 = VECTOR('',#3271,1.);
#3271 = DIRECTION('',(0.,0.,1.));
#3272 = ORIENTED_EDGE('',*,*,#3273,.T.);
#3273 = EDGE_CURVE('',#3264,#3227,#3274,.T.);
#3274 = B_SPLINE_CURVE_WITH_KNOTS('',3,(#3275,#3276,#3277,#3278),
  .UNSPECIFIED.,.F.,.F.,(4,4),(-1.,0.),.PIECEWISE_BEZIER_KNOTS.);
#3275 = CARTESIAN_POINT('',(74.974356892468,-53.44758250282,-2.));
#3276 = CARTESIAN_POINT('',(72.145564537861,-53.12523170723,-2.));
#3277 = CARTESIAN_POINT('',(72.00741658692,-53.3269711472,-2.));
#3278 = CARTESIAN_POINT('',(68.095350494303,-63.5150069361,-2.));
#3279 = ORIENTED_EDGE('',*,*,#3226,.T.);
#3280 = ORIENTED_EDGE('',*,*,#3281,.T.);
#3281 = EDGE_CURVE('',#3229,#3266,#3282,.T.);
#3282 = B_SPLINE_CURVE_WITH_KNOTS('',3,(#3283,#3284,#3285,#3286),
  .UNSPECIFIED.,.F.,.F.,(4,4),(0.,3.193899774569),
  .PIECEWISE_BEZIER_KNOTS.);
#3283 = CARTESIAN_POINT('',(68.095350494303,-63.5150069361,0.));
#3284 = CARTESIAN_POINT('',(72.00741658692,-53.3269711472,0.));
#3285 = CARTESIAN_POINT('',(72.145564537861,-53.12523170723,0.));
#3286 = CARTESIAN_POINT('',(74.974356892468,-53.44758250282,0.));
#3287 = B_SPLINE_SURFACE_WITH_KNOTS('',3,1,(
    (#3288,#3289)
    ,(#3290,#3291)
    ,(#3292,#3293)
    ,(#3294,#3295
    )),.UNSPECIFIED.,.F.,.F.,.F.,(4,4),(2,2),(-1.,0.),(0.,1.),
  .PIECEWISE_BEZIER_KNOTS.);
#3288 = CARTESIAN_POINT('',(74.974356892468,-53.44758250282,-2.));
#3289 = CARTESIAN_POINT('',(74.974356892468,-53.44758250282,8.));
#3290 = CARTESIAN_POINT('',(72.145564537861,-53.12523170723,-2.));
#3291 = CARTESIAN_POINT('',(72.145564537861,-53.12523170723,8.));
#3292 = CARTESIAN_POINT('',(72.00741658692,-53.3269711472,-2.));
#3293 = CARTESIAN_POINT('',(72.00741658692,-53.3269711472,8.));
#3294 = CARTESIAN_POINT('',(68.095350494303,-63.5150069361,-2.));
#3295 = CARTESIAN_POINT('',(68.095350494303,-63.5150069361,8.));
#3296 = ADVANCED_FACE('',(#3297),#3324,.F.);
#3297 = FACE_BOUND('',#3298,.F.);
#3298 = EDGE_LOOP('',(#3299,#3309,#3316,#3317));
#3299 = ORIENTED_EDGE('',*,*,#3300,.F.);
#3300 = EDGE_CURVE('',#3301,#3303,#3305,.T.);
#3301 = VERTEX_POINT('',#3302);
#3302 = CARTESIAN_POINT('',(78.737306715225,-54.80057382819,-2.));
#3303 = VERTEX_POINT('',#3304);
#3304 = CARTESIAN_POINT('',(78.737306715225,-54.80057382819,0.));
#3305 = LINE('',#3306,#3307);
#3306 = CARTESIAN_POINT('',(78.737306715225,-54.80057382819,-2.));
#3307 = VECTOR('',#3308,1.);
#3308 = DIRECTION('',(0.,0.,1.));
#3309 = ORIENTED_EDGE('',*,*,#3310,.T.);
#3310 = EDGE_CURVE('',#3301,#3264,#3311,.T.);
#3311 = B_SPLINE_CURVE_WITH_KNOTS('',3,(#3312,#3313,#3314,#3315),
  .UNSPECIFIED.,.F.,.F.,(4,4),(-1.,0.),.PIECEWISE_BEZIER_KNOTS.);
#3312 = CARTESIAN_POINT('',(78.737306715225,-54.80057382819,-2.));
#3313 = CARTESIAN_POINT('',(77.879897365144,-53.79624655649,-2.));
#3314 = CARTESIAN_POINT('',(77.803145901035,-53.76993329842,-2.));
#3315 = CARTESIAN_POINT('',(74.974356892468,-53.44758250282,-2.));
#3316 = ORIENTED_EDGE('',*,*,#3263,.T.);
#3317 = ORIENTED_EDGE('',*,*,#3318,.T.);
#3318 = EDGE_CURVE('',#3266,#3303,#3319,.T.);
#3319 = B_SPLINE_CURVE_WITH_KNOTS('',3,(#3320,#3321,#3322,#3323),
  .UNSPECIFIED.,.F.,.F.,(4,4),(0.,0.852943102708),
  .PIECEWISE_BEZIER_KNOTS.);
#3320 = CARTESIAN_POINT('',(74.974356892468,-53.44758250282,0.));
#3321 = CARTESIAN_POINT('',(77.803145901035,-53.76993329842,0.));
#3322 = CARTESIAN_POINT('',(77.879897365144,-53.79624655649,0.));
#3323 = CARTESIAN_POINT('',(78.737306715225,-54.80057382819,0.));
#3324 = B_SPLINE_SURFACE_WITH_KNOTS('',3,1,(
    (#3325,#3326)
    ,(#3327,#3328)
    ,(#3329,#3330)
    ,(#3331,#3332
    )),.UNSPECIFIED.,.F.,.F.,.F.,(4,4),(2,2),(-1.,0.),(0.,1.),
  .PIECEWISE_BEZIER_KNOTS.);
#3325 = CARTESIAN_POINT('',(78.737306715225,-54.80057382819,-2.));
#3326 = CARTESIAN_POINT('',(78.737306715225,-54.80057382819,8.));
#3327 = CARTESIAN_POINT('',(77.879897365144,-53.79624655649,-2.));
#3328 = CARTESIAN_POINT('',(77.879897365144,-53.79624655649,8.));
#3329 = CARTESIAN_POINT('',(77.803145901035,-53.76993329842,-2.));
#3330 = CARTESIAN_POINT('',(77.803145901035,-53.76993329842,8.));
#3331 = CARTESIAN_POINT('',(74.974356892468,-53.44758250282,-2.));
#3332 = CARTESIAN_POINT('',(74.974356892468,-53.44758250282,8.));
#3333 = ADVANCED_FACE('',(#3334),#3363,.F.);
#3334 = FACE_BOUND('',#3335,.F.);
#3335 = EDGE_LOOP('',(#3336,#3346,#3353,#3354));
#3336 = ORIENTED_EDGE('',*,*,#3337,.F.);
#3337 = EDGE_CURVE('',#3338,#3340,#3342,.T.);
#3338 = VERTEX_POINT('',#3339);
#3339 = CARTESIAN_POINT('',(81.123136918614,-62.19929049565,-2.));
#3340 = VERTEX_POINT('',#3341);
#3341 = CARTESIAN_POINT('',(81.123136918614,-62.19929049565,0.));
#3342 = LINE('',#3343,#3344);
#3343 = CARTESIAN_POINT('',(81.123136918614,-62.19929049565,-2.));
#3344 = VECTOR('',#3345,1.);
#3345 = DIRECTION('',(0.,0.,1.));
#3346 = ORIENTED_EDGE('',*,*,#3347,.T.);
#3347 = EDGE_CURVE('',#3338,#3301,#3348,.T.);
#3348 = B_SPLINE_CURVE_WITH_KNOTS('',3,(#3349,#3350,#3351,#3352),
  .UNSPECIFIED.,.F.,.F.,(4,4),(-1.,0.),.PIECEWISE_BEZIER_KNOTS.);
#3349 = CARTESIAN_POINT('',(81.123136918614,-62.19929049565,-2.));
#3350 = CARTESIAN_POINT('',(79.645150925299,-55.95182571359,-2.));
#3351 = CARTESIAN_POINT('',(79.596907721466,-55.80490779197,-2.));
#3352 = CARTESIAN_POINT('',(78.737306715225,-54.80057382819,-2.));
#3353 = ORIENTED_EDGE('',*,*,#3300,.T.);
#3354 = ORIENTED_EDGE('',*,*,#3355,.T.);
#3355 = EDGE_CURVE('',#3303,#3340,#3356,.T.);
#3356 = B_SPLINE_CURVE_WITH_KNOTS('',3,(#3357,#3358,#3359,#3360,#3361,
    #3362),.UNSPECIFIED.,.F.,.F.,(4,2,4),(0.,0.19828243725,
    0.396560311545),.UNSPECIFIED.);
#3357 = CARTESIAN_POINT('',(78.737306715225,-54.80057382819,0.));
#3358 = CARTESIAN_POINT('',(79.167079406863,-55.30270831592,0.));
#3359 = CARTESIAN_POINT('',(79.394048499529,-55.59049249024,0.));
#3360 = CARTESIAN_POINT('',(80.002599391816,-57.47700201309,0.));
#3361 = CARTESIAN_POINT('',(80.383927760816,-59.07464438885,0.));
#3362 = CARTESIAN_POINT('',(81.123136918614,-62.19929049565,0.));
#3363 = B_SPLINE_SURFACE_WITH_KNOTS('',3,1,(
    (#3364,#3365)
    ,(#3366,#3367)
    ,(#3368,#3369)
    ,(#3370,#3371
    )),.UNSPECIFIED.,.F.,.F.,.F.,(4,4),(2,2),(-1.,0.),(0.,1.),
  .PIECEWISE_BEZIER_KNOTS.);
#3364 = CARTESIAN_POINT('',(81.123136918614,-62.19929049565,-2.));
#3365 = CARTESIAN_POINT('',(81.123136918614,-62.19929049565,8.));
#3366 = CARTESIAN_POINT('',(79.645150925299,-55.95182571359,-2.));
#3367 = CARTESIAN_POINT('',(79.645150925299,-55.95182571359,8.));
#3368 = CARTESIAN_POINT('',(79.596907721466,-55.80490779197,-2.));
#3369 = CARTESIAN_POINT('',(79.596907721466,-55.80490779197,8.));
#3370 = CARTESIAN_POINT('',(78.737306715225,-54.80057382819,-2.));
#3371 = CARTESIAN_POINT('',(78.737306715225,-54.80057382819,8.));
#3372 = ADVANCED_FACE('',(#3373),#3391,.F.);
#3373 = FACE_BOUND('',#3374,.F.);
#3374 = EDGE_LOOP('',(#3375,#3376,#3383,#3384));
#3375 = ORIENTED_EDGE('',*,*,#3125,.F.);
#3376 = ORIENTED_EDGE('',*,*,#3377,.T.);
#3377 = EDGE_CURVE('',#3117,#3338,#3378,.T.);
#3378 = B_SPLINE_CURVE_WITH_KNOTS('',3,(#3379,#3380,#3381,#3382),
  .UNSPECIFIED.,.F.,.F.,(4,4),(-1.,0.),.PIECEWISE_BEZIER_KNOTS.);
#3379 = CARTESIAN_POINT('',(82.081419334721,-72.46187605438,-2.));
#3380 = CARTESIAN_POINT('',(82.620861201526,-68.65287802999,-2.));
#3381 = CARTESIAN_POINT('',(82.601126257968,-68.44894358782,-2.));
#3382 = CARTESIAN_POINT('',(81.123136918614,-62.19929049565,-2.));
#3383 = ORIENTED_EDGE('',*,*,#3337,.T.);
#3384 = ORIENTED_EDGE('',*,*,#3385,.T.);
#3385 = EDGE_CURVE('',#3340,#3126,#3386,.T.);
#3386 = B_SPLINE_CURVE_WITH_KNOTS('',3,(#3387,#3388,#3389,#3390),
  .UNSPECIFIED.,.F.,.F.,(4,4),(0.,1.929006306077),
  .PIECEWISE_BEZIER_KNOTS.);
#3387 = CARTESIAN_POINT('',(81.123136918614,-62.19929049565,0.));
#3388 = CARTESIAN_POINT('',(82.601126257968,-68.44894358782,0.));
#3389 = CARTESIAN_POINT('',(82.620861201526,-68.65287802999,0.));
#3390 = CARTESIAN_POINT('',(82.081419334721,-72.46187605438,0.));
#3391 = B_SPLINE_SURFACE_WITH_KNOTS('',3,1,(
    (#3392,#3393)
    ,(#3394,#3395)
    ,(#3396,#3397)
    ,(#3398,#3399
    )),.UNSPECIFIED.,.F.,.F.,.F.,(4,4),(2,2),(-1.,0.),(0.,1.),
  .PIECEWISE_BEZIER_KNOTS.);
#3392 = CARTESIAN_POINT('',(82.081419334721,-72.46187605438,-2.));
#3393 = CARTESIAN_POINT('',(82.081419334721,-72.46187605438,8.));
#3394 = CARTESIAN_POINT('',(82.620861201526,-68.65287802999,-2.));
#3395 = CARTESIAN_POINT('',(82.620861201526,-68.65287802999,8.));
#3396 = CARTESIAN_POINT('',(82.601126257968,-68.44894358782,-2.));
#3397 = CARTESIAN_POINT('',(82.601126257968,-68.44894358782,8.));
#3398 = CARTESIAN_POINT('',(81.123136918614,-62.19929049565,-2.));
#3399 = CARTESIAN_POINT('',(81.123136918614,-62.19929049565,8.));
#3400 = ADVANCED_FACE('',(#3401),#3437,.F.);
#3401 = FACE_BOUND('',#3402,.F.);
#3402 = EDGE_LOOP('',(#3403,#3413,#3422,#3430));
#3403 = ORIENTED_EDGE('',*,*,#3404,.F.);
#3404 = EDGE_CURVE('',#3405,#3407,#3409,.T.);
#3405 = VERTEX_POINT('',#3406);
#3406 = CARTESIAN_POINT('',(63.964001674317,-100.1270078787,-2.));
#3407 = VERTEX_POINT('',#3408);
#3408 = CARTESIAN_POINT('',(63.964001674317,-100.1270078787,0.));
#3409 = LINE('',#3410,#3411);
#3410 = CARTESIAN_POINT('',(63.964001674317,-100.1270078787,-2.));
#3411 = VECTOR('',#3412,1.);
#3412 = DIRECTION('',(0.,0.,1.));
#3413 = ORIENTED_EDGE('',*,*,#3414,.T.);
#3414 = EDGE_CURVE('',#3405,#3415,#3417,.T.);
#3415 = VERTEX_POINT('',#3416);
#3416 = CARTESIAN_POINT('',(70.430749183739,-99.80027042482,-2.));
#3417 = B_SPLINE_CURVE_WITH_KNOTS('',3,(#3418,#3419,#3420,#3421),
  .UNSPECIFIED.,.F.,.F.,(4,4),(-1.,0.),.PIECEWISE_BEZIER_KNOTS.);
#3418 = CARTESIAN_POINT('',(63.964001674317,-100.1270078787,-2.));
#3419 = CARTESIAN_POINT('',(69.897882285413,-100.407693785,-2.));
#3420 = CARTESIAN_POINT('',(70.027263611715,-100.4011154705,-2.));
#3421 = CARTESIAN_POINT('',(70.430749183739,-99.80027042482,-2.));
#3422 = ORIENTED_EDGE('',*,*,#3423,.T.);
#3423 = EDGE_CURVE('',#3415,#3424,#3426,.T.);
#3424 = VERTEX_POINT('',#3425);
#3425 = CARTESIAN_POINT('',(70.430749183739,-99.80027042482,0.));
#3426 = LINE('',#3427,#3428);
#3427 = CARTESIAN_POINT('',(70.430749183739,-99.80027042482,-2.));
#3428 = VECTOR('',#3429,1.);
#3429 = DIRECTION('',(0.,0.,1.));
#3430 = ORIENTED_EDGE('',*,*,#3431,.T.);
#3431 = EDGE_CURVE('',#3424,#3407,#3432,.T.);
#3432 = B_SPLINE_CURVE_WITH_KNOTS('',3,(#3433,#3434,#3435,#3436),
  .UNSPECIFIED.,.F.,.F.,(4,4),(0.,0.244961027345),
  .PIECEWISE_BEZIER_KNOTS.);
#3433 = CARTESIAN_POINT('',(70.430749183739,-99.80027042482,0.));
#3434 = CARTESIAN_POINT('',(70.027263611715,-100.4011154705,0.));
#3435 = CARTESIAN_POINT('',(69.897882285413,-100.407693785,0.));
#3436 = CARTESIAN_POINT('',(63.964001674317,-100.1270078787,0.));
#3437 = B_SPLINE_SURFACE_WITH_KNOTS('',3,1,(
    (#3438,#3439)
    ,(#3440,#3441)
    ,(#3442,#3443)
    ,(#3444,#3445
    )),.UNSPECIFIED.,.F.,.F.,.F.,(4,4),(2,2),(-1.,0.),(0.,1.),
  .PIECEWISE_BEZIER_KNOTS.);
#3438 = CARTESIAN_POINT('',(63.964001674317,-100.1270078787,-2.));
#3439 = CARTESIAN_POINT('',(63.964001674317,-100.1270078787,8.));
#3440 = CARTESIAN_POINT('',(69.897882285413,-100.407693785,-2.));
#3441 = CARTESIAN_POINT('',(69.897882285413,-100.407693785,8.));
#3442 = CARTESIAN_POINT('',(70.027263611715,-100.4011154705,-2.));
#3443 = CARTESIAN_POINT('',(70.027263611715,-100.4011154705,8.));
#3444 = CARTESIAN_POINT('',(70.430749183739,-99.80027042482,-2.));
#3445 = CARTESIAN_POINT('',(70.430749183739,-99.80027042482,8.));
#3446 = ADVANCED_FACE('',(#3447),#3474,.F.);
#3447 = FACE_BOUND('',#3448,.F.);
#3448 = EDGE_LOOP('',(#3449,#3459,#3466,#3467));
#3449 = ORIENTED_EDGE('',*,*,#3450,.F.);
#3450 = EDGE_CURVE('',#3451,#3453,#3455,.T.);
#3451 = VERTEX_POINT('',#3452);
#3452 = CARTESIAN_POINT('',(60.025623996644,-96.04828557494,-2.));
#3453 = VERTEX_POINT('',#3454);
#3454 = CARTESIAN_POINT('',(60.025623996644,-96.04828557494,0.));
#3455 = LINE('',#3456,#3457);
#3456 = CARTESIAN_POINT('',(60.025623996644,-96.04828557494,-2.));
#3457 = VECTOR('',#3458,1.);
#3458 = DIRECTION('',(0.,0.,1.));
#3459 = ORIENTED_EDGE('',*,*,#3460,.T.);
#3460 = EDGE_CURVE('',#3451,#3405,#3461,.T.);
#3461 = B_SPLINE_CURVE_WITH_KNOTS('',3,(#3462,#3463,#3464,#3465),
  .UNSPECIFIED.,.F.,.F.,(4,4),(-1.,0.),.PIECEWISE_BEZIER_KNOTS.);
#3462 = CARTESIAN_POINT('',(60.025623996644,-96.04828557494,-2.));
#3463 = CARTESIAN_POINT('',(57.951177942952,-99.76299219387,-2.));
#3464 = CARTESIAN_POINT('',(58.030121063221,-99.8463219725,-2.));
#3465 = CARTESIAN_POINT('',(63.964001674317,-100.1270078787,-2.));
#3466 = ORIENTED_EDGE('',*,*,#3404,.T.);
#3467 = ORIENTED_EDGE('',*,*,#3468,.T.);
#3468 = EDGE_CURVE('',#3407,#3453,#3469,.T.);
#3469 = B_SPLINE_CURVE_WITH_KNOTS('',3,(#3470,#3471,#3472,#3473),
  .UNSPECIFIED.,.F.,.F.,(4,4),(0.,1.842585436734),
  .PIECEWISE_BEZIER_KNOTS.);
#3470 = CARTESIAN_POINT('',(63.964001674317,-100.1270078787,0.));
#3471 = CARTESIAN_POINT('',(58.030121063221,-99.8463219725,0.));
#3472 = CARTESIAN_POINT('',(57.951177942952,-99.76299219387,0.));
#3473 = CARTESIAN_POINT('',(60.025623996644,-96.04828557494,0.));
#3474 = B_SPLINE_SURFACE_WITH_KNOTS('',3,1,(
    (#3475,#3476)
    ,(#3477,#3478)
    ,(#3479,#3480)
    ,(#3481,#3482
    )),.UNSPECIFIED.,.F.,.F.,.F.,(4,4),(2,2),(-1.,0.),(0.,1.),
  .PIECEWISE_BEZIER_KNOTS.);
#3475 = CARTESIAN_POINT('',(60.025623996644,-96.04828557494,-2.));
#3476 = CARTESIAN_POINT('',(60.025623996644,-96.04828557494,8.));
#3477 = CARTESIAN_POINT('',(57.951177942952,-99.76299219387,-2.));
#3478 = CARTESIAN_POINT('',(57.951177942952,-99.76299219387,8.));
#3479 = CARTESIAN_POINT('',(58.030121063221,-99.8463219725,-2.));
#3480 = CARTESIAN_POINT('',(58.030121063221,-99.8463219725,8.));
#3481 = CARTESIAN_POINT('',(63.964001674317,-100.1270078787,-2.));
#3482 = CARTESIAN_POINT('',(63.964001674317,-100.1270078787,8.));
#3483 = ADVANCED_FACE('',(#3484),#3511,.F.);
#3484 = FACE_BOUND('',#3485,.F.);
#3485 = EDGE_LOOP('',(#3486,#3496,#3503,#3504));
#3486 = ORIENTED_EDGE('',*,*,#3487,.F.);
#3487 = EDGE_CURVE('',#3488,#3490,#3492,.T.);
#3488 = VERTEX_POINT('',#3489);
#3489 = CARTESIAN_POINT('',(66.492369833046,-95.72155146703,-2.));
#3490 = VERTEX_POINT('',#3491);
#3491 = CARTESIAN_POINT('',(66.492369833046,-95.72155146703,0.));
#3492 = LINE('',#3493,#3494);
#3493 = CARTESIAN_POINT('',(66.492369833046,-95.72155146703,-2.));
#3494 = VECTOR('',#3495,1.);
#3495 = DIRECTION('',(0.,0.,1.));
#3496 = ORIENTED_EDGE('',*,*,#3497,.T.);
#3497 = EDGE_CURVE('',#3488,#3451,#3498,.T.);
#3498 = B_SPLINE_CURVE_WITH_KNOTS('',3,(#3499,#3500,#3501,#3502),
  .UNSPECIFIED.,.F.,.F.,(4,4),(-1.,0.),.PIECEWISE_BEZIER_KNOTS.);
#3499 = CARTESIAN_POINT('',(66.492369833046,-95.72155146703,-2.));
#3500 = CARTESIAN_POINT('',(62.229449703618,-92.3291956437,-2.));
#3501 = CARTESIAN_POINT('',(62.100070050336,-92.33577395822,-2.));
#3502 = CARTESIAN_POINT('',(60.025623996644,-96.04828557494,-2.));
#3503 = ORIENTED_EDGE('',*,*,#3450,.T.);
#3504 = ORIENTED_EDGE('',*,*,#3505,.T.);
#3505 = EDGE_CURVE('',#3453,#3490,#3506,.T.);
#3506 = B_SPLINE_CURVE_WITH_KNOTS('',3,(#3507,#3508,#3509,#3510),
  .UNSPECIFIED.,.F.,.F.,(4,4),(0.,1.271067060864),
  .PIECEWISE_BEZIER_KNOTS.);
#3507 = CARTESIAN_POINT('',(60.025623996644,-96.04828557494,0.));
#3508 = CARTESIAN_POINT('',(62.100070050336,-92.33577395822,0.));
#3509 = CARTESIAN_POINT('',(62.229449703618,-92.3291956437,0.));
#3510 = CARTESIAN_POINT('',(66.492369833046,-95.72155146703,0.));
#3511 = B_SPLINE_SURFACE_WITH_KNOTS('',3,1,(
    (#3512,#3513)
    ,(#3514,#3515)
    ,(#3516,#3517)
    ,(#3518,#3519
    )),.UNSPECIFIED.,.F.,.F.,.F.,(4,4),(2,2),(-1.,0.),(0.,1.),
  .PIECEWISE_BEZIER_KNOTS.);
#3512 = CARTESIAN_POINT('',(66.492369833046,-95.72155146703,-2.));
#3513 = CARTESIAN_POINT('',(66.492369833046,-95.72155146703,8.));
#3514 = CARTESIAN_POINT('',(62.229449703618,-92.3291956437,-2.));
#3515 = CARTESIAN_POINT('',(62.229449703618,-92.3291956437,8.));
#3516 = CARTESIAN_POINT('',(62.100070050336,-92.33577395822,-2.));
#3517 = CARTESIAN_POINT('',(62.100070050336,-92.33577395822,8.));
#3518 = CARTESIAN_POINT('',(60.025623996644,-96.04828557494,-2.));
#3519 = CARTESIAN_POINT('',(60.025623996644,-96.04828557494,8.));
#3520 = ADVANCED_FACE('',(#3521),#3547,.F.);
#3521 = FACE_BOUND('',#3522,.F.);
#3522 = EDGE_LOOP('',(#3523,#3524,#3531,#3532));
#3523 = ORIENTED_EDGE('',*,*,#3423,.F.);
#3524 = ORIENTED_EDGE('',*,*,#3525,.T.);
#3525 = EDGE_CURVE('',#3415,#3488,#3526,.T.);
#3526 = B_SPLINE_CURVE_WITH_KNOTS('',3,(#3527,#3528,#3529,#3530),
  .UNSPECIFIED.,.F.,.F.,(4,4),(-1.,0.),.PIECEWISE_BEZIER_KNOTS.);
#3527 = CARTESIAN_POINT('',(70.430749183739,-99.80027042482,-2.));
#3528 = CARTESIAN_POINT('',(70.834234755763,-99.19723372295,-2.));
#3529 = CARTESIAN_POINT('',(70.755291635494,-99.11609894652,-2.));
#3530 = CARTESIAN_POINT('',(66.492369833046,-95.72155146703,-2.));
#3531 = ORIENTED_EDGE('',*,*,#3487,.T.);
#3532 = ORIENTED_EDGE('',*,*,#3533,.T.);
#3533 = EDGE_CURVE('',#3490,#3424,#3534,.T.);
#3534 = B_SPLINE_CURVE_WITH_KNOTS('',3,(#3535,#3536,#3537,#3538,#3539,
    #3540,#3541,#3542,#3543,#3544,#3545,#3546),.UNSPECIFIED.,.F.,.F.,(4,
    2,2,2,2,4),(0.,0.818094733058,1.067333443975,1.22781321862,
    1.36451310414,1.624447339477),.UNSPECIFIED.);
#3535 = CARTESIAN_POINT('',(66.492369833046,-95.72155146703,
    7.924072439411E-17));
#3536 = CARTESIAN_POINT('',(68.625634385575,-97.42026144705,
    7.924072439411E-17));
#3537 = CARTESIAN_POINT('',(69.709252704793,-98.28769994028,0.));
#3538 = CARTESIAN_POINT('',(70.364464194668,-98.9661577894,0.));
#3539 = CARTESIAN_POINT('',(70.463328743345,-99.09220695736,0.));
#3540 = CARTESIAN_POINT('',(70.55833544591,-99.26846707887,0.));
#3541 = CARTESIAN_POINT('',(70.578270939946,-99.32917744053,0.));
#3542 = CARTESIAN_POINT('',(70.590771697038,-99.43348638575,0.));
#3543 = CARTESIAN_POINT('',(70.587107581689,-99.47957970149,0.));
#3544 = CARTESIAN_POINT('',(70.55096640505,-99.61539746422,0.));
#3545 = CARTESIAN_POINT('',(70.496964216306,-99.70130754332,0.));
#3546 = CARTESIAN_POINT('',(70.430749183739,-99.80027042482,0.));
#3547 = B_SPLINE_SURFACE_WITH_KNOTS('',3,1,(
    (#3548,#3549)
    ,(#3550,#3551)
    ,(#3552,#3553)
    ,(#3554,#3555
    )),.UNSPECIFIED.,.F.,.F.,.F.,(4,4),(2,2),(-1.,0.),(0.,1.),
  .PIECEWISE_BEZIER_KNOTS.);
#3548 = CARTESIAN_POINT('',(70.430749183739,-99.80027042482,-2.));
#3549 = CARTESIAN_POINT('',(70.430749183739,-99.80027042482,8.));
#3550 = CARTESIAN_POINT('',(70.834234755763,-99.19723372295,-2.));
#3551 = CARTESIAN_POINT('',(70.834234755763,-99.19723372295,8.));
#3552 = CARTESIAN_POINT('',(70.755291635494,-99.11609894652,-2.));
#3553 = CARTESIAN_POINT('',(70.755291635494,-99.11609894652,8.));
#3554 = CARTESIAN_POINT('',(66.492369833046,-95.72155146703,-2.));
#3555 = CARTESIAN_POINT('',(66.492369833046,-95.72155146703,8.));
#3556 = ADVANCED_FACE('',(#3557),#3593,.F.);
#3557 = FACE_BOUND('',#3558,.F.);
#3558 = EDGE_LOOP('',(#3559,#3569,#3578,#3586));
#3559 = ORIENTED_EDGE('',*,*,#3560,.F.);
#3560 = EDGE_CURVE('',#3561,#3563,#3565,.T.);
#3561 = VERTEX_POINT('',#3562);
#3562 = CARTESIAN_POINT('',(53.343977072172,-121.4876634196,-2.));
#3563 = VERTEX_POINT('',#3564);
#3564 = CARTESIAN_POINT('',(53.343977072172,-121.4876634196,0.));
#3565 = LINE('',#3566,#3567);
#3566 = CARTESIAN_POINT('',(53.343977072172,-121.4876634196,-2.));
#3567 = VECTOR('',#3568,1.);
#3568 = DIRECTION('',(0.,0.,1.));
#3569 = ORIENTED_EDGE('',*,*,#3570,.T.);
#3570 = EDGE_CURVE('',#3561,#3571,#3573,.T.);
#3571 = VERTEX_POINT('',#3572);
#3572 = CARTESIAN_POINT('',(62.657056877558,-128.6780538629,-2.));
#3573 = B_SPLINE_CURVE_WITH_KNOTS('',3,(#3574,#3575,#3576,#3577),
  .UNSPECIFIED.,.F.,.F.,(4,4),(-1.,0.),.PIECEWISE_BEZIER_KNOTS.);
#3574 = CARTESIAN_POINT('',(53.343977072172,-121.4876634196,-2.));
#3575 = CARTESIAN_POINT('',(55.464474673537,-128.5355178943,-2.));
#3576 = CARTESIAN_POINT('',(55.650867501331,-128.6780538629,-2.));
#3577 = CARTESIAN_POINT('',(62.657056877558,-128.6780538629,-2.));
#3578 = ORIENTED_EDGE('',*,*,#3579,.T.);
#3579 = EDGE_CURVE('',#3571,#3580,#3582,.T.);
#3580 = VERTEX_POINT('',#3581);
#3581 = CARTESIAN_POINT('',(62.657056877558,-128.6780538629,0.));
#3582 = LINE('',#3583,#3584);
#3583 = CARTESIAN_POINT('',(62.657056877558,-128.6780538629,-2.));
#3584 = VECTOR('',#3585,1.);
#3585 = DIRECTION('',(0.,0.,1.));
#3586 = ORIENTED_EDGE('',*,*,#3587,.T.);
#3587 = EDGE_CURVE('',#3580,#3563,#3588,.T.);
#3588 = B_SPLINE_CURVE_WITH_KNOTS('',3,(#3589,#3590,#3591,#3592),
  .UNSPECIFIED.,.F.,.F.,(4,4),(0.,2.188853731055),
  .PIECEWISE_BEZIER_KNOTS.);
#3589 = CARTESIAN_POINT('',(62.657056877558,-128.6780538629,0.));
#3590 = CARTESIAN_POINT('',(55.650867501331,-128.6780538629,0.));
#3591 = CARTESIAN_POINT('',(55.464474673537,-128.5355178943,0.));
#3592 = CARTESIAN_POINT('',(53.343977072172,-121.4876634196,0.));
#3593 = B_SPLINE_SURFACE_WITH_KNOTS('',3,1,(
    (#3594,#3595)
    ,(#3596,#3597)
    ,(#3598,#3599)
    ,(#3600,#3601
    )),.UNSPECIFIED.,.F.,.F.,.F.,(4,4),(2,2),(-1.,0.),(0.,1.),
  .PIECEWISE_BEZIER_KNOTS.);
#3594 = CARTESIAN_POINT('',(53.343977072172,-121.4876634196,-2.));
#3595 = CARTESIAN_POINT('',(53.343977072172,-121.4876634196,8.));
#3596 = CARTESIAN_POINT('',(55.464474673537,-128.5355178943,-2.));
#3597 = CARTESIAN_POINT('',(55.464474673537,-128.5355178943,8.));
#3598 = CARTESIAN_POINT('',(55.650867501331,-128.6780538629,-2.));
#3599 = CARTESIAN_POINT('',(55.650867501331,-128.6780538629,8.));
#3600 = CARTESIAN_POINT('',(62.657056877558,-128.6780538629,-2.));
#3601 = CARTESIAN_POINT('',(62.657056877558,-128.6780538629,8.));
#3602 = ADVANCED_FACE('',(#3603),#3630,.F.);
#3603 = FACE_BOUND('',#3604,.F.);
#3604 = EDGE_LOOP('',(#3605,#3615,#3622,#3623));
#3605 = ORIENTED_EDGE('',*,*,#3606,.F.);
#3606 = EDGE_CURVE('',#3607,#3609,#3611,.T.);
#3607 = VERTEX_POINT('',#3608);
#3608 = CARTESIAN_POINT('',(54.865822957001,-114.1920164934,-2.));
#3609 = VERTEX_POINT('',#3610);
#3610 = CARTESIAN_POINT('',(54.865822957001,-114.1920164934,0.));
#3611 = LINE('',#3612,#3613);
#3612 = CARTESIAN_POINT('',(54.865822957001,-114.1920164934,-2.));
#3613 = VECTOR('',#3614,1.);
#3614 = DIRECTION('',(0.,0.,1.));
#3615 = ORIENTED_EDGE('',*,*,#3616,.T.);
#3616 = EDGE_CURVE('',#3607,#3561,#3617,.T.);
#3617 = B_SPLINE_CURVE_WITH_KNOTS('',3,(#3618,#3619,#3620,#3621),
  .UNSPECIFIED.,.F.,.F.,(4,4),(-1.,0.),.PIECEWISE_BEZIER_KNOTS.);
#3618 = CARTESIAN_POINT('',(54.865822957001,-114.1920164934,-2.));
#3619 = CARTESIAN_POINT('',(51.256374389442,-114.2928878864,-2.));
#3620 = CARTESIAN_POINT('',(51.225674473006,-114.4376158249,-2.));
#3621 = CARTESIAN_POINT('',(53.343977072172,-121.4876634196,-2.));
#3622 = ORIENTED_EDGE('',*,*,#3560,.T.);
#3623 = ORIENTED_EDGE('',*,*,#3624,.T.);
#3624 = EDGE_CURVE('',#3563,#3609,#3625,.T.);
#3625 = B_SPLINE_CURVE_WITH_KNOTS('',3,(#3626,#3627,#3628,#3629),
  .UNSPECIFIED.,.F.,.F.,(4,4),(0.,2.235245951314),
  .PIECEWISE_BEZIER_KNOTS.);
#3626 = CARTESIAN_POINT('',(53.343977072172,-121.4876634196,0.));
#3627 = CARTESIAN_POINT('',(51.225674473006,-114.4376158249,0.));
#3628 = CARTESIAN_POINT('',(51.256374389442,-114.2928878864,0.));
#3629 = CARTESIAN_POINT('',(54.865822957001,-114.1920164934,0.));
#3630 = B_SPLINE_SURFACE_WITH_KNOTS('',3,1,(
    (#3631,#3632)
    ,(#3633,#3634)
    ,(#3635,#3636)
    ,(#3637,#3638
    )),.UNSPECIFIED.,.F.,.F.,.F.,(4,4),(2,2),(-1.,0.),(0.,1.),
  .PIECEWISE_BEZIER_KNOTS.);
#3631 = CARTESIAN_POINT('',(54.865822957001,-114.1920164934,-2.));
#3632 = CARTESIAN_POINT('',(54.865822957001,-114.1920164934,8.));
#3633 = CARTESIAN_POINT('',(51.256374389442,-114.2928878864,-2.));
#3634 = CARTESIAN_POINT('',(51.256374389442,-114.2928878864,8.));
#3635 = CARTESIAN_POINT('',(51.225674473006,-114.4376158249,-2.));
#3636 = CARTESIAN_POINT('',(51.225674473006,-114.4376158249,8.));
#3637 = CARTESIAN_POINT('',(53.343977072172,-121.4876634196,-2.));
#3638 = CARTESIAN_POINT('',(53.343977072172,-121.4876634196,8.));
#3639 = ADVANCED_FACE('',(#3640),#3667,.F.);
#3640 = FACE_BOUND('',#3641,.F.);
#3641 = EDGE_LOOP('',(#3642,#3652,#3659,#3660));
#3642 = ORIENTED_EDGE('',*,*,#3643,.F.);
#3643 = EDGE_CURVE('',#3644,#3646,#3648,.T.);
#3644 = VERTEX_POINT('',#3645);
#3645 = CARTESIAN_POINT('',(64.66133145468,-119.1237598159,-2.));
#3646 = VERTEX_POINT('',#3647);
#3647 = CARTESIAN_POINT('',(64.66133145468,-119.1237598159,0.));
#3648 = LINE('',#3649,#3650);
#3649 = CARTESIAN_POINT('',(64.66133145468,-119.1237598159,-2.));
#3650 = VECTOR('',#3651,1.);
#3651 = DIRECTION('',(0.,0.,1.));
#3652 = ORIENTED_EDGE('',*,*,#3653,.T.);
#3653 = EDGE_CURVE('',#3644,#3607,#3654,.T.);
#3654 = B_SPLINE_CURVE_WITH_KNOTS('',3,(#3655,#3656,#3657,#3658),
  .UNSPECIFIED.,.F.,.F.,(4,4),(-1.,0.),.PIECEWISE_BEZIER_KNOTS.);
#3655 = CARTESIAN_POINT('',(64.66133145468,-119.1237598159,-2.));
#3656 = CARTESIAN_POINT('',(58.670435996052,-114.1920164934,-2.));
#3657 = CARTESIAN_POINT('',(58.475271524559,-114.0933367565,-2.));
#3658 = CARTESIAN_POINT('',(54.865822957001,-114.1920164934,-2.));
#3659 = ORIENTED_EDGE('',*,*,#3606,.T.);
#3660 = ORIENTED_EDGE('',*,*,#3661,.T.);
#3661 = EDGE_CURVE('',#3609,#3646,#3662,.T.);
#3662 = B_SPLINE_CURVE_WITH_KNOTS('',3,(#3663,#3664,#3665,#3666),
  .UNSPECIFIED.,.F.,.F.,(4,4),(0.,1.082791760095),
  .PIECEWISE_BEZIER_KNOTS.);
#3663 = CARTESIAN_POINT('',(54.865822957001,-114.1920164934,0.));
#3664 = CARTESIAN_POINT('',(58.475271524559,-114.0933367565,0.));
#3665 = CARTESIAN_POINT('',(58.670435996052,-114.1920164934,0.));
#3666 = CARTESIAN_POINT('',(64.66133145468,-119.1237598159,0.));
#3667 = B_SPLINE_SURFACE_WITH_KNOTS('',3,1,(
    (#3668,#3669)
    ,(#3670,#3671)
    ,(#3672,#3673)
    ,(#3674,#3675
    )),.UNSPECIFIED.,.F.,.F.,.F.,(4,4),(2,2),(-1.,0.),(0.,1.),
  .PIECEWISE_BEZIER_KNOTS.);
#3668 = CARTESIAN_POINT('',(64.66133145468,-119.1237598159,-2.));
#3669 = CARTESIAN_POINT('',(64.66133145468,-119.1237598159,8.));
#3670 = CARTESIAN_POINT('',(58.670435996052,-114.1920164934,-2.));
#3671 = CARTESIAN_POINT('',(58.670435996052,-114.1920164934,8.));
#3672 = CARTESIAN_POINT('',(58.475271524559,-114.0933367565,-2.));
#3673 = CARTESIAN_POINT('',(58.475271524559,-114.0933367565,8.));
#3674 = CARTESIAN_POINT('',(54.865822957001,-114.1920164934,-2.));
#3675 = CARTESIAN_POINT('',(54.865822957001,-114.1920164934,8.));
#3676 = ADVANCED_FACE('',(#3677),#3704,.F.);
#3677 = FACE_BOUND('',#3678,.F.);
#3678 = EDGE_LOOP('',(#3679,#3689,#3696,#3697));
#3679 = ORIENTED_EDGE('',*,*,#3680,.F.);
#3680 = EDGE_CURVE('',#3681,#3683,#3685,.T.);
#3681 = VERTEX_POINT('',#3682);
#3682 = CARTESIAN_POINT('',(70.290406230598,-126.4172144586,-2.));
#3683 = VERTEX_POINT('',#3684);
#3684 = CARTESIAN_POINT('',(70.290406230598,-126.4172144586,0.));
#3685 = LINE('',#3686,#3687);
#3686 = CARTESIAN_POINT('',(70.290406230598,-126.4172144586,-2.));
#3687 = VECTOR('',#3688,1.);
#3688 = DIRECTION('',(0.,0.,1.));
#3689 = ORIENTED_EDGE('',*,*,#3690,.T.);
#3690 = EDGE_CURVE('',#3681,#3644,#3691,.T.);
#3691 = B_SPLINE_CURVE_WITH_KNOTS('',3,(#3692,#3693,#3694,#3695),
  .UNSPECIFIED.,.F.,.F.,(4,4),(-1.,0.),.PIECEWISE_BEZIER_KNOTS.);
#3692 = CARTESIAN_POINT('',(70.290406230598,-126.4172144586,-2.));
#3693 = CARTESIAN_POINT('',(70.761869950013,-124.2002323317,-2.));
#3694 = CARTESIAN_POINT('',(70.650035257148,-124.0533106458,-2.));
#3695 = CARTESIAN_POINT('',(64.66133145468,-119.1237598159,-2.));
#3696 = ORIENTED_EDGE('',*,*,#3643,.T.);
#3697 = ORIENTED_EDGE('',*,*,#3698,.T.);
#3698 = EDGE_CURVE('',#3646,#3683,#3699,.T.);
#3699 = B_SPLINE_CURVE_WITH_KNOTS('',3,(#3700,#3701,#3702,#3703),
  .UNSPECIFIED.,.F.,.F.,(4,4),(0.,2.352610694511),
  .PIECEWISE_BEZIER_KNOTS.);
#3700 = CARTESIAN_POINT('',(64.66133145468,-119.1237598159,0.));
#3701 = CARTESIAN_POINT('',(70.650035257148,-124.0533106458,0.));
#3702 = CARTESIAN_POINT('',(70.761869950013,-124.2002323317,0.));
#3703 = CARTESIAN_POINT('',(70.290406230598,-126.4172144586,0.));
#3704 = B_SPLINE_SURFACE_WITH_KNOTS('',3,1,(
    (#3705,#3706)
    ,(#3707,#3708)
    ,(#3709,#3710)
    ,(#3711,#3712
    )),.UNSPECIFIED.,.F.,.F.,.F.,(4,4),(2,2),(-1.,0.),(0.,1.),
  .PIECEWISE_BEZIER_KNOTS.);
#3705 = CARTESIAN_POINT('',(70.290406230598,-126.4172144586,-2.));
#3706 = CARTESIAN_POINT('',(70.290406230598,-126.4172144586,8.));
#3707 = CARTESIAN_POINT('',(70.761869950013,-124.2002323317,-2.));
#3708 = CARTESIAN_POINT('',(70.761869950013,-124.2002323317,8.));
#3709 = CARTESIAN_POINT('',(70.650035257148,-124.0533106458,-2.));
#3710 = CARTESIAN_POINT('',(70.650035257148,-124.0533106458,8.));
#3711 = CARTESIAN_POINT('',(64.66133145468,-119.1237598159,-2.));
#3712 = CARTESIAN_POINT('',(64.66133145468,-119.1237598159,8.));
#3713 = ADVANCED_FACE('',(#3714),#3732,.F.);
#3714 = FACE_BOUND('',#3715,.F.);
#3715 = EDGE_LOOP('',(#3716,#3717,#3724,#3725));
#3716 = ORIENTED_EDGE('',*,*,#3579,.F.);
#3717 = ORIENTED_EDGE('',*,*,#3718,.T.);
#3718 = EDGE_CURVE('',#3571,#3681,#3719,.T.);
#3719 = B_SPLINE_CURVE_WITH_KNOTS('',3,(#3720,#3721,#3722,#3723),
  .UNSPECIFIED.,.F.,.F.,(4,4),(-1.,0.),.PIECEWISE_BEZIER_KNOTS.);
#3720 = CARTESIAN_POINT('',(62.657056877558,-128.6780538629,-2.));
#3721 = CARTESIAN_POINT('',(69.665439582965,-128.6780538629,-2.));
#3722 = CARTESIAN_POINT('',(69.816747508984,-128.6341965855,-2.));
#3723 = CARTESIAN_POINT('',(70.290406230598,-126.4172144586,-2.));
#3724 = ORIENTED_EDGE('',*,*,#3680,.T.);
#3725 = ORIENTED_EDGE('',*,*,#3726,.T.);
#3726 = EDGE_CURVE('',#3683,#3580,#3727,.T.);
#3727 = B_SPLINE_CURVE_WITH_KNOTS('',3,(#3728,#3729,#3730,#3731),
  .UNSPECIFIED.,.F.,.F.,(4,4),(0.,0.691227625207),
  .PIECEWISE_BEZIER_KNOTS.);
#3728 = CARTESIAN_POINT('',(70.290406230598,-126.4172144586,0.));
#3729 = CARTESIAN_POINT('',(69.816747508984,-128.6341965855,0.));
#3730 = CARTESIAN_POINT('',(69.665439582965,-128.6780538629,0.));
#3731 = CARTESIAN_POINT('',(62.657056877558,-128.6780538629,0.));
#3732 = B_SPLINE_SURFACE_WITH_KNOTS('',3,1,(
    (#3733,#3734)
    ,(#3735,#3736)
    ,(#3737,#3738)
    ,(#3739,#3740
    )),.UNSPECIFIED.,.F.,.F.,.F.,(4,4),(2,2),(-1.,0.),(0.,1.),
  .PIECEWISE_BEZIER_KNOTS.);
#3733 = CARTESIAN_POINT('',(62.657056877558,-128.6780538629,-2.));
#3734 = CARTESIAN_POINT('',(62.657056877558,-128.6780538629,8.));
#3735 = CARTESIAN_POINT('',(69.665439582965,-128.6780538629,-2.));
#3736 = CARTESIAN_POINT('',(69.665439582965,-128.6780538629,8.));
#3737 = CARTESIAN_POINT('',(69.816747508984,-128.6341965855,-2.));
#3738 = CARTESIAN_POINT('',(69.816747508984,-128.6341965855,8.));
#3739 = CARTESIAN_POINT('',(70.290406230598,-126.4172144586,-2.));
#3740 = CARTESIAN_POINT('',(70.290406230598,-126.4172144586,8.));
#3741 = ADVANCED_FACE('',(#3742),#3778,.F.);
#3742 = FACE_BOUND('',#3743,.F.);
#3743 = EDGE_LOOP('',(#3744,#3754,#3763,#3771));
#3744 = ORIENTED_EDGE('',*,*,#3745,.F.);
#3745 = EDGE_CURVE('',#3746,#3748,#3750,.T.);
#3746 = VERTEX_POINT('',#3747);
#3747 = CARTESIAN_POINT('',(92.622499143577,-99.91430011989,-2.));
#3748 = VERTEX_POINT('',#3749);
#3749 = CARTESIAN_POINT('',(92.622499143577,-99.91430011989,0.));
#3750 = LINE('',#3751,#3752);
#3751 = CARTESIAN_POINT('',(92.622499143577,-99.91430011989,-2.));
#3752 = VECTOR('',#3753,1.);
#3753 = DIRECTION('',(0.,0.,1.));
#3754 = ORIENTED_EDGE('',*,*,#3755,.T.);
#3755 = EDGE_CURVE('',#3746,#3756,#3758,.T.);
#3756 = VERTEX_POINT('',#3757);
#3757 = CARTESIAN_POINT('',(100.82160529451,-102.6816892955,-2.));
#3758 = B_SPLINE_CURVE_WITH_KNOTS('',3,(#3759,#3760,#3761,#3762),
  .UNSPECIFIED.,.F.,.F.,(4,4),(-1.,0.),.PIECEWISE_BEZIER_KNOTS.);
#3759 = CARTESIAN_POINT('',(92.622499143577,-99.91430011989,-2.));
#3760 = CARTESIAN_POINT('',(97.806421785136,-103.5983051493,-2.));
#3761 = CARTESIAN_POINT('',(97.968691337994,-103.6531266677,-2.));
#3762 = CARTESIAN_POINT('',(100.82160529451,-102.6816892955,-2.));
#3763 = ORIENTED_EDGE('',*,*,#3764,.T.);
#3764 = EDGE_CURVE('',#3756,#3765,#3767,.T.);
#3765 = VERTEX_POINT('',#3766);
#3766 = CARTESIAN_POINT('',(100.82160529451,-102.6816892955,0.));
#3767 = LINE('',#3768,#3769);
#3768 = CARTESIAN_POINT('',(100.82160529451,-102.6816892955,-2.));
#3769 = VECTOR('',#3770,1.);
#3770 = DIRECTION('',(0.,0.,1.));
#3771 = ORIENTED_EDGE('',*,*,#3772,.T.);
#3772 = EDGE_CURVE('',#3765,#3748,#3773,.T.);
#3773 = B_SPLINE_CURVE_WITH_KNOTS('',3,(#3774,#3775,#3776,#3777),
  .UNSPECIFIED.,.F.,.F.,(4,4),(0.,0.910135785138),
  .PIECEWISE_BEZIER_KNOTS.);
#3774 = CARTESIAN_POINT('',(100.82160529451,-102.6816892955,0.));
#3775 = CARTESIAN_POINT('',(97.968691337994,-103.6531266677,0.));
#3776 = CARTESIAN_POINT('',(97.806421785136,-103.5983051493,0.));
#3777 = CARTESIAN_POINT('',(92.622499143577,-99.91430011989,0.));
#3778 = B_SPLINE_SURFACE_WITH_KNOTS('',3,1,(
    (#3779,#3780)
    ,(#3781,#3782)
    ,(#3783,#3784)
    ,(#3785,#3786
    )),.UNSPECIFIED.,.F.,.F.,.F.,(4,4),(2,2),(-1.,0.),(0.,1.),
  .PIECEWISE_BEZIER_KNOTS.);
#3779 = CARTESIAN_POINT('',(92.622499143577,-99.91430011989,-2.));
#3780 = CARTESIAN_POINT('',(92.622499143577,-99.91430011989,8.));
#3781 = CARTESIAN_POINT('',(97.806421785136,-103.5983051493,-2.));
#3782 = CARTESIAN_POINT('',(97.806421785136,-103.5983051493,8.));
#3783 = CARTESIAN_POINT('',(97.968691337994,-103.6531266677,-2.));
#3784 = CARTESIAN_POINT('',(97.968691337994,-103.6531266677,8.));
#3785 = CARTESIAN_POINT('',(100.82160529451,-102.6816892955,-2.));
#3786 = CARTESIAN_POINT('',(100.82160529451,-102.6816892955,8.));
#3787 = ADVANCED_FACE('',(#3788),#3815,.F.);
#3788 = FACE_BOUND('',#3789,.F.);
#3789 = EDGE_LOOP('',(#3790,#3800,#3807,#3808));
#3790 = ORIENTED_EDGE('',*,*,#3791,.F.);
#3791 = EDGE_CURVE('',#3792,#3794,#3796,.T.);
#3792 = VERTEX_POINT('',#3793);
#3793 = CARTESIAN_POINT('',(87.780662241169,-94.90799866242,-2.));
#3794 = VERTEX_POINT('',#3795);
#3795 = CARTESIAN_POINT('',(87.780662241169,-94.90799866242,0.));
#3796 = LINE('',#3797,#3798);
#3797 = CARTESIAN_POINT('',(87.780662241169,-94.90799866242,-2.));
#3798 = VECTOR('',#3799,1.);
#3799 = DIRECTION('',(0.,0.,1.));
#3800 = ORIENTED_EDGE('',*,*,#3801,.T.);
#3801 = EDGE_CURVE('',#3792,#3746,#3802,.T.);
#3802 = B_SPLINE_CURVE_WITH_KNOTS('',3,(#3803,#3804,#3805,#3806),
  .UNSPECIFIED.,.F.,.F.,(4,4),(-1.,0.),.PIECEWISE_BEZIER_KNOTS.);
#3803 = CARTESIAN_POINT('',(87.780662241169,-94.90799866242,-2.));
#3804 = CARTESIAN_POINT('',(87.33989843819,-96.12942035137,-2.));
#3805 = CARTESIAN_POINT('',(87.438576502017,-96.2302934174,-2.));
#3806 = CARTESIAN_POINT('',(92.622499143577,-99.91430011989,-2.));
#3807 = ORIENTED_EDGE('',*,*,#3745,.T.);
#3808 = ORIENTED_EDGE('',*,*,#3809,.T.);
#3809 = EDGE_CURVE('',#3748,#3794,#3810,.T.);
#3810 = B_SPLINE_CURVE_WITH_KNOTS('',3,(#3811,#3812,#3813,#3814),
  .UNSPECIFIED.,.F.,.F.,(4,4),(0.,1.74073267683),
  .PIECEWISE_BEZIER_KNOTS.);
#3811 = CARTESIAN_POINT('',(92.622499143577,-99.91430011989,0.));
#3812 = CARTESIAN_POINT('',(87.438576502017,-96.2302934174,0.));
#3813 = CARTESIAN_POINT('',(87.33989843819,-96.12942035137,0.));
#3814 = CARTESIAN_POINT('',(87.780662241169,-94.90799866242,0.));
#3815 = B_SPLINE_SURFACE_WITH_KNOTS('',3,1,(
    (#3816,#3817)
    ,(#3818,#3819)
    ,(#3820,#3821)
    ,(#3822,#3823
    )),.UNSPECIFIED.,.F.,.F.,.F.,(4,4),(2,2),(-1.,0.),(0.,1.),
  .PIECEWISE_BEZIER_KNOTS.);
#3816 = CARTESIAN_POINT('',(87.780662241169,-94.90799866242,-2.));
#3817 = CARTESIAN_POINT('',(87.780662241169,-94.90799866242,8.));
#3818 = CARTESIAN_POINT('',(87.33989843819,-96.12942035137,-2.));
#3819 = CARTESIAN_POINT('',(87.33989843819,-96.12942035137,8.));
#3820 = CARTESIAN_POINT('',(87.438576502017,-96.2302934174,-2.));
#3821 = CARTESIAN_POINT('',(87.438576502017,-96.2302934174,8.));
#3822 = CARTESIAN_POINT('',(92.622499143577,-99.91430011989,-2.));
#3823 = CARTESIAN_POINT('',(92.622499143577,-99.91430011989,8.));
#3824 = ADVANCED_FACE('',(#3825),#3852,.F.);
#3825 = FACE_BOUND('',#3826,.F.);
#3826 = EDGE_LOOP('',(#3827,#3837,#3844,#3845));
#3827 = ORIENTED_EDGE('',*,*,#3828,.F.);
#3828 = EDGE_CURVE('',#3829,#3831,#3833,.T.);
#3829 = VERTEX_POINT('',#3830);
#3830 = CARTESIAN_POINT('',(94.39652602045,-93.39930940663,-2.));
#3831 = VERTEX_POINT('',#3832);
#3832 = CARTESIAN_POINT('',(94.39652602045,-93.39930940663,0.));
#3833 = LINE('',#3834,#3835);
#3834 = CARTESIAN_POINT('',(94.39652602045,-93.39930940663,-2.));
#3835 = VECTOR('',#3836,1.);
#3836 = DIRECTION('',(0.,0.,1.));
#3837 = ORIENTED_EDGE('',*,*,#3838,.T.);
#3838 = EDGE_CURVE('',#3829,#3792,#3839,.T.);
#3839 = B_SPLINE_CURVE_WITH_KNOTS('',3,(#3840,#3841,#3842,#3843),
  .UNSPECIFIED.,.F.,.F.,(4,4),(-1.,0.),.PIECEWISE_BEZIER_KNOTS.);
#3840 = CARTESIAN_POINT('',(94.39652602045,-93.39930940663,-2.));
#3841 = CARTESIAN_POINT('',(88.35080737045,-93.65368205484,-2.));
#3842 = CARTESIAN_POINT('',(88.219234387988,-93.68438197127,-2.));
#3843 = CARTESIAN_POINT('',(87.780662241169,-94.90799866242,-2.));
#3844 = ORIENTED_EDGE('',*,*,#3791,.T.);
#3845 = ORIENTED_EDGE('',*,*,#3846,.T.);
#3846 = EDGE_CURVE('',#3794,#3831,#3847,.T.);
#3847 = B_SPLINE_CURVE_WITH_KNOTS('',3,(#3848,#3849,#3850,#3851),
  .UNSPECIFIED.,.F.,.F.,(4,4),(0.,0.443770856408),
  .PIECEWISE_BEZIER_KNOTS.);
#3848 = CARTESIAN_POINT('',(87.780662241169,-94.90799866242,0.));
#3849 = CARTESIAN_POINT('',(88.219234387988,-93.68438197127,0.));
#3850 = CARTESIAN_POINT('',(88.35080737045,-93.65368205484,0.));
#3851 = CARTESIAN_POINT('',(94.39652602045,-93.39930940663,0.));
#3852 = B_SPLINE_SURFACE_WITH_KNOTS('',3,1,(
    (#3853,#3854)
    ,(#3855,#3856)
    ,(#3857,#3858)
    ,(#3859,#3860
    )),.UNSPECIFIED.,.F.,.F.,.F.,(4,4),(2,2),(-1.,0.),(0.,1.),
  .PIECEWISE_BEZIER_KNOTS.);
#3853 = CARTESIAN_POINT('',(94.39652602045,-93.39930940663,-2.));
#3854 = CARTESIAN_POINT('',(94.39652602045,-93.39930940663,8.));
#3855 = CARTESIAN_POINT('',(88.35080737045,-93.65368205484,-2.));
#3856 = CARTESIAN_POINT('',(88.35080737045,-93.65368205484,8.));
#3857 = CARTESIAN_POINT('',(88.219234387988,-93.68438197127,-2.));
#3858 = CARTESIAN_POINT('',(88.219234387988,-93.68438197127,8.));
#3859 = CARTESIAN_POINT('',(87.780662241169,-94.90799866242,-2.));
#3860 = CARTESIAN_POINT('',(87.780662241169,-94.90799866242,8.));
#3861 = ADVANCED_FACE('',(#3862),#3889,.F.);
#3862 = FACE_BOUND('',#3863,.F.);
#3863 = EDGE_LOOP('',(#3864,#3874,#3881,#3882));
#3864 = ORIENTED_EDGE('',*,*,#3865,.F.);
#3865 = EDGE_CURVE('',#3866,#3868,#3870,.T.);
#3866 = VERTEX_POINT('',#3867);
#3867 = CARTESIAN_POINT('',(102.15047836401,-97.41443687539,-2.));
#3868 = VERTEX_POINT('',#3869);
#3869 = CARTESIAN_POINT('',(102.15047836401,-97.41443687539,0.));
#3870 = LINE('',#3871,#3872);
#3871 = CARTESIAN_POINT('',(102.15047836401,-97.41443687539,-2.));
#3872 = VECTOR('',#3873,1.);
#3873 = DIRECTION('',(0.,0.,1.));
#3874 = ORIENTED_EDGE('',*,*,#3875,.T.);
#3875 = EDGE_CURVE('',#3866,#3829,#3876,.T.);
#3876 = B_SPLINE_CURVE_WITH_KNOTS('',3,(#3877,#3878,#3879,#3880),
  .UNSPECIFIED.,.F.,.F.,(4,4),(-1.,0.),.PIECEWISE_BEZIER_KNOTS.);
#3877 = CARTESIAN_POINT('',(102.15047836401,-97.41443687539,-2.));
#3878 = CARTESIAN_POINT('',(100.59793590878,-93.2260748809,-2.));
#3879 = CARTESIAN_POINT('',(100.44223797837,-93.14494010447,-2.));
#3880 = CARTESIAN_POINT('',(94.39652602045,-93.39930940663,-2.));
#3881 = ORIENTED_EDGE('',*,*,#3828,.T.);
#3882 = ORIENTED_EDGE('',*,*,#3883,.T.);
#3883 = EDGE_CURVE('',#3831,#3868,#3884,.T.);
#3884 = B_SPLINE_CURVE_WITH_KNOTS('',3,(#3885,#3886,#3887,#3888),
  .UNSPECIFIED.,.F.,.F.,(4,4),(0.,1.822263619779),
  .PIECEWISE_BEZIER_KNOTS.);
#3885 = CARTESIAN_POINT('',(94.39652602045,-93.39930940663,0.));
#3886 = CARTESIAN_POINT('',(100.44223797837,-93.14494010447,0.));
#3887 = CARTESIAN_POINT('',(100.59793590878,-93.2260748809,0.));
#3888 = CARTESIAN_POINT('',(102.15047836401,-97.41443687539,0.));
#3889 = B_SPLINE_SURFACE_WITH_KNOTS('',3,1,(
    (#3890,#3891)
    ,(#3892,#3893)
    ,(#3894,#3895)
    ,(#3896,#3897
    )),.UNSPECIFIED.,.F.,.F.,.F.,(4,4),(2,2),(-1.,0.),(0.,1.),
  .PIECEWISE_BEZIER_KNOTS.);
#3890 = CARTESIAN_POINT('',(102.15047836401,-97.41443687539,-2.));
#3891 = CARTESIAN_POINT('',(102.15047836401,-97.41443687539,8.));
#3892 = CARTESIAN_POINT('',(100.59793590878,-93.2260748809,-2.));
#3893 = CARTESIAN_POINT('',(100.59793590878,-93.2260748809,8.));
#3894 = CARTESIAN_POINT('',(100.44223797837,-93.14494010447,-2.));
#3895 = CARTESIAN_POINT('',(100.44223797837,-93.14494010447,8.));
#3896 = CARTESIAN_POINT('',(94.39652602045,-93.39930940663,-2.));
#3897 = CARTESIAN_POINT('',(94.39652602045,-93.39930940663,8.));
#3898 = ADVANCED_FACE('',(#3899),#3917,.F.);
#3899 = FACE_BOUND('',#3900,.F.);
#3900 = EDGE_LOOP('',(#3901,#3902,#3909,#3910));
#3901 = ORIENTED_EDGE('',*,*,#3764,.F.);
#3902 = ORIENTED_EDGE('',*,*,#3903,.T.);
#3903 = EDGE_CURVE('',#3756,#3866,#3904,.T.);
#3904 = B_SPLINE_CURVE_WITH_KNOTS('',3,(#3905,#3906,#3907,#3908),
  .UNSPECIFIED.,.F.,.F.,(4,4),(-1.,0.),.PIECEWISE_BEZIER_KNOTS.);
#3905 = CARTESIAN_POINT('',(100.82160529451,-102.6816892955,-2.));
#3906 = CARTESIAN_POINT('',(103.67451925104,-101.7102535964,-2.));
#3907 = CARTESIAN_POINT('',(103.70083250911,-101.604993872,-2.));
#3908 = CARTESIAN_POINT('',(102.15047836401,-97.41443687539,-2.));
#3909 = ORIENTED_EDGE('',*,*,#3865,.T.);
#3910 = ORIENTED_EDGE('',*,*,#3911,.T.);
#3911 = EDGE_CURVE('',#3868,#3765,#3912,.T.);
#3912 = B_SPLINE_CURVE_WITH_KNOTS('',3,(#3913,#3914,#3915,#3916),
  .UNSPECIFIED.,.F.,.F.,(4,4),(0.,1.316949546302),
  .PIECEWISE_BEZIER_KNOTS.);
#3913 = CARTESIAN_POINT('',(102.15047836401,-97.41443687539,0.));
#3914 = CARTESIAN_POINT('',(103.70083250911,-101.604993872,0.));
#3915 = CARTESIAN_POINT('',(103.67451925104,-101.7102535964,0.));
#3916 = CARTESIAN_POINT('',(100.82160529451,-102.6816892955,0.));
#3917 = B_SPLINE_SURFACE_WITH_KNOTS('',3,1,(
    (#3918,#3919)
    ,(#3920,#3921)
    ,(#3922,#3923)
    ,(#3924,#3925
    )),.UNSPECIFIED.,.F.,.F.,.F.,(4,4),(2,2),(-1.,0.),(0.,1.),
  .PIECEWISE_BEZIER_KNOTS.);
#3918 = CARTESIAN_POINT('',(100.82160529451,-102.6816892955,-2.));
#3919 = CARTESIAN_POINT('',(100.82160529451,-102.6816892955,8.));
#3920 = CARTESIAN_POINT('',(103.67451925104,-101.7102535964,-2.));
#3921 = CARTESIAN_POINT('',(103.67451925104,-101.7102535964,8.));
#3922 = CARTESIAN_POINT('',(103.70083250911,-101.604993872,-2.));
#3923 = CARTESIAN_POINT('',(103.70083250911,-101.604993872,8.));
#3924 = CARTESIAN_POINT('',(102.15047836401,-97.41443687539,-2.));
#3925 = CARTESIAN_POINT('',(102.15047836401,-97.41443687539,8.));
#3926 = ADVANCED_FACE('',(#3927),#3963,.F.);
#3927 = FACE_BOUND('',#3928,.F.);
#3928 = EDGE_LOOP('',(#3929,#3939,#3948,#3956));
#3929 = ORIENTED_EDGE('',*,*,#3930,.F.);
#3930 = EDGE_CURVE('',#3931,#3933,#3935,.T.);
#3931 = VERTEX_POINT('',#3932);
#3932 = CARTESIAN_POINT('',(84.276471724976,-104.1706419348,-2.));
#3933 = VERTEX_POINT('',#3934);
#3934 = CARTESIAN_POINT('',(84.276471724976,-104.1706419348,0.));
#3935 = LINE('',#3936,#3937);
#3936 = CARTESIAN_POINT('',(84.276471724976,-104.1706419348,-2.));
#3937 = VECTOR('',#3938,1.);
#3938 = DIRECTION('',(0.,0.,1.));
#3939 = ORIENTED_EDGE('',*,*,#3940,.T.);
#3940 = EDGE_CURVE('',#3931,#3941,#3943,.T.);
#3941 = VERTEX_POINT('',#3942);
#3942 = CARTESIAN_POINT('',(90.287103800181,-109.6374438118,-2.));
#3943 = B_SPLINE_CURVE_WITH_KNOTS('',3,(#3944,#3945,#3946,#3947),
  .UNSPECIFIED.,.F.,.F.,(4,4),(-1.,0.),.PIECEWISE_BEZIER_KNOTS.);
#3944 = CARTESIAN_POINT('',(84.276471724976,-104.1706419348,-2.));
#3945 = CARTESIAN_POINT('',(84.574700918654,-109.2076433087,-2.));
#3946 = CARTESIAN_POINT('',(84.695308928237,-109.3172863454,-2.));
#3947 = CARTESIAN_POINT('',(90.287103800181,-109.6374438118,-2.));
#3948 = ORIENTED_EDGE('',*,*,#3949,.T.);
#3949 = EDGE_CURVE('',#3941,#3950,#3952,.T.);
#3950 = VERTEX_POINT('',#3951);
#3951 = CARTESIAN_POINT('',(90.287103800181,-109.6374438118,0.));
#3952 = LINE('',#3953,#3954);
#3953 = CARTESIAN_POINT('',(90.287103800181,-109.6374438118,-2.));
#3954 = VECTOR('',#3955,1.);
#3955 = DIRECTION('',(0.,0.,1.));
#3956 = ORIENTED_EDGE('',*,*,#3957,.T.);
#3957 = EDGE_CURVE('',#3950,#3933,#3958,.T.);
#3958 = B_SPLINE_CURVE_WITH_KNOTS('',3,(#3959,#3960,#3961,#3962),
  .UNSPECIFIED.,.F.,.F.,(4,4),(0.,1.661705825781),
  .PIECEWISE_BEZIER_KNOTS.);
#3959 = CARTESIAN_POINT('',(90.287103800181,-109.6374438118,0.));
#3960 = CARTESIAN_POINT('',(84.695308928237,-109.3172863454,0.));
#3961 = CARTESIAN_POINT('',(84.574700918654,-109.2076433087,0.));
#3962 = CARTESIAN_POINT('',(84.276471724976,-104.1706419348,0.));
#3963 = B_SPLINE_SURFACE_WITH_KNOTS('',3,1,(
    (#3964,#3965)
    ,(#3966,#3967)
    ,(#3968,#3969)
    ,(#3970,#3971
    )),.UNSPECIFIED.,.F.,.F.,.F.,(4,4),(2,2),(-1.,0.),(0.,1.),
  .PIECEWISE_BEZIER_KNOTS.);
#3964 = CARTESIAN_POINT('',(84.276471724976,-104.1706419348,-2.));
#3965 = CARTESIAN_POINT('',(84.276471724976,-104.1706419348,8.));
#3966 = CARTESIAN_POINT('',(84.574700918654,-109.2076433087,-2.));
#3967 = CARTESIAN_POINT('',(84.574700918654,-109.2076433087,8.));
#3968 = CARTESIAN_POINT('',(84.695308928237,-109.3172863454,-2.));
#3969 = CARTESIAN_POINT('',(84.695308928237,-109.3172863454,8.));
#3970 = CARTESIAN_POINT('',(90.287103800181,-109.6374438118,-2.));
#3971 = CARTESIAN_POINT('',(90.287103800181,-109.6374438118,8.));
#3972 = ADVANCED_FACE('',(#3973),#4000,.F.);
#3973 = FACE_BOUND('',#3974,.F.);
#3974 = EDGE_LOOP('',(#3975,#3985,#3992,#3993));
#3975 = ORIENTED_EDGE('',*,*,#3976,.F.);
#3976 = EDGE_CURVE('',#3977,#3979,#3981,.T.);
#3977 = VERTEX_POINT('',#3978);
#3978 = CARTESIAN_POINT('',(85.138264387376,-98.13808158685,-2.));
#3979 = VERTEX_POINT('',#3980);
#3980 = CARTESIAN_POINT('',(85.138264387376,-98.13808158685,0.));
#3981 = LINE('',#3982,#3983);
#3982 = CARTESIAN_POINT('',(85.138264387376,-98.13808158685,-2.));
#3983 = VECTOR('',#3984,1.);
#3984 = DIRECTION('',(0.,0.,1.));
#3985 = ORIENTED_EDGE('',*,*,#3986,.T.);
#3986 = EDGE_CURVE('',#3977,#3931,#3987,.T.);
#3987 = B_SPLINE_CURVE_WITH_KNOTS('',3,(#3988,#3989,#3990,#3991),
  .UNSPECIFIED.,.F.,.F.,(4,4),(-1.,0.),.PIECEWISE_BEZIER_KNOTS.);
#3988 = CARTESIAN_POINT('',(85.138264387376,-98.13808158685,-2.));
#3989 = CARTESIAN_POINT('',(83.993590816495,-99.01303422433,-2.));
#3990 = CARTESIAN_POINT('',(83.976050875137,-99.13364223392,-2.));
#3991 = CARTESIAN_POINT('',(84.276471724976,-104.1706419348,-2.));
#3992 = ORIENTED_EDGE('',*,*,#3930,.T.);
#3993 = ORIENTED_EDGE('',*,*,#3994,.T.);
#3994 = EDGE_CURVE('',#3933,#3979,#3995,.T.);
#3995 = B_SPLINE_CURVE_WITH_KNOTS('',3,(#3996,#3997,#3998,#3999),
  .UNSPECIFIED.,.F.,.F.,(4,4),(0.,1.514268727712),
  .PIECEWISE_BEZIER_KNOTS.);
#3996 = CARTESIAN_POINT('',(84.276471724976,-104.1706419348,0.));
#3997 = CARTESIAN_POINT('',(83.976050875137,-99.13364223392,0.));
#3998 = CARTESIAN_POINT('',(83.993590816495,-99.01303422433,0.));
#3999 = CARTESIAN_POINT('',(85.138264387376,-98.13808158685,0.));
#4000 = B_SPLINE_SURFACE_WITH_KNOTS('',3,1,(
    (#4001,#4002)
    ,(#4003,#4004)
    ,(#4005,#4006)
    ,(#4007,#4008
    )),.UNSPECIFIED.,.F.,.F.,.F.,(4,4),(2,2),(-1.,0.),(0.,1.),
  .PIECEWISE_BEZIER_KNOTS.);
#4001 = CARTESIAN_POINT('',(85.138264387376,-98.13808158685,-2.));
#4002 = CARTESIAN_POINT('',(85.138264387376,-98.13808158685,8.));
#4003 = CARTESIAN_POINT('',(83.993590816495,-99.01303422433,-2.));
#4004 = CARTESIAN_POINT('',(83.993590816495,-99.01303422433,8.));
#4005 = CARTESIAN_POINT('',(83.976050875137,-99.13364223392,-2.));
#4006 = CARTESIAN_POINT('',(83.976050875137,-99.13364223392,8.));
#4007 = CARTESIAN_POINT('',(84.276471724976,-104.1706419348,-2.));
#4008 = CARTESIAN_POINT('',(84.276471724976,-104.1706419348,8.));
#4009 = ADVANCED_FACE('',(#4010),#4037,.F.);
#4010 = FACE_BOUND('',#4011,.F.);
#4011 = EDGE_LOOP('',(#4012,#4022,#4029,#4030));
#4012 = ORIENTED_EDGE('',*,*,#4013,.F.);
#4013 = EDGE_CURVE('',#4014,#4016,#4018,.T.);
#4014 = VERTEX_POINT('',#4015);
#4015 = CARTESIAN_POINT('',(91.596241926119,-101.0063438285,-2.));
#4016 = VERTEX_POINT('',#4017);
#4017 = CARTESIAN_POINT('',(91.596241926119,-101.0063438285,0.));
#4018 = LINE('',#4019,#4020);
#4019 = CARTESIAN_POINT('',(91.596241926119,-101.0063438285,-2.));
#4020 = VECTOR('',#4021,1.);
#4021 = DIRECTION('',(0.,0.,1.));
#4022 = ORIENTED_EDGE('',*,*,#4023,.T.);
#4023 = EDGE_CURVE('',#4014,#3977,#4024,.T.);
#4024 = B_SPLINE_CURVE_WITH_KNOTS('',3,(#4025,#4026,#4027,#4028),
  .UNSPECIFIED.,.F.,.F.,(4,4),(-1.,0.),.PIECEWISE_BEZIER_KNOTS.);
#4025 = CARTESIAN_POINT('',(91.596241926119,-101.0063438285,-2.));
#4026 = CARTESIAN_POINT('',(86.412319284559,-97.32233712609,-2.));
#4027 = CARTESIAN_POINT('',(86.282937958257,-97.26313229542,-2.));
#4028 = CARTESIAN_POINT('',(85.138264387376,-98.13808158685,-2.));
#4029 = ORIENTED_EDGE('',*,*,#3976,.T.);
#4030 = ORIENTED_EDGE('',*,*,#4031,.T.);
#4031 = EDGE_CURVE('',#3979,#4016,#4032,.T.);
#4032 = B_SPLINE_CURVE_WITH_KNOTS('',3,(#4033,#4034,#4035,#4036),
  .UNSPECIFIED.,.F.,.F.,(4,4),(0.,0.436821504545),
  .PIECEWISE_BEZIER_KNOTS.);
#4033 = CARTESIAN_POINT('',(85.138264387376,-98.13808158685,0.));
#4034 = CARTESIAN_POINT('',(86.282937958257,-97.26313229542,0.));
#4035 = CARTESIAN_POINT('',(86.412319284559,-97.32233712609,0.));
#4036 = CARTESIAN_POINT('',(91.596241926119,-101.0063438285,0.));
#4037 = B_SPLINE_SURFACE_WITH_KNOTS('',3,1,(
    (#4038,#4039)
    ,(#4040,#4041)
    ,(#4042,#4043)
    ,(#4044,#4045
    )),.UNSPECIFIED.,.F.,.F.,.F.,(4,4),(2,2),(-1.,0.),(0.,1.),
  .PIECEWISE_BEZIER_KNOTS.);
#4038 = CARTESIAN_POINT('',(91.596241926119,-101.0063438285,-2.));
#4039 = CARTESIAN_POINT('',(91.596241926119,-101.0063438285,8.));
#4040 = CARTESIAN_POINT('',(86.412319284559,-97.32233712609,-2.));
#4041 = CARTESIAN_POINT('',(86.412319284559,-97.32233712609,8.));
#4042 = CARTESIAN_POINT('',(86.282937958257,-97.26313229542,-2.));
#4043 = CARTESIAN_POINT('',(86.282937958257,-97.26313229542,8.));
#4044 = CARTESIAN_POINT('',(85.138264387376,-98.13808158685,-2.));
#4045 = CARTESIAN_POINT('',(85.138264387376,-98.13808158685,8.));
#4046 = ADVANCED_FACE('',(#4047),#4074,.F.);
#4047 = FACE_BOUND('',#4048,.F.);
#4048 = EDGE_LOOP('',(#4049,#4059,#4066,#4067));
#4049 = ORIENTED_EDGE('',*,*,#4050,.F.);
#4050 = EDGE_CURVE('',#4051,#4053,#4055,.T.);
#4051 = VERTEX_POINT('',#4052);
#4052 = CARTESIAN_POINT('',(96.440267138646,-107.3656399574,-2.));
#4053 = VERTEX_POINT('',#4054);
#4054 = CARTESIAN_POINT('',(96.440267138646,-107.3656399574,0.));
#4055 = LINE('',#4056,#4057);
#4056 = CARTESIAN_POINT('',(96.440267138646,-107.3656399574,-2.));
#4057 = VECTOR('',#4058,1.);
#4058 = DIRECTION('',(0.,0.,1.));
#4059 = ORIENTED_EDGE('',*,*,#4060,.T.);
#4060 = EDGE_CURVE('',#4051,#4014,#4061,.T.);
#4061 = B_SPLINE_CURVE_WITH_KNOTS('',3,(#4062,#4063,#4064,#4065),
  .UNSPECIFIED.,.F.,.F.,(4,4),(-1.,0.),.PIECEWISE_BEZIER_KNOTS.);
#4062 = CARTESIAN_POINT('',(96.440267138646,-107.3656399574,-2.));
#4063 = CARTESIAN_POINT('',(96.876650975346,-104.8153435259,-2.));
#4064 = CARTESIAN_POINT('',(96.780164567679,-104.6881572018,-2.));
#4065 = CARTESIAN_POINT('',(91.596241926119,-101.0063438285,-2.));
#4066 = ORIENTED_EDGE('',*,*,#4013,.T.);
#4067 = ORIENTED_EDGE('',*,*,#4068,.T.);
#4068 = EDGE_CURVE('',#4016,#4053,#4069,.T.);
#4069 = B_SPLINE_CURVE_WITH_KNOTS('',3,(#4070,#4071,#4072,#4073),
  .UNSPECIFIED.,.F.,.F.,(4,4),(0.,1.91643059311),
  .PIECEWISE_BEZIER_KNOTS.);
#4070 = CARTESIAN_POINT('',(91.596241926119,-101.0063438285,0.));
#4071 = CARTESIAN_POINT('',(96.780164567679,-104.6881572018,0.));
#4072 = CARTESIAN_POINT('',(96.876650975346,-104.8153435259,0.));
#4073 = CARTESIAN_POINT('',(96.440267138646,-107.3656399574,0.));
#4074 = B_SPLINE_SURFACE_WITH_KNOTS('',3,1,(
    (#4075,#4076)
    ,(#4077,#4078)
    ,(#4079,#4080)
    ,(#4081,#4082
    )),.UNSPECIFIED.,.F.,.F.,.F.,(4,4),(2,2),(-1.,0.),(0.,1.),
  .PIECEWISE_BEZIER_KNOTS.);
#4075 = CARTESIAN_POINT('',(96.440267138646,-107.3656399574,-2.));
#4076 = CARTESIAN_POINT('',(96.440267138646,-107.3656399574,8.));
#4077 = CARTESIAN_POINT('',(96.876650975346,-104.8153435259,-2.));
#4078 = CARTESIAN_POINT('',(96.876650975346,-104.8153435259,8.));
#4079 = CARTESIAN_POINT('',(96.780164567679,-104.6881572018,-2.));
#4080 = CARTESIAN_POINT('',(96.780164567679,-104.6881572018,8.));
#4081 = CARTESIAN_POINT('',(91.596241926119,-101.0063438285,-2.));
#4082 = CARTESIAN_POINT('',(91.596241926119,-101.0063438285,8.));
#4083 = ADVANCED_FACE('',(#4084),#4102,.F.);
#4084 = FACE_BOUND('',#4085,.F.);
#4085 = EDGE_LOOP('',(#4086,#4087,#4094,#4095));
#4086 = ORIENTED_EDGE('',*,*,#3949,.F.);
#4087 = ORIENTED_EDGE('',*,*,#4088,.T.);
#4088 = EDGE_CURVE('',#3941,#4051,#4089,.T.);
#4089 = B_SPLINE_CURVE_WITH_KNOTS('',3,(#4090,#4091,#4092,#4093),
  .UNSPECIFIED.,.F.,.F.,(4,4),(-1.,0.),.PIECEWISE_BEZIER_KNOTS.);
#4090 = CARTESIAN_POINT('',(90.287103800181,-109.6374438118,-2.));
#4091 = CARTESIAN_POINT('',(95.878895326084,-109.9597946074,-2.));
#4092 = CARTESIAN_POINT('',(96.001694991827,-109.9137447327,-2.));
#4093 = CARTESIAN_POINT('',(96.440267138646,-107.3656399574,-2.));
#4094 = ORIENTED_EDGE('',*,*,#4050,.T.);
#4095 = ORIENTED_EDGE('',*,*,#4096,.T.);
#4096 = EDGE_CURVE('',#4053,#3950,#4097,.T.);
#4097 = B_SPLINE_CURVE_WITH_KNOTS('',3,(#4098,#4099,#4100,#4101),
  .UNSPECIFIED.,.F.,.F.,(4,4),(0.,0.774387936405),
  .PIECEWISE_BEZIER_KNOTS.);
#4098 = CARTESIAN_POINT('',(96.440267138646,-107.3656399574,0.));
#4099 = CARTESIAN_POINT('',(96.001694991827,-109.9137447327,0.));
#4100 = CARTESIAN_POINT('',(95.878895326084,-109.9597946074,0.));
#4101 = CARTESIAN_POINT('',(90.287103800181,-109.6374438118,0.));
#4102 = B_SPLINE_SURFACE_WITH_KNOTS('',3,1,(
    (#4103,#4104)
    ,(#4105,#4106)
    ,(#4107,#4108)
    ,(#4109,#4110
    )),.UNSPECIFIED.,.F.,.F.,.F.,(4,4),(2,2),(-1.,0.),(0.,1.),
  .PIECEWISE_BEZIER_KNOTS.);
#4103 = CARTESIAN_POINT('',(90.287103800181,-109.6374438118,-2.));
#4104 = CARTESIAN_POINT('',(90.287103800181,-109.6374438118,8.));
#4105 = CARTESIAN_POINT('',(95.878895326084,-109.9597946074,-2.));
#4106 = CARTESIAN_POINT('',(95.878895326084,-109.9597946074,8.));
#4107 = CARTESIAN_POINT('',(96.001694991827,-109.9137447327,-2.));
#4108 = CARTESIAN_POINT('',(96.001694991827,-109.9137447327,8.));
#4109 = CARTESIAN_POINT('',(96.440267138646,-107.3656399574,-2.));
#4110 = CARTESIAN_POINT('',(96.440267138646,-107.3656399574,8.));
#4111 = ADVANCED_FACE('',(#4112),#4148,.F.);
#4112 = FACE_BOUND('',#4113,.F.);
#4113 = EDGE_LOOP('',(#4114,#4124,#4133,#4141));
#4114 = ORIENTED_EDGE('',*,*,#4115,.F.);
#4115 = EDGE_CURVE('',#4116,#4118,#4120,.T.);
#4116 = VERTEX_POINT('',#4117);
#4117 = CARTESIAN_POINT('',(90.282717141821,-116.1677836467,-2.));
#4118 = VERTEX_POINT('',#4119);
#4119 = CARTESIAN_POINT('',(90.282717141821,-116.1677836467,0.));
#4120 = LINE('',#4121,#4122);
#4121 = CARTESIAN_POINT('',(90.282717141821,-116.1677836467,-2.));
#4122 = VECTOR('',#4123,1.);
#4123 = DIRECTION('',(0.,0.,1.));
#4124 = ORIENTED_EDGE('',*,*,#4125,.T.);
#4125 = EDGE_CURVE('',#4116,#4126,#4128,.T.);
#4126 = VERTEX_POINT('',#4127);
#4127 = CARTESIAN_POINT('',(96.093798087174,-118.3738010099,-2.));
#4128 = B_SPLINE_CURVE_WITH_KNOTS('',3,(#4129,#4130,#4131,#4132),
  .UNSPECIFIED.,.F.,.F.,(4,4),(-1.,0.),.PIECEWISE_BEZIER_KNOTS.);
#4129 = CARTESIAN_POINT('',(90.282717141821,-116.1677836467,-2.));
#4130 = CARTESIAN_POINT('',(94.718876816045,-121.1982058696,-2.));
#4131 = CARTESIAN_POINT('',(94.835098167269,-121.2420632516,-2.));
#4132 = CARTESIAN_POINT('',(96.093798087174,-118.3738010099,-2.));
#4133 = ORIENTED_EDGE('',*,*,#4134,.T.);
#4134 = EDGE_CURVE('',#4126,#4135,#4137,.T.);
#4135 = VERTEX_POINT('',#4136);
#4136 = CARTESIAN_POINT('',(96.093798087174,-118.3738010099,0.));
#4137 = LINE('',#4138,#4139);
#4138 = CARTESIAN_POINT('',(96.093798087174,-118.3738010099,-2.));
#4139 = VECTOR('',#4140,1.);
#4140 = DIRECTION('',(0.,0.,1.));
#4141 = ORIENTED_EDGE('',*,*,#4142,.T.);
#4142 = EDGE_CURVE('',#4135,#4118,#4143,.T.);
#4143 = B_SPLINE_CURVE_WITH_KNOTS('',3,(#4144,#4145,#4146,#4147),
  .UNSPECIFIED.,.F.,.F.,(4,4),(0.,1.158146534854),
  .PIECEWISE_BEZIER_KNOTS.);
#4144 = CARTESIAN_POINT('',(96.093798087174,-118.3738010099,0.));
#4145 = CARTESIAN_POINT('',(94.835098167269,-121.2420632516,0.));
#4146 = CARTESIAN_POINT('',(94.718876816045,-121.1982058696,0.));
#4147 = CARTESIAN_POINT('',(90.282717141821,-116.1677836467,0.));
#4148 = B_SPLINE_SURFACE_WITH_KNOTS('',3,1,(
    (#4149,#4150)
    ,(#4151,#4152)
    ,(#4153,#4154)
    ,(#4155,#4156
    )),.UNSPECIFIED.,.F.,.F.,.F.,(4,4),(2,2),(-1.,0.),(0.,1.),
  .PIECEWISE_BEZIER_KNOTS.);
#4149 = CARTESIAN_POINT('',(90.282717141821,-116.1677836467,-2.));
#4150 = CARTESIAN_POINT('',(90.282717141821,-116.1677836467,8.));
#4151 = CARTESIAN_POINT('',(94.718876816045,-121.1982058696,-2.));
#4152 = CARTESIAN_POINT('',(94.718876816045,-121.1982058696,8.));
#4153 = CARTESIAN_POINT('',(94.835098167269,-121.2420632516,-2.));
#4154 = CARTESIAN_POINT('',(94.835098167269,-121.2420632516,8.));
#4155 = CARTESIAN_POINT('',(96.093798087174,-118.3738010099,-2.));
#4156 = CARTESIAN_POINT('',(96.093798087174,-118.3738010099,8.));
#4157 = ADVANCED_FACE('',(#4158),#4185,.F.);
#4158 = FACE_BOUND('',#4159,.F.);
#4159 = EDGE_LOOP('',(#4160,#4170,#4177,#4178));
#4160 = ORIENTED_EDGE('',*,*,#4161,.F.);
#4161 = EDGE_CURVE('',#4162,#4164,#4166,.T.);
#4162 = VERTEX_POINT('',#4163);
#4163 = CARTESIAN_POINT('',(91.245382870248,-111.240424473,-2.));
#4164 = VERTEX_POINT('',#4165);
#4165 = CARTESIAN_POINT('',(91.245382870248,-111.240424473,0.));
#4166 = LINE('',#4167,#4168);
#4167 = CARTESIAN_POINT('',(91.245382870248,-111.240424473,-2.));
#4168 = VECTOR('',#4169,1.);
#4169 = DIRECTION('',(0.,0.,1.));
#4170 = ORIENTED_EDGE('',*,*,#4171,.T.);
#4171 = EDGE_CURVE('',#4162,#4116,#4172,.T.);
#4172 = B_SPLINE_CURVE_WITH_KNOTS('',3,(#4173,#4174,#4175,#4176),
  .UNSPECIFIED.,.F.,.F.,(4,4),(-1.,0.),.PIECEWISE_BEZIER_KNOTS.);
#4173 = CARTESIAN_POINT('',(91.245382870248,-111.240424473,-2.));
#4174 = CARTESIAN_POINT('',(85.864104101035,-111.038681687,-2.));
#4175 = CARTESIAN_POINT('',(85.844365811438,-111.1373614239,-2.));
#4176 = CARTESIAN_POINT('',(90.282717141821,-116.1677836467,-2.));
#4177 = ORIENTED_EDGE('',*,*,#4115,.T.);
#4178 = ORIENTED_EDGE('',*,*,#4179,.T.);
#4179 = EDGE_CURVE('',#4118,#4164,#4180,.T.);
#4180 = B_SPLINE_CURVE_WITH_KNOTS('',3,(#4181,#4182,#4183,#4184),
  .UNSPECIFIED.,.F.,.F.,(4,4),(0.,2.050036999548),
  .PIECEWISE_BEZIER_KNOTS.);
#4181 = CARTESIAN_POINT('',(90.282717141821,-116.1677836467,0.));
#4182 = CARTESIAN_POINT('',(85.844365811438,-111.1373614239,0.));
#4183 = CARTESIAN_POINT('',(85.864104101035,-111.038681687,0.));
#4184 = CARTESIAN_POINT('',(91.245382870248,-111.240424473,0.));
#4185 = B_SPLINE_SURFACE_WITH_KNOTS('',3,1,(
    (#4186,#4187)
    ,(#4188,#4189)
    ,(#4190,#4191)
    ,(#4192,#4193
    )),.UNSPECIFIED.,.F.,.F.,.F.,(4,4),(2,2),(-1.,0.),(0.,1.),
  .PIECEWISE_BEZIER_KNOTS.);
#4186 = CARTESIAN_POINT('',(91.245382870248,-111.240424473,-2.));
#4187 = CARTESIAN_POINT('',(91.245382870248,-111.240424473,8.));
#4188 = CARTESIAN_POINT('',(85.864104101035,-111.038681687,-2.));
#4189 = CARTESIAN_POINT('',(85.864104101035,-111.038681687,8.));
#4190 = CARTESIAN_POINT('',(85.844365811438,-111.1373614239,-2.));
#4191 = CARTESIAN_POINT('',(85.844365811438,-111.1373614239,8.));
#4192 = CARTESIAN_POINT('',(90.282717141821,-116.1677836467,-2.));
#4193 = CARTESIAN_POINT('',(90.282717141821,-116.1677836467,8.));
#4194 = ADVANCED_FACE('',(#4195),#4222,.F.);
#4195 = FACE_BOUND('',#4196,.F.);
#4196 = EDGE_LOOP('',(#4197,#4207,#4214,#4215));
#4197 = ORIENTED_EDGE('',*,*,#4198,.F.);
#4198 = EDGE_CURVE('',#4199,#4201,#4203,.T.);
#4199 = VERTEX_POINT('',#4200);
#4200 = CARTESIAN_POINT('',(97.056460469561,-113.44425018,-2.));
#4201 = VERTEX_POINT('',#4202);
#4202 = CARTESIAN_POINT('',(97.056460469561,-113.44425018,0.));
#4203 = LINE('',#4204,#4205);
#4204 = CARTESIAN_POINT('',(97.056460469561,-113.44425018,-2.));
#4205 = VECTOR('',#4206,1.);
#4206 = DIRECTION('',(0.,0.,1.));
#4207 = ORIENTED_EDGE('',*,*,#4208,.T.);
#4208 = EDGE_CURVE('',#4199,#4162,#4209,.T.);
#4209 = B_SPLINE_CURVE_WITH_KNOTS('',3,(#4210,#4211,#4212,#4213),
  .UNSPECIFIED.,.F.,.F.,(4,4),(-1.,0.),.PIECEWISE_BEZIER_KNOTS.);
#4210 = CARTESIAN_POINT('',(97.056460469561,-113.44425018,-2.));
#4211 = CARTESIAN_POINT('',(96.740694680565,-111.4860254775,-2.));
#4212 = CARTESIAN_POINT('',(96.624473329341,-111.4421689321,-2.));
#4213 = CARTESIAN_POINT('',(91.245382870248,-111.240424473,-2.));
#4214 = ORIENTED_EDGE('',*,*,#4161,.T.);
#4215 = ORIENTED_EDGE('',*,*,#4216,.T.);
#4216 = EDGE_CURVE('',#4164,#4201,#4217,.T.);
#4217 = B_SPLINE_CURVE_WITH_KNOTS('',3,(#4218,#4219,#4220,#4221),
  .UNSPECIFIED.,.F.,.F.,(4,4),(0.,1.629607452156),
  .PIECEWISE_BEZIER_KNOTS.);
#4218 = CARTESIAN_POINT('',(91.245382870248,-111.240424473,0.));
#4219 = CARTESIAN_POINT('',(96.624473329341,-111.4421689321,0.));
#4220 = CARTESIAN_POINT('',(96.740694680565,-111.4860254775,0.));
#4221 = CARTESIAN_POINT('',(97.056460469561,-113.44425018,0.));
#4222 = B_SPLINE_SURFACE_WITH_KNOTS('',3,1,(
    (#4223,#4224)
    ,(#4225,#4226)
    ,(#4227,#4228)
    ,(#4229,#4230
    )),.UNSPECIFIED.,.F.,.F.,.F.,(4,4),(2,2),(-1.,0.),(0.,1.),
  .PIECEWISE_BEZIER_KNOTS.);
#4223 = CARTESIAN_POINT('',(97.056460469561,-113.44425018,-2.));
#4224 = CARTESIAN_POINT('',(97.056460469561,-113.44425018,8.));
#4225 = CARTESIAN_POINT('',(96.740694680565,-111.4860254775,-2.));
#4226 = CARTESIAN_POINT('',(96.740694680565,-111.4860254775,8.));
#4227 = CARTESIAN_POINT('',(96.624473329341,-111.4421689321,-2.));
#4228 = CARTESIAN_POINT('',(96.624473329341,-111.4421689321,8.));
#4229 = CARTESIAN_POINT('',(91.245382870248,-111.240424473,-2.));
#4230 = CARTESIAN_POINT('',(91.245382870248,-111.240424473,8.));
#4231 = ADVANCED_FACE('',(#4232),#4252,.F.);
#4232 = FACE_BOUND('',#4233,.F.);
#4233 = EDGE_LOOP('',(#4234,#4235,#4242,#4243));
#4234 = ORIENTED_EDGE('',*,*,#4134,.F.);
#4235 = ORIENTED_EDGE('',*,*,#4236,.T.);
#4236 = EDGE_CURVE('',#4126,#4199,#4237,.T.);
#4237 = B_SPLINE_CURVE_WITH_KNOTS('',3,(#4238,#4239,#4240,#4241),
  .UNSPECIFIED.,.F.,.F.,(4,4),(-1.,0.),.PIECEWISE_BEZIER_KNOTS.);
#4238 = CARTESIAN_POINT('',(96.093798087174,-118.3738010099,-2.));
#4239 = CARTESIAN_POINT('',(97.35249800708,-115.5033462755,-2.));
#4240 = CARTESIAN_POINT('',(97.372232950637,-115.4046682117,-2.));
#4241 = CARTESIAN_POINT('',(97.056460469561,-113.44425018,-2.));
#4242 = ORIENTED_EDGE('',*,*,#4198,.T.);
#4243 = ORIENTED_EDGE('',*,*,#4244,.T.);
#4244 = EDGE_CURVE('',#4201,#4135,#4245,.T.);
#4245 = B_SPLINE_CURVE_WITH_KNOTS('',3,(#4246,#4247,#4248,#4249,#4250,
    #4251),.UNSPECIFIED.,.F.,.F.,(4,2,4),(0.,0.297853799812,
    0.595838153194),.UNSPECIFIED.);
#4246 = CARTESIAN_POINT('',(97.056460469561,-113.44425018,
    -5.642587496462E-17));
#4247 = CARTESIAN_POINT('',(97.214347142464,-114.4244618801,
    -5.642587496462E-17));
#4248 = CARTESIAN_POINT('',(97.288356601013,-114.9392306271,0.));
#4249 = CARTESIAN_POINT('',(97.042702431391,-116.1965685299,0.));
#4250 = CARTESIAN_POINT('',(96.723879854367,-116.9369047623,0.));
#4251 = CARTESIAN_POINT('',(96.093798087174,-118.3738010099,0.));
#4252 = B_SPLINE_SURFACE_WITH_KNOTS('',3,1,(
    (#4253,#4254)
    ,(#4255,#4256)
    ,(#4257,#4258)
    ,(#4259,#4260
    )),.UNSPECIFIED.,.F.,.F.,.F.,(4,4),(2,2),(-1.,0.),(0.,1.),
  .PIECEWISE_BEZIER_KNOTS.);
#4253 = CARTESIAN_POINT('',(96.093798087174,-118.3738010099,-2.));
#4254 = CARTESIAN_POINT('',(96.093798087174,-118.3738010099,8.));
#4255 = CARTESIAN_POINT('',(97.35249800708,-115.5033462755,-2.));
#4256 = CARTESIAN_POINT('',(97.35249800708,-115.5033462755,8.));
#4257 = CARTESIAN_POINT('',(97.372232950637,-115.4046682117,-2.));
#4258 = CARTESIAN_POINT('',(97.372232950637,-115.4046682117,8.));
#4259 = CARTESIAN_POINT('',(97.056460469561,-113.44425018,-2.));
#4260 = CARTESIAN_POINT('',(97.056460469561,-113.44425018,8.));
#4261 = ADVANCED_FACE('',(#4262),#4298,.F.);
#4262 = FACE_BOUND('',#4263,.F.);
#4263 = EDGE_LOOP('',(#4264,#4274,#4283,#4291));
#4264 = ORIENTED_EDGE('',*,*,#4265,.F.);
#4265 = EDGE_CURVE('',#4266,#4268,#4270,.T.);
#4266 = VERTEX_POINT('',#4267);
#4267 = CARTESIAN_POINT('',(107.18967474011,-113.6613429242,-2.));
#4268 = VERTEX_POINT('',#4269);
#4269 = CARTESIAN_POINT('',(107.18967474011,-113.6613429242,0.));
#4270 = LINE('',#4271,#4272);
#4271 = CARTESIAN_POINT('',(107.18967474011,-113.6613429242,-2.));
#4272 = VECTOR('',#4273,1.);
#4273 = DIRECTION('',(0.,0.,1.));
#4274 = ORIENTED_EDGE('',*,*,#4275,.T.);
#4275 = EDGE_CURVE('',#4266,#4276,#4278,.T.);
#4276 = VERTEX_POINT('',#4277);
#4277 = CARTESIAN_POINT('',(114.15200757086,-108.4511070246,-2.));
#4278 = B_SPLINE_CURVE_WITH_KNOTS('',3,(#4279,#4280,#4281,#4282),
  .UNSPECIFIED.,.F.,.F.,(4,4),(-1.,0.),.PIECEWISE_BEZIER_KNOTS.);
#4279 = CARTESIAN_POINT('',(107.18967474011,-113.6613429242,-2.));
#4280 = CARTESIAN_POINT('',(115.13221658669,-112.8543701072,-2.));
#4281 = CARTESIAN_POINT('',(115.27255619379,-112.751307058,-2.));
#4282 = CARTESIAN_POINT('',(114.15200757086,-108.4511070246,-2.));
#4283 = ORIENTED_EDGE('',*,*,#4284,.T.);
#4284 = EDGE_CURVE('',#4276,#4285,#4287,.T.);
#4285 = VERTEX_POINT('',#4286);
#4286 = CARTESIAN_POINT('',(114.15200757086,-108.4511070246,0.));
#4287 = LINE('',#4288,#4289);
#4288 = CARTESIAN_POINT('',(114.15200757086,-108.4511070246,-2.));
#4289 = VECTOR('',#4290,1.);
#4290 = DIRECTION('',(0.,0.,1.));
#4291 = ORIENTED_EDGE('',*,*,#4292,.T.);
#4292 = EDGE_CURVE('',#4285,#4268,#4293,.T.);
#4293 = B_SPLINE_CURVE_WITH_KNOTS('',3,(#4294,#4295,#4296,#4297),
  .UNSPECIFIED.,.F.,.F.,(4,4),(0.,1.467487711226),
  .PIECEWISE_BEZIER_KNOTS.);
#4294 = CARTESIAN_POINT('',(114.15200757086,-108.4511070246,0.));
#4295 = CARTESIAN_POINT('',(115.27255619379,-112.751307058,0.));
#4296 = CARTESIAN_POINT('',(115.13221658669,-112.8543701072,0.));
#4297 = CARTESIAN_POINT('',(107.18967474011,-113.6613429242,0.));
#4298 = B_SPLINE_SURFACE_WITH_KNOTS('',3,1,(
    (#4299,#4300)
    ,(#4301,#4302)
    ,(#4303,#4304)
    ,(#4305,#4306
    )),.UNSPECIFIED.,.F.,.F.,.F.,(4,4),(2,2),(-1.,0.),(0.,1.),
  .PIECEWISE_BEZIER_KNOTS.);
#4299 = CARTESIAN_POINT('',(107.18967474011,-113.6613429242,-2.));
#4300 = CARTESIAN_POINT('',(107.18967474011,-113.6613429242,8.));
#4301 = CARTESIAN_POINT('',(115.13221658669,-112.8543701072,-2.));
#4302 = CARTESIAN_POINT('',(115.13221658669,-112.8543701072,8.));
#4303 = CARTESIAN_POINT('',(115.27255619379,-112.751307058,-2.));
#4304 = CARTESIAN_POINT('',(115.27255619379,-112.751307058,8.));
#4305 = CARTESIAN_POINT('',(114.15200757086,-108.4511070246,-2.));
#4306 = CARTESIAN_POINT('',(114.15200757086,-108.4511070246,8.));
#4307 = ADVANCED_FACE('',(#4308),#4335,.F.);
#4308 = FACE_BOUND('',#4309,.F.);
#4309 = EDGE_LOOP('',(#4310,#4320,#4327,#4328));
#4310 = ORIENTED_EDGE('',*,*,#4311,.F.);
#4311 = EDGE_CURVE('',#4312,#4314,#4316,.T.);
#4312 = VERTEX_POINT('',#4313);
#4313 = CARTESIAN_POINT('',(98.764700855204,-112.4859694369,-2.));
#4314 = VERTEX_POINT('',#4315);
#4315 = CARTESIAN_POINT('',(98.764700855204,-112.4859694369,0.));
#4316 = LINE('',#4317,#4318);
#4317 = CARTESIAN_POINT('',(98.764700855204,-112.4859694369,-2.));
#4318 = VECTOR('',#4319,1.);
#4319 = DIRECTION('',(0.,0.,1.));
#4320 = ORIENTED_EDGE('',*,*,#4321,.T.);
#4321 = EDGE_CURVE('',#4312,#4266,#4322,.T.);
#4322 = B_SPLINE_CURVE_WITH_KNOTS('',3,(#4323,#4324,#4325,#4326),
  .UNSPECIFIED.,.F.,.F.,(4,4),(-1.,0.),.PIECEWISE_BEZIER_KNOTS.);
#4323 = CARTESIAN_POINT('',(98.764700855204,-112.4859694369,-2.));
#4324 = CARTESIAN_POINT('',(99.08047333628,-114.4441941394,-2.));
#4325 = CARTESIAN_POINT('',(99.249321203656,-114.4683157413,-2.));
#4326 = CARTESIAN_POINT('',(107.18967474011,-113.6613429242,-2.));
#4327 = ORIENTED_EDGE('',*,*,#4265,.T.);
#4328 = ORIENTED_EDGE('',*,*,#4329,.T.);
#4329 = EDGE_CURVE('',#4268,#4314,#4330,.T.);
#4330 = B_SPLINE_CURVE_WITH_KNOTS('',3,(#4331,#4332,#4333,#4334),
  .UNSPECIFIED.,.F.,.F.,(4,4),(0.,2.431986724722),
  .PIECEWISE_BEZIER_KNOTS.);
#4331 = CARTESIAN_POINT('',(107.18967474011,-113.6613429242,0.));
#4332 = CARTESIAN_POINT('',(99.249321203656,-114.4683157413,0.));
#4333 = CARTESIAN_POINT('',(99.08047333628,-114.4441941394,0.));
#4334 = CARTESIAN_POINT('',(98.764700855204,-112.4859694369,0.));
#4335 = B_SPLINE_SURFACE_WITH_KNOTS('',3,1,(
    (#4336,#4337)
    ,(#4338,#4339)
    ,(#4340,#4341)
    ,(#4342,#4343
    )),.UNSPECIFIED.,.F.,.F.,.F.,(4,4),(2,2),(-1.,0.),(0.,1.),
  .PIECEWISE_BEZIER_KNOTS.);
#4336 = CARTESIAN_POINT('',(98.764700855204,-112.4859694369,-2.));
#4337 = CARTESIAN_POINT('',(98.764700855204,-112.4859694369,8.));
#4338 = CARTESIAN_POINT('',(99.08047333628,-114.4441941394,-2.));
#4339 = CARTESIAN_POINT('',(99.08047333628,-114.4441941394,8.));
#4340 = CARTESIAN_POINT('',(99.249321203656,-114.4683157413,-2.));
#4341 = CARTESIAN_POINT('',(99.249321203656,-114.4683157413,8.));
#4342 = CARTESIAN_POINT('',(107.18967474011,-113.6613429242,-2.));
#4343 = CARTESIAN_POINT('',(107.18967474011,-113.6613429242,8.));
#4344 = ADVANCED_FACE('',(#4345),#4372,.F.);
#4345 = FACE_BOUND('',#4346,.F.);
#4346 = EDGE_LOOP('',(#4347,#4357,#4364,#4365));
#4347 = ORIENTED_EDGE('',*,*,#4348,.F.);
#4348 = EDGE_CURVE('',#4349,#4351,#4353,.T.);
#4349 = VERTEX_POINT('',#4350);
#4350 = CARTESIAN_POINT('',(98.889695523146,-107.8853485537,-2.));
#4351 = VERTEX_POINT('',#4352);
#4352 = CARTESIAN_POINT('',(98.889695523146,-107.8853485537,0.));
#4353 = LINE('',#4354,#4355);
#4354 = CARTESIAN_POINT('',(98.889695523146,-107.8853485537,-2.));
#4355 = VECTOR('',#4356,1.);
#4356 = DIRECTION('',(0.,0.,1.));
#4357 = ORIENTED_EDGE('',*,*,#4358,.T.);
#4358 = EDGE_CURVE('',#4349,#4312,#4359,.T.);
#4359 = B_SPLINE_CURVE_WITH_KNOTS('',3,(#4360,#4361,#4362,#4363),
  .UNSPECIFIED.,.F.,.F.,(4,4),(-1.,0.),.PIECEWISE_BEZIER_KNOTS.);
#4360 = CARTESIAN_POINT('',(98.889695523146,-107.8853485537,-2.));
#4361 = CARTESIAN_POINT('',(98.451123376327,-110.433453329,-2.));
#4362 = CARTESIAN_POINT('',(98.448928374127,-110.5255530783,-2.));
#4363 = CARTESIAN_POINT('',(98.764700855204,-112.4859694369,-2.));
#4364 = ORIENTED_EDGE('',*,*,#4311,.T.);
#4365 = ORIENTED_EDGE('',*,*,#4366,.T.);
#4366 = EDGE_CURVE('',#4314,#4351,#4367,.T.);
#4367 = B_SPLINE_CURVE_WITH_KNOTS('',3,(#4368,#4369,#4370,#4371),
  .UNSPECIFIED.,.F.,.F.,(4,4),(0.,0.595799614027),
  .PIECEWISE_BEZIER_KNOTS.);
#4368 = CARTESIAN_POINT('',(98.764700855204,-112.4859694369,0.));
#4369 = CARTESIAN_POINT('',(98.448928374127,-110.5255530783,0.));
#4370 = CARTESIAN_POINT('',(98.451123376327,-110.433453329,0.));
#4371 = CARTESIAN_POINT('',(98.889695523146,-107.8853485537,0.));
#4372 = B_SPLINE_SURFACE_WITH_KNOTS('',3,1,(
    (#4373,#4374)
    ,(#4375,#4376)
    ,(#4377,#4378)
    ,(#4379,#4380
    )),.UNSPECIFIED.,.F.,.F.,.F.,(4,4),(2,2),(-1.,0.),(0.,1.),
  .PIECEWISE_BEZIER_KNOTS.);
#4373 = CARTESIAN_POINT('',(98.889695523146,-107.8853485537,-2.));
#4374 = CARTESIAN_POINT('',(98.889695523146,-107.8853485537,8.));
#4375 = CARTESIAN_POINT('',(98.451123376327,-110.433453329,-2.));
#4376 = CARTESIAN_POINT('',(98.451123376327,-110.433453329,8.));
#4377 = CARTESIAN_POINT('',(98.448928374127,-110.5255530783,-2.));
#4378 = CARTESIAN_POINT('',(98.448928374127,-110.5255530783,8.));
#4379 = CARTESIAN_POINT('',(98.764700855204,-112.4859694369,-2.));
#4380 = CARTESIAN_POINT('',(98.764700855204,-112.4859694369,8.));
#4381 = ADVANCED_FACE('',(#4382),#4409,.F.);
#4382 = FACE_BOUND('',#4383,.F.);
#4383 = EDGE_LOOP('',(#4384,#4394,#4401,#4402));
#4384 = ORIENTED_EDGE('',*,*,#4385,.F.);
#4385 = EDGE_CURVE('',#4386,#4388,#4390,.T.);
#4386 = VERTEX_POINT('',#4387);
#4387 = CARTESIAN_POINT('',(102.24696477168,-104.2934432735,-2.));
#4388 = VERTEX_POINT('',#4389);
#4389 = CARTESIAN_POINT('',(102.24696477168,-104.2934432735,0.));
#4390 = LINE('',#4391,#4392);
#4391 = CARTESIAN_POINT('',(102.24696477168,-104.2934432735,-2.));
#4392 = VECTOR('',#4393,1.);
#4393 = DIRECTION('',(0.,0.,1.));
#4394 = ORIENTED_EDGE('',*,*,#4395,.T.);
#4395 = EDGE_CURVE('',#4386,#4349,#4396,.T.);
#4396 = B_SPLINE_CURVE_WITH_KNOTS('',3,(#4397,#4398,#4399,#4400),
  .UNSPECIFIED.,.F.,.F.,(4,4),(-1.,0.),.PIECEWISE_BEZIER_KNOTS.);
#4397 = CARTESIAN_POINT('',(102.24696477168,-104.2934432735,-2.));
#4398 = CARTESIAN_POINT('',(99.394050815156,-105.2648789726,-2.));
#4399 = CARTESIAN_POINT('',(99.328267669965,-105.3372437784,-2.));
#4400 = CARTESIAN_POINT('',(98.889695523146,-107.8853485537,-2.));
#4401 = ORIENTED_EDGE('',*,*,#4348,.T.);
#4402 = ORIENTED_EDGE('',*,*,#4403,.T.);
#4403 = EDGE_CURVE('',#4351,#4388,#4404,.T.);
#4404 = B_SPLINE_CURVE_WITH_KNOTS('',3,(#4405,#4406,#4407,#4408),
  .UNSPECIFIED.,.F.,.F.,(4,4),(0.,0.773566544999),
  .PIECEWISE_BEZIER_KNOTS.);
#4405 = CARTESIAN_POINT('',(98.889695523146,-107.8853485537,0.));
#4406 = CARTESIAN_POINT('',(99.328267669965,-105.3372437784,0.));
#4407 = CARTESIAN_POINT('',(99.394050815156,-105.2648789726,0.));
#4408 = CARTESIAN_POINT('',(102.24696477168,-104.2934432735,0.));
#4409 = B_SPLINE_SURFACE_WITH_KNOTS('',3,1,(
    (#4410,#4411)
    ,(#4412,#4413)
    ,(#4414,#4415)
    ,(#4416,#4417
    )),.UNSPECIFIED.,.F.,.F.,.F.,(4,4),(2,2),(-1.,0.),(0.,1.),
  .PIECEWISE_BEZIER_KNOTS.);
#4410 = CARTESIAN_POINT('',(102.24696477168,-104.2934432735,-2.));
#4411 = CARTESIAN_POINT('',(102.24696477168,-104.2934432735,8.));
#4412 = CARTESIAN_POINT('',(99.394050815156,-105.2648789726,-2.));
#4413 = CARTESIAN_POINT('',(99.394050815156,-105.2648789726,8.));
#4414 = CARTESIAN_POINT('',(99.328267669965,-105.3372437784,-2.));
#4415 = CARTESIAN_POINT('',(99.328267669965,-105.3372437784,8.));
#4416 = CARTESIAN_POINT('',(98.889695523146,-107.8853485537,-2.));
#4417 = CARTESIAN_POINT('',(98.889695523146,-107.8853485537,8.));
#4418 = ADVANCED_FACE('',(#4419),#4446,.F.);
#4419 = FACE_BOUND('',#4420,.F.);
#4420 = EDGE_LOOP('',(#4421,#4431,#4438,#4439));
#4421 = ORIENTED_EDGE('',*,*,#4422,.F.);
#4422 = EDGE_CURVE('',#4423,#4425,#4427,.T.);
#4423 = VERTEX_POINT('',#4424);
#4424 = CARTESIAN_POINT('',(109.08430293449,-103.6838265841,-2.));
#4425 = VERTEX_POINT('',#4426);
#4426 = CARTESIAN_POINT('',(109.08430293449,-103.6838265841,0.));
#4427 = LINE('',#4428,#4429);
#4428 = CARTESIAN_POINT('',(109.08430293449,-103.6838265841,-2.));
#4429 = VECTOR('',#4430,1.);
#4430 = DIRECTION('',(0.,0.,1.));
#4431 = ORIENTED_EDGE('',*,*,#4432,.T.);
#4432 = EDGE_CURVE('',#4423,#4386,#4433,.T.);
#4433 = B_SPLINE_CURVE_WITH_KNOTS('',3,(#4434,#4435,#4436,#4437),
  .UNSPECIFIED.,.F.,.F.,(4,4),(-1.,0.),.PIECEWISE_BEZIER_KNOTS.);
#4434 = CARTESIAN_POINT('',(109.08430293449,-103.6838265841,-2.));
#4435 = CARTESIAN_POINT('',(105.23583502298,-103.3088475993,-2.));
#4436 = CARTESIAN_POINT('',(105.0998787282,-103.3220059014,-2.));
#4437 = CARTESIAN_POINT('',(102.24696477168,-104.2934432735,-2.));
#4438 = ORIENTED_EDGE('',*,*,#4385,.T.);
#4439 = ORIENTED_EDGE('',*,*,#4440,.T.);
#4440 = EDGE_CURVE('',#4388,#4425,#4441,.T.);
#4441 = B_SPLINE_CURVE_WITH_KNOTS('',3,(#4442,#4443,#4444,#4445),
  .UNSPECIFIED.,.F.,.F.,(4,4),(0.,0.904284701454),
  .PIECEWISE_BEZIER_KNOTS.);
#4442 = CARTESIAN_POINT('',(102.24696477168,-104.2934432735,0.));
#4443 = CARTESIAN_POINT('',(105.0998787282,-103.3220059014,0.));
#4444 = CARTESIAN_POINT('',(105.23583502298,-103.3088475993,0.));
#4445 = CARTESIAN_POINT('',(109.08430293449,-103.6838265841,0.));
#4446 = B_SPLINE_SURFACE_WITH_KNOTS('',3,1,(
    (#4447,#4448)
    ,(#4449,#4450)
    ,(#4451,#4452)
    ,(#4453,#4454
    )),.UNSPECIFIED.,.F.,.F.,.F.,(4,4),(2,2),(-1.,0.),(0.,1.),
  .PIECEWISE_BEZIER_KNOTS.);
#4447 = CARTESIAN_POINT('',(109.08430293449,-103.6838265841,-2.));
#4448 = CARTESIAN_POINT('',(109.08430293449,-103.6838265841,8.));
#4449 = CARTESIAN_POINT('',(105.23583502298,-103.3088475993,-2.));
#4450 = CARTESIAN_POINT('',(105.23583502298,-103.3088475993,8.));
#4451 = CARTESIAN_POINT('',(105.0998787282,-103.3220059014,-2.));
#4452 = CARTESIAN_POINT('',(105.0998787282,-103.3220059014,8.));
#4453 = CARTESIAN_POINT('',(102.24696477168,-104.2934432735,-2.));
#4454 = CARTESIAN_POINT('',(102.24696477168,-104.2934432735,8.));
#4455 = ADVANCED_FACE('',(#4456),#4482,.F.);
#4456 = FACE_BOUND('',#4457,.F.);
#4457 = EDGE_LOOP('',(#4458,#4459,#4466,#4467));
#4458 = ORIENTED_EDGE('',*,*,#4284,.F.);
#4459 = ORIENTED_EDGE('',*,*,#4460,.T.);
#4460 = EDGE_CURVE('',#4276,#4423,#4461,.T.);
#4461 = B_SPLINE_CURVE_WITH_KNOTS('',3,(#4462,#4463,#4464,#4465),
  .UNSPECIFIED.,.F.,.F.,(4,4),(-1.,0.),.PIECEWISE_BEZIER_KNOTS.);
#4462 = CARTESIAN_POINT('',(114.15200757086,-108.4511070246,-2.));
#4463 = CARTESIAN_POINT('',(113.03364725806,-104.1530986474,-2.));
#4464 = CARTESIAN_POINT('',(112.93277753807,-104.0588055689,-2.));
#4465 = CARTESIAN_POINT('',(109.08430293449,-103.6838265841,-2.));
#4466 = ORIENTED_EDGE('',*,*,#4422,.T.);
#4467 = ORIENTED_EDGE('',*,*,#4468,.T.);
#4468 = EDGE_CURVE('',#4425,#4285,#4469,.T.);
#4469 = B_SPLINE_CURVE_WITH_KNOTS('',3,(#4470,#4471,#4472,#4473,#4474,
    #4475,#4476,#4477,#4478,#4479,#4480,#4481),.UNSPECIFIED.,.F.,.F.,(4,
    2,2,2,2,4),(0.,0.349159511063,0.543142974336,0.712637696155,
    0.943963381501,1.167335078826),.UNSPECIFIED.);
#4470 = CARTESIAN_POINT('',(109.08430293449,-103.6838265841,
    -1.079262208814E-16));
#4471 = CARTESIAN_POINT('',(110.24268229345,-103.7966941383,
    -1.079262208814E-16));
#4472 = CARTESIAN_POINT('',(111.06143480611,-103.8840327057,0.));
#4473 = CARTESIAN_POINT('',(112.00995820355,-104.1710624513,0.));
#4474 = CARTESIAN_POINT('',(112.28377342975,-104.3034872801,0.));
#4475 = CARTESIAN_POINT('',(112.71733148661,-104.6469747109,0.));
#4476 = CARTESIAN_POINT('',(112.88553275962,-104.8445460187,0.));
#4477 = CARTESIAN_POINT('',(113.2417883361,-105.4311734929,0.));
#4478 = CARTESIAN_POINT('',(113.41541396497,-105.8656127675,0.));
#4479 = CARTESIAN_POINT('',(113.76555966848,-106.9759434,0.));
#4480 = CARTESIAN_POINT('',(113.94203362957,-107.6441490627,0.));
#4481 = CARTESIAN_POINT('',(114.15200757086,-108.4511070246,0.));
#4482 = B_SPLINE_SURFACE_WITH_KNOTS('',3,1,(
    (#4483,#4484)
    ,(#4485,#4486)
    ,(#4487,#4488)
    ,(#4489,#4490
    )),.UNSPECIFIED.,.F.,.F.,.F.,(4,4),(2,2),(-1.,0.),(0.,1.),
  .PIECEWISE_BEZIER_KNOTS.);
#4483 = CARTESIAN_POINT('',(114.15200757086,-108.4511070246,-2.));
#4484 = CARTESIAN_POINT('',(114.15200757086,-108.4511070246,8.));
#4485 = CARTESIAN_POINT('',(113.03364725806,-104.1530986474,-2.));
#4486 = CARTESIAN_POINT('',(113.03364725806,-104.1530986474,8.));
#4487 = CARTESIAN_POINT('',(112.93277753807,-104.0588055689,-2.));
#4488 = CARTESIAN_POINT('',(112.93277753807,-104.0588055689,8.));
#4489 = CARTESIAN_POINT('',(109.08430293449,-103.6838265841,-2.));
#4490 = CARTESIAN_POINT('',(109.08430293449,-103.6838265841,8.));
#4491 = ADVANCED_FACE('',(#4492),#4528,.F.);
#4492 = FACE_BOUND('',#4493,.F.);
#4493 = EDGE_LOOP('',(#4494,#4504,#4513,#4521));
#4494 = ORIENTED_EDGE('',*,*,#4495,.F.);
#4495 = EDGE_CURVE('',#4496,#4498,#4500,.T.);
#4496 = VERTEX_POINT('',#4497);
#4497 = CARTESIAN_POINT('',(143.08022262748,-58.78061472216,-2.));
#4498 = VERTEX_POINT('',#4499);
#4499 = CARTESIAN_POINT('',(143.08022262748,-58.78061472216,0.));
#4500 = LINE('',#4501,#4502);
#4501 = CARTESIAN_POINT('',(143.08022262748,-58.78061472216,-2.));
#4502 = VECTOR('',#4503,1.);
#4503 = DIRECTION('',(0.,0.,1.));
#4504 = ORIENTED_EDGE('',*,*,#4505,.T.);
#4505 = EDGE_CURVE('',#4496,#4506,#4508,.T.);
#4506 = VERTEX_POINT('',#4507);
#4507 = CARTESIAN_POINT('',(150.81883672397,-61.16206495927,-2.));
#4508 = B_SPLINE_CURVE_WITH_KNOTS('',3,(#4509,#4510,#4511,#4512),
  .UNSPECIFIED.,.F.,.F.,(4,4),(-1.,0.),.PIECEWISE_BEZIER_KNOTS.);
#4509 = CARTESIAN_POINT('',(143.08022262748,-58.78061472216,-2.));
#4510 = CARTESIAN_POINT('',(147.36726937789,-60.6686712941,-2.));
#4511 = CARTESIAN_POINT('',(147.52296061623,-60.71691449793,-2.));
#4512 = CARTESIAN_POINT('',(150.81883672397,-61.16206495927,-2.));
#4513 = ORIENTED_EDGE('',*,*,#4514,.T.);
#4514 = EDGE_CURVE('',#4506,#4515,#4517,.T.);
#4515 = VERTEX_POINT('',#4516);
#4516 = CARTESIAN_POINT('',(150.81883672397,-61.16206495927,0.));
#4517 = LINE('',#4518,#4519);
#4518 = CARTESIAN_POINT('',(150.81883672397,-61.16206495927,-2.));
#4519 = VECTOR('',#4520,1.);
#4520 = DIRECTION('',(0.,0.,1.));
#4521 = ORIENTED_EDGE('',*,*,#4522,.T.);
#4522 = EDGE_CURVE('',#4515,#4498,#4523,.T.);
#4523 = B_SPLINE_CURVE_WITH_KNOTS('',3,(#4524,#4525,#4526,#4527),
  .UNSPECIFIED.,.F.,.F.,(4,4),(0.,0.997906467473),
  .PIECEWISE_BEZIER_KNOTS.);
#4524 = CARTESIAN_POINT('',(150.81883672397,-61.16206495927,0.));
#4525 = CARTESIAN_POINT('',(147.52296061623,-60.71691449793,0.));
#4526 = CARTESIAN_POINT('',(147.36726937789,-60.6686712941,0.));
#4527 = CARTESIAN_POINT('',(143.08022262748,-58.78061472216,0.));
#4528 = B_SPLINE_SURFACE_WITH_KNOTS('',3,1,(
    (#4529,#4530)
    ,(#4531,#4532)
    ,(#4533,#4534)
    ,(#4535,#4536
    )),.UNSPECIFIED.,.F.,.F.,.F.,(4,4),(2,2),(-1.,0.),(0.,1.),
  .PIECEWISE_BEZIER_KNOTS.);
#4529 = CARTESIAN_POINT('',(143.08022262748,-58.78061472216,-2.));
#4530 = CARTESIAN_POINT('',(143.08022262748,-58.78061472216,8.));
#4531 = CARTESIAN_POINT('',(147.36726937789,-60.6686712941,-2.));
#4532 = CARTESIAN_POINT('',(147.36726937789,-60.6686712941,8.));
#4533 = CARTESIAN_POINT('',(147.52296061623,-60.71691449793,-2.));
#4534 = CARTESIAN_POINT('',(147.52296061623,-60.71691449793,8.));
#4535 = CARTESIAN_POINT('',(150.81883672397,-61.16206495927,-2.));
#4536 = CARTESIAN_POINT('',(150.81883672397,-61.16206495927,8.));
#4537 = ADVANCED_FACE('',(#4538),#4565,.F.);
#4538 = FACE_BOUND('',#4539,.F.);
#4539 = EDGE_LOOP('',(#4540,#4550,#4557,#4558));
#4540 = ORIENTED_EDGE('',*,*,#4541,.F.);
#4541 = EDGE_CURVE('',#4542,#4544,#4546,.T.);
#4542 = VERTEX_POINT('',#4543);
#4543 = CARTESIAN_POINT('',(138.17041092373,-56.1733067892,-2.));
#4544 = VERTEX_POINT('',#4545);
#4545 = CARTESIAN_POINT('',(138.17041092373,-56.1733067892,0.));
#4546 = LINE('',#4547,#4548);
#4547 = CARTESIAN_POINT('',(138.17041092373,-56.1733067892,-2.));
#4548 = VECTOR('',#4549,1.);
#4549 = DIRECTION('',(0.,0.,1.));
#4550 = ORIENTED_EDGE('',*,*,#4551,.T.);
#4551 = EDGE_CURVE('',#4542,#4496,#4552,.T.);
#4552 = B_SPLINE_CURVE_WITH_KNOTS('',3,(#4553,#4554,#4555,#4556),
  .UNSPECIFIED.,.F.,.F.,(4,4),(-1.,0.),.PIECEWISE_BEZIER_KNOTS.);
#4553 = CARTESIAN_POINT('',(138.17041092373,-56.1733067892,-2.));
#4554 = CARTESIAN_POINT('',(138.69231284917,-56.83993832615,-2.));
#4555 = CARTESIAN_POINT('',(138.79098756696,-56.8925648423,-2.));
#4556 = CARTESIAN_POINT('',(143.08022262748,-58.78061472216,-2.));
#4557 = ORIENTED_EDGE('',*,*,#4495,.T.);
#4558 = ORIENTED_EDGE('',*,*,#4559,.T.);
#4559 = EDGE_CURVE('',#4498,#4544,#4560,.T.);
#4560 = B_SPLINE_CURVE_WITH_KNOTS('',3,(#4561,#4562,#4563,#4564),
  .UNSPECIFIED.,.F.,.F.,(4,4),(0.,1.406510500055),
  .PIECEWISE_BEZIER_KNOTS.);
#4561 = CARTESIAN_POINT('',(143.08022262748,-58.78061472216,0.));
#4562 = CARTESIAN_POINT('',(138.79098756696,-56.8925648423,0.));
#4563 = CARTESIAN_POINT('',(138.69231284917,-56.83993832615,0.));
#4564 = CARTESIAN_POINT('',(138.17041092373,-56.1733067892,0.));
#4565 = B_SPLINE_SURFACE_WITH_KNOTS('',3,1,(
    (#4566,#4567)
    ,(#4568,#4569)
    ,(#4570,#4571)
    ,(#4572,#4573
    )),.UNSPECIFIED.,.F.,.F.,.F.,(4,4),(2,2),(-1.,0.),(0.,1.),
  .PIECEWISE_BEZIER_KNOTS.);
#4566 = CARTESIAN_POINT('',(138.17041092373,-56.1733067892,-2.));
#4567 = CARTESIAN_POINT('',(138.17041092373,-56.1733067892,8.));
#4568 = CARTESIAN_POINT('',(138.69231284917,-56.83993832615,-2.));
#4569 = CARTESIAN_POINT('',(138.69231284917,-56.83993832615,8.));
#4570 = CARTESIAN_POINT('',(138.79098756696,-56.8925648423,-2.));
#4571 = CARTESIAN_POINT('',(138.79098756696,-56.8925648423,8.));
#4572 = CARTESIAN_POINT('',(143.08022262748,-58.78061472216,-2.));
#4573 = CARTESIAN_POINT('',(143.08022262748,-58.78061472216,8.));
#4574 = ADVANCED_FACE('',(#4575),#4602,.F.);
#4575 = FACE_BOUND('',#4576,.F.);
#4576 = EDGE_LOOP('',(#4577,#4587,#4594,#4595));
#4577 = ORIENTED_EDGE('',*,*,#4578,.F.);
#4578 = EDGE_CURVE('',#4579,#4581,#4583,.T.);
#4579 = VERTEX_POINT('',#4580);
#4580 = CARTESIAN_POINT('',(137.44237955391,-52.85112411546,-2.));
#4581 = VERTEX_POINT('',#4582);
#4582 = CARTESIAN_POINT('',(137.44237955391,-52.85112411546,0.));
#4583 = LINE('',#4584,#4585);
#4584 = CARTESIAN_POINT('',(137.44237955391,-52.85112411546,-2.));
#4585 = VECTOR('',#4586,1.);
#4586 = DIRECTION('',(0.,0.,1.));
#4587 = ORIENTED_EDGE('',*,*,#4588,.T.);
#4588 = EDGE_CURVE('',#4579,#4542,#4589,.T.);
#4589 = B_SPLINE_CURVE_WITH_KNOTS('',3,(#4590,#4591,#4592,#4593),
  .UNSPECIFIED.,.F.,.F.,(4,4),(-1.,0.),.PIECEWISE_BEZIER_KNOTS.);
#4590 = CARTESIAN_POINT('',(137.44237955391,-52.85112411546,-2.));
#4591 = CARTESIAN_POINT('',(137.63096905692,-55.44308710926,-2.));
#4592 = CARTESIAN_POINT('',(137.64631399608,-55.50887025446,-2.));
#4593 = CARTESIAN_POINT('',(138.17041092373,-56.1733067892,-2.));
#4594 = ORIENTED_EDGE('',*,*,#4541,.T.);
#4595 = ORIENTED_EDGE('',*,*,#4596,.T.);
#4596 = EDGE_CURVE('',#4544,#4581,#4597,.T.);
#4597 = B_SPLINE_CURVE_WITH_KNOTS('',3,(#4598,#4599,#4600,#4601),
  .UNSPECIFIED.,.F.,.F.,(4,4),(0.,0.253872957968),
  .PIECEWISE_BEZIER_KNOTS.);
#4598 = CARTESIAN_POINT('',(138.17041092373,-56.1733067892,0.));
#4599 = CARTESIAN_POINT('',(137.64631399608,-55.50887025446,0.));
#4600 = CARTESIAN_POINT('',(137.63096905692,-55.44308710926,0.));
#4601 = CARTESIAN_POINT('',(137.44237955391,-52.85112411546,0.));
#4602 = B_SPLINE_SURFACE_WITH_KNOTS('',3,1,(
    (#4603,#4604)
    ,(#4605,#4606)
    ,(#4607,#4608)
    ,(#4609,#4610
    )),.UNSPECIFIED.,.F.,.F.,.F.,(4,4),(2,2),(-1.,0.),(0.,1.),
  .PIECEWISE_BEZIER_KNOTS.);
#4603 = CARTESIAN_POINT('',(137.44237955391,-52.85112411546,-2.));
#4604 = CARTESIAN_POINT('',(137.44237955391,-52.85112411546,8.));
#4605 = CARTESIAN_POINT('',(137.63096905692,-55.44308710926,-2.));
#4606 = CARTESIAN_POINT('',(137.63096905692,-55.44308710926,8.));
#4607 = CARTESIAN_POINT('',(137.64631399608,-55.50887025446,-2.));
#4608 = CARTESIAN_POINT('',(137.64631399608,-55.50887025446,8.));
#4609 = CARTESIAN_POINT('',(138.17041092373,-56.1733067892,-2.));
#4610 = CARTESIAN_POINT('',(138.17041092373,-56.1733067892,8.));
#4611 = ADVANCED_FACE('',(#4612),#4639,.F.);
#4612 = FACE_BOUND('',#4613,.F.);
#4613 = EDGE_LOOP('',(#4614,#4624,#4631,#4632));
#4614 = ORIENTED_EDGE('',*,*,#4615,.F.);
#4615 = EDGE_CURVE('',#4616,#4618,#4620,.T.);
#4616 = VERTEX_POINT('',#4617);
#4617 = CARTESIAN_POINT('',(147.09754509845,-42.11048983072,-2.));
#4618 = VERTEX_POINT('',#4619);
#4619 = CARTESIAN_POINT('',(147.09754509845,-42.11048983072,0.));
#4620 = LINE('',#4621,#4622);
#4621 = CARTESIAN_POINT('',(147.09754509845,-42.11048983072,-2.));
#4622 = VECTOR('',#4623,1.);
#4623 = DIRECTION('',(0.,0.,1.));
#4624 = ORIENTED_EDGE('',*,*,#4625,.T.);
#4625 = EDGE_CURVE('',#4616,#4579,#4626,.T.);
#4626 = B_SPLINE_CURVE_WITH_KNOTS('',3,(#4627,#4628,#4629,#4630),
  .UNSPECIFIED.,.F.,.F.,(4,4),(-1.,0.),.PIECEWISE_BEZIER_KNOTS.);
#4627 = CARTESIAN_POINT('',(147.09754509845,-42.11048983072,-2.));
#4628 = CARTESIAN_POINT('',(137.44676286623,-50.04425836057,-2.));
#4629 = CARTESIAN_POINT('',(137.25379674297,-50.25916112166,-2.));
#4630 = CARTESIAN_POINT('',(137.44237955391,-52.85112411546,-2.));
#4631 = ORIENTED_EDGE('',*,*,#4578,.T.);
#4632 = ORIENTED_EDGE('',*,*,#4633,.T.);
#4633 = EDGE_CURVE('',#4581,#4618,#4634,.T.);
#4634 = B_SPLINE_CURVE_WITH_KNOTS('',3,(#4635,#4636,#4637,#4638),
  .UNSPECIFIED.,.F.,.F.,(4,4),(0.,0.819925328997),
  .PIECEWISE_BEZIER_KNOTS.);
#4635 = CARTESIAN_POINT('',(137.44237955391,-52.85112411546,0.));
#4636 = CARTESIAN_POINT('',(137.25379674297,-50.25916112166,0.));
#4637 = CARTESIAN_POINT('',(137.44676286623,-50.04425836057,0.));
#4638 = CARTESIAN_POINT('',(147.09754509845,-42.11048983072,0.));
#4639 = B_SPLINE_SURFACE_WITH_KNOTS('',3,1,(
    (#4640,#4641)
    ,(#4642,#4643)
    ,(#4644,#4645)
    ,(#4646,#4647
    )),.UNSPECIFIED.,.F.,.F.,.F.,(4,4),(2,2),(-1.,0.),(0.,1.),
  .PIECEWISE_BEZIER_KNOTS.);
#4640 = CARTESIAN_POINT('',(147.09754509845,-42.11048983072,-2.));
#4641 = CARTESIAN_POINT('',(147.09754509845,-42.11048983072,8.));
#4642 = CARTESIAN_POINT('',(137.44676286623,-50.04425836057,-2.));
#4643 = CARTESIAN_POINT('',(137.44676286623,-50.04425836057,8.));
#4644 = CARTESIAN_POINT('',(137.25379674297,-50.25916112166,-2.));
#4645 = CARTESIAN_POINT('',(137.25379674297,-50.25916112166,8.));
#4646 = CARTESIAN_POINT('',(137.44237955391,-52.85112411546,-2.));
#4647 = CARTESIAN_POINT('',(137.44237955391,-52.85112411546,8.));
#4648 = ADVANCED_FACE('',(#4649),#4676,.F.);
#4649 = FACE_BOUND('',#4650,.F.);
#4650 = EDGE_LOOP('',(#4651,#4661,#4668,#4669));
#4651 = ORIENTED_EDGE('',*,*,#4652,.F.);
#4652 = EDGE_CURVE('',#4653,#4655,#4657,.T.);
#4653 = VERTEX_POINT('',#4654);
#4654 = CARTESIAN_POINT('',(158.92803143572,-34.01664005812,-2.));
#4655 = VERTEX_POINT('',#4656);
#4656 = CARTESIAN_POINT('',(158.92803143572,-34.01664005812,0.));
#4657 = LINE('',#4658,#4659);
#4658 = CARTESIAN_POINT('',(158.92803143572,-34.01664005812,-2.));
#4659 = VECTOR('',#4660,1.);
#4660 = DIRECTION('',(0.,0.,1.));
#4661 = ORIENTED_EDGE('',*,*,#4662,.T.);
#4662 = EDGE_CURVE('',#4653,#4616,#4663,.T.);
#4663 = B_SPLINE_CURVE_WITH_KNOTS('',3,(#4664,#4665,#4666,#4667),
  .UNSPECIFIED.,.F.,.F.,(4,4),(-1.,0.),.PIECEWISE_BEZIER_KNOTS.);
#4664 = CARTESIAN_POINT('',(158.92803143572,-34.01664005812,-2.));
#4665 = CARTESIAN_POINT('',(156.98516003751,-34.01664005812,-2.));
#4666 = CARTESIAN_POINT('',(156.74832733067,-34.17672130086,-2.));
#4667 = CARTESIAN_POINT('',(147.09754509845,-42.11048983072,-2.));
#4668 = ORIENTED_EDGE('',*,*,#4615,.T.);
#4669 = ORIENTED_EDGE('',*,*,#4670,.T.);
#4670 = EDGE_CURVE('',#4618,#4655,#4671,.T.);
#4671 = B_SPLINE_CURVE_WITH_KNOTS('',3,(#4672,#4673,#4674,#4675),
  .UNSPECIFIED.,.F.,.F.,(4,4),(0.,3.75415660401),
  .PIECEWISE_BEZIER_KNOTS.);
#4672 = CARTESIAN_POINT('',(147.09754509845,-42.11048983072,0.));
#4673 = CARTESIAN_POINT('',(156.74832733067,-34.17672130086,0.));
#4674 = CARTESIAN_POINT('',(156.98516003751,-34.01664005812,0.));
#4675 = CARTESIAN_POINT('',(158.92803143572,-34.01664005812,0.));
#4676 = B_SPLINE_SURFACE_WITH_KNOTS('',3,1,(
    (#4677,#4678)
    ,(#4679,#4680)
    ,(#4681,#4682)
    ,(#4683,#4684
    )),.UNSPECIFIED.,.F.,.F.,.F.,(4,4),(2,2),(-1.,0.),(0.,1.),
  .PIECEWISE_BEZIER_KNOTS.);
#4677 = CARTESIAN_POINT('',(158.92803143572,-34.01664005812,-2.));
#4678 = CARTESIAN_POINT('',(158.92803143572,-34.01664005812,8.));
#4679 = CARTESIAN_POINT('',(156.98516003751,-34.01664005812,-2.));
#4680 = CARTESIAN_POINT('',(156.98516003751,-34.01664005812,8.));
#4681 = CARTESIAN_POINT('',(156.74832733067,-34.17672130086,-2.));
#4682 = CARTESIAN_POINT('',(156.74832733067,-34.17672130086,8.));
#4683 = CARTESIAN_POINT('',(147.09754509845,-42.11048983072,-2.));
#4684 = CARTESIAN_POINT('',(147.09754509845,-42.11048983072,8.));
#4685 = ADVANCED_FACE('',(#4686),#4713,.F.);
#4686 = FACE_BOUND('',#4687,.F.);
#4687 = EDGE_LOOP('',(#4688,#4698,#4705,#4706));
#4688 = ORIENTED_EDGE('',*,*,#4689,.F.);
#4689 = EDGE_CURVE('',#4690,#4692,#4694,.T.);
#4690 = VERTEX_POINT('',#4691);
#4691 = CARTESIAN_POINT('',(161.27657671608,-35.07140553585,-2.));
#4692 = VERTEX_POINT('',#4693);
#4693 = CARTESIAN_POINT('',(161.27657671608,-35.07140553585,0.));
#4694 = LINE('',#4695,#4696);
#4695 = CARTESIAN_POINT('',(161.27657671608,-35.07140553585,-2.));
#4696 = VECTOR('',#4697,1.);
#4697 = DIRECTION('',(0.,0.,1.));
#4698 = ORIENTED_EDGE('',*,*,#4699,.T.);
#4699 = EDGE_CURVE('',#4690,#4653,#4700,.T.);
#4700 = B_SPLINE_CURVE_WITH_KNOTS('',3,(#4701,#4702,#4703,#4704),
  .UNSPECIFIED.,.F.,.F.,(4,4),(-1.,0.),.PIECEWISE_BEZIER_KNOTS.);
#4701 = CARTESIAN_POINT('',(161.27657671608,-35.07140553585,-2.));
#4702 = CARTESIAN_POINT('',(160.91695772765,-34.03637500168,-2.));
#4703 = CARTESIAN_POINT('',(160.87090283393,-34.01664005812,-2.));
#4704 = CARTESIAN_POINT('',(158.92803143572,-34.01664005812,-2.));
#4705 = ORIENTED_EDGE('',*,*,#4652,.T.);
#4706 = ORIENTED_EDGE('',*,*,#4707,.T.);
#4707 = EDGE_CURVE('',#4655,#4692,#4708,.T.);
#4708 = B_SPLINE_CURVE_WITH_KNOTS('',3,(#4709,#4710,#4711,#4712),
  .UNSPECIFIED.,.F.,.F.,(4,4),(0.,0.583047216402),
  .PIECEWISE_BEZIER_KNOTS.);
#4709 = CARTESIAN_POINT('',(158.92803143572,-34.01664005812,0.));
#4710 = CARTESIAN_POINT('',(160.87090283393,-34.01664005812,0.));
#4711 = CARTESIAN_POINT('',(160.91695772765,-34.03637500168,0.));
#4712 = CARTESIAN_POINT('',(161.27657671608,-35.07140553585,0.));
#4713 = B_SPLINE_SURFACE_WITH_KNOTS('',3,1,(
    (#4714,#4715)
    ,(#4716,#4717)
    ,(#4718,#4719)
    ,(#4720,#4721
    )),.UNSPECIFIED.,.F.,.F.,.F.,(4,4),(2,2),(-1.,0.),(0.,1.),
  .PIECEWISE_BEZIER_KNOTS.);
#4714 = CARTESIAN_POINT('',(161.27657671608,-35.07140553585,-2.));
#4715 = CARTESIAN_POINT('',(161.27657671608,-35.07140553585,8.));
#4716 = CARTESIAN_POINT('',(160.91695772765,-34.03637500168,-2.));
#4717 = CARTESIAN_POINT('',(160.91695772765,-34.03637500168,8.));
#4718 = CARTESIAN_POINT('',(160.87090283393,-34.01664005812,-2.));
#4719 = CARTESIAN_POINT('',(160.87090283393,-34.01664005812,8.));
#4720 = CARTESIAN_POINT('',(158.92803143572,-34.01664005812,-2.));
#4721 = CARTESIAN_POINT('',(158.92803143572,-34.01664005812,8.));
#4722 = ADVANCED_FACE('',(#4723),#4750,.F.);
#4723 = FACE_BOUND('',#4724,.F.);
#4724 = EDGE_LOOP('',(#4725,#4735,#4742,#4743));
#4725 = ORIENTED_EDGE('',*,*,#4726,.F.);
#4726 = EDGE_CURVE('',#4727,#4729,#4731,.T.);
#4727 = VERTEX_POINT('',#4728);
#4728 = CARTESIAN_POINT('',(157.9127358451,-48.8710832215,-2.));
#4729 = VERTEX_POINT('',#4730);
#4730 = CARTESIAN_POINT('',(157.9127358451,-48.8710832215,0.));
#4731 = LINE('',#4732,#4733);
#4732 = CARTESIAN_POINT('',(157.9127358451,-48.8710832215,-2.));
#4733 = VECTOR('',#4734,1.);
#4734 = DIRECTION('',(0.,0.,1.));
#4735 = ORIENTED_EDGE('',*,*,#4736,.T.);
#4736 = EDGE_CURVE('',#4727,#4690,#4737,.T.);
#4737 = B_SPLINE_CURVE_WITH_KNOTS('',3,(#4738,#4739,#4740,#4741),
  .UNSPECIFIED.,.F.,.F.,(4,4),(-1.,0.),.PIECEWISE_BEZIER_KNOTS.);
#4738 = CARTESIAN_POINT('',(157.9127358451,-48.8710832215,-2.));
#4739 = CARTESIAN_POINT('',(161.57042594348,-36.38273866399,-2.));
#4740 = CARTESIAN_POINT('',(161.63620908867,-36.10643607003,-2.));
#4741 = CARTESIAN_POINT('',(161.27657671608,-35.07140553585,-2.));
#4742 = ORIENTED_EDGE('',*,*,#4689,.T.);
#4743 = ORIENTED_EDGE('',*,*,#4744,.T.);
#4744 = EDGE_CURVE('',#4692,#4729,#4745,.T.);
#4745 = B_SPLINE_CURVE_WITH_KNOTS('',3,(#4746,#4747,#4748,#4749),
  .UNSPECIFIED.,.F.,.F.,(4,4),(0.,0.328869859344),
  .PIECEWISE_BEZIER_KNOTS.);
#4746 = CARTESIAN_POINT('',(161.27657671608,-35.07140553585,0.));
#4747 = CARTESIAN_POINT('',(161.63620908867,-36.10643607003,0.));
#4748 = CARTESIAN_POINT('',(161.57042594348,-36.38273866399,0.));
#4749 = CARTESIAN_POINT('',(157.9127358451,-48.8710832215,0.));
#4750 = B_SPLINE_SURFACE_WITH_KNOTS('',3,1,(
    (#4751,#4752)
    ,(#4753,#4754)
    ,(#4755,#4756)
    ,(#4757,#4758
    )),.UNSPECIFIED.,.F.,.F.,.F.,(4,4),(2,2),(-1.,0.),(0.,1.),
  .PIECEWISE_BEZIER_KNOTS.);
#4751 = CARTESIAN_POINT('',(157.9127358451,-48.8710832215,-2.));
#4752 = CARTESIAN_POINT('',(157.9127358451,-48.8710832215,8.));
#4753 = CARTESIAN_POINT('',(161.57042594348,-36.38273866399,-2.));
#4754 = CARTESIAN_POINT('',(161.57042594348,-36.38273866399,8.));
#4755 = CARTESIAN_POINT('',(161.63620908867,-36.10643607003,-2.));
#4756 = CARTESIAN_POINT('',(161.63620908867,-36.10643607003,8.));
#4757 = CARTESIAN_POINT('',(161.27657671608,-35.07140553585,-2.));
#4758 = CARTESIAN_POINT('',(161.27657671608,-35.07140553585,8.));
#4759 = ADVANCED_FACE('',(#4760),#4778,.F.);
#4760 = FACE_BOUND('',#4761,.F.);
#4761 = EDGE_LOOP('',(#4762,#4763,#4770,#4771));
#4762 = ORIENTED_EDGE('',*,*,#4514,.F.);
#4763 = ORIENTED_EDGE('',*,*,#4764,.T.);
#4764 = EDGE_CURVE('',#4506,#4727,#4765,.T.);
#4765 = B_SPLINE_CURVE_WITH_KNOTS('',3,(#4766,#4767,#4768,#4769),
  .UNSPECIFIED.,.F.,.F.,(4,4),(-1.,0.),.PIECEWISE_BEZIER_KNOTS.);
#4766 = CARTESIAN_POINT('',(150.81883672397,-61.16206495927,-2.));
#4767 = CARTESIAN_POINT('',(154.11469944755,-61.60502041841,-2.));
#4768 = CARTESIAN_POINT('',(154.25724074893,-61.35942108692,-2.));
#4769 = CARTESIAN_POINT('',(157.9127358451,-48.8710832215,-2.));
#4770 = ORIENTED_EDGE('',*,*,#4726,.T.);
#4771 = ORIENTED_EDGE('',*,*,#4772,.T.);
#4772 = EDGE_CURVE('',#4729,#4515,#4773,.T.);
#4773 = B_SPLINE_CURVE_WITH_KNOTS('',3,(#4774,#4775,#4776,#4777),
  .UNSPECIFIED.,.F.,.F.,(4,4),(0.,3.908600751798),
  .PIECEWISE_BEZIER_KNOTS.);
#4774 = CARTESIAN_POINT('',(157.9127358451,-48.8710832215,0.));
#4775 = CARTESIAN_POINT('',(154.25724074893,-61.35942108692,0.));
#4776 = CARTESIAN_POINT('',(154.11469944755,-61.60502041841,0.));
#4777 = CARTESIAN_POINT('',(150.81883672397,-61.16206495927,0.));
#4778 = B_SPLINE_SURFACE_WITH_KNOTS('',3,1,(
    (#4779,#4780)
    ,(#4781,#4782)
    ,(#4783,#4784)
    ,(#4785,#4786
    )),.UNSPECIFIED.,.F.,.F.,.F.,(4,4),(2,2),(-1.,0.),(0.,1.),
  .PIECEWISE_BEZIER_KNOTS.);
#4779 = CARTESIAN_POINT('',(150.81883672397,-61.16206495927,-2.));
#4780 = CARTESIAN_POINT('',(150.81883672397,-61.16206495927,8.));
#4781 = CARTESIAN_POINT('',(154.11469944755,-61.60502041841,-2.));
#4782 = CARTESIAN_POINT('',(154.11469944755,-61.60502041841,8.));
#4783 = CARTESIAN_POINT('',(154.25724074893,-61.35942108692,-2.));
#4784 = CARTESIAN_POINT('',(154.25724074893,-61.35942108692,8.));
#4785 = CARTESIAN_POINT('',(157.9127358451,-48.8710832215,-2.));
#4786 = CARTESIAN_POINT('',(157.9127358451,-48.8710832215,8.));
#4787 = ADVANCED_FACE('',(#4788),#4824,.F.);
#4788 = FACE_BOUND('',#4789,.F.);
#4789 = EDGE_LOOP('',(#4790,#4800,#4809,#4817));
#4790 = ORIENTED_EDGE('',*,*,#4791,.F.);
#4791 = EDGE_CURVE('',#4792,#4794,#4796,.T.);
#4792 = VERTEX_POINT('',#4793);
#4793 = CARTESIAN_POINT('',(203.79834670605,-101.7519184857,-2.));
#4794 = VERTEX_POINT('',#4795);
#4795 = CARTESIAN_POINT('',(203.79834670605,-101.7519184857,0.));
#4796 = LINE('',#4797,#4798);
#4797 = CARTESIAN_POINT('',(203.79834670605,-101.7519184857,-2.));
#4798 = VECTOR('',#4799,1.);
#4799 = DIRECTION('',(0.,0.,1.));
#4800 = ORIENTED_EDGE('',*,*,#4801,.T.);
#4801 = EDGE_CURVE('',#4792,#4802,#4804,.T.);
#4802 = VERTEX_POINT('',#4803);
#4803 = CARTESIAN_POINT('',(209.43400146951,-104.7714853074,-2.));
#4804 = B_SPLINE_CURVE_WITH_KNOTS('',3,(#4805,#4806,#4807,#4808),
  .UNSPECIFIED.,.F.,.F.,(4,4),(-1.,0.),.PIECEWISE_BEZIER_KNOTS.);
#4805 = CARTESIAN_POINT('',(203.79834670605,-101.7519184857,-2.));
#4806 = CARTESIAN_POINT('',(206.98895639733,-105.1574292651,-2.));
#4807 = CARTESIAN_POINT('',(207.10298943843,-105.2166374418,-2.));
#4808 = CARTESIAN_POINT('',(209.43400146951,-104.7714853074,-2.));
#4809 = ORIENTED_EDGE('',*,*,#4810,.T.);
#4810 = EDGE_CURVE('',#4802,#4811,#4813,.T.);
#4811 = VERTEX_POINT('',#4812);
#4812 = CARTESIAN_POINT('',(209.43400146951,-104.7714853074,0.));
#4813 = LINE('',#4814,#4815);
#4814 = CARTESIAN_POINT('',(209.43400146951,-104.7714853074,-2.));
#4815 = VECTOR('',#4816,1.);
#4816 = DIRECTION('',(0.,0.,1.));
#4817 = ORIENTED_EDGE('',*,*,#4818,.T.);
#4818 = EDGE_CURVE('',#4811,#4794,#4819,.T.);
#4819 = B_SPLINE_CURVE_WITH_KNOTS('',3,(#4820,#4821,#4822,#4823),
  .UNSPECIFIED.,.F.,.F.,(4,4),(0.,0.712276936624),
  .PIECEWISE_BEZIER_KNOTS.);
#4820 = CARTESIAN_POINT('',(209.43400146951,-104.7714853074,0.));
#4821 = CARTESIAN_POINT('',(207.10298943843,-105.2166374418,0.));
#4822 = CARTESIAN_POINT('',(206.98895639733,-105.1574292651,0.));
#4823 = CARTESIAN_POINT('',(203.79834670605,-101.7519184857,0.));
#4824 = B_SPLINE_SURFACE_WITH_KNOTS('',3,1,(
    (#4825,#4826)
    ,(#4827,#4828)
    ,(#4829,#4830)
    ,(#4831,#4832
    )),.UNSPECIFIED.,.F.,.F.,.F.,(4,4),(2,2),(-1.,0.),(0.,1.),
  .PIECEWISE_BEZIER_KNOTS.);
#4825 = CARTESIAN_POINT('',(203.79834670605,-101.7519184857,-2.));
#4826 = CARTESIAN_POINT('',(203.79834670605,-101.7519184857,8.));
#4827 = CARTESIAN_POINT('',(206.98895639733,-105.1574292651,-2.));
#4828 = CARTESIAN_POINT('',(206.98895639733,-105.1574292651,8.));
#4829 = CARTESIAN_POINT('',(207.10298943843,-105.2166374418,-2.));
#4830 = CARTESIAN_POINT('',(207.10298943843,-105.2166374418,8.));
#4831 = CARTESIAN_POINT('',(209.43400146951,-104.7714853074,-2.));
#4832 = CARTESIAN_POINT('',(209.43400146951,-104.7714853074,8.));
#4833 = ADVANCED_FACE('',(#4834),#4861,.F.);
#4834 = FACE_BOUND('',#4835,.F.);
#4835 = EDGE_LOOP('',(#4836,#4846,#4853,#4854));
#4836 = ORIENTED_EDGE('',*,*,#4837,.F.);
#4837 = EDGE_CURVE('',#4838,#4840,#4842,.T.);
#4838 = VERTEX_POINT('',#4839);
#4839 = CARTESIAN_POINT('',(201.555054458,-93.12958847323,-2.));
#4840 = VERTEX_POINT('',#4841);
#4841 = CARTESIAN_POINT('',(201.555054458,-93.12958847323,0.));
#4842 = LINE('',#4843,#4844);
#4843 = CARTESIAN_POINT('',(201.555054458,-93.12958847323,-2.));
#4844 = VECTOR('',#4845,1.);
#4845 = DIRECTION('',(0.,0.,1.));
#4846 = ORIENTED_EDGE('',*,*,#4847,.T.);
#4847 = EDGE_CURVE('',#4838,#4792,#4848,.T.);
#4848 = B_SPLINE_CURVE_WITH_KNOTS('',3,(#4849,#4850,#4851,#4852),
  .UNSPECIFIED.,.F.,.F.,(4,4),(-1.,0.),.PIECEWISE_BEZIER_KNOTS.);
#4849 = CARTESIAN_POINT('',(201.555054458,-93.12958847323,-2.));
#4850 = CARTESIAN_POINT('',(200.56387712326,-98.17535981781,-2.));
#4851 = CARTESIAN_POINT('',(200.60993201697,-98.34859768959,-2.));
#4852 = CARTESIAN_POINT('',(203.79834670605,-101.7519184857,-2.));
#4853 = ORIENTED_EDGE('',*,*,#4791,.T.);
#4854 = ORIENTED_EDGE('',*,*,#4855,.T.);
#4855 = EDGE_CURVE('',#4794,#4840,#4856,.T.);
#4856 = B_SPLINE_CURVE_WITH_KNOTS('',3,(#4857,#4858,#4859,#4860),
  .UNSPECIFIED.,.F.,.F.,(4,4),(0.,1.400122108589),
  .PIECEWISE_BEZIER_KNOTS.);
#4857 = CARTESIAN_POINT('',(203.79834670605,-101.7519184857,0.));
#4858 = CARTESIAN_POINT('',(200.60993201697,-98.34859768959,0.));
#4859 = CARTESIAN_POINT('',(200.56387712326,-98.17535981781,0.));
#4860 = CARTESIAN_POINT('',(201.555054458,-93.12958847323,0.));
#4861 = B_SPLINE_SURFACE_WITH_KNOTS('',3,1,(
    (#4862,#4863)
    ,(#4864,#4865)
    ,(#4866,#4867)
    ,(#4868,#4869
    )),.UNSPECIFIED.,.F.,.F.,.F.,(4,4),(2,2),(-1.,0.),(0.,1.),
  .PIECEWISE_BEZIER_KNOTS.);
#4862 = CARTESIAN_POINT('',(201.555054458,-93.12958847323,-2.));
#4863 = CARTESIAN_POINT('',(201.555054458,-93.12958847323,8.));
#4864 = CARTESIAN_POINT('',(200.56387712326,-98.17535981781,-2.));
#4865 = CARTESIAN_POINT('',(200.56387712326,-98.17535981781,8.));
#4866 = CARTESIAN_POINT('',(200.60993201697,-98.34859768959,-2.));
#4867 = CARTESIAN_POINT('',(200.60993201697,-98.34859768959,8.));
#4868 = CARTESIAN_POINT('',(203.79834670605,-101.7519184857,-2.));
#4869 = CARTESIAN_POINT('',(203.79834670605,-101.7519184857,8.));
#4870 = ADVANCED_FACE('',(#4871),#4898,.F.);
#4871 = FACE_BOUND('',#4872,.F.);
#4872 = EDGE_LOOP('',(#4873,#4883,#4890,#4891));
#4873 = ORIENTED_EDGE('',*,*,#4874,.F.);
#4874 = EDGE_CURVE('',#4875,#4877,#4879,.T.);
#4875 = VERTEX_POINT('',#4876);
#4876 = CARTESIAN_POINT('',(207.1906958373,-84.97872552612,-2.));
#4877 = VERTEX_POINT('',#4878);
#4878 = CARTESIAN_POINT('',(207.1906958373,-84.97872552612,0.));
#4879 = LINE('',#4880,#4881);
#4880 = CARTESIAN_POINT('',(207.1906958373,-84.97872552612,-2.));
#4881 = VECTOR('',#4882,1.);
#4882 = DIRECTION('',(0.,0.,1.));
#4883 = ORIENTED_EDGE('',*,*,#4884,.T.);
#4884 = EDGE_CURVE('',#4875,#4838,#4885,.T.);
#4885 = B_SPLINE_CURVE_WITH_KNOTS('',3,(#4886,#4887,#4888,#4889),
  .UNSPECIFIED.,.F.,.F.,(4,4),(-1.,0.),.PIECEWISE_BEZIER_KNOTS.);
#4886 = CARTESIAN_POINT('',(207.1906958373,-84.97872552612,-2.));
#4887 = CARTESIAN_POINT('',(202.66025144969,-87.91935257359,-2.));
#4888 = CARTESIAN_POINT('',(202.54621840858,-88.08162212645,-2.));
#4889 = CARTESIAN_POINT('',(201.555054458,-93.12958847323,-2.));
#4890 = ORIENTED_EDGE('',*,*,#4837,.T.);
#4891 = ORIENTED_EDGE('',*,*,#4892,.T.);
#4892 = EDGE_CURVE('',#4840,#4877,#4893,.T.);
#4893 = B_SPLINE_CURVE_WITH_KNOTS('',3,(#4894,#4895,#4896,#4897),
  .UNSPECIFIED.,.F.,.F.,(4,4),(0.,1.543297489107),
  .PIECEWISE_BEZIER_KNOTS.);
#4894 = CARTESIAN_POINT('',(201.555054458,-93.12958847323,0.));
#4895 = CARTESIAN_POINT('',(202.54621840858,-88.08162212645,0.));
#4896 = CARTESIAN_POINT('',(202.66025144969,-87.91935257359,0.));
#4897 = CARTESIAN_POINT('',(207.1906958373,-84.97872552612,0.));
#4898 = B_SPLINE_SURFACE_WITH_KNOTS('',3,1,(
    (#4899,#4900)
    ,(#4901,#4902)
    ,(#4903,#4904)
    ,(#4905,#4906
    )),.UNSPECIFIED.,.F.,.F.,.F.,(4,4),(2,2),(-1.,0.),(0.,1.),
  .PIECEWISE_BEZIER_KNOTS.);
#4899 = CARTESIAN_POINT('',(207.1906958373,-84.97872552612,-2.));
#4900 = CARTESIAN_POINT('',(207.1906958373,-84.97872552612,8.));
#4901 = CARTESIAN_POINT('',(202.66025144969,-87.91935257359,-2.));
#4902 = CARTESIAN_POINT('',(202.66025144969,-87.91935257359,8.));
#4903 = CARTESIAN_POINT('',(202.54621840858,-88.08162212645,-2.));
#4904 = CARTESIAN_POINT('',(202.54621840858,-88.08162212645,8.));
#4905 = CARTESIAN_POINT('',(201.555054458,-93.12958847323,-2.));
#4906 = CARTESIAN_POINT('',(201.555054458,-93.12958847323,8.));
#4907 = ADVANCED_FACE('',(#4908),#4935,.F.);
#4908 = FACE_BOUND('',#4909,.F.);
#4909 = EDGE_LOOP('',(#4910,#4920,#4927,#4928));
#4910 = ORIENTED_EDGE('',*,*,#4911,.F.);
#4911 = EDGE_CURVE('',#4912,#4914,#4916,.T.);
#4912 = VERTEX_POINT('',#4913);
#4913 = CARTESIAN_POINT('',(211.81325001234,-93.14713176063,-2.));
#4914 = VERTEX_POINT('',#4915);
#4915 = CARTESIAN_POINT('',(211.81325001234,-93.14713176063,0.));
#4916 = LINE('',#4917,#4918);
#4917 = CARTESIAN_POINT('',(211.81325001234,-93.14713176063,-2.));
#4918 = VECTOR('',#4919,1.);
#4919 = DIRECTION('',(0.,0.,1.));
#4920 = ORIENTED_EDGE('',*,*,#4921,.T.);
#4921 = EDGE_CURVE('',#4912,#4875,#4922,.T.);
#4922 = B_SPLINE_CURVE_WITH_KNOTS('',3,(#4923,#4924,#4925,#4926),
  .UNSPECIFIED.,.F.,.F.,(4,4),(-1.,0.),.PIECEWISE_BEZIER_KNOTS.);
#4923 = CARTESIAN_POINT('',(211.81325001234,-93.14713176063,-2.));
#4924 = CARTESIAN_POINT('',(211.81325001234,-82.20037137755,-2.));
#4925 = CARTESIAN_POINT('',(211.72115360907,-82.03590682249,-2.));
#4926 = CARTESIAN_POINT('',(207.1906958373,-84.97872552612,-2.));
#4927 = ORIENTED_EDGE('',*,*,#4874,.T.);
#4928 = ORIENTED_EDGE('',*,*,#4929,.T.);
#4929 = EDGE_CURVE('',#4877,#4914,#4930,.T.);
#4930 = B_SPLINE_CURVE_WITH_KNOTS('',3,(#4931,#4932,#4933,#4934),
  .UNSPECIFIED.,.F.,.F.,(4,4),(0.,1.747570041064),
  .PIECEWISE_BEZIER_KNOTS.);
#4931 = CARTESIAN_POINT('',(207.1906958373,-84.97872552612,0.));
#4932 = CARTESIAN_POINT('',(211.72115360907,-82.03590682249,0.));
#4933 = CARTESIAN_POINT('',(211.81325001234,-82.20037137755,0.));
#4934 = CARTESIAN_POINT('',(211.81325001234,-93.14713176063,0.));
#4935 = B_SPLINE_SURFACE_WITH_KNOTS('',3,1,(
    (#4936,#4937)
    ,(#4938,#4939)
    ,(#4940,#4941)
    ,(#4942,#4943
    )),.UNSPECIFIED.,.F.,.F.,.F.,(4,4),(2,2),(-1.,0.),(0.,1.),
  .PIECEWISE_BEZIER_KNOTS.);
#4936 = CARTESIAN_POINT('',(211.81325001234,-93.14713176063,-2.));
#4937 = CARTESIAN_POINT('',(211.81325001234,-93.14713176063,8.));
#4938 = CARTESIAN_POINT('',(211.81325001234,-82.20037137755,-2.));
#4939 = CARTESIAN_POINT('',(211.81325001234,-82.20037137755,8.));
#4940 = CARTESIAN_POINT('',(211.72115360907,-82.03590682249,-2.));
#4941 = CARTESIAN_POINT('',(211.72115360907,-82.03590682249,8.));
#4942 = CARTESIAN_POINT('',(207.1906958373,-84.97872552612,-2.));
#4943 = CARTESIAN_POINT('',(207.1906958373,-84.97872552612,8.));
#4944 = ADVANCED_FACE('',(#4945),#4963,.F.);
#4945 = FACE_BOUND('',#4946,.F.);
#4946 = EDGE_LOOP('',(#4947,#4948,#4955,#4956));
#4947 = ORIENTED_EDGE('',*,*,#4810,.F.);
#4948 = ORIENTED_EDGE('',*,*,#4949,.T.);
#4949 = EDGE_CURVE('',#4802,#4912,#4950,.T.);
#4950 = B_SPLINE_CURVE_WITH_KNOTS('',3,(#4951,#4952,#4953,#4954),
  .UNSPECIFIED.,.F.,.F.,(4,4),(-1.,0.),.PIECEWISE_BEZIER_KNOTS.);
#4951 = CARTESIAN_POINT('',(209.43400146951,-104.7714853074,-2.));
#4952 = CARTESIAN_POINT('',(211.76501350058,-104.3263348461,-2.));
#4953 = CARTESIAN_POINT('',(211.81325001234,-104.0938921437,-2.));
#4954 = CARTESIAN_POINT('',(211.81325001234,-93.14713176063,-2.));
#4955 = ORIENTED_EDGE('',*,*,#4911,.T.);
#4956 = ORIENTED_EDGE('',*,*,#4957,.T.);
#4957 = EDGE_CURVE('',#4914,#4811,#4958,.T.);
#4958 = B_SPLINE_CURVE_WITH_KNOTS('',3,(#4959,#4960,#4961,#4962),
  .UNSPECIFIED.,.F.,.F.,(4,4),(0.,3.291311529266),
  .PIECEWISE_BEZIER_KNOTS.);
#4959 = CARTESIAN_POINT('',(211.81325001234,-93.14713176063,0.));
#4960 = CARTESIAN_POINT('',(211.81325001234,-104.0938921437,0.));
#4961 = CARTESIAN_POINT('',(211.76501350058,-104.3263348461,0.));
#4962 = CARTESIAN_POINT('',(209.43400146951,-104.7714853074,0.));
#4963 = B_SPLINE_SURFACE_WITH_KNOTS('',3,1,(
    (#4964,#4965)
    ,(#4966,#4967)
    ,(#4968,#4969)
    ,(#4970,#4971
    )),.UNSPECIFIED.,.F.,.F.,.F.,(4,4),(2,2),(-1.,0.),(0.,1.),
  .PIECEWISE_BEZIER_KNOTS.);
#4964 = CARTESIAN_POINT('',(209.43400146951,-104.7714853074,-2.));
#4965 = CARTESIAN_POINT('',(209.43400146951,-104.7714853074,8.));
#4966 = CARTESIAN_POINT('',(211.76501350058,-104.3263348461,-2.));
#4967 = CARTESIAN_POINT('',(211.76501350058,-104.3263348461,8.));
#4968 = CARTESIAN_POINT('',(211.81325001234,-104.0938921437,-2.));
#4969 = CARTESIAN_POINT('',(211.81325001234,-104.0938921437,8.));
#4970 = CARTESIAN_POINT('',(211.81325001234,-93.14713176063,-2.));
#4971 = CARTESIAN_POINT('',(211.81325001234,-93.14713176063,8.));
#4972 = ADVANCED_FACE('',(#4973),#5009,.F.);
#4973 = FACE_BOUND('',#4974,.F.);
#4974 = EDGE_LOOP('',(#4975,#4985,#4994,#5002));
#4975 = ORIENTED_EDGE('',*,*,#4976,.F.);
#4976 = EDGE_CURVE('',#4977,#4979,#4981,.T.);
#4977 = VERTEX_POINT('',#4978);
#4978 = CARTESIAN_POINT('',(120.14070970031,-115.422211499,-2.));
#4979 = VERTEX_POINT('',#4980);
#4980 = CARTESIAN_POINT('',(120.14070970031,-115.422211499,0.));
#4981 = LINE('',#4982,#4983);
#4982 = CARTESIAN_POINT('',(120.14070970031,-115.422211499,-2.));
#4983 = VECTOR('',#4984,1.);
#4984 = DIRECTION('',(0.,0.,1.));
#4985 = ORIENTED_EDGE('',*,*,#4986,.T.);
#4986 = EDGE_CURVE('',#4977,#4987,#4989,.T.);
#4987 = VERTEX_POINT('',#4988);
#4988 = CARTESIAN_POINT('',(124.03523250553,-117.6216497112,-2.));
#4989 = B_SPLINE_CURVE_WITH_KNOTS('',3,(#4990,#4991,#4992,#4993),
  .UNSPECIFIED.,.F.,.F.,(4,4),(-1.,0.),.PIECEWISE_BEZIER_KNOTS.);
#4990 = CARTESIAN_POINT('',(120.14070970031,-115.422211499,-2.));
#4991 = CARTESIAN_POINT('',(122.05068952592,-118.3387152716,-2.));
#4992 = CARTESIAN_POINT('',(122.12963599223,-118.3825726536,-2.));
#4993 = CARTESIAN_POINT('',(124.03523250553,-117.6216497112,-2.));
#4994 = ORIENTED_EDGE('',*,*,#4995,.T.);
#4995 = EDGE_CURVE('',#4987,#4996,#4998,.T.);
#4996 = VERTEX_POINT('',#4997);
#4997 = CARTESIAN_POINT('',(124.03523250553,-117.6216497112,0.));
#4998 = LINE('',#4999,#5000);
#4999 = CARTESIAN_POINT('',(124.03523250553,-117.6216497112,-2.));
#5000 = VECTOR('',#5001,1.);
#5001 = DIRECTION('',(0.,0.,1.));
#5002 = ORIENTED_EDGE('',*,*,#5003,.T.);
#5003 = EDGE_CURVE('',#4996,#4979,#5004,.T.);
#5004 = B_SPLINE_CURVE_WITH_KNOTS('',3,(#5005,#5006,#5007,#5008),
  .UNSPECIFIED.,.F.,.F.,(4,4),(0.,0.617040219586),
  .PIECEWISE_BEZIER_KNOTS.);
#5005 = CARTESIAN_POINT('',(124.03523250553,-117.6216497112,0.));
#5006 = CARTESIAN_POINT('',(122.12963599223,-118.3825726536,0.));
#5007 = CARTESIAN_POINT('',(122.05068952592,-118.3387152716,0.));
#5008 = CARTESIAN_POINT('',(120.14070970031,-115.422211499,0.));
#5009 = B_SPLINE_SURFACE_WITH_KNOTS('',3,1,(
    (#5010,#5011)
    ,(#5012,#5013)
    ,(#5014,#5015)
    ,(#5016,#5017
    )),.UNSPECIFIED.,.F.,.F.,.F.,(4,4),(2,2),(-1.,0.),(0.,1.),
  .PIECEWISE_BEZIER_KNOTS.);
#5010 = CARTESIAN_POINT('',(120.14070970031,-115.422211499,-2.));
#5011 = CARTESIAN_POINT('',(120.14070970031,-115.422211499,8.));
#5012 = CARTESIAN_POINT('',(122.05068952592,-118.3387152716,-2.));
#5013 = CARTESIAN_POINT('',(122.05068952592,-118.3387152716,8.));
#5014 = CARTESIAN_POINT('',(122.12963599223,-118.3825726536,-2.));
#5015 = CARTESIAN_POINT('',(122.12963599223,-118.3825726536,8.));
#5016 = CARTESIAN_POINT('',(124.03523250553,-117.6216497112,-2.));
#5017 = CARTESIAN_POINT('',(124.03523250553,-117.6216497112,8.));
#5018 = ADVANCED_FACE('',(#5019),#5046,.F.);
#5019 = FACE_BOUND('',#5020,.F.);
#5020 = EDGE_LOOP('',(#5021,#5031,#5038,#5039));
#5021 = ORIENTED_EDGE('',*,*,#5022,.F.);
#5022 = EDGE_CURVE('',#5023,#5025,#5027,.T.);
#5023 = VERTEX_POINT('',#5024);
#5024 = CARTESIAN_POINT('',(117.04657972462,-108.0607764086,-2.));
#5025 = VERTEX_POINT('',#5026);
#5026 = CARTESIAN_POINT('',(117.04657972462,-108.0607764086,0.));
#5027 = LINE('',#5028,#5029);
#5028 = CARTESIAN_POINT('',(117.04657972462,-108.0607764086,-2.));
#5029 = VECTOR('',#5030,1.);
#5030 = DIRECTION('',(0.,0.,1.));
#5031 = ORIENTED_EDGE('',*,*,#5032,.T.);
#5032 = EDGE_CURVE('',#5023,#4977,#5033,.T.);
#5033 = B_SPLINE_CURVE_WITH_KNOTS('',3,(#5034,#5035,#5036,#5037),
  .UNSPECIFIED.,.F.,.F.,(4,4),(-1.,0.),.PIECEWISE_BEZIER_KNOTS.);
#5034 = CARTESIAN_POINT('',(117.04657972462,-108.0607764086,-2.));
#5035 = CARTESIAN_POINT('',(118.16713503962,-112.3587847858,-2.));
#5036 = CARTESIAN_POINT('',(118.2285348725,-112.5057060535,-2.));
#5037 = CARTESIAN_POINT('',(120.14070970031,-115.422211499,-2.));
#5038 = ORIENTED_EDGE('',*,*,#4976,.T.);
#5039 = ORIENTED_EDGE('',*,*,#5040,.T.);
#5040 = EDGE_CURVE('',#4979,#5025,#5041,.T.);
#5041 = B_SPLINE_CURVE_WITH_KNOTS('',3,(#5042,#5043,#5044,#5045),
  .UNSPECIFIED.,.F.,.F.,(4,4),(0.,1.046393201453),
  .PIECEWISE_BEZIER_KNOTS.);
#5042 = CARTESIAN_POINT('',(120.14070970031,-115.422211499,0.));
#5043 = CARTESIAN_POINT('',(118.2285348725,-112.5057060535,0.));
#5044 = CARTESIAN_POINT('',(118.16713503962,-112.3587847858,0.));
#5045 = CARTESIAN_POINT('',(117.04657972462,-108.0607764086,0.));
#5046 = B_SPLINE_SURFACE_WITH_KNOTS('',3,1,(
    (#5047,#5048)
    ,(#5049,#5050)
    ,(#5051,#5052)
    ,(#5053,#5054
    )),.UNSPECIFIED.,.F.,.F.,.F.,(4,4),(2,2),(-1.,0.),(0.,1.),
  .PIECEWISE_BEZIER_KNOTS.);
#5047 = CARTESIAN_POINT('',(117.04657972462,-108.0607764086,-2.));
#5048 = CARTESIAN_POINT('',(117.04657972462,-108.0607764086,8.));
#5049 = CARTESIAN_POINT('',(118.16713503962,-112.3587847858,-2.));
#5050 = CARTESIAN_POINT('',(118.16713503962,-112.3587847858,8.));
#5051 = CARTESIAN_POINT('',(118.2285348725,-112.5057060535,-2.));
#5052 = CARTESIAN_POINT('',(118.2285348725,-112.5057060535,8.));
#5053 = CARTESIAN_POINT('',(120.14070970031,-115.422211499,-2.));
#5054 = CARTESIAN_POINT('',(120.14070970031,-115.422211499,8.));
#5055 = ADVANCED_FACE('',(#5056),#5083,.F.);
#5056 = FACE_BOUND('',#5057,.F.);
#5057 = EDGE_LOOP('',(#5058,#5068,#5075,#5076));
#5058 = ORIENTED_EDGE('',*,*,#5059,.F.);
#5059 = EDGE_CURVE('',#5060,#5062,#5064,.T.);
#5060 = VERTEX_POINT('',#5061);
#5061 = CARTESIAN_POINT('',(118.9477929256,-97.61179634909,-2.));
#5062 = VERTEX_POINT('',#5063);
#5063 = CARTESIAN_POINT('',(118.9477929256,-97.61179634909,0.));
#5064 = LINE('',#5065,#5066);
#5065 = CARTESIAN_POINT('',(118.9477929256,-97.61179634909,-2.));
#5066 = VECTOR('',#5067,1.);
#5067 = DIRECTION('',(0.,0.,1.));
#5068 = ORIENTED_EDGE('',*,*,#5069,.T.);
#5069 = EDGE_CURVE('',#5060,#5023,#5070,.T.);
#5070 = B_SPLINE_CURVE_WITH_KNOTS('',3,(#5071,#5072,#5073,#5074),
  .UNSPECIFIED.,.F.,.F.,(4,4),(-1.,0.),.PIECEWISE_BEZIER_KNOTS.);
#5071 = CARTESIAN_POINT('',(118.9477929256,-97.61179634909,-2.));
#5072 = CARTESIAN_POINT('',(115.96550098881,-103.5522552747,-2.));
#5073 = CARTESIAN_POINT('',(115.9282261039,-103.7605780482,-2.));
#5074 = CARTESIAN_POINT('',(117.04657972462,-108.0607764086,-2.));
#5075 = ORIENTED_EDGE('',*,*,#5022,.T.);
#5076 = ORIENTED_EDGE('',*,*,#5077,.T.);
#5077 = EDGE_CURVE('',#5025,#5062,#5078,.T.);
#5078 = B_SPLINE_CURVE_WITH_KNOTS('',3,(#5079,#5080,#5081,#5082),
  .UNSPECIFIED.,.F.,.F.,(4,4),(0.,1.333055530216),
  .PIECEWISE_BEZIER_KNOTS.);
#5079 = CARTESIAN_POINT('',(117.04657972462,-108.0607764086,0.));
#5080 = CARTESIAN_POINT('',(115.9282261039,-103.7605780482,0.));
#5081 = CARTESIAN_POINT('',(115.96550098881,-103.5522552747,0.));
#5082 = CARTESIAN_POINT('',(118.9477929256,-97.61179634909,0.));
#5083 = B_SPLINE_SURFACE_WITH_KNOTS('',3,1,(
    (#5084,#5085)
    ,(#5086,#5087)
    ,(#5088,#5089)
    ,(#5090,#5091
    )),.UNSPECIFIED.,.F.,.F.,.F.,(4,4),(2,2),(-1.,0.),(0.,1.),
  .PIECEWISE_BEZIER_KNOTS.);
#5084 = CARTESIAN_POINT('',(118.9477929256,-97.61179634909,-2.));
#5085 = CARTESIAN_POINT('',(118.9477929256,-97.61179634909,8.));
#5086 = CARTESIAN_POINT('',(115.96550098881,-103.5522552747,-2.));
#5087 = CARTESIAN_POINT('',(115.96550098881,-103.5522552747,8.));
#5088 = CARTESIAN_POINT('',(115.9282261039,-103.7605780482,-2.));
#5089 = CARTESIAN_POINT('',(115.9282261039,-103.7605780482,8.));
#5090 = CARTESIAN_POINT('',(117.04657972462,-108.0607764086,-2.));
#5091 = CARTESIAN_POINT('',(117.04657972462,-108.0607764086,8.));
#5092 = ADVANCED_FACE('',(#5093),#5120,.F.);
#5093 = FACE_BOUND('',#5094,.F.);
#5094 = EDGE_LOOP('',(#5095,#5105,#5112,#5113));
#5095 = ORIENTED_EDGE('',*,*,#5096,.F.);
#5096 = EDGE_CURVE('',#5097,#5099,#5101,.T.);
#5097 = VERTEX_POINT('',#5098);
#5098 = CARTESIAN_POINT('',(125.37506720186,-91.49371289334,-2.));
#5099 = VERTEX_POINT('',#5100);
#5100 = CARTESIAN_POINT('',(125.37506720186,-91.49371289334,0.));
#5101 = LINE('',#5102,#5103);
#5102 = CARTESIAN_POINT('',(125.37506720186,-91.49371289334,-2.));
#5103 = VECTOR('',#5104,1.);
#5104 = DIRECTION('',(0.,0.,1.));
#5105 = ORIENTED_EDGE('',*,*,#5106,.T.);
#5106 = EDGE_CURVE('',#5097,#5060,#5107,.T.);
#5107 = B_SPLINE_CURVE_WITH_KNOTS('',3,(#5108,#5109,#5110,#5111),
  .UNSPECIFIED.,.F.,.F.,(4,4),(-1.,0.),.PIECEWISE_BEZIER_KNOTS.);
#5108 = CARTESIAN_POINT('',(125.37506720186,-91.49371289334,-2.));
#5109 = CARTESIAN_POINT('',(122.05507283824,-91.54634275553,-2.));
#5110 = CARTESIAN_POINT('',(121.92788986018,-91.66914242127,-2.));
#5111 = CARTESIAN_POINT('',(118.9477929256,-97.61179634909,-2.));
#5112 = ORIENTED_EDGE('',*,*,#5059,.T.);
#5113 = ORIENTED_EDGE('',*,*,#5114,.T.);
#5114 = EDGE_CURVE('',#5062,#5099,#5115,.T.);
#5115 = B_SPLINE_CURVE_WITH_KNOTS('',3,(#5116,#5117,#5118,#5119),
  .UNSPECIFIED.,.F.,.F.,(4,4),(0.,1.990332999693),
  .PIECEWISE_BEZIER_KNOTS.);
#5116 = CARTESIAN_POINT('',(118.9477929256,-97.61179634909,0.));
#5117 = CARTESIAN_POINT('',(121.92788986018,-91.66914242127,0.));
#5118 = CARTESIAN_POINT('',(122.05507283824,-91.54634275553,0.));
#5119 = CARTESIAN_POINT('',(125.37506720186,-91.49371289334,0.));
#5120 = B_SPLINE_SURFACE_WITH_KNOTS('',3,1,(
    (#5121,#5122)
    ,(#5123,#5124)
    ,(#5125,#5126)
    ,(#5127,#5128
    )),.UNSPECIFIED.,.F.,.F.,.F.,(4,4),(2,2),(-1.,0.),(0.,1.),
  .PIECEWISE_BEZIER_KNOTS.);
#5121 = CARTESIAN_POINT('',(125.37506720186,-91.49371289334,-2.));
#5122 = CARTESIAN_POINT('',(125.37506720186,-91.49371289334,8.));
#5123 = CARTESIAN_POINT('',(122.05507283824,-91.54634275553,-2.));
#5124 = CARTESIAN_POINT('',(122.05507283824,-91.54634275553,8.));
#5125 = CARTESIAN_POINT('',(121.92788986018,-91.66914242127,-2.));
#5126 = CARTESIAN_POINT('',(121.92788986018,-91.66914242127,8.));
#5127 = CARTESIAN_POINT('',(118.9477929256,-97.61179634909,-2.));
#5128 = CARTESIAN_POINT('',(118.9477929256,-97.61179634909,8.));
#5129 = ADVANCED_FACE('',(#5130),#5157,.F.);
#5130 = FACE_BOUND('',#5131,.F.);
#5131 = EDGE_LOOP('',(#5132,#5142,#5149,#5150));
#5132 = ORIENTED_EDGE('',*,*,#5133,.F.);
#5133 = EDGE_CURVE('',#5134,#5136,#5138,.T.);
#5134 = VERTEX_POINT('',#5135);
#5135 = CARTESIAN_POINT('',(133.1575278057,-98.83541304024,-2.));
#5136 = VERTEX_POINT('',#5137);
#5137 = CARTESIAN_POINT('',(133.1575278057,-98.83541304024,0.));
#5138 = LINE('',#5139,#5140);
#5139 = CARTESIAN_POINT('',(133.1575278057,-98.83541304024,-2.));
#5140 = VECTOR('',#5141,1.);
#5141 = DIRECTION('',(0.,0.,1.));
#5142 = ORIENTED_EDGE('',*,*,#5143,.T.);
#5143 = EDGE_CURVE('',#5134,#5097,#5144,.T.);
#5144 = B_SPLINE_CURVE_WITH_KNOTS('',3,(#5145,#5146,#5147,#5148),
  .UNSPECIFIED.,.F.,.F.,(4,4),(-1.,0.),.PIECEWISE_BEZIER_KNOTS.);
#5145 = CARTESIAN_POINT('',(133.1575278057,-98.83541304024,-2.));
#5146 = CARTESIAN_POINT('',(128.85075280382,-91.58581598868,-2.));
#5147 = CARTESIAN_POINT('',(128.69506156548,-91.43889137498,-2.));
#5148 = CARTESIAN_POINT('',(125.37506720186,-91.49371289334,-2.));
#5149 = ORIENTED_EDGE('',*,*,#5096,.T.);
#5150 = ORIENTED_EDGE('',*,*,#5151,.T.);
#5151 = EDGE_CURVE('',#5099,#5136,#5152,.T.);
#5152 = B_SPLINE_CURVE_WITH_KNOTS('',3,(#5153,#5154,#5155,#5156),
  .UNSPECIFIED.,.F.,.F.,(4,4),(0.,1.079386549537),
  .PIECEWISE_BEZIER_KNOTS.);
#5153 = CARTESIAN_POINT('',(125.37506720186,-91.49371289334,0.));
#5154 = CARTESIAN_POINT('',(128.69506156548,-91.43889137498,0.));
#5155 = CARTESIAN_POINT('',(128.85075280382,-91.58581598868,0.));
#5156 = CARTESIAN_POINT('',(133.1575278057,-98.83541304024,0.));
#5157 = B_SPLINE_SURFACE_WITH_KNOTS('',3,1,(
    (#5158,#5159)
    ,(#5160,#5161)
    ,(#5162,#5163)
    ,(#5164,#5165
    )),.UNSPECIFIED.,.F.,.F.,.F.,(4,4),(2,2),(-1.,0.),(0.,1.),
  .PIECEWISE_BEZIER_KNOTS.);
#5158 = CARTESIAN_POINT('',(133.1575278057,-98.83541304024,-2.));
#5159 = CARTESIAN_POINT('',(133.1575278057,-98.83541304024,8.));
#5160 = CARTESIAN_POINT('',(128.85075280382,-91.58581598868,-2.));
#5161 = CARTESIAN_POINT('',(128.85075280382,-91.58581598868,8.));
#5162 = CARTESIAN_POINT('',(128.69506156548,-91.43889137498,-2.));
#5163 = CARTESIAN_POINT('',(128.69506156548,-91.43889137498,8.));
#5164 = CARTESIAN_POINT('',(125.37506720186,-91.49371289334,-2.));
#5165 = CARTESIAN_POINT('',(125.37506720186,-91.49371289334,8.));
#5166 = ADVANCED_FACE('',(#5167),#5194,.F.);
#5167 = FACE_BOUND('',#5168,.F.);
#5168 = EDGE_LOOP('',(#5169,#5179,#5186,#5187));
#5169 = ORIENTED_EDGE('',*,*,#5170,.F.);
#5170 = EDGE_CURVE('',#5171,#5173,#5175,.T.);
#5171 = VERTEX_POINT('',#5172);
#5172 = CARTESIAN_POINT('',(131.76725490334,-111.5386536667,-2.));
#5173 = VERTEX_POINT('',#5174);
#5174 = CARTESIAN_POINT('',(131.76725490334,-111.5386536667,0.));
#5175 = LINE('',#5176,#5177);
#5176 = CARTESIAN_POINT('',(131.76725490334,-111.5386536667,-2.));
#5177 = VECTOR('',#5178,1.);
#5178 = DIRECTION('',(0.,0.,1.));
#5179 = ORIENTED_EDGE('',*,*,#5180,.T.);
#5180 = EDGE_CURVE('',#5171,#5134,#5181,.T.);
#5181 = B_SPLINE_CURVE_WITH_KNOTS('',3,(#5182,#5183,#5184,#5185),
  .UNSPECIFIED.,.F.,.F.,(4,4),(-1.,0.),.PIECEWISE_BEZIER_KNOTS.);
#5182 = CARTESIAN_POINT('',(131.76725490334,-111.5386536667,-2.));
#5183 = CARTESIAN_POINT('',(137.43580123939,-106.3371894108,-2.));
#5184 = CARTESIAN_POINT('',(137.46430949966,-106.0828167626,-2.));
#5185 = CARTESIAN_POINT('',(133.1575278057,-98.83541304024,-2.));
#5186 = ORIENTED_EDGE('',*,*,#5133,.T.);
#5187 = ORIENTED_EDGE('',*,*,#5188,.T.);
#5188 = EDGE_CURVE('',#5136,#5173,#5189,.T.);
#5189 = B_SPLINE_CURVE_WITH_KNOTS('',3,(#5190,#5191,#5192,#5193),
  .UNSPECIFIED.,.F.,.F.,(4,4),(0.,2.552334566689),
  .PIECEWISE_BEZIER_KNOTS.);
#5190 = CARTESIAN_POINT('',(133.1575278057,-98.83541304024,0.));
#5191 = CARTESIAN_POINT('',(137.46430949966,-106.0828167626,0.));
#5192 = CARTESIAN_POINT('',(137.43580123939,-106.3371894108,0.));
#5193 = CARTESIAN_POINT('',(131.76725490334,-111.5386536667,0.));
#5194 = B_SPLINE_SURFACE_WITH_KNOTS('',3,1,(
    (#5195,#5196)
    ,(#5197,#5198)
    ,(#5199,#5200)
    ,(#5201,#5202
    )),.UNSPECIFIED.,.F.,.F.,.F.,(4,4),(2,2),(-1.,0.),(0.,1.),
  .PIECEWISE_BEZIER_KNOTS.);
#5195 = CARTESIAN_POINT('',(131.76725490334,-111.5386536667,-2.));
#5196 = CARTESIAN_POINT('',(131.76725490334,-111.5386536667,8.));
#5197 = CARTESIAN_POINT('',(137.43580123939,-106.3371894108,-2.));
#5198 = CARTESIAN_POINT('',(137.43580123939,-106.3371894108,8.));
#5199 = CARTESIAN_POINT('',(137.46430949966,-106.0828167626,-2.));
#5200 = CARTESIAN_POINT('',(137.46430949966,-106.0828167626,8.));
#5201 = CARTESIAN_POINT('',(133.1575278057,-98.83541304024,-2.));
#5202 = CARTESIAN_POINT('',(133.1575278057,-98.83541304024,8.));
#5203 = ADVANCED_FACE('',(#5204),#5222,.F.);
#5204 = FACE_BOUND('',#5205,.F.);
#5205 = EDGE_LOOP('',(#5206,#5207,#5214,#5215));
#5206 = ORIENTED_EDGE('',*,*,#4995,.F.);
#5207 = ORIENTED_EDGE('',*,*,#5208,.T.);
#5208 = EDGE_CURVE('',#4987,#5171,#5209,.T.);
#5209 = B_SPLINE_CURVE_WITH_KNOTS('',3,(#5210,#5211,#5212,#5213),
  .UNSPECIFIED.,.F.,.F.,(4,4),(-1.,0.),.PIECEWISE_BEZIER_KNOTS.);
#5210 = CARTESIAN_POINT('',(124.03523250553,-117.6216497112,-2.));
#5211 = CARTESIAN_POINT('',(125.94301732894,-116.8629200979,-2.));
#5212 = CARTESIAN_POINT('',(126.09652025716,-116.7401195957,-2.));
#5213 = CARTESIAN_POINT('',(131.76725490334,-111.5386536667,-2.));
#5214 = ORIENTED_EDGE('',*,*,#5170,.T.);
#5215 = ORIENTED_EDGE('',*,*,#5216,.T.);
#5216 = EDGE_CURVE('',#5173,#4996,#5217,.T.);
#5217 = B_SPLINE_CURVE_WITH_KNOTS('',3,(#5218,#5219,#5220,#5221),
  .UNSPECIFIED.,.F.,.F.,(4,4),(0.,2.308952288986),
  .PIECEWISE_BEZIER_KNOTS.);
#5218 = CARTESIAN_POINT('',(131.76725490334,-111.5386536667,0.));
#5219 = CARTESIAN_POINT('',(126.09652025716,-116.7401195957,0.));
#5220 = CARTESIAN_POINT('',(125.94301732894,-116.8629200979,0.));
#5221 = CARTESIAN_POINT('',(124.03523250553,-117.6216497112,0.));
#5222 = B_SPLINE_SURFACE_WITH_KNOTS('',3,1,(
    (#5223,#5224)
    ,(#5225,#5226)
    ,(#5227,#5228)
    ,(#5229,#5230
    )),.UNSPECIFIED.,.F.,.F.,.F.,(4,4),(2,2),(-1.,0.),(0.,1.),
  .PIECEWISE_BEZIER_KNOTS.);
#5223 = CARTESIAN_POINT('',(124.03523250553,-117.6216497112,-2.));
#5224 = CARTESIAN_POINT('',(124.03523250553,-117.6216497112,8.));
#5225 = CARTESIAN_POINT('',(125.94301732894,-116.8629200979,-2.));
#5226 = CARTESIAN_POINT('',(125.94301732894,-116.8629200979,8.));
#5227 = CARTESIAN_POINT('',(126.09652025716,-116.7401195957,-2.));
#5228 = CARTESIAN_POINT('',(126.09652025716,-116.7401195957,8.));
#5229 = CARTESIAN_POINT('',(131.76725490334,-111.5386536667,-2.));
#5230 = CARTESIAN_POINT('',(131.76725490334,-111.5386536667,8.));
#5231 = ADVANCED_FACE('',(#5232),#5268,.F.);
#5232 = FACE_BOUND('',#5233,.F.);
#5233 = EDGE_LOOP('',(#5234,#5244,#5253,#5261));
#5234 = ORIENTED_EDGE('',*,*,#5235,.F.);
#5235 = EDGE_CURVE('',#5236,#5238,#5240,.T.);
#5236 = VERTEX_POINT('',#5237);
#5237 = CARTESIAN_POINT('',(187.0426903417,-77.61948543786,-2.));
#5238 = VERTEX_POINT('',#5239);
#5239 = CARTESIAN_POINT('',(187.0426903417,-77.61948543786,0.));
#5240 = LINE('',#5241,#5242);
#5241 = CARTESIAN_POINT('',(187.0426903417,-77.61948543786,-2.));
#5242 = VECTOR('',#5243,1.);
#5243 = DIRECTION('',(0.,0.,1.));
#5244 = ORIENTED_EDGE('',*,*,#5245,.T.);
#5245 = EDGE_CURVE('',#5236,#5246,#5248,.T.);
#5246 = VERTEX_POINT('',#5247);
#5247 = CARTESIAN_POINT('',(195.04006039871,-85.06863361927,-2.));
#5248 = B_SPLINE_CURVE_WITH_KNOTS('',3,(#5249,#5250,#5251,#5252),
  .UNSPECIFIED.,.F.,.F.,(4,4),(-1.,0.),.PIECEWISE_BEZIER_KNOTS.);
#5249 = CARTESIAN_POINT('',(187.0426903417,-77.61948543786,-2.));
#5250 = CARTESIAN_POINT('',(188.58647286436,-84.57743161026,-2.));
#5251 = CARTESIAN_POINT('',(188.74654741502,-84.72654453408,-2.));
#5252 = CARTESIAN_POINT('',(195.04006039871,-85.06863361927,-2.));
#5253 = ORIENTED_EDGE('',*,*,#5254,.T.);
#5254 = EDGE_CURVE('',#5246,#5255,#5257,.T.);
#5255 = VERTEX_POINT('',#5256);
#5256 = CARTESIAN_POINT('',(195.04006039871,-85.06863361927,0.));
#5257 = LINE('',#5258,#5259);
#5258 = CARTESIAN_POINT('',(195.04006039871,-85.06863361927,-2.));
#5259 = VECTOR('',#5260,1.);
#5260 = DIRECTION('',(0.,0.,1.));
#5261 = ORIENTED_EDGE('',*,*,#5262,.T.);
#5262 = EDGE_CURVE('',#5255,#5238,#5263,.T.);
#5263 = B_SPLINE_CURVE_WITH_KNOTS('',3,(#5264,#5265,#5266,#5267),
  .UNSPECIFIED.,.F.,.F.,(4,4),(0.,1.963316261425),
  .PIECEWISE_BEZIER_KNOTS.);
#5264 = CARTESIAN_POINT('',(195.04006039871,-85.06863361927,0.));
#5265 = CARTESIAN_POINT('',(188.74654741502,-84.72654453408,0.));
#5266 = CARTESIAN_POINT('',(188.58647286436,-84.57743161026,0.));
#5267 = CARTESIAN_POINT('',(187.0426903417,-77.61948543786,0.));
#5268 = B_SPLINE_SURFACE_WITH_KNOTS('',3,1,(
    (#5269,#5270)
    ,(#5271,#5272)
    ,(#5273,#5274)
    ,(#5275,#5276
    )),.UNSPECIFIED.,.F.,.F.,.F.,(4,4),(2,2),(-1.,0.),(0.,1.),
  .PIECEWISE_BEZIER_KNOTS.);
#5269 = CARTESIAN_POINT('',(187.0426903417,-77.61948543786,-2.));
#5270 = CARTESIAN_POINT('',(187.0426903417,-77.61948543786,8.));
#5271 = CARTESIAN_POINT('',(188.58647286436,-84.57743161026,-2.));
#5272 = CARTESIAN_POINT('',(188.58647286436,-84.57743161026,8.));
#5273 = CARTESIAN_POINT('',(188.74654741502,-84.72654453408,-2.));
#5274 = CARTESIAN_POINT('',(188.74654741502,-84.72654453408,8.));
#5275 = CARTESIAN_POINT('',(195.04006039871,-85.06863361927,-2.));
#5276 = CARTESIAN_POINT('',(195.04006039871,-85.06863361927,8.));
#5277 = ADVANCED_FACE('',(#5278),#5305,.F.);
#5278 = FACE_BOUND('',#5279,.F.);
#5279 = EDGE_LOOP('',(#5280,#5290,#5297,#5298));
#5280 = ORIENTED_EDGE('',*,*,#5281,.F.);
#5281 = EDGE_CURVE('',#5282,#5284,#5286,.T.);
#5282 = VERTEX_POINT('',#5283);
#5283 = CARTESIAN_POINT('',(198.08814217276,-71.44438546156,-2.));
#5284 = VERTEX_POINT('',#5285);
#5285 = CARTESIAN_POINT('',(198.08814217276,-71.44438546156,0.));
#5286 = LINE('',#5287,#5288);
#5287 = CARTESIAN_POINT('',(198.08814217276,-71.44438546156,-2.));
#5288 = VECTOR('',#5289,1.);
#5289 = DIRECTION('',(0.,0.,1.));
#5290 = ORIENTED_EDGE('',*,*,#5291,.T.);
#5291 = EDGE_CURVE('',#5282,#5236,#5292,.T.);
#5292 = B_SPLINE_CURVE_WITH_KNOTS('',3,(#5293,#5294,#5295,#5296),
  .UNSPECIFIED.,.F.,.F.,(4,4),(-1.,0.),.PIECEWISE_BEZIER_KNOTS.);
#5293 = CARTESIAN_POINT('',(198.08814217276,-71.44438546156,-2.));
#5294 = CARTESIAN_POINT('',(185.722597281,-70.53654459753,-2.));
#5295 = CARTESIAN_POINT('',(185.50111620539,-70.65934426327,-2.));
#5296 = CARTESIAN_POINT('',(187.0426903417,-77.61948543786,-2.));
#5297 = ORIENTED_EDGE('',*,*,#5235,.T.);
#5298 = ORIENTED_EDGE('',*,*,#5299,.T.);
#5299 = EDGE_CURVE('',#5238,#5284,#5300,.T.);
#5300 = B_SPLINE_CURVE_WITH_KNOTS('',3,(#5301,#5302,#5303,#5304),
  .UNSPECIFIED.,.F.,.F.,(4,4),(0.,2.210991157986),
  .PIECEWISE_BEZIER_KNOTS.);
#5301 = CARTESIAN_POINT('',(187.0426903417,-77.61948543786,0.));
#5302 = CARTESIAN_POINT('',(185.50111620539,-70.65934426327,0.));
#5303 = CARTESIAN_POINT('',(185.722597281,-70.53654459753,0.));
#5304 = CARTESIAN_POINT('',(198.08814217276,-71.44438546156,0.));
#5305 = B_SPLINE_SURFACE_WITH_KNOTS('',3,1,(
    (#5306,#5307)
    ,(#5308,#5309)
    ,(#5310,#5311)
    ,(#5312,#5313
    )),.UNSPECIFIED.,.F.,.F.,.F.,(4,4),(2,2),(-1.,0.),(0.,1.),
  .PIECEWISE_BEZIER_KNOTS.);
#5306 = CARTESIAN_POINT('',(198.08814217276,-71.44438546156,-2.));
#5307 = CARTESIAN_POINT('',(198.08814217276,-71.44438546156,8.));
#5308 = CARTESIAN_POINT('',(185.722597281,-70.53654459753,-2.));
#5309 = CARTESIAN_POINT('',(185.722597281,-70.53654459753,8.));
#5310 = CARTESIAN_POINT('',(185.50111620539,-70.65934426327,-2.));
#5311 = CARTESIAN_POINT('',(185.50111620539,-70.65934426327,8.));
#5312 = CARTESIAN_POINT('',(187.0426903417,-77.61948543786,-2.));
#5313 = CARTESIAN_POINT('',(187.0426903417,-77.61948543786,8.));
#5314 = ADVANCED_FACE('',(#5315),#5342,.F.);
#5315 = FACE_BOUND('',#5316,.F.);
#5316 = EDGE_LOOP('',(#5317,#5327,#5334,#5335));
#5317 = ORIENTED_EDGE('',*,*,#5318,.F.);
#5318 = EDGE_CURVE('',#5319,#5321,#5323,.T.);
#5319 = VERTEX_POINT('',#5320);
#5320 = CARTESIAN_POINT('',(210.70805302065,-75.89370176482,-2.));
#5321 = VERTEX_POINT('',#5322);
#5322 = CARTESIAN_POINT('',(210.70805302065,-75.89370176482,0.));
#5323 = LINE('',#5324,#5325);
#5324 = CARTESIAN_POINT('',(210.70805302065,-75.89370176482,-2.));
#5325 = VECTOR('',#5326,1.);
#5326 = DIRECTION('',(0.,0.,1.));
#5327 = ORIENTED_EDGE('',*,*,#5328,.T.);
#5328 = EDGE_CURVE('',#5319,#5282,#5329,.T.);
#5329 = B_SPLINE_CURVE_WITH_KNOTS('',3,(#5330,#5331,#5332,#5333),
  .UNSPECIFIED.,.F.,.F.,(4,4),(-1.,0.),.PIECEWISE_BEZIER_KNOTS.);
#5330 = CARTESIAN_POINT('',(210.70805302065,-75.89370176482,-2.));
#5331 = CARTESIAN_POINT('',(210.70805302065,-72.44214111082,-2.));
#5332 = CARTESIAN_POINT('',(210.45586868257,-72.35223301768,-2.));
#5333 = CARTESIAN_POINT('',(198.08814217276,-71.44438546156,-2.));
#5334 = ORIENTED_EDGE('',*,*,#5281,.T.);
#5335 = ORIENTED_EDGE('',*,*,#5336,.T.);
#5336 = EDGE_CURVE('',#5284,#5321,#5337,.T.);
#5337 = B_SPLINE_CURVE_WITH_KNOTS('',3,(#5338,#5339,#5340,#5341),
  .UNSPECIFIED.,.F.,.F.,(4,4),(0.,3.629309552942),
  .PIECEWISE_BEZIER_KNOTS.);
#5338 = CARTESIAN_POINT('',(198.08814217276,-71.44438546156,0.));
#5339 = CARTESIAN_POINT('',(210.45586868257,-72.35223301768,0.));
#5340 = CARTESIAN_POINT('',(210.70805302065,-72.44214111082,0.));
#5341 = CARTESIAN_POINT('',(210.70805302065,-75.89370176482,0.));
#5342 = B_SPLINE_SURFACE_WITH_KNOTS('',3,1,(
    (#5343,#5344)
    ,(#5345,#5346)
    ,(#5347,#5348)
    ,(#5349,#5350
    )),.UNSPECIFIED.,.F.,.F.,.F.,(4,4),(2,2),(-1.,0.),(0.,1.),
  .PIECEWISE_BEZIER_KNOTS.);
#5343 = CARTESIAN_POINT('',(210.70805302065,-75.89370176482,-2.));
#5344 = CARTESIAN_POINT('',(210.70805302065,-75.89370176482,8.));
#5345 = CARTESIAN_POINT('',(210.70805302065,-72.44214111082,-2.));
#5346 = CARTESIAN_POINT('',(210.70805302065,-72.44214111082,8.));
#5347 = CARTESIAN_POINT('',(210.45586868257,-72.35223301768,-2.));
#5348 = CARTESIAN_POINT('',(210.45586868257,-72.35223301768,8.));
#5349 = CARTESIAN_POINT('',(198.08814217276,-71.44438546156,-2.));
#5350 = CARTESIAN_POINT('',(198.08814217276,-71.44438546156,8.));
#5351 = ADVANCED_FACE('',(#5352),#5379,.F.);
#5352 = FACE_BOUND('',#5353,.F.);
#5353 = EDGE_LOOP('',(#5354,#5364,#5371,#5372));
#5354 = ORIENTED_EDGE('',*,*,#5355,.F.);
#5355 = EDGE_CURVE('',#5356,#5358,#5360,.T.);
#5356 = VERTEX_POINT('',#5357);
#5357 = CARTESIAN_POINT('',(206.08549884561,-82.41746244876,-2.));
#5358 = VERTEX_POINT('',#5359);
#5359 = CARTESIAN_POINT('',(206.08549884561,-82.41746244876,0.));
#5360 = LINE('',#5361,#5362);
#5361 = CARTESIAN_POINT('',(206.08549884561,-82.41746244876,-2.));
#5362 = VECTOR('',#5363,1.);
#5363 = DIRECTION('',(0.,0.,1.));
#5364 = ORIENTED_EDGE('',*,*,#5365,.T.);
#5365 = EDGE_CURVE('',#5356,#5319,#5366,.T.);
#5366 = B_SPLINE_CURVE_WITH_KNOTS('',3,(#5367,#5368,#5369,#5370),
  .UNSPECIFIED.,.F.,.F.,(4,4),(-1.,0.),.PIECEWISE_BEZIER_KNOTS.);
#5367 = CARTESIAN_POINT('',(206.08549884561,-82.41746244876,-2.));
#5368 = CARTESIAN_POINT('',(210.61594323322,-79.47683874733,-2.));
#5369 = CARTESIAN_POINT('',(210.70805302065,-79.34526576486,-2.));
#5370 = CARTESIAN_POINT('',(210.70805302065,-75.89370176482,-2.));
#5371 = ORIENTED_EDGE('',*,*,#5318,.T.);
#5372 = ORIENTED_EDGE('',*,*,#5373,.T.);
#5373 = EDGE_CURVE('',#5321,#5358,#5374,.T.);
#5374 = B_SPLINE_CURVE_WITH_KNOTS('',3,(#5375,#5376,#5377,#5378),
  .UNSPECIFIED.,.F.,.F.,(4,4),(0.,1.058949305415),
  .PIECEWISE_BEZIER_KNOTS.);
#5375 = CARTESIAN_POINT('',(210.70805302065,-75.89370176482,0.));
#5376 = CARTESIAN_POINT('',(210.70805302065,-79.34526576486,0.));
#5377 = CARTESIAN_POINT('',(210.61594323322,-79.47683874733,0.));
#5378 = CARTESIAN_POINT('',(206.08549884561,-82.41746244876,0.));
#5379 = B_SPLINE_SURFACE_WITH_KNOTS('',3,1,(
    (#5380,#5381)
    ,(#5382,#5383)
    ,(#5384,#5385)
    ,(#5386,#5387
    )),.UNSPECIFIED.,.F.,.F.,.F.,(4,4),(2,2),(-1.,0.),(0.,1.),
  .PIECEWISE_BEZIER_KNOTS.);
#5380 = CARTESIAN_POINT('',(206.08549884561,-82.41746244876,-2.));
#5381 = CARTESIAN_POINT('',(206.08549884561,-82.41746244876,8.));
#5382 = CARTESIAN_POINT('',(210.61594323322,-79.47683874733,-2.));
#5383 = CARTESIAN_POINT('',(210.61594323322,-79.47683874733,8.));
#5384 = CARTESIAN_POINT('',(210.70805302065,-79.34526576486,-2.));
#5385 = CARTESIAN_POINT('',(210.70805302065,-79.34526576486,8.));
#5386 = CARTESIAN_POINT('',(210.70805302065,-75.89370176482,-2.));
#5387 = CARTESIAN_POINT('',(210.70805302065,-75.89370176482,8.));
#5388 = ADVANCED_FACE('',(#5389),#5407,.F.);
#5389 = FACE_BOUND('',#5390,.F.);
#5390 = EDGE_LOOP('',(#5391,#5392,#5399,#5400));
#5391 = ORIENTED_EDGE('',*,*,#5254,.F.);
#5392 = ORIENTED_EDGE('',*,*,#5393,.T.);
#5393 = EDGE_CURVE('',#5246,#5356,#5394,.T.);
#5394 = B_SPLINE_CURVE_WITH_KNOTS('',3,(#5395,#5396,#5397,#5398),
  .UNSPECIFIED.,.F.,.F.,(4,4),(-1.,0.),.PIECEWISE_BEZIER_KNOTS.);
#5395 = CARTESIAN_POINT('',(195.04006039871,-85.06863361927,-2.));
#5396 = CARTESIAN_POINT('',(201.33357338239,-85.41291101458,-2.));
#5397 = CARTESIAN_POINT('',(201.555054458,-85.36028449843,-2.));
#5398 = CARTESIAN_POINT('',(206.08549884561,-82.41746244876,-2.));
#5399 = ORIENTED_EDGE('',*,*,#5355,.T.);
#5400 = ORIENTED_EDGE('',*,*,#5401,.T.);
#5401 = EDGE_CURVE('',#5358,#5255,#5402,.T.);
#5402 = B_SPLINE_CURVE_WITH_KNOTS('',3,(#5403,#5404,#5405,#5406),
  .UNSPECIFIED.,.F.,.F.,(4,4),(0.,1.621050889852),
  .PIECEWISE_BEZIER_KNOTS.);
#5403 = CARTESIAN_POINT('',(206.08549884561,-82.41746244876,0.));
#5404 = CARTESIAN_POINT('',(201.555054458,-85.36028449843,0.));
#5405 = CARTESIAN_POINT('',(201.33357338239,-85.41291101458,0.));
#5406 = CARTESIAN_POINT('',(195.04006039871,-85.06863361927,0.));
#5407 = B_SPLINE_SURFACE_WITH_KNOTS('',3,1,(
    (#5408,#5409)
    ,(#5410,#5411)
    ,(#5412,#5413)
    ,(#5414,#5415
    )),.UNSPECIFIED.,.F.,.F.,.F.,(4,4),(2,2),(-1.,0.),(0.,1.),
  .PIECEWISE_BEZIER_KNOTS.);
#5408 = CARTESIAN_POINT('',(195.04006039871,-85.06863361927,-2.));
#5409 = CARTESIAN_POINT('',(195.04006039871,-85.06863361927,8.));
#5410 = CARTESIAN_POINT('',(201.33357338239,-85.41291101458,-2.));
#5411 = CARTESIAN_POINT('',(201.33357338239,-85.41291101458,8.));
#5412 = CARTESIAN_POINT('',(201.555054458,-85.36028449843,-2.));
#5413 = CARTESIAN_POINT('',(201.555054458,-85.36028449843,8.));
#5414 = CARTESIAN_POINT('',(206.08549884561,-82.41746244876,-2.));
#5415 = CARTESIAN_POINT('',(206.08549884561,-82.41746244876,8.));
#5416 = ADVANCED_FACE('',(#5417),#5453,.F.);
#5417 = FACE_BOUND('',#5418,.F.);
#5418 = EDGE_LOOP('',(#5419,#5429,#5438,#5446));
#5419 = ORIENTED_EDGE('',*,*,#5420,.F.);
#5420 = EDGE_CURVE('',#5421,#5423,#5425,.T.);
#5421 = VERTEX_POINT('',#5422);
#5422 = CARTESIAN_POINT('',(149.28602252022,-117.6282288622,-2.));
#5423 = VERTEX_POINT('',#5424);
#5424 = CARTESIAN_POINT('',(149.28602252022,-117.6282288622,0.));
#5425 = LINE('',#5426,#5427);
#5426 = CARTESIAN_POINT('',(149.28602252022,-117.6282288622,-2.));
#5427 = VECTOR('',#5428,1.);
#5428 = DIRECTION('',(0.,0.,1.));
#5429 = ORIENTED_EDGE('',*,*,#5430,.T.);
#5430 = EDGE_CURVE('',#5421,#5431,#5433,.T.);
#5431 = VERTEX_POINT('',#5432);
#5432 = CARTESIAN_POINT('',(160.34900090849,-127.3162872341,-2.));
#5433 = B_SPLINE_CURVE_WITH_KNOTS('',3,(#5434,#5435,#5436,#5437),
  .UNSPECIFIED.,.F.,.F.,(4,4),(-1.,0.),.PIECEWISE_BEZIER_KNOTS.);
#5434 = CARTESIAN_POINT('',(149.28602252022,-117.6282288622,-2.));
#5435 = CARTESIAN_POINT('',(152.07973164607,-126.967622553,-2.));
#5436 = CARTESIAN_POINT('',(152.30119933752,-127.1605941136,-2.));
#5437 = CARTESIAN_POINT('',(160.34900090849,-127.3162872341,-2.));
#5438 = ORIENTED_EDGE('',*,*,#5439,.T.);
#5439 = EDGE_CURVE('',#5431,#5440,#5442,.T.);
#5440 = VERTEX_POINT('',#5441);
#5441 = CARTESIAN_POINT('',(160.34900090849,-127.3162872341,0.));
#5442 = LINE('',#5443,#5444);
#5443 = CARTESIAN_POINT('',(160.34900090849,-127.3162872341,-2.));
#5444 = VECTOR('',#5445,1.);
#5445 = DIRECTION('',(0.,0.,1.));
#5446 = ORIENTED_EDGE('',*,*,#5447,.T.);
#5447 = EDGE_CURVE('',#5440,#5423,#5448,.T.);
#5448 = B_SPLINE_CURVE_WITH_KNOTS('',3,(#5449,#5450,#5451,#5452),
  .UNSPECIFIED.,.F.,.F.,(4,4),(0.,2.541725919403),
  .PIECEWISE_BEZIER_KNOTS.);
#5449 = CARTESIAN_POINT('',(160.34900090849,-127.3162872341,0.));
#5450 = CARTESIAN_POINT('',(152.30119933752,-127.1605941136,0.));
#5451 = CARTESIAN_POINT('',(152.07973164607,-126.967622553,0.));
#5452 = CARTESIAN_POINT('',(149.28602252022,-117.6282288622,0.));
#5453 = B_SPLINE_SURFACE_WITH_KNOTS('',3,1,(
    (#5454,#5455)
    ,(#5456,#5457)
    ,(#5458,#5459)
    ,(#5460,#5461
    )),.UNSPECIFIED.,.F.,.F.,.F.,(4,4),(2,2),(-1.,0.),(0.,1.),
  .PIECEWISE_BEZIER_KNOTS.);
#5454 = CARTESIAN_POINT('',(149.28602252022,-117.6282288622,-2.));
#5455 = CARTESIAN_POINT('',(149.28602252022,-117.6282288622,8.));
#5456 = CARTESIAN_POINT('',(152.07973164607,-126.967622553,-2.));
#5457 = CARTESIAN_POINT('',(152.07973164607,-126.967622553,8.));
#5458 = CARTESIAN_POINT('',(152.30119933752,-127.1605941136,-2.));
#5459 = CARTESIAN_POINT('',(152.30119933752,-127.1605941136,8.));
#5460 = CARTESIAN_POINT('',(160.34900090849,-127.3162872341,-2.));
#5461 = CARTESIAN_POINT('',(160.34900090849,-127.3162872341,8.));
#5462 = ADVANCED_FACE('',(#5463),#5490,.F.);
#5463 = FACE_BOUND('',#5464,.F.);
#5464 = EDGE_LOOP('',(#5465,#5475,#5482,#5483));
#5465 = ORIENTED_EDGE('',*,*,#5466,.F.);
#5466 = EDGE_CURVE('',#5467,#5469,#5471,.T.);
#5467 = VERTEX_POINT('',#5468);
#5468 = CARTESIAN_POINT('',(154.00505641085,-104.6728072436,-2.));
#5469 = VERTEX_POINT('',#5470);
#5470 = CARTESIAN_POINT('',(154.00505641085,-104.6728072436,0.));
#5471 = LINE('',#5472,#5473);
#5472 = CARTESIAN_POINT('',(154.00505641085,-104.6728072436,-2.));
#5473 = VECTOR('',#5474,1.);
#5474 = DIRECTION('',(0.,0.,1.));
#5475 = ORIENTED_EDGE('',*,*,#5476,.T.);
#5476 = EDGE_CURVE('',#5467,#5421,#5477,.T.);
#5477 = B_SPLINE_CURVE_WITH_KNOTS('',3,(#5478,#5479,#5480,#5481),
  .UNSPECIFIED.,.F.,.F.,(4,4),(-1.,0.),.PIECEWISE_BEZIER_KNOTS.);
#5478 = CARTESIAN_POINT('',(154.00505641085,-104.6728072436,-2.));
#5479 = CARTESIAN_POINT('',(146.58661149192,-108.0322698213,-2.));
#5480 = CARTESIAN_POINT('',(146.49231339437,-108.2910274549,-2.));
#5481 = CARTESIAN_POINT('',(149.28602252022,-117.6282288622,-2.));
#5482 = ORIENTED_EDGE('',*,*,#5420,.T.);
#5483 = ORIENTED_EDGE('',*,*,#5484,.T.);
#5484 = EDGE_CURVE('',#5423,#5469,#5485,.T.);
#5485 = B_SPLINE_CURVE_WITH_KNOTS('',3,(#5486,#5487,#5488,#5489),
  .UNSPECIFIED.,.F.,.F.,(4,4),(0.,2.917100050272),
  .PIECEWISE_BEZIER_KNOTS.);
#5486 = CARTESIAN_POINT('',(149.28602252022,-117.6282288622,0.));
#5487 = CARTESIAN_POINT('',(146.49231339437,-108.2910274549,0.));
#5488 = CARTESIAN_POINT('',(146.58661149192,-108.0322698213,0.));
#5489 = CARTESIAN_POINT('',(154.00505641085,-104.6728072436,0.));
#5490 = B_SPLINE_SURFACE_WITH_KNOTS('',3,1,(
    (#5491,#5492)
    ,(#5493,#5494)
    ,(#5495,#5496)
    ,(#5497,#5498
    )),.UNSPECIFIED.,.F.,.F.,.F.,(4,4),(2,2),(-1.,0.),(0.,1.),
  .PIECEWISE_BEZIER_KNOTS.);
#5491 = CARTESIAN_POINT('',(154.00505641085,-104.6728072436,-2.));
#5492 = CARTESIAN_POINT('',(154.00505641085,-104.6728072436,8.));
#5493 = CARTESIAN_POINT('',(146.58661149192,-108.0322698213,-2.));
#5494 = CARTESIAN_POINT('',(146.58661149192,-108.0322698213,8.));
#5495 = CARTESIAN_POINT('',(146.49231339437,-108.2910274549,-2.));
#5496 = CARTESIAN_POINT('',(146.49231339437,-108.2910274549,8.));
#5497 = CARTESIAN_POINT('',(149.28602252022,-117.6282288622,-2.));
#5498 = CARTESIAN_POINT('',(149.28602252022,-117.6282288622,8.));
#5499 = ADVANCED_FACE('',(#5500),#5527,.F.);
#5500 = FACE_BOUND('',#5501,.F.);
#5501 = EDGE_LOOP('',(#5502,#5512,#5519,#5520));
#5502 = ORIENTED_EDGE('',*,*,#5503,.F.);
#5503 = EDGE_CURVE('',#5504,#5506,#5508,.T.);
#5504 = VERTEX_POINT('',#5505);
#5505 = CARTESIAN_POINT('',(164.26326534934,-103.1992045626,-2.));
#5506 = VERTEX_POINT('',#5507);
#5507 = CARTESIAN_POINT('',(164.26326534934,-103.1992045626,0.));
#5508 = LINE('',#5509,#5510);
#5509 = CARTESIAN_POINT('',(164.26326534934,-103.1992045626,-2.));
#5510 = VECTOR('',#5511,1.);
#5511 = DIRECTION('',(0.,0.,1.));
#5512 = ORIENTED_EDGE('',*,*,#5513,.T.);
#5513 = EDGE_CURVE('',#5504,#5467,#5514,.T.);
#5514 = B_SPLINE_CURVE_WITH_KNOTS('',3,(#5515,#5516,#5517,#5518),
  .UNSPECIFIED.,.F.,.F.,(4,4),(-1.,0.),.PIECEWISE_BEZIER_KNOTS.);
#5515 = CARTESIAN_POINT('',(164.26326534934,-103.1992045626,-2.));
#5516 = CARTESIAN_POINT('',(161.62524746183,-101.2826430765,-2.));
#5517 = CARTESIAN_POINT('',(161.42131301966,-101.3133463389,-2.));
#5518 = CARTESIAN_POINT('',(154.00505641085,-104.6728072436,-2.));
#5519 = ORIENTED_EDGE('',*,*,#5466,.T.);
#5520 = ORIENTED_EDGE('',*,*,#5521,.T.);
#5521 = EDGE_CURVE('',#5469,#5506,#5522,.T.);
#5522 = B_SPLINE_CURVE_WITH_KNOTS('',3,(#5523,#5524,#5525,#5526),
  .UNSPECIFIED.,.F.,.F.,(4,4),(0.,2.456781063882),
  .PIECEWISE_BEZIER_KNOTS.);
#5523 = CARTESIAN_POINT('',(154.00505641085,-104.6728072436,0.));
#5524 = CARTESIAN_POINT('',(161.42131301966,-101.3133463389,0.));
#5525 = CARTESIAN_POINT('',(161.62524746183,-101.2826430765,0.));
#5526 = CARTESIAN_POINT('',(164.26326534934,-103.1992045626,0.));
#5527 = B_SPLINE_SURFACE_WITH_KNOTS('',3,1,(
    (#5528,#5529)
    ,(#5530,#5531)
    ,(#5532,#5533)
    ,(#5534,#5535
    )),.UNSPECIFIED.,.F.,.F.,.F.,(4,4),(2,2),(-1.,0.),(0.,1.),
  .PIECEWISE_BEZIER_KNOTS.);
#5528 = CARTESIAN_POINT('',(164.26326534934,-103.1992045626,-2.));
#5529 = CARTESIAN_POINT('',(164.26326534934,-103.1992045626,8.));
#5530 = CARTESIAN_POINT('',(161.62524746183,-101.2826430765,-2.));
#5531 = CARTESIAN_POINT('',(161.62524746183,-101.2826430765,8.));
#5532 = CARTESIAN_POINT('',(161.42131301966,-101.3133463389,-2.));
#5533 = CARTESIAN_POINT('',(161.42131301966,-101.3133463389,8.));
#5534 = CARTESIAN_POINT('',(154.00505641085,-104.6728072436,-2.));
#5535 = CARTESIAN_POINT('',(154.00505641085,-104.6728072436,8.));
#5536 = ADVANCED_FACE('',(#5537),#5564,.F.);
#5537 = FACE_BOUND('',#5538,.F.);
#5538 = EDGE_LOOP('',(#5539,#5549,#5556,#5557));
#5539 = ORIENTED_EDGE('',*,*,#5540,.F.);
#5540 = EDGE_CURVE('',#5541,#5543,#5545,.T.);
#5541 = VERTEX_POINT('',#5542);
#5542 = CARTESIAN_POINT('',(167.75649089266,-116.3125124217,-2.));
#5543 = VERTEX_POINT('',#5544);
#5544 = CARTESIAN_POINT('',(167.75649089266,-116.3125124217,0.));
#5545 = LINE('',#5546,#5547);
#5546 = CARTESIAN_POINT('',(167.75649089266,-116.3125124217,-2.));
#5547 = VECTOR('',#5548,1.);
#5548 = DIRECTION('',(0.,0.,1.));
#5549 = ORIENTED_EDGE('',*,*,#5550,.T.);
#5550 = EDGE_CURVE('',#5541,#5504,#5551,.T.);
#5551 = B_SPLINE_CURVE_WITH_KNOTS('',3,(#5552,#5553,#5554,#5555),
  .UNSPECIFIED.,.F.,.F.,(4,4),(-1.,0.),.PIECEWISE_BEZIER_KNOTS.);
#5552 = CARTESIAN_POINT('',(167.75649089266,-116.3125124217,-2.));
#5553 = CARTESIAN_POINT('',(166.96924800009,-105.3745220093,-2.));
#5554 = CARTESIAN_POINT('',(166.8990748505,-105.1135727196,-2.));
#5555 = CARTESIAN_POINT('',(164.26326534934,-103.1992045626,-2.));
#5556 = ORIENTED_EDGE('',*,*,#5503,.T.);
#5557 = ORIENTED_EDGE('',*,*,#5558,.T.);
#5558 = EDGE_CURVE('',#5506,#5543,#5559,.T.);
#5559 = B_SPLINE_CURVE_WITH_KNOTS('',3,(#5560,#5561,#5562,#5563),
  .UNSPECIFIED.,.F.,.F.,(4,4),(0.,0.974807102714),
  .PIECEWISE_BEZIER_KNOTS.);
#5560 = CARTESIAN_POINT('',(164.26326534934,-103.1992045626,0.));
#5561 = CARTESIAN_POINT('',(166.8990748505,-105.1135727196,0.));
#5562 = CARTESIAN_POINT('',(166.96924800009,-105.3745220093,0.));
#5563 = CARTESIAN_POINT('',(167.75649089266,-116.3125124217,0.));
#5564 = B_SPLINE_SURFACE_WITH_KNOTS('',3,1,(
    (#5565,#5566)
    ,(#5567,#5568)
    ,(#5569,#5570)
    ,(#5571,#5572
    )),.UNSPECIFIED.,.F.,.F.,.F.,(4,4),(2,2),(-1.,0.),(0.,1.),
  .PIECEWISE_BEZIER_KNOTS.);
#5565 = CARTESIAN_POINT('',(167.75649089266,-116.3125124217,-2.));
#5566 = CARTESIAN_POINT('',(167.75649089266,-116.3125124217,8.));
#5567 = CARTESIAN_POINT('',(166.96924800009,-105.3745220093,-2.));
#5568 = CARTESIAN_POINT('',(166.96924800009,-105.3745220093,8.));
#5569 = CARTESIAN_POINT('',(166.8990748505,-105.1135727196,-2.));
#5570 = CARTESIAN_POINT('',(166.8990748505,-105.1135727196,8.));
#5571 = CARTESIAN_POINT('',(164.26326534934,-103.1992045626,-2.));
#5572 = CARTESIAN_POINT('',(164.26326534934,-103.1992045626,8.));
#5573 = ADVANCED_FACE('',(#5574),#5592,.F.);
#5574 = FACE_BOUND('',#5575,.F.);
#5575 = EDGE_LOOP('',(#5576,#5577,#5584,#5585));
#5576 = ORIENTED_EDGE('',*,*,#5439,.F.);
#5577 = ORIENTED_EDGE('',*,*,#5578,.T.);
#5578 = EDGE_CURVE('',#5431,#5541,#5579,.T.);
#5579 = B_SPLINE_CURVE_WITH_KNOTS('',3,(#5580,#5581,#5582,#5583),
  .UNSPECIFIED.,.F.,.F.,(4,4),(-1.,0.),.PIECEWISE_BEZIER_KNOTS.);
#5580 = CARTESIAN_POINT('',(160.34900090849,-127.3162872341,-2.));
#5581 = CARTESIAN_POINT('',(168.39680247945,-127.4697876528,-2.));
#5582 = CARTESIAN_POINT('',(168.54591540327,-127.2483086684,-2.));
#5583 = CARTESIAN_POINT('',(167.75649089266,-116.3125124217,-2.));
#5584 = ORIENTED_EDGE('',*,*,#5540,.T.);
#5585 = ORIENTED_EDGE('',*,*,#5586,.T.);
#5586 = EDGE_CURVE('',#5543,#5440,#5587,.T.);
#5587 = B_SPLINE_CURVE_WITH_KNOTS('',3,(#5588,#5589,#5590,#5591),
  .UNSPECIFIED.,.F.,.F.,(4,4),(0.,3.198225739653),
  .PIECEWISE_BEZIER_KNOTS.);
#5588 = CARTESIAN_POINT('',(167.75649089266,-116.3125124217,0.));
#5589 = CARTESIAN_POINT('',(168.54591540327,-127.2483086684,0.));
#5590 = CARTESIAN_POINT('',(168.39680247945,-127.4697876528,0.));
#5591 = CARTESIAN_POINT('',(160.34900090849,-127.3162872341,0.));
#5592 = B_SPLINE_SURFACE_WITH_KNOTS('',3,1,(
    (#5593,#5594)
    ,(#5595,#5596)
    ,(#5597,#5598)
    ,(#5599,#5600
    )),.UNSPECIFIED.,.F.,.F.,.F.,(4,4),(2,2),(-1.,0.),(0.,1.),
  .PIECEWISE_BEZIER_KNOTS.);
#5593 = CARTESIAN_POINT('',(160.34900090849,-127.3162872341,-2.));
#5594 = CARTESIAN_POINT('',(160.34900090849,-127.3162872341,8.));
#5595 = CARTESIAN_POINT('',(168.39680247945,-127.4697876528,-2.));
#5596 = CARTESIAN_POINT('',(168.39680247945,-127.4697876528,8.));
#5597 = CARTESIAN_POINT('',(168.54591540327,-127.2483086684,-2.));
#5598 = CARTESIAN_POINT('',(168.54591540327,-127.2483086684,8.));
#5599 = CARTESIAN_POINT('',(167.75649089266,-116.3125124217,-2.));
#5600 = CARTESIAN_POINT('',(167.75649089266,-116.3125124217,8.));
#5601 = ADVANCED_FACE('',(#5602),#5638,.F.);
#5602 = FACE_BOUND('',#5603,.F.);
#5603 = EDGE_LOOP('',(#5604,#5614,#5623,#5631));
#5604 = ORIENTED_EDGE('',*,*,#5605,.F.);
#5605 = EDGE_CURVE('',#5606,#5608,#5610,.T.);
#5606 = VERTEX_POINT('',#5607);
#5607 = CARTESIAN_POINT('',(142.36096457438,-104.878936688,-2.));
#5608 = VERTEX_POINT('',#5609);
#5609 = CARTESIAN_POINT('',(142.36096457438,-104.878936688,0.));
#5610 = LINE('',#5611,#5612);
#5611 = CARTESIAN_POINT('',(142.36096457438,-104.878936688,-2.));
#5612 = VECTOR('',#5613,1.);
#5613 = DIRECTION('',(0.,0.,1.));
#5614 = ORIENTED_EDGE('',*,*,#5615,.T.);
#5615 = EDGE_CURVE('',#5606,#5616,#5618,.T.);
#5616 = VERTEX_POINT('',#5617);
#5617 = CARTESIAN_POINT('',(151.79245404111,-101.7716534293,-2.));
#5618 = B_SPLINE_CURVE_WITH_KNOTS('',3,(#5619,#5620,#5621,#5622),
  .UNSPECIFIED.,.F.,.F.,(4,4),(-1.,0.),.PIECEWISE_BEZIER_KNOTS.);
#5619 = CARTESIAN_POINT('',(142.36096457438,-104.878936688,-2.));
#5620 = CARTESIAN_POINT('',(144.20516125481,-105.1969008252,-2.));
#5621 = CARTESIAN_POINT('',(144.39375075782,-105.1333076632,-2.));
#5622 = CARTESIAN_POINT('',(151.79245404111,-101.7716534293,-2.));
#5623 = ORIENTED_EDGE('',*,*,#5624,.T.);
#5624 = EDGE_CURVE('',#5616,#5625,#5627,.T.);
#5625 = VERTEX_POINT('',#5626);
#5626 = CARTESIAN_POINT('',(151.79245404111,-101.7716534293,0.));
#5627 = LINE('',#5628,#5629);
#5628 = CARTESIAN_POINT('',(151.79245404111,-101.7716534293,-2.));
#5629 = VECTOR('',#5630,1.);
#5630 = DIRECTION('',(0.,0.,1.));
#5631 = ORIENTED_EDGE('',*,*,#5632,.T.);
#5632 = EDGE_CURVE('',#5625,#5608,#5633,.T.);
#5633 = B_SPLINE_CURVE_WITH_KNOTS('',3,(#5634,#5635,#5636,#5637),
  .UNSPECIFIED.,.F.,.F.,(4,4),(0.,2.376937199165),
  .PIECEWISE_BEZIER_KNOTS.);
#5634 = CARTESIAN_POINT('',(151.79245404111,-101.7716534293,0.));
#5635 = CARTESIAN_POINT('',(144.39375075782,-105.1333076632,0.));
#5636 = CARTESIAN_POINT('',(144.20516125481,-105.1969008252,0.));
#5637 = CARTESIAN_POINT('',(142.36096457438,-104.878936688,0.));
#5638 = B_SPLINE_SURFACE_WITH_KNOTS('',3,1,(
    (#5639,#5640)
    ,(#5641,#5642)
    ,(#5643,#5644)
    ,(#5645,#5646
    )),.UNSPECIFIED.,.F.,.F.,.F.,(4,4),(2,2),(-1.,0.),(0.,1.),
  .PIECEWISE_BEZIER_KNOTS.);
#5639 = CARTESIAN_POINT('',(142.36096457438,-104.878936688,-2.));
#5640 = CARTESIAN_POINT('',(142.36096457438,-104.878936688,8.));
#5641 = CARTESIAN_POINT('',(144.20516125481,-105.1969008252,-2.));
#5642 = CARTESIAN_POINT('',(144.20516125481,-105.1969008252,8.));
#5643 = CARTESIAN_POINT('',(144.39375075782,-105.1333076632,-2.));
#5644 = CARTESIAN_POINT('',(144.39375075782,-105.1333076632,8.));
#5645 = CARTESIAN_POINT('',(151.79245404111,-101.7716534293,-2.));
#5646 = CARTESIAN_POINT('',(151.79245404111,-101.7716534293,8.));
#5647 = ADVANCED_FACE('',(#5648),#5675,.F.);
#5648 = FACE_BOUND('',#5649,.F.);
#5649 = EDGE_LOOP('',(#5650,#5660,#5667,#5668));
#5650 = ORIENTED_EDGE('',*,*,#5651,.F.);
#5651 = EDGE_CURVE('',#5652,#5654,#5656,.T.);
#5652 = VERTEX_POINT('',#5653);
#5653 = CARTESIAN_POINT('',(136.13324142797,-97.11401602556,-2.));
#5654 = VERTEX_POINT('',#5655);
#5655 = CARTESIAN_POINT('',(136.13324142797,-97.11401602556,0.));
#5656 = LINE('',#5657,#5658);
#5657 = CARTESIAN_POINT('',(136.13324142797,-97.11401602556,-2.));
#5658 = VECTOR('',#5659,1.);
#5659 = DIRECTION('',(0.,0.,1.));
#5660 = ORIENTED_EDGE('',*,*,#5661,.T.);
#5661 = EDGE_CURVE('',#5652,#5606,#5662,.T.);
#5662 = B_SPLINE_CURVE_WITH_KNOTS('',3,(#5663,#5664,#5665,#5666),
  .UNSPECIFIED.,.F.,.F.,(4,4),(-1.,0.),.PIECEWISE_BEZIER_KNOTS.);
#5663 = CARTESIAN_POINT('',(136.13324142797,-97.11401602556,-2.));
#5664 = CARTESIAN_POINT('',(140.3917799181,-104.4052779664,-2.));
#5665 = CARTESIAN_POINT('',(140.51676789396,-104.5609708777,-2.));
#5666 = CARTESIAN_POINT('',(142.36096457438,-104.878936688,-2.));
#5667 = ORIENTED_EDGE('',*,*,#5605,.T.);
#5668 = ORIENTED_EDGE('',*,*,#5669,.T.);
#5669 = EDGE_CURVE('',#5608,#5654,#5670,.T.);
#5670 = B_SPLINE_CURVE_WITH_KNOTS('',3,(#5671,#5672,#5673,#5674),
  .UNSPECIFIED.,.F.,.F.,(4,4),(0.,0.558750130241),
  .PIECEWISE_BEZIER_KNOTS.);
#5671 = CARTESIAN_POINT('',(142.36096457438,-104.878936688,0.));
#5672 = CARTESIAN_POINT('',(140.51676789396,-104.5609708777,0.));
#5673 = CARTESIAN_POINT('',(140.3917799181,-104.4052779664,0.));
#5674 = CARTESIAN_POINT('',(136.13324142797,-97.11401602556,0.));
#5675 = B_SPLINE_SURFACE_WITH_KNOTS('',3,1,(
    (#5676,#5677)
    ,(#5678,#5679)
    ,(#5680,#5681)
    ,(#5682,#5683
    )),.UNSPECIFIED.,.F.,.F.,.F.,(4,4),(2,2),(-1.,0.),(0.,1.),
  .PIECEWISE_BEZIER_KNOTS.);
#5676 = CARTESIAN_POINT('',(136.13324142797,-97.11401602556,-2.));
#5677 = CARTESIAN_POINT('',(136.13324142797,-97.11401602556,8.));
#5678 = CARTESIAN_POINT('',(140.3917799181,-104.4052779664,-2.));
#5679 = CARTESIAN_POINT('',(140.3917799181,-104.4052779664,8.));
#5680 = CARTESIAN_POINT('',(140.51676789396,-104.5609708777,-2.));
#5681 = CARTESIAN_POINT('',(140.51676789396,-104.5609708777,8.));
#5682 = CARTESIAN_POINT('',(142.36096457438,-104.878936688,-2.));
#5683 = CARTESIAN_POINT('',(142.36096457438,-104.878936688,8.));
#5684 = ADVANCED_FACE('',(#5685),#5712,.F.);
#5685 = FACE_BOUND('',#5686,.F.);
#5686 = EDGE_LOOP('',(#5687,#5697,#5704,#5705));
#5687 = ORIENTED_EDGE('',*,*,#5688,.F.);
#5688 = EDGE_CURVE('',#5689,#5691,#5693,.T.);
#5689 = VERTEX_POINT('',#5690);
#5690 = CARTESIAN_POINT('',(134.89427645162,-88.45660278424,-2.));
#5691 = VERTEX_POINT('',#5692);
#5692 = CARTESIAN_POINT('',(134.89427645162,-88.45660278424,0.));
#5693 = LINE('',#5694,#5695);
#5694 = CARTESIAN_POINT('',(134.89427645162,-88.45660278424,-2.));
#5695 = VECTOR('',#5696,1.);
#5696 = DIRECTION('',(0.,0.,1.));
#5697 = ORIENTED_EDGE('',*,*,#5698,.T.);
#5698 = EDGE_CURVE('',#5689,#5652,#5699,.T.);
#5699 = B_SPLINE_CURVE_WITH_KNOTS('',3,(#5700,#5701,#5702,#5703),
  .UNSPECIFIED.,.F.,.F.,(4,4),(-1.,0.),.PIECEWISE_BEZIER_KNOTS.);
#5700 = CARTESIAN_POINT('',(134.89427645162,-88.45660278424,-2.));
#5701 = CARTESIAN_POINT('',(131.84838967976,-89.64951955895,-2.));
#5702 = CARTESIAN_POINT('',(131.87470962992,-89.82275408469,-2.));
#5703 = CARTESIAN_POINT('',(136.13324142797,-97.11401602556,-2.));
#5704 = ORIENTED_EDGE('',*,*,#5651,.T.);
#5705 = ORIENTED_EDGE('',*,*,#5706,.T.);
#5706 = EDGE_CURVE('',#5654,#5691,#5707,.T.);
#5707 = B_SPLINE_CURVE_WITH_KNOTS('',3,(#5708,#5709,#5710,#5711),
  .UNSPECIFIED.,.F.,.F.,(4,4),(0.,2.534198350262),
  .PIECEWISE_BEZIER_KNOTS.);
#5708 = CARTESIAN_POINT('',(136.13324142797,-97.11401602556,0.));
#5709 = CARTESIAN_POINT('',(131.87470962992,-89.82275408469,0.));
#5710 = CARTESIAN_POINT('',(131.84838967976,-89.64951955895,0.));
#5711 = CARTESIAN_POINT('',(134.89427645162,-88.45660278424,0.));
#5712 = B_SPLINE_SURFACE_WITH_KNOTS('',3,1,(
    (#5713,#5714)
    ,(#5715,#5716)
    ,(#5717,#5718)
    ,(#5719,#5720
    )),.UNSPECIFIED.,.F.,.F.,.F.,(4,4),(2,2),(-1.,0.),(0.,1.),
  .PIECEWISE_BEZIER_KNOTS.);
#5713 = CARTESIAN_POINT('',(134.89427645162,-88.45660278424,-2.));
#5714 = CARTESIAN_POINT('',(134.89427645162,-88.45660278424,8.));
#5715 = CARTESIAN_POINT('',(131.84838967976,-89.64951955895,-2.));
#5716 = CARTESIAN_POINT('',(131.84838967976,-89.64951955895,8.));
#5717 = CARTESIAN_POINT('',(131.87470962992,-89.82275408469,-2.));
#5718 = CARTESIAN_POINT('',(131.87470962992,-89.82275408469,8.));
#5719 = CARTESIAN_POINT('',(136.13324142797,-97.11401602556,-2.));
#5720 = CARTESIAN_POINT('',(136.13324142797,-97.11401602556,8.));
#5721 = ADVANCED_FACE('',(#5722),#5749,.F.);
#5722 = FACE_BOUND('',#5723,.F.);
#5723 = EDGE_LOOP('',(#5724,#5734,#5741,#5742));
#5724 = ORIENTED_EDGE('',*,*,#5725,.F.);
#5725 = EDGE_CURVE('',#5726,#5728,#5730,.T.);
#5726 = VERTEX_POINT('',#5727);
#5727 = CARTESIAN_POINT('',(143.43985500007,-87.37113739007,-2.));
#5728 = VERTEX_POINT('',#5729);
#5729 = CARTESIAN_POINT('',(143.43985500007,-87.37113739007,0.));
#5730 = LINE('',#5731,#5732);
#5731 = CARTESIAN_POINT('',(143.43985500007,-87.37113739007,-2.));
#5732 = VECTOR('',#5733,1.);
#5733 = DIRECTION('',(0.,0.,1.));
#5734 = ORIENTED_EDGE('',*,*,#5735,.T.);
#5735 = EDGE_CURVE('',#5726,#5689,#5736,.T.);
#5736 = B_SPLINE_CURVE_WITH_KNOTS('',3,(#5737,#5738,#5739,#5740),
  .UNSPECIFIED.,.F.,.F.,(4,4),(-1.,0.),.PIECEWISE_BEZIER_KNOTS.);
#5737 = CARTESIAN_POINT('',(143.43985500007,-87.37113739007,-2.));
#5738 = CARTESIAN_POINT('',(138.10901109085,-87.24395106597,-2.));
#5739 = CARTESIAN_POINT('',(137.93796822128,-87.26587766568,-2.));
#5740 = CARTESIAN_POINT('',(134.89427645162,-88.45660278424,-2.));
#5741 = ORIENTED_EDGE('',*,*,#5688,.T.);
#5742 = ORIENTED_EDGE('',*,*,#5743,.T.);
#5743 = EDGE_CURVE('',#5691,#5728,#5744,.T.);
#5744 = B_SPLINE_CURVE_WITH_KNOTS('',3,(#5745,#5746,#5747,#5748),
  .UNSPECIFIED.,.F.,.F.,(4,4),(0.,0.980217779063),
  .PIECEWISE_BEZIER_KNOTS.);
#5745 = CARTESIAN_POINT('',(134.89427645162,-88.45660278424,0.));
#5746 = CARTESIAN_POINT('',(137.93796822128,-87.26587766568,0.));
#5747 = CARTESIAN_POINT('',(138.10901109085,-87.24395106597,0.));
#5748 = CARTESIAN_POINT('',(143.43985500007,-87.37113739007,0.));
#5749 = B_SPLINE_SURFACE_WITH_KNOTS('',3,1,(
    (#5750,#5751)
    ,(#5752,#5753)
    ,(#5754,#5755)
    ,(#5756,#5757
    )),.UNSPECIFIED.,.F.,.F.,.F.,(4,4),(2,2),(-1.,0.),(0.,1.),
  .PIECEWISE_BEZIER_KNOTS.);
#5750 = CARTESIAN_POINT('',(143.43985500007,-87.37113739007,-2.));
#5751 = CARTESIAN_POINT('',(143.43985500007,-87.37113739007,8.));
#5752 = CARTESIAN_POINT('',(138.10901109085,-87.24395106597,-2.));
#5753 = CARTESIAN_POINT('',(138.10901109085,-87.24395106597,8.));
#5754 = CARTESIAN_POINT('',(137.93796822128,-87.26587766568,-2.));
#5755 = CARTESIAN_POINT('',(137.93796822128,-87.26587766568,8.));
#5756 = CARTESIAN_POINT('',(134.89427645162,-88.45660278424,-2.));
#5757 = CARTESIAN_POINT('',(134.89427645162,-88.45660278424,8.));
#5758 = ADVANCED_FACE('',(#5759),#5786,.F.);
#5759 = FACE_BOUND('',#5760,.F.);
#5760 = EDGE_LOOP('',(#5761,#5771,#5778,#5779));
#5761 = ORIENTED_EDGE('',*,*,#5762,.F.);
#5762 = EDGE_CURVE('',#5763,#5765,#5767,.T.);
#5763 = VERTEX_POINT('',#5764);
#5764 = CARTESIAN_POINT('',(152.621361823,-91.12750555227,-2.));
#5765 = VERTEX_POINT('',#5766);
#5766 = CARTESIAN_POINT('',(152.621361823,-91.12750555227,0.));
#5767 = LINE('',#5768,#5769);
#5768 = CARTESIAN_POINT('',(152.621361823,-91.12750555227,-2.));
#5769 = VECTOR('',#5770,1.);
#5770 = DIRECTION('',(0.,0.,1.));
#5771 = ORIENTED_EDGE('',*,*,#5772,.T.);
#5772 = EDGE_CURVE('',#5763,#5726,#5773,.T.);
#5773 = B_SPLINE_CURVE_WITH_KNOTS('',3,(#5774,#5775,#5776,#5777),
  .UNSPECIFIED.,.F.,.F.,(4,4),(-1.,0.),.PIECEWISE_BEZIER_KNOTS.);
#5774 = CARTESIAN_POINT('',(152.621361823,-91.12750555227,-2.));
#5775 = CARTESIAN_POINT('',(148.95489840791,-87.57288017608,-2.));
#5776 = CARTESIAN_POINT('',(148.77069890929,-87.49832371417,-2.));
#5777 = CARTESIAN_POINT('',(143.43985500007,-87.37113739007,-2.));
#5778 = ORIENTED_EDGE('',*,*,#5725,.T.);
#5779 = ORIENTED_EDGE('',*,*,#5780,.T.);
#5780 = EDGE_CURVE('',#5728,#5765,#5781,.T.);
#5781 = B_SPLINE_CURVE_WITH_KNOTS('',3,(#5782,#5783,#5784,#5785),
  .UNSPECIFIED.,.F.,.F.,(4,4),(0.,1.605061185281),
  .PIECEWISE_BEZIER_KNOTS.);
#5782 = CARTESIAN_POINT('',(143.43985500007,-87.37113739007,0.));
#5783 = CARTESIAN_POINT('',(148.77069890929,-87.49832371417,0.));
#5784 = CARTESIAN_POINT('',(148.95489840791,-87.57288017608,0.));
#5785 = CARTESIAN_POINT('',(152.621361823,-91.12750555227,0.));
#5786 = B_SPLINE_SURFACE_WITH_KNOTS('',3,1,(
    (#5787,#5788)
    ,(#5789,#5790)
    ,(#5791,#5792)
    ,(#5793,#5794
    )),.UNSPECIFIED.,.F.,.F.,.F.,(4,4),(2,2),(-1.,0.),(0.,1.),
  .PIECEWISE_BEZIER_KNOTS.);
#5787 = CARTESIAN_POINT('',(152.621361823,-91.12750555227,-2.));
#5788 = CARTESIAN_POINT('',(152.621361823,-91.12750555227,8.));
#5789 = CARTESIAN_POINT('',(148.95489840791,-87.57288017608,-2.));
#5790 = CARTESIAN_POINT('',(148.95489840791,-87.57288017608,8.));
#5791 = CARTESIAN_POINT('',(148.77069890929,-87.49832371417,-2.));
#5792 = CARTESIAN_POINT('',(148.77069890929,-87.49832371417,8.));
#5793 = CARTESIAN_POINT('',(143.43985500007,-87.37113739007,-2.));
#5794 = CARTESIAN_POINT('',(143.43985500007,-87.37113739007,8.));
#5795 = ADVANCED_FACE('',(#5796),#5823,.F.);
#5796 = FACE_BOUND('',#5797,.F.);
#5797 = EDGE_LOOP('',(#5798,#5808,#5815,#5816));
#5798 = ORIENTED_EDGE('',*,*,#5799,.F.);
#5799 = EDGE_CURVE('',#5800,#5802,#5804,.T.);
#5800 = VERTEX_POINT('',#5801);
#5801 = CARTESIAN_POINT('',(157.85132932015,-96.54825755464,-2.));
#5802 = VERTEX_POINT('',#5803);
#5803 = CARTESIAN_POINT('',(157.85132932015,-96.54825755464,0.));
#5804 = LINE('',#5805,#5806);
#5805 = CARTESIAN_POINT('',(157.85132932015,-96.54825755464,-2.));
#5806 = VECTOR('',#5807,1.);
#5807 = DIRECTION('',(0.,0.,1.));
#5808 = ORIENTED_EDGE('',*,*,#5809,.T.);
#5809 = EDGE_CURVE('',#5800,#5763,#5810,.T.);
#5810 = B_SPLINE_CURVE_WITH_KNOTS('',3,(#5811,#5812,#5813,#5814),
  .UNSPECIFIED.,.F.,.F.,(4,4),(-1.,0.),.PIECEWISE_BEZIER_KNOTS.);
#5811 = CARTESIAN_POINT('',(157.85132932015,-96.54825755464,-2.));
#5812 = CARTESIAN_POINT('',(156.39308496247,-94.7917773112,-2.));
#5813 = CARTESIAN_POINT('',(156.28781854601,-94.68432593065,-2.));
#5814 = CARTESIAN_POINT('',(152.621361823,-91.12750555227,-2.));
#5815 = ORIENTED_EDGE('',*,*,#5762,.T.);
#5816 = ORIENTED_EDGE('',*,*,#5817,.T.);
#5817 = EDGE_CURVE('',#5765,#5802,#5818,.T.);
#5818 = B_SPLINE_CURVE_WITH_KNOTS('',3,(#5819,#5820,#5821,#5822),
  .UNSPECIFIED.,.F.,.F.,(4,4),(0.,1.300412641968),
  .PIECEWISE_BEZIER_KNOTS.);
#5819 = CARTESIAN_POINT('',(152.621361823,-91.12750555227,0.));
#5820 = CARTESIAN_POINT('',(156.28781854601,-94.68432593065,0.));
#5821 = CARTESIAN_POINT('',(156.39308496247,-94.7917773112,0.));
#5822 = CARTESIAN_POINT('',(157.85132932015,-96.54825755464,0.));
#5823 = B_SPLINE_SURFACE_WITH_KNOTS('',3,1,(
    (#5824,#5825)
    ,(#5826,#5827)
    ,(#5828,#5829)
    ,(#5830,#5831
    )),.UNSPECIFIED.,.F.,.F.,.F.,(4,4),(2,2),(-1.,0.),(0.,1.),
  .PIECEWISE_BEZIER_KNOTS.);
#5824 = CARTESIAN_POINT('',(157.85132932015,-96.54825755464,-2.));
#5825 = CARTESIAN_POINT('',(157.85132932015,-96.54825755464,8.));
#5826 = CARTESIAN_POINT('',(156.39308496247,-94.7917773112,-2.));
#5827 = CARTESIAN_POINT('',(156.39308496247,-94.7917773112,8.));
#5828 = CARTESIAN_POINT('',(156.28781854601,-94.68432593065,-2.));
#5829 = CARTESIAN_POINT('',(156.28781854601,-94.68432593065,8.));
#5830 = CARTESIAN_POINT('',(152.621361823,-91.12750555227,-2.));
#5831 = CARTESIAN_POINT('',(152.621361823,-91.12750555227,8.));
#5832 = ADVANCED_FACE('',(#5833),#5851,.F.);
#5833 = FACE_BOUND('',#5834,.F.);
#5834 = EDGE_LOOP('',(#5835,#5836,#5843,#5844));
#5835 = ORIENTED_EDGE('',*,*,#5624,.F.);
#5836 = ORIENTED_EDGE('',*,*,#5837,.T.);
#5837 = EDGE_CURVE('',#5616,#5800,#5838,.T.);
#5838 = B_SPLINE_CURVE_WITH_KNOTS('',3,(#5839,#5840,#5841,#5842),
  .UNSPECIFIED.,.F.,.F.,(4,4),(-1.,0.),.PIECEWISE_BEZIER_KNOTS.);
#5839 = CARTESIAN_POINT('',(151.79245404111,-101.7716534293,-2.));
#5840 = CARTESIAN_POINT('',(159.19117740065,-98.40999752246,-2.));
#5841 = CARTESIAN_POINT('',(159.31178206419,-98.30474114411,-2.));
#5842 = CARTESIAN_POINT('',(157.85132932015,-96.54825755464,-2.));
#5843 = ORIENTED_EDGE('',*,*,#5799,.T.);
#5844 = ORIENTED_EDGE('',*,*,#5845,.T.);
#5845 = EDGE_CURVE('',#5802,#5625,#5846,.T.);
#5846 = B_SPLINE_CURVE_WITH_KNOTS('',3,(#5847,#5848,#5849,#5850),
  .UNSPECIFIED.,.F.,.F.,(4,4),(0.,0.662532003858),
  .PIECEWISE_BEZIER_KNOTS.);
#5847 = CARTESIAN_POINT('',(157.85132932015,-96.54825755464,0.));
#5848 = CARTESIAN_POINT('',(159.31178206419,-98.30474114411,0.));
#5849 = CARTESIAN_POINT('',(159.19117740065,-98.40999752246,0.));
#5850 = CARTESIAN_POINT('',(151.79245404111,-101.7716534293,0.));
#5851 = B_SPLINE_SURFACE_WITH_KNOTS('',3,1,(
    (#5852,#5853)
    ,(#5854,#5855)
    ,(#5856,#5857)
    ,(#5858,#5859
    )),.UNSPECIFIED.,.F.,.F.,.F.,(4,4),(2,2),(-1.,0.),(0.,1.),
  .PIECEWISE_BEZIER_KNOTS.);
#5852 = CARTESIAN_POINT('',(151.79245404111,-101.7716534293,-2.));
#5853 = CARTESIAN_POINT('',(151.79245404111,-101.7716534293,8.));
#5854 = CARTESIAN_POINT('',(159.19117740065,-98.40999752246,-2.));
#5855 = CARTESIAN_POINT('',(159.19117740065,-98.40999752246,8.));
#5856 = CARTESIAN_POINT('',(159.31178206419,-98.30474114411,-2.));
#5857 = CARTESIAN_POINT('',(159.31178206419,-98.30474114411,8.));
#5858 = CARTESIAN_POINT('',(157.85132932015,-96.54825755464,-2.));
#5859 = CARTESIAN_POINT('',(157.85132932015,-96.54825755464,8.));
#5860 = ADVANCED_FACE('',(#5861),#5897,.F.);
#5861 = FACE_BOUND('',#5862,.F.);
#5862 = EDGE_LOOP('',(#5863,#5873,#5882,#5890));
#5863 = ORIENTED_EDGE('',*,*,#5864,.F.);
#5864 = EDGE_CURVE('',#5865,#5867,#5869,.T.);
#5865 = VERTEX_POINT('',#5866);
#5866 = CARTESIAN_POINT('',(181.13723182877,-163.1844137274,-2.));
#5867 = VERTEX_POINT('',#5868);
#5868 = CARTESIAN_POINT('',(181.13723182877,-163.1844137274,0.));
#5869 = LINE('',#5870,#5871);
#5870 = CARTESIAN_POINT('',(181.13723182877,-163.1844137274,-2.));
#5871 = VECTOR('',#5872,1.);
#5872 = DIRECTION('',(0.,0.,1.));
#5873 = ORIENTED_EDGE('',*,*,#5874,.T.);
#5874 = EDGE_CURVE('',#5865,#5875,#5877,.T.);
#5875 = VERTEX_POINT('',#5876);
#5876 = CARTESIAN_POINT('',(188.14869016211,-165.8461214148,-2.));
#5877 = B_SPLINE_CURVE_WITH_KNOTS('',3,(#5878,#5879,#5880,#5881),
  .UNSPECIFIED.,.F.,.F.,(4,4),(-1.,0.),.PIECEWISE_BEZIER_KNOTS.);
#5878 = CARTESIAN_POINT('',(181.13723182877,-163.1844137274,-2.));
#5879 = CARTESIAN_POINT('',(186.48975556891,-169.2539550307,-2.));
#5880 = CARTESIAN_POINT('',(186.6299844126,-169.3068718993,-2.));
#5881 = CARTESIAN_POINT('',(188.14869016211,-165.8461214148,-2.));
#5882 = ORIENTED_EDGE('',*,*,#5883,.T.);
#5883 = EDGE_CURVE('',#5875,#5884,#5886,.T.);
#5884 = VERTEX_POINT('',#5885);
#5885 = CARTESIAN_POINT('',(188.14869016211,-165.8461214148,0.));
#5886 = LINE('',#5887,#5888);
#5887 = CARTESIAN_POINT('',(188.14869016211,-165.8461214148,-2.));
#5888 = VECTOR('',#5889,1.);
#5889 = DIRECTION('',(0.,0.,1.));
#5890 = ORIENTED_EDGE('',*,*,#5891,.T.);
#5891 = EDGE_CURVE('',#5884,#5867,#5892,.T.);
#5892 = B_SPLINE_CURVE_WITH_KNOTS('',3,(#5893,#5894,#5895,#5896),
  .UNSPECIFIED.,.F.,.F.,(4,4),(0.,1.397381356305),
  .PIECEWISE_BEZIER_KNOTS.);
#5893 = CARTESIAN_POINT('',(188.14869016211,-165.8461214148,0.));
#5894 = CARTESIAN_POINT('',(186.6299844126,-169.3068718993,0.));
#5895 = CARTESIAN_POINT('',(186.48975556891,-169.2539550307,0.));
#5896 = CARTESIAN_POINT('',(181.13723182877,-163.1844137274,0.));
#5897 = B_SPLINE_SURFACE_WITH_KNOTS('',3,1,(
    (#5898,#5899)
    ,(#5900,#5901)
    ,(#5902,#5903)
    ,(#5904,#5905
    )),.UNSPECIFIED.,.F.,.F.,.F.,(4,4),(2,2),(-1.,0.),(0.,1.),
  .PIECEWISE_BEZIER_KNOTS.);
#5898 = CARTESIAN_POINT('',(181.13723182877,-163.1844137274,-2.));
#5899 = CARTESIAN_POINT('',(181.13723182877,-163.1844137274,8.));
#5900 = CARTESIAN_POINT('',(186.48975556891,-169.2539550307,-2.));
#5901 = CARTESIAN_POINT('',(186.48975556891,-169.2539550307,8.));
#5902 = CARTESIAN_POINT('',(186.6299844126,-169.3068718993,-2.));
#5903 = CARTESIAN_POINT('',(186.6299844126,-169.3068718993,8.));
#5904 = CARTESIAN_POINT('',(188.14869016211,-165.8461214148,-2.));
#5905 = CARTESIAN_POINT('',(188.14869016211,-165.8461214148,8.));
#5906 = ADVANCED_FACE('',(#5907),#5934,.F.);
#5907 = FACE_BOUND('',#5908,.F.);
#5908 = EDGE_LOOP('',(#5909,#5919,#5926,#5927));
#5909 = ORIENTED_EDGE('',*,*,#5910,.F.);
#5910 = EDGE_CURVE('',#5911,#5913,#5915,.T.);
#5911 = VERTEX_POINT('',#5912);
#5912 = CARTESIAN_POINT('',(182.29875250062,-157.2392248951,-2.));
#5913 = VERTEX_POINT('',#5914);
#5914 = CARTESIAN_POINT('',(182.29875250062,-157.2392248951,0.));
#5915 = LINE('',#5916,#5917);
#5916 = CARTESIAN_POINT('',(182.29875250062,-157.2392248951,-2.));
#5917 = VECTOR('',#5918,1.);
#5918 = DIRECTION('',(0.,0.,1.));
#5919 = ORIENTED_EDGE('',*,*,#5920,.T.);
#5920 = EDGE_CURVE('',#5911,#5865,#5921,.T.);
#5921 = B_SPLINE_CURVE_WITH_KNOTS('',3,(#5922,#5923,#5924,#5925),
  .UNSPECIFIED.,.F.,.F.,(4,4),(-1.,0.),.PIECEWISE_BEZIER_KNOTS.);
#5922 = CARTESIAN_POINT('',(182.29875250062,-157.2392248951,-2.));
#5923 = CARTESIAN_POINT('',(175.805879277,-156.9958087129,-2.));
#5924 = CARTESIAN_POINT('',(175.78206370871,-157.1148724241,-2.));
#5925 = CARTESIAN_POINT('',(181.13723182877,-163.1844137274,-2.));
#5926 = ORIENTED_EDGE('',*,*,#5864,.T.);
#5927 = ORIENTED_EDGE('',*,*,#5928,.T.);
#5928 = EDGE_CURVE('',#5867,#5913,#5929,.T.);
#5929 = B_SPLINE_CURVE_WITH_KNOTS('',3,(#5930,#5931,#5932,#5933),
  .UNSPECIFIED.,.F.,.F.,(4,4),(0.,2.473506932578),
  .PIECEWISE_BEZIER_KNOTS.);
#5930 = CARTESIAN_POINT('',(181.13723182877,-163.1844137274,0.));
#5931 = CARTESIAN_POINT('',(175.78206370871,-157.1148724241,0.));
#5932 = CARTESIAN_POINT('',(175.805879277,-156.9958087129,0.));
#5933 = CARTESIAN_POINT('',(182.29875250062,-157.2392248951,0.));
#5934 = B_SPLINE_SURFACE_WITH_KNOTS('',3,1,(
    (#5935,#5936)
    ,(#5937,#5938)
    ,(#5939,#5940)
    ,(#5941,#5942
    )),.UNSPECIFIED.,.F.,.F.,.F.,(4,4),(2,2),(-1.,0.),(0.,1.),
  .PIECEWISE_BEZIER_KNOTS.);
#5935 = CARTESIAN_POINT('',(182.29875250062,-157.2392248951,-2.));
#5936 = CARTESIAN_POINT('',(182.29875250062,-157.2392248951,8.));
#5937 = CARTESIAN_POINT('',(175.805879277,-156.9958087129,-2.));
#5938 = CARTESIAN_POINT('',(175.805879277,-156.9958087129,8.));
#5939 = CARTESIAN_POINT('',(175.78206370871,-157.1148724241,-2.));
#5940 = CARTESIAN_POINT('',(175.78206370871,-157.1148724241,8.));
#5941 = CARTESIAN_POINT('',(181.13723182877,-163.1844137274,-2.));
#5942 = CARTESIAN_POINT('',(181.13723182877,-163.1844137274,8.));
#5943 = ADVANCED_FACE('',(#5944),#5971,.F.);
#5944 = FACE_BOUND('',#5945,.F.);
#5945 = EDGE_LOOP('',(#5946,#5956,#5963,#5964));
#5946 = ORIENTED_EDGE('',*,*,#5947,.F.);
#5947 = EDGE_CURVE('',#5948,#5950,#5952,.T.);
#5948 = VERTEX_POINT('',#5949);
#5949 = CARTESIAN_POINT('',(189.31020679673,-159.8982882026,-2.));
#5950 = VERTEX_POINT('',#5951);
#5951 = CARTESIAN_POINT('',(189.31020679673,-159.8982882026,0.));
#5952 = LINE('',#5953,#5954);
#5953 = CARTESIAN_POINT('',(189.31020679673,-159.8982882026,-2.));
#5954 = VECTOR('',#5955,1.);
#5955 = DIRECTION('',(0.,0.,1.));
#5956 = ORIENTED_EDGE('',*,*,#5957,.T.);
#5957 = EDGE_CURVE('',#5948,#5911,#5958,.T.);
#5958 = B_SPLINE_CURVE_WITH_KNOTS('',3,(#5959,#5960,#5961,#5962),
  .UNSPECIFIED.,.F.,.F.,(4,4),(-1.,0.),.PIECEWISE_BEZIER_KNOTS.);
#5959 = CARTESIAN_POINT('',(189.31020679673,-159.8982882026,-2.));
#5960 = CARTESIAN_POINT('',(188.92921422522,-157.5355589552,-2.));
#5961 = CARTESIAN_POINT('',(188.78898538153,-157.4826430959,-2.));
#5962 = CARTESIAN_POINT('',(182.29875250062,-157.2392248951,-2.));
#5963 = ORIENTED_EDGE('',*,*,#5910,.T.);
#5964 = ORIENTED_EDGE('',*,*,#5965,.T.);
#5965 = EDGE_CURVE('',#5913,#5950,#5966,.T.);
#5966 = B_SPLINE_CURVE_WITH_KNOTS('',3,(#5967,#5968,#5969,#5970),
  .UNSPECIFIED.,.F.,.F.,(4,4),(0.,1.96623052713),
  .PIECEWISE_BEZIER_KNOTS.);
#5967 = CARTESIAN_POINT('',(182.29875250062,-157.2392248951,0.));
#5968 = CARTESIAN_POINT('',(188.78898538153,-157.4826430959,0.));
#5969 = CARTESIAN_POINT('',(188.92921422522,-157.5355589552,0.));
#5970 = CARTESIAN_POINT('',(189.31020679673,-159.8982882026,0.));
#5971 = B_SPLINE_SURFACE_WITH_KNOTS('',3,1,(
    (#5972,#5973)
    ,(#5974,#5975)
    ,(#5976,#5977)
    ,(#5978,#5979
    )),.UNSPECIFIED.,.F.,.F.,.F.,(4,4),(2,2),(-1.,0.),(0.,1.),
  .PIECEWISE_BEZIER_KNOTS.);
#5972 = CARTESIAN_POINT('',(189.31020679673,-159.8982882026,-2.));
#5973 = CARTESIAN_POINT('',(189.31020679673,-159.8982882026,8.));
#5974 = CARTESIAN_POINT('',(188.92921422522,-157.5355589552,-2.));
#5975 = CARTESIAN_POINT('',(188.92921422522,-157.5355589552,8.));
#5976 = CARTESIAN_POINT('',(188.78898538153,-157.4826430959,-2.));
#5977 = CARTESIAN_POINT('',(188.78898538153,-157.4826430959,8.));
#5978 = CARTESIAN_POINT('',(182.29875250062,-157.2392248951,-2.));
#5979 = CARTESIAN_POINT('',(182.29875250062,-157.2392248951,8.));
#5980 = ADVANCED_FACE('',(#5981),#5999,.F.);
#5981 = FACE_BOUND('',#5982,.F.);
#5982 = EDGE_LOOP('',(#5983,#5984,#5991,#5992));
#5983 = ORIENTED_EDGE('',*,*,#5883,.F.);
#5984 = ORIENTED_EDGE('',*,*,#5985,.T.);
#5985 = EDGE_CURVE('',#5875,#5948,#5986,.T.);
#5986 = B_SPLINE_CURVE_WITH_KNOTS('',3,(#5987,#5988,#5989,#5990),
  .UNSPECIFIED.,.F.,.F.,(4,4),(-1.,0.),.PIECEWISE_BEZIER_KNOTS.);
#5987 = CARTESIAN_POINT('',(188.14869016211,-165.8461214148,-2.));
#5988 = CARTESIAN_POINT('',(189.66739591162,-162.3827255411,-2.));
#5989 = CARTESIAN_POINT('',(189.69120744269,-162.2636638485,-2.));
#5990 = CARTESIAN_POINT('',(189.31020679673,-159.8982882026,-2.));
#5991 = ORIENTED_EDGE('',*,*,#5947,.T.);
#5992 = ORIENTED_EDGE('',*,*,#5993,.T.);
#5993 = EDGE_CURVE('',#5950,#5884,#5994,.T.);
#5994 = B_SPLINE_CURVE_WITH_KNOTS('',3,(#5995,#5996,#5997,#5998),
  .UNSPECIFIED.,.F.,.F.,(4,4),(0.,0.718918635589),
  .PIECEWISE_BEZIER_KNOTS.);
#5995 = CARTESIAN_POINT('',(189.31020679673,-159.8982882026,0.));
#5996 = CARTESIAN_POINT('',(189.69120744269,-162.2636638485,0.));
#5997 = CARTESIAN_POINT('',(189.66739591162,-162.3827255411,0.));
#5998 = CARTESIAN_POINT('',(188.14869016211,-165.8461214148,0.));
#5999 = B_SPLINE_SURFACE_WITH_KNOTS('',3,1,(
    (#6000,#6001)
    ,(#6002,#6003)
    ,(#6004,#6005)
    ,(#6006,#6007
    )),.UNSPECIFIED.,.F.,.F.,.F.,(4,4),(2,2),(-1.,0.),(0.,1.),
  .PIECEWISE_BEZIER_KNOTS.);
#6000 = CARTESIAN_POINT('',(188.14869016211,-165.8461214148,-2.));
#6001 = CARTESIAN_POINT('',(188.14869016211,-165.8461214148,8.));
#6002 = CARTESIAN_POINT('',(189.66739591162,-162.3827255411,-2.));
#6003 = CARTESIAN_POINT('',(189.66739591162,-162.3827255411,8.));
#6004 = CARTESIAN_POINT('',(189.69120744269,-162.2636638485,-2.));
#6005 = CARTESIAN_POINT('',(189.69120744269,-162.2636638485,8.));
#6006 = CARTESIAN_POINT('',(189.31020679673,-159.8982882026,-2.));
#6007 = CARTESIAN_POINT('',(189.31020679673,-159.8982882026,8.));
#6008 = ADVANCED_FACE('',(#6009),#6045,.F.);
#6009 = FACE_BOUND('',#6010,.F.);
#6010 = EDGE_LOOP('',(#6011,#6021,#6030,#6038));
#6011 = ORIENTED_EDGE('',*,*,#6012,.F.);
#6012 = EDGE_CURVE('',#6013,#6015,#6017,.T.);
#6013 = VERTEX_POINT('',#6014);
#6014 = CARTESIAN_POINT('',(173.89029449026,-148.7090587937,-2.));
#6015 = VERTEX_POINT('',#6016);
#6016 = CARTESIAN_POINT('',(173.89029449026,-148.7090587937,0.));
#6017 = LINE('',#6018,#6019);
#6018 = CARTESIAN_POINT('',(173.89029449026,-148.7090587937,-2.));
#6019 = VECTOR('',#6020,1.);
#6020 = DIRECTION('',(0.,0.,1.));
#6021 = ORIENTED_EDGE('',*,*,#6022,.T.);
#6022 = EDGE_CURVE('',#6013,#6023,#6025,.T.);
#6023 = VERTEX_POINT('',#6024);
#6024 = CARTESIAN_POINT('',(181.14252462586,-155.3051213744,-2.));
#6025 = B_SPLINE_CURVE_WITH_KNOTS('',3,(#6026,#6027,#6028,#6029),
  .UNSPECIFIED.,.F.,.F.,(4,4),(-1.,0.),.PIECEWISE_BEZIER_KNOTS.);
#6026 = CARTESIAN_POINT('',(173.89029449026,-148.7090587937,-2.));
#6027 = CARTESIAN_POINT('',(174.25012798508,-154.7865382833,-2.));
#6028 = CARTESIAN_POINT('',(174.39564962586,-154.91882995,-2.));
#6029 = CARTESIAN_POINT('',(181.14252462586,-155.3051213744,-2.));
#6030 = ORIENTED_EDGE('',*,*,#6031,.T.);
#6031 = EDGE_CURVE('',#6023,#6032,#6034,.T.);
#6032 = VERTEX_POINT('',#6033);
#6033 = CARTESIAN_POINT('',(181.14252462586,-155.3051213744,0.));
#6034 = LINE('',#6035,#6036);
#6035 = CARTESIAN_POINT('',(181.14252462586,-155.3051213744,-2.));
#6036 = VECTOR('',#6037,1.);
#6037 = DIRECTION('',(0.,0.,1.));
#6038 = ORIENTED_EDGE('',*,*,#6039,.T.);
#6039 = EDGE_CURVE('',#6032,#6015,#6040,.T.);
#6040 = B_SPLINE_CURVE_WITH_KNOTS('',3,(#6041,#6042,#6043,#6044),
  .UNSPECIFIED.,.F.,.F.,(4,4),(0.,2.004959364592),
  .PIECEWISE_BEZIER_KNOTS.);
#6041 = CARTESIAN_POINT('',(181.14252462586,-155.3051213744,0.));
#6042 = CARTESIAN_POINT('',(174.39564962586,-154.91882995,0.));
#6043 = CARTESIAN_POINT('',(174.25012798508,-154.7865382833,0.));
#6044 = CARTESIAN_POINT('',(173.89029449026,-148.7090587937,0.));
#6045 = B_SPLINE_SURFACE_WITH_KNOTS('',3,1,(
    (#6046,#6047)
    ,(#6048,#6049)
    ,(#6050,#6051)
    ,(#6052,#6053
    )),.UNSPECIFIED.,.F.,.F.,.F.,(4,4),(2,2),(-1.,0.),(0.,1.),
  .PIECEWISE_BEZIER_KNOTS.);
#6046 = CARTESIAN_POINT('',(173.89029449026,-148.7090587937,-2.));
#6047 = CARTESIAN_POINT('',(173.89029449026,-148.7090587937,8.));
#6048 = CARTESIAN_POINT('',(174.25012798508,-154.7865382833,-2.));
#6049 = CARTESIAN_POINT('',(174.25012798508,-154.7865382833,8.));
#6050 = CARTESIAN_POINT('',(174.39564962586,-154.91882995,-2.));
#6051 = CARTESIAN_POINT('',(174.39564962586,-154.91882995,8.));
#6052 = CARTESIAN_POINT('',(181.14252462586,-155.3051213744,-2.));
#6053 = CARTESIAN_POINT('',(181.14252462586,-155.3051213744,8.));
#6054 = ADVANCED_FACE('',(#6055),#6082,.F.);
#6055 = FACE_BOUND('',#6056,.F.);
#6056 = EDGE_LOOP('',(#6057,#6067,#6074,#6075));
#6057 = ORIENTED_EDGE('',*,*,#6058,.F.);
#6058 = EDGE_CURVE('',#6059,#6061,#6063,.T.);
#6059 = VERTEX_POINT('',#6060);
#6060 = CARTESIAN_POINT('',(174.9301050524,-141.4303707285,-2.));
#6061 = VERTEX_POINT('',#6062);
#6062 = CARTESIAN_POINT('',(174.9301050524,-141.4303707285,0.));
#6063 = LINE('',#6064,#6065);
#6064 = CARTESIAN_POINT('',(174.9301050524,-141.4303707285,-2.));
#6065 = VECTOR('',#6066,1.);
#6066 = DIRECTION('',(0.,0.,1.));
#6067 = ORIENTED_EDGE('',*,*,#6068,.T.);
#6068 = EDGE_CURVE('',#6059,#6013,#6069,.T.);
#6069 = B_SPLINE_CURVE_WITH_KNOTS('',3,(#6070,#6071,#6072,#6073),
  .UNSPECIFIED.,.F.,.F.,(4,4),(-1.,0.),.PIECEWISE_BEZIER_KNOTS.);
#6070 = CARTESIAN_POINT('',(174.9301050524,-141.4303707285,-2.));
#6071 = CARTESIAN_POINT('',(173.54897972942,-142.4860596819,-2.));
#6072 = CARTESIAN_POINT('',(173.52781661551,-142.6315813226,-2.));
#6073 = CARTESIAN_POINT('',(173.89029449026,-148.7090587937,-2.));
#6074 = ORIENTED_EDGE('',*,*,#6012,.T.);
#6075 = ORIENTED_EDGE('',*,*,#6076,.T.);
#6076 = EDGE_CURVE('',#6015,#6061,#6077,.T.);
#6077 = B_SPLINE_CURVE_WITH_KNOTS('',3,(#6078,#6079,#6080,#6081),
  .UNSPECIFIED.,.F.,.F.,(4,4),(0.,1.827066631781),
  .PIECEWISE_BEZIER_KNOTS.);
#6078 = CARTESIAN_POINT('',(173.89029449026,-148.7090587937,0.));
#6079 = CARTESIAN_POINT('',(173.52781661551,-142.6315813226,0.));
#6080 = CARTESIAN_POINT('',(173.54897972942,-142.4860596819,0.));
#6081 = CARTESIAN_POINT('',(174.9301050524,-141.4303707285,0.));
#6082 = B_SPLINE_SURFACE_WITH_KNOTS('',3,1,(
    (#6083,#6084)
    ,(#6085,#6086)
    ,(#6087,#6088)
    ,(#6089,#6090
    )),.UNSPECIFIED.,.F.,.F.,.F.,(4,4),(2,2),(-1.,0.),(0.,1.),
  .PIECEWISE_BEZIER_KNOTS.);
#6083 = CARTESIAN_POINT('',(174.9301050524,-141.4303707285,-2.));
#6084 = CARTESIAN_POINT('',(174.9301050524,-141.4303707285,8.));
#6085 = CARTESIAN_POINT('',(173.54897972942,-142.4860596819,-2.));
#6086 = CARTESIAN_POINT('',(173.54897972942,-142.4860596819,8.));
#6087 = CARTESIAN_POINT('',(173.52781661551,-142.6315813226,-2.));
#6088 = CARTESIAN_POINT('',(173.52781661551,-142.6315813226,8.));
#6089 = CARTESIAN_POINT('',(173.89029449026,-148.7090587937,-2.));
#6090 = CARTESIAN_POINT('',(173.89029449026,-148.7090587937,8.));
#6091 = ADVANCED_FACE('',(#6092),#6119,.F.);
#6092 = FACE_BOUND('',#6093,.F.);
#6093 = EDGE_LOOP('',(#6094,#6104,#6111,#6112));
#6094 = ORIENTED_EDGE('',*,*,#6095,.F.);
#6095 = EDGE_CURVE('',#6096,#6098,#6100,.T.);
#6096 = VERTEX_POINT('',#6097);
#6097 = CARTESIAN_POINT('',(182.72208744884,-144.8911212129,-2.));
#6098 = VERTEX_POINT('',#6099);
#6099 = CARTESIAN_POINT('',(182.72208744884,-144.8911212129,0.));
#6100 = LINE('',#6101,#6102);
#6101 = CARTESIAN_POINT('',(182.72208744884,-144.8911212129,-2.));
#6102 = VECTOR('',#6103,1.);
#6103 = DIRECTION('',(0.,0.,1.));
#6104 = ORIENTED_EDGE('',*,*,#6105,.T.);
#6105 = EDGE_CURVE('',#6096,#6059,#6106,.T.);
#6106 = B_SPLINE_CURVE_WITH_KNOTS('',3,(#6107,#6108,#6109,#6110),
  .UNSPECIFIED.,.F.,.F.,(4,4),(-1.,0.),.PIECEWISE_BEZIER_KNOTS.);
#6107 = CARTESIAN_POINT('',(182.72208744884,-144.8911212129,-2.));
#6108 = CARTESIAN_POINT('',(176.46733761033,-140.4461204055,-2.));
#6109 = CARTESIAN_POINT('',(176.31123037537,-140.3746858123,-2.));
#6110 = CARTESIAN_POINT('',(174.9301050524,-141.4303707285,-2.));
#6111 = ORIENTED_EDGE('',*,*,#6058,.T.);
#6112 = ORIENTED_EDGE('',*,*,#6113,.T.);
#6113 = EDGE_CURVE('',#6061,#6098,#6114,.T.);
#6114 = B_SPLINE_CURVE_WITH_KNOTS('',3,(#6115,#6116,#6117,#6118),
  .UNSPECIFIED.,.F.,.F.,(4,4),(0.,0.527054399526),
  .PIECEWISE_BEZIER_KNOTS.);
#6115 = CARTESIAN_POINT('',(174.9301050524,-141.4303707285,0.));
#6116 = CARTESIAN_POINT('',(176.31123037537,-140.3746858123,0.));
#6117 = CARTESIAN_POINT('',(176.46733761033,-140.4461204055,0.));
#6118 = CARTESIAN_POINT('',(182.72208744884,-144.8911212129,0.));
#6119 = B_SPLINE_SURFACE_WITH_KNOTS('',3,1,(
    (#6120,#6121)
    ,(#6122,#6123)
    ,(#6124,#6125)
    ,(#6126,#6127
    )),.UNSPECIFIED.,.F.,.F.,.F.,(4,4),(2,2),(-1.,0.),(0.,1.),
  .PIECEWISE_BEZIER_KNOTS.);
#6120 = CARTESIAN_POINT('',(182.72208744884,-144.8911212129,-2.));
#6121 = CARTESIAN_POINT('',(182.72208744884,-144.8911212129,8.));
#6122 = CARTESIAN_POINT('',(176.46733761033,-140.4461204055,-2.));
#6123 = CARTESIAN_POINT('',(176.46733761033,-140.4461204055,8.));
#6124 = CARTESIAN_POINT('',(176.31123037537,-140.3746858123,-2.));
#6125 = CARTESIAN_POINT('',(176.31123037537,-140.3746858123,8.));
#6126 = CARTESIAN_POINT('',(174.9301050524,-141.4303707285,-2.));
#6127 = CARTESIAN_POINT('',(174.9301050524,-141.4303707285,8.));
#6128 = ADVANCED_FACE('',(#6129),#6156,.F.);
#6129 = FACE_BOUND('',#6130,.F.);
#6130 = EDGE_LOOP('',(#6131,#6141,#6148,#6149));
#6131 = ORIENTED_EDGE('',*,*,#6132,.F.);
#6132 = EDGE_CURVE('',#6133,#6135,#6137,.T.);
#6133 = VERTEX_POINT('',#6134);
#6134 = CARTESIAN_POINT('',(188.56672827602,-152.5640378796,-2.));
#6135 = VERTEX_POINT('',#6136);
#6136 = CARTESIAN_POINT('',(188.56672827602,-152.5640378796,0.));
#6137 = LINE('',#6138,#6139);
#6138 = CARTESIAN_POINT('',(188.56672827602,-152.5640378796,-2.));
#6139 = VECTOR('',#6140,1.);
#6140 = DIRECTION('',(0.,0.,1.));
#6141 = ORIENTED_EDGE('',*,*,#6142,.T.);
#6142 = EDGE_CURVE('',#6133,#6096,#6143,.T.);
#6143 = B_SPLINE_CURVE_WITH_KNOTS('',3,(#6144,#6145,#6146,#6147),
  .UNSPECIFIED.,.F.,.F.,(4,4),(-1.,0.),.PIECEWISE_BEZIER_KNOTS.);
#6144 = CARTESIAN_POINT('',(188.56672827602,-152.5640378796,-2.));
#6145 = CARTESIAN_POINT('',(189.09325459997,-149.4869344396,-2.));
#6146 = CARTESIAN_POINT('',(188.97683728735,-149.3334756218,-2.));
#6147 = CARTESIAN_POINT('',(182.72208744884,-144.8911212129,-2.));
#6148 = ORIENTED_EDGE('',*,*,#6095,.T.);
#6149 = ORIENTED_EDGE('',*,*,#6150,.T.);
#6150 = EDGE_CURVE('',#6098,#6135,#6151,.T.);
#6151 = B_SPLINE_CURVE_WITH_KNOTS('',3,(#6152,#6153,#6154,#6155),
  .UNSPECIFIED.,.F.,.F.,(4,4),(0.,2.312301855489),
  .PIECEWISE_BEZIER_KNOTS.);
#6152 = CARTESIAN_POINT('',(182.72208744884,-144.8911212129,0.));
#6153 = CARTESIAN_POINT('',(188.97683728735,-149.3334756218,0.));
#6154 = CARTESIAN_POINT('',(189.09325459997,-149.4869344396,0.));
#6155 = CARTESIAN_POINT('',(188.56672827602,-152.5640378796,0.));
#6156 = B_SPLINE_SURFACE_WITH_KNOTS('',3,1,(
    (#6157,#6158)
    ,(#6159,#6160)
    ,(#6161,#6162)
    ,(#6163,#6164
    )),.UNSPECIFIED.,.F.,.F.,.F.,(4,4),(2,2),(-1.,0.),(0.,1.),
  .PIECEWISE_BEZIER_KNOTS.);
#6157 = CARTESIAN_POINT('',(188.56672827602,-152.5640378796,-2.));
#6158 = CARTESIAN_POINT('',(188.56672827602,-152.5640378796,8.));
#6159 = CARTESIAN_POINT('',(189.09325459997,-149.4869344396,-2.));
#6160 = CARTESIAN_POINT('',(189.09325459997,-149.4869344396,8.));
#6161 = CARTESIAN_POINT('',(188.97683728735,-149.3334756218,-2.));
#6162 = CARTESIAN_POINT('',(188.97683728735,-149.3334756218,8.));
#6163 = CARTESIAN_POINT('',(182.72208744884,-144.8911212129,-2.));
#6164 = CARTESIAN_POINT('',(182.72208744884,-144.8911212129,8.));
#6165 = ADVANCED_FACE('',(#6166),#6184,.F.);
#6166 = FACE_BOUND('',#6167,.F.);
#6167 = EDGE_LOOP('',(#6168,#6169,#6176,#6177));
#6168 = ORIENTED_EDGE('',*,*,#6031,.F.);
#6169 = ORIENTED_EDGE('',*,*,#6170,.T.);
#6170 = EDGE_CURVE('',#6023,#6133,#6171,.T.);
#6171 = B_SPLINE_CURVE_WITH_KNOTS('',3,(#6172,#6173,#6174,#6175),
  .UNSPECIFIED.,.F.,.F.,(4,4),(-1.,0.),.PIECEWISE_BEZIER_KNOTS.);
#6172 = CARTESIAN_POINT('',(181.14252462586,-155.3051213744,-2.));
#6173 = CARTESIAN_POINT('',(187.88939558864,-155.6940591974,-2.));
#6174 = CARTESIAN_POINT('',(188.03756160935,-155.6384969396,-2.));
#6175 = CARTESIAN_POINT('',(188.56672827602,-152.5640378796,-2.));
#6176 = ORIENTED_EDGE('',*,*,#6132,.T.);
#6177 = ORIENTED_EDGE('',*,*,#6178,.T.);
#6178 = EDGE_CURVE('',#6135,#6032,#6179,.T.);
#6179 = B_SPLINE_CURVE_WITH_KNOTS('',3,(#6180,#6181,#6182,#6183),
  .UNSPECIFIED.,.F.,.F.,(4,4),(0.,0.93435090667),
  .PIECEWISE_BEZIER_KNOTS.);
#6180 = CARTESIAN_POINT('',(188.56672827602,-152.5640378796,0.));
#6181 = CARTESIAN_POINT('',(188.03756160935,-155.6384969396,0.));
#6182 = CARTESIAN_POINT('',(187.88939558864,-155.6940591974,0.));
#6183 = CARTESIAN_POINT('',(181.14252462586,-155.3051213744,0.));
#6184 = B_SPLINE_SURFACE_WITH_KNOTS('',3,1,(
    (#6185,#6186)
    ,(#6187,#6188)
    ,(#6189,#6190)
    ,(#6191,#6192
    )),.UNSPECIFIED.,.F.,.F.,.F.,(4,4),(2,2),(-1.,0.),(0.,1.),
  .PIECEWISE_BEZIER_KNOTS.);
#6185 = CARTESIAN_POINT('',(181.14252462586,-155.3051213744,-2.));
#6186 = CARTESIAN_POINT('',(181.14252462586,-155.3051213744,8.));
#6187 = CARTESIAN_POINT('',(187.88939558864,-155.6940591974,-2.));
#6188 = CARTESIAN_POINT('',(187.88939558864,-155.6940591974,8.));
#6189 = CARTESIAN_POINT('',(188.03756160935,-155.6384969396,-2.));
#6190 = CARTESIAN_POINT('',(188.03756160935,-155.6384969396,8.));
#6191 = CARTESIAN_POINT('',(188.56672827602,-152.5640378796,-2.));
#6192 = CARTESIAN_POINT('',(188.56672827602,-152.5640378796,8.));
#6193 = ADVANCED_FACE('',(#6194),#6230,.F.);
#6194 = FACE_BOUND('',#6195,.F.);
#6195 = EDGE_LOOP('',(#6196,#6206,#6215,#6223));
#6196 = ORIENTED_EDGE('',*,*,#6197,.F.);
#6197 = EDGE_CURVE('',#6198,#6200,#6202,.T.);
#6198 = VERTEX_POINT('',#6199);
#6199 = CARTESIAN_POINT('',(183.96033551097,-143.5734973433,-2.));
#6200 = VERTEX_POINT('',#6201);
#6201 = CARTESIAN_POINT('',(183.96033551097,-143.5734973433,0.));
#6202 = LINE('',#6203,#6204);
#6203 = CARTESIAN_POINT('',(183.96033551097,-143.5734973433,-2.));
#6204 = VECTOR('',#6205,1.);
#6205 = DIRECTION('',(0.,0.,1.));
#6206 = ORIENTED_EDGE('',*,*,#6207,.T.);
#6207 = EDGE_CURVE('',#6198,#6208,#6210,.T.);
#6208 = VERTEX_POINT('',#6209);
#6209 = CARTESIAN_POINT('',(193.85310618282,-146.9125377181,-2.));
#6210 = B_SPLINE_CURVE_WITH_KNOTS('',3,(#6211,#6212,#6213,#6214),
  .UNSPECIFIED.,.F.,.F.,(4,4),(-1.,0.),.PIECEWISE_BEZIER_KNOTS.);
#6211 = CARTESIAN_POINT('',(183.96033551097,-143.5734973433,-2.));
#6212 = CARTESIAN_POINT('',(190.21508534949,-148.0184961322,-2.));
#6213 = CARTESIAN_POINT('',(190.41087443233,-148.0846419655,-2.));
#6214 = CARTESIAN_POINT('',(193.85310618282,-146.9125377181,-2.));
#6215 = ORIENTED_EDGE('',*,*,#6216,.T.);
#6216 = EDGE_CURVE('',#6208,#6217,#6219,.T.);
#6217 = VERTEX_POINT('',#6218);
#6218 = CARTESIAN_POINT('',(193.85310618282,-146.9125377181,0.));
#6219 = LINE('',#6220,#6221);
#6220 = CARTESIAN_POINT('',(193.85310618282,-146.9125377181,-2.));
#6221 = VECTOR('',#6222,1.);
#6222 = DIRECTION('',(0.,0.,1.));
#6223 = ORIENTED_EDGE('',*,*,#6224,.T.);
#6224 = EDGE_CURVE('',#6217,#6200,#6225,.T.);
#6225 = B_SPLINE_CURVE_WITH_KNOTS('',3,(#6226,#6227,#6228,#6229),
  .UNSPECIFIED.,.F.,.F.,(4,4),(0.,1.098139777295),
  .PIECEWISE_BEZIER_KNOTS.);
#6226 = CARTESIAN_POINT('',(193.85310618282,-146.9125377181,0.));
#6227 = CARTESIAN_POINT('',(190.41087443233,-148.0846419655,0.));
#6228 = CARTESIAN_POINT('',(190.21508534949,-148.0184961322,0.));
#6229 = CARTESIAN_POINT('',(183.96033551097,-143.5734973433,0.));
#6230 = B_SPLINE_SURFACE_WITH_KNOTS('',3,1,(
    (#6231,#6232)
    ,(#6233,#6234)
    ,(#6235,#6236)
    ,(#6237,#6238
    )),.UNSPECIFIED.,.F.,.F.,.F.,(4,4),(2,2),(-1.,0.),(0.,1.),
  .PIECEWISE_BEZIER_KNOTS.);
#6231 = CARTESIAN_POINT('',(183.96033551097,-143.5734973433,-2.));
#6232 = CARTESIAN_POINT('',(183.96033551097,-143.5734973433,8.));
#6233 = CARTESIAN_POINT('',(190.21508534949,-148.0184961322,-2.));
#6234 = CARTESIAN_POINT('',(190.21508534949,-148.0184961322,8.));
#6235 = CARTESIAN_POINT('',(190.41087443233,-148.0846419655,-2.));
#6236 = CARTESIAN_POINT('',(190.41087443233,-148.0846419655,8.));
#6237 = CARTESIAN_POINT('',(193.85310618282,-146.9125377181,-2.));
#6238 = CARTESIAN_POINT('',(193.85310618282,-146.9125377181,8.));
#6239 = ADVANCED_FACE('',(#6240),#6267,.F.);
#6240 = FACE_BOUND('',#6241,.F.);
#6241 = EDGE_LOOP('',(#6242,#6252,#6259,#6260));
#6242 = ORIENTED_EDGE('',*,*,#6243,.F.);
#6243 = EDGE_CURVE('',#6244,#6246,#6248,.T.);
#6244 = VERTEX_POINT('',#6245);
#6245 = CARTESIAN_POINT('',(178.11833502651,-137.5330593589,-2.));
#6246 = VERTEX_POINT('',#6247);
#6247 = CARTESIAN_POINT('',(178.11833502651,-137.5330593589,0.));
#6248 = LINE('',#6249,#6250);
#6249 = CARTESIAN_POINT('',(178.11833502651,-137.5330593589,-2.));
#6250 = VECTOR('',#6251,1.);
#6251 = DIRECTION('',(0.,0.,1.));
#6252 = ORIENTED_EDGE('',*,*,#6253,.T.);
#6253 = EDGE_CURVE('',#6244,#6198,#6254,.T.);
#6254 = B_SPLINE_CURVE_WITH_KNOTS('',3,(#6255,#6256,#6257,#6258),
  .UNSPECIFIED.,.F.,.F.,(4,4),(-1.,0.),.PIECEWISE_BEZIER_KNOTS.);
#6255 = CARTESIAN_POINT('',(178.11833502651,-137.5330593589,-2.));
#6256 = CARTESIAN_POINT('',(177.58652397991,-139.0067864262,-2.));
#6257 = CARTESIAN_POINT('',(177.70558567246,-139.1284965359,-2.));
#6258 = CARTESIAN_POINT('',(183.96033551097,-143.5734973433,-2.));
#6259 = ORIENTED_EDGE('',*,*,#6197,.T.);
#6260 = ORIENTED_EDGE('',*,*,#6261,.T.);
#6261 = EDGE_CURVE('',#6200,#6246,#6262,.T.);
#6262 = B_SPLINE_CURVE_WITH_KNOTS('',3,(#6263,#6264,#6265,#6266),
  .UNSPECIFIED.,.F.,.F.,(4,4),(0.,2.100310552874),
  .PIECEWISE_BEZIER_KNOTS.);
#6263 = CARTESIAN_POINT('',(183.96033551097,-143.5734973433,0.));
#6264 = CARTESIAN_POINT('',(177.70558567246,-139.1284965359,0.));
#6265 = CARTESIAN_POINT('',(177.58652397991,-139.0067864262,0.));
#6266 = CARTESIAN_POINT('',(178.11833502651,-137.5330593589,0.));
#6267 = B_SPLINE_SURFACE_WITH_KNOTS('',3,1,(
    (#6268,#6269)
    ,(#6270,#6271)
    ,(#6272,#6273)
    ,(#6274,#6275
    )),.UNSPECIFIED.,.F.,.F.,.F.,(4,4),(2,2),(-1.,0.),(0.,1.),
  .PIECEWISE_BEZIER_KNOTS.);
#6268 = CARTESIAN_POINT('',(178.11833502651,-137.5330593589,-2.));
#6269 = CARTESIAN_POINT('',(178.11833502651,-137.5330593589,8.));
#6270 = CARTESIAN_POINT('',(177.58652397991,-139.0067864262,-2.));
#6271 = CARTESIAN_POINT('',(177.58652397991,-139.0067864262,8.));
#6272 = CARTESIAN_POINT('',(177.70558567246,-139.1284965359,-2.));
#6273 = CARTESIAN_POINT('',(177.70558567246,-139.1284965359,8.));
#6274 = CARTESIAN_POINT('',(183.96033551097,-143.5734973433,-2.));
#6275 = CARTESIAN_POINT('',(183.96033551097,-143.5734973433,8.));
#6276 = ADVANCED_FACE('',(#6277),#6304,.F.);
#6277 = FACE_BOUND('',#6278,.F.);
#6278 = EDGE_LOOP('',(#6279,#6289,#6296,#6297));
#6279 = ORIENTED_EDGE('',*,*,#6280,.F.);
#6280 = EDGE_CURVE('',#6281,#6283,#6285,.T.);
#6281 = VERTEX_POINT('',#6282);
#6282 = CARTESIAN_POINT('',(186.10081774593,-135.7127247336,-2.));
#6283 = VERTEX_POINT('',#6284);
#6284 = CARTESIAN_POINT('',(186.10081774593,-135.7127247336,0.));
#6285 = LINE('',#6286,#6287);
#6286 = CARTESIAN_POINT('',(186.10081774593,-135.7127247336,-2.));
#6287 = VECTOR('',#6288,1.);
#6288 = DIRECTION('',(0.,0.,1.));
#6289 = ORIENTED_EDGE('',*,*,#6290,.T.);
#6290 = EDGE_CURVE('',#6281,#6244,#6291,.T.);
#6291 = B_SPLINE_CURVE_WITH_KNOTS('',3,(#6292,#6293,#6294,#6295),
  .UNSPECIFIED.,.F.,.F.,(4,4),(-1.,0.),.PIECEWISE_BEZIER_KNOTS.);
#6292 = CARTESIAN_POINT('',(186.10081774593,-135.7127247336,-2.));
#6293 = CARTESIAN_POINT('',(178.80625330806,-136.0196423692,-2.));
#6294 = CARTESIAN_POINT('',(178.64750169317,-136.0566838744,-2.));
#6295 = CARTESIAN_POINT('',(178.11833502651,-137.5330593589,-2.));
#6296 = ORIENTED_EDGE('',*,*,#6243,.T.);
#6297 = ORIENTED_EDGE('',*,*,#6298,.T.);
#6298 = EDGE_CURVE('',#6246,#6283,#6299,.T.);
#6299 = B_SPLINE_CURVE_WITH_KNOTS('',3,(#6300,#6301,#6302,#6303),
  .UNSPECIFIED.,.F.,.F.,(4,4),(0.,0.535439257948),
  .PIECEWISE_BEZIER_KNOTS.);
#6300 = CARTESIAN_POINT('',(178.11833502651,-137.5330593589,0.));
#6301 = CARTESIAN_POINT('',(178.64750169317,-136.0566838744,0.));
#6302 = CARTESIAN_POINT('',(178.80625330806,-136.0196423692,0.));
#6303 = CARTESIAN_POINT('',(186.10081774593,-135.7127247336,0.));
#6304 = B_SPLINE_SURFACE_WITH_KNOTS('',3,1,(
    (#6305,#6306)
    ,(#6307,#6308)
    ,(#6309,#6310)
    ,(#6311,#6312
    )),.UNSPECIFIED.,.F.,.F.,.F.,(4,4),(2,2),(-1.,0.),(0.,1.),
  .PIECEWISE_BEZIER_KNOTS.);
#6305 = CARTESIAN_POINT('',(186.10081774593,-135.7127247336,-2.));
#6306 = CARTESIAN_POINT('',(186.10081774593,-135.7127247336,8.));
#6307 = CARTESIAN_POINT('',(178.80625330806,-136.0196423692,-2.));
#6308 = CARTESIAN_POINT('',(178.80625330806,-136.0196423692,8.));
#6309 = CARTESIAN_POINT('',(178.64750169317,-136.0566838744,-2.));
#6310 = CARTESIAN_POINT('',(178.64750169317,-136.0566838744,8.));
#6311 = CARTESIAN_POINT('',(178.11833502651,-137.5330593589,-2.));
#6312 = CARTESIAN_POINT('',(178.11833502651,-137.5330593589,8.));
#6313 = ADVANCED_FACE('',(#6314),#6341,.F.);
#6314 = FACE_BOUND('',#6315,.F.);
#6315 = EDGE_LOOP('',(#6316,#6326,#6333,#6334));
#6316 = ORIENTED_EDGE('',*,*,#6317,.F.);
#6317 = EDGE_CURVE('',#6318,#6320,#6322,.T.);
#6318 = VERTEX_POINT('',#6319);
#6319 = CARTESIAN_POINT('',(195.45648053686,-140.557244921,-2.));
#6320 = VERTEX_POINT('',#6321);
#6321 = CARTESIAN_POINT('',(195.45648053686,-140.557244921,0.));
#6322 = LINE('',#6323,#6324);
#6323 = CARTESIAN_POINT('',(195.45648053686,-140.557244921,-2.));
#6324 = VECTOR('',#6325,1.);
#6325 = DIRECTION('',(0.,0.,1.));
#6326 = ORIENTED_EDGE('',*,*,#6327,.T.);
#6327 = EDGE_CURVE('',#6318,#6281,#6328,.T.);
#6328 = B_SPLINE_CURVE_WITH_KNOTS('',3,(#6329,#6330,#6331,#6332),
  .UNSPECIFIED.,.F.,.F.,(4,4),(-1.,0.),.PIECEWISE_BEZIER_KNOTS.);
#6329 = CARTESIAN_POINT('',(195.45648053686,-140.557244921,-2.));
#6330 = CARTESIAN_POINT('',(193.58323408962,-135.5037056767,-2.));
#6331 = CARTESIAN_POINT('',(193.39537410935,-135.4058111353,-2.));
#6332 = CARTESIAN_POINT('',(186.10081774593,-135.7127247336,-2.));
#6333 = ORIENTED_EDGE('',*,*,#6280,.T.);
#6334 = ORIENTED_EDGE('',*,*,#6335,.T.);
#6335 = EDGE_CURVE('',#6283,#6320,#6336,.T.);
#6336 = B_SPLINE_CURVE_WITH_KNOTS('',3,(#6337,#6338,#6339,#6340),
  .UNSPECIFIED.,.F.,.F.,(4,4),(0.,2.19868309572),
  .PIECEWISE_BEZIER_KNOTS.);
#6337 = CARTESIAN_POINT('',(186.10081774593,-135.7127247336,0.));
#6338 = CARTESIAN_POINT('',(193.39537410935,-135.4058111353,0.));
#6339 = CARTESIAN_POINT('',(193.58323408962,-135.5037056767,0.));
#6340 = CARTESIAN_POINT('',(195.45648053686,-140.557244921,0.));
#6341 = B_SPLINE_SURFACE_WITH_KNOTS('',3,1,(
    (#6342,#6343)
    ,(#6344,#6345)
    ,(#6346,#6347)
    ,(#6348,#6349
    )),.UNSPECIFIED.,.F.,.F.,.F.,(4,4),(2,2),(-1.,0.),(0.,1.),
  .PIECEWISE_BEZIER_KNOTS.);
#6342 = CARTESIAN_POINT('',(195.45648053686,-140.557244921,-2.));
#6343 = CARTESIAN_POINT('',(195.45648053686,-140.557244921,8.));
#6344 = CARTESIAN_POINT('',(193.58323408962,-135.5037056767,-2.));
#6345 = CARTESIAN_POINT('',(193.58323408962,-135.5037056767,8.));
#6346 = CARTESIAN_POINT('',(193.39537410935,-135.4058111353,-2.));
#6347 = CARTESIAN_POINT('',(193.39537410935,-135.4058111353,8.));
#6348 = CARTESIAN_POINT('',(186.10081774593,-135.7127247336,-2.));
#6349 = CARTESIAN_POINT('',(186.10081774593,-135.7127247336,8.));
#6350 = ADVANCED_FACE('',(#6351),#6369,.F.);
#6351 = FACE_BOUND('',#6352,.F.);
#6352 = EDGE_LOOP('',(#6353,#6354,#6361,#6362));
#6353 = ORIENTED_EDGE('',*,*,#6216,.F.);
#6354 = ORIENTED_EDGE('',*,*,#6355,.T.);
#6355 = EDGE_CURVE('',#6208,#6318,#6356,.T.);
#6356 = B_SPLINE_CURVE_WITH_KNOTS('',3,(#6357,#6358,#6359,#6360),
  .UNSPECIFIED.,.F.,.F.,(4,4),(-1.,0.),.PIECEWISE_BEZIER_KNOTS.);
#6357 = CARTESIAN_POINT('',(193.85310618282,-146.9125377181,-2.));
#6358 = CARTESIAN_POINT('',(197.29533793331,-145.7404354893,-2.));
#6359 = CARTESIAN_POINT('',(197.3270866414,-145.6134325825,-2.));
#6360 = CARTESIAN_POINT('',(195.45648053686,-140.557244921,-2.));
#6361 = ORIENTED_EDGE('',*,*,#6317,.T.);
#6362 = ORIENTED_EDGE('',*,*,#6363,.T.);
#6363 = EDGE_CURVE('',#6320,#6217,#6364,.T.);
#6364 = B_SPLINE_CURVE_WITH_KNOTS('',3,(#6365,#6366,#6367,#6368),
  .UNSPECIFIED.,.F.,.F.,(4,4),(0.,1.588987824817),
  .PIECEWISE_BEZIER_KNOTS.);
#6365 = CARTESIAN_POINT('',(195.45648053686,-140.557244921,0.));
#6366 = CARTESIAN_POINT('',(197.3270866414,-145.6134325825,0.));
#6367 = CARTESIAN_POINT('',(197.29533793331,-145.7404354893,0.));
#6368 = CARTESIAN_POINT('',(193.85310618282,-146.9125377181,0.));
#6369 = B_SPLINE_SURFACE_WITH_KNOTS('',3,1,(
    (#6370,#6371)
    ,(#6372,#6373)
    ,(#6374,#6375)
    ,(#6376,#6377
    )),.UNSPECIFIED.,.F.,.F.,.F.,(4,4),(2,2),(-1.,0.),(0.,1.),
  .PIECEWISE_BEZIER_KNOTS.);
#6370 = CARTESIAN_POINT('',(193.85310618282,-146.9125377181,-2.));
#6371 = CARTESIAN_POINT('',(193.85310618282,-146.9125377181,8.));
#6372 = CARTESIAN_POINT('',(197.29533793331,-145.7404354893,-2.));
#6373 = CARTESIAN_POINT('',(197.29533793331,-145.7404354893,8.));
#6374 = CARTESIAN_POINT('',(197.3270866414,-145.6134325825,-2.));
#6375 = CARTESIAN_POINT('',(197.3270866414,-145.6134325825,8.));
#6376 = CARTESIAN_POINT('',(195.45648053686,-140.557244921,-2.));
#6377 = CARTESIAN_POINT('',(195.45648053686,-140.557244921,8.));
#6378 = ADVANCED_FACE('',(#6379),#6415,.F.);
#6379 = FACE_BOUND('',#6380,.F.);
#6380 = EDGE_LOOP('',(#6381,#6391,#6400,#6408));
#6381 = ORIENTED_EDGE('',*,*,#6382,.F.);
#6382 = EDGE_CURVE('',#6383,#6385,#6387,.T.);
#6383 = VERTEX_POINT('',#6384);
#6384 = CARTESIAN_POINT('',(175.79793806275,-170.4392882429,-2.));
#6385 = VERTEX_POINT('',#6386);
#6386 = CARTESIAN_POINT('',(175.79793806275,-170.4392882429,0.));
#6387 = LINE('',#6388,#6389);
#6388 = CARTESIAN_POINT('',(175.79793806275,-170.4392882429,-2.));
#6389 = VECTOR('',#6390,1.);
#6390 = DIRECTION('',(0.,0.,1.));
#6391 = ORIENTED_EDGE('',*,*,#6392,.T.);
#6392 = EDGE_CURVE('',#6383,#6393,#6395,.T.);
#6393 = VERTEX_POINT('',#6394);
#6394 = CARTESIAN_POINT('',(184.87314720353,-171.8627468589,-2.));
#6395 = B_SPLINE_CURVE_WITH_KNOTS('',3,(#6396,#6397,#6398,#6399),
  .UNSPECIFIED.,.F.,.F.,(4,4),(-1.,0.),.PIECEWISE_BEZIER_KNOTS.);
#6396 = CARTESIAN_POINT('',(175.79793806275,-170.4392882429,-2.));
#6397 = CARTESIAN_POINT('',(184.46833502651,-173.7809760255,-2.));
#6398 = CARTESIAN_POINT('',(184.65089817246,-173.8100798491,-2.));
#6399 = CARTESIAN_POINT('',(184.87314720353,-171.8627468589,-2.));
#6400 = ORIENTED_EDGE('',*,*,#6401,.T.);
#6401 = EDGE_CURVE('',#6393,#6402,#6404,.T.);
#6402 = VERTEX_POINT('',#6403);
#6403 = CARTESIAN_POINT('',(184.87314720353,-171.8627468589,0.));
#6404 = LINE('',#6405,#6406);
#6405 = CARTESIAN_POINT('',(184.87314720353,-171.8627468589,-2.));
#6406 = VECTOR('',#6407,1.);
#6407 = DIRECTION('',(0.,0.,1.));
#6408 = ORIENTED_EDGE('',*,*,#6409,.T.);
#6409 = EDGE_CURVE('',#6402,#6385,#6410,.T.);
#6410 = B_SPLINE_CURVE_WITH_KNOTS('',3,(#6411,#6412,#6413,#6414),
  .UNSPECIFIED.,.F.,.F.,(4,4),(0.,0.697131160905),
  .PIECEWISE_BEZIER_KNOTS.);
#6411 = CARTESIAN_POINT('',(184.87314720353,-171.8627468589,0.));
#6412 = CARTESIAN_POINT('',(184.65089817246,-173.8100798491,0.));
#6413 = CARTESIAN_POINT('',(184.46833502651,-173.7809760255,0.));
#6414 = CARTESIAN_POINT('',(175.79793806275,-170.4392882429,0.));
#6415 = B_SPLINE_SURFACE_WITH_KNOTS('',3,1,(
    (#6416,#6417)
    ,(#6418,#6419)
    ,(#6420,#6421)
    ,(#6422,#6423
    )),.UNSPECIFIED.,.F.,.F.,.F.,(4,4),(2,2),(-1.,0.),(0.,1.),
  .PIECEWISE_BEZIER_KNOTS.);
#6416 = CARTESIAN_POINT('',(175.79793806275,-170.4392882429,-2.));
#6417 = CARTESIAN_POINT('',(175.79793806275,-170.4392882429,8.));
#6418 = CARTESIAN_POINT('',(184.46833502651,-173.7809760255,-2.));
#6419 = CARTESIAN_POINT('',(184.46833502651,-173.7809760255,8.));
#6420 = CARTESIAN_POINT('',(184.65089817246,-173.8100798491,-2.));
#6421 = CARTESIAN_POINT('',(184.65089817246,-173.8100798491,8.));
#6422 = CARTESIAN_POINT('',(184.87314720353,-171.8627468589,-2.));
#6423 = CARTESIAN_POINT('',(184.87314720353,-171.8627468589,8.));
#6424 = ADVANCED_FACE('',(#6425),#6452,.F.);
#6425 = FACE_BOUND('',#6426,.F.);
#6426 = EDGE_LOOP('',(#6427,#6437,#6444,#6445));
#6427 = ORIENTED_EDGE('',*,*,#6428,.F.);
#6428 = EDGE_CURVE('',#6429,#6431,#6433,.T.);
#6429 = VERTEX_POINT('',#6430);
#6430 = CARTESIAN_POINT('',(167.11431516211,-165.5683091166,-2.));
#6431 = VERTEX_POINT('',#6432);
#6432 = CARTESIAN_POINT('',(167.11431516211,-165.5683091166,0.));
#6433 = LINE('',#6434,#6435);
#6434 = CARTESIAN_POINT('',(167.11431516211,-165.5683091166,-2.));
#6435 = VECTOR('',#6436,1.);
#6436 = DIRECTION('',(0.,0.,1.));
#6437 = ORIENTED_EDGE('',*,*,#6438,.T.);
#6438 = EDGE_CURVE('',#6429,#6383,#6439,.T.);
#6439 = B_SPLINE_CURVE_WITH_KNOTS('',3,(#6440,#6441,#6442,#6443),
  .UNSPECIFIED.,.F.,.F.,(4,4),(-1.,0.),.PIECEWISE_BEZIER_KNOTS.);
#6440 = CARTESIAN_POINT('',(167.11431516211,-165.5683091166,-2.));
#6441 = CARTESIAN_POINT('',(166.95291916728,-166.9997049096,-2.));
#6442 = CARTESIAN_POINT('',(167.12489671906,-167.0949550711,-2.));
#6443 = CARTESIAN_POINT('',(175.79793806275,-170.4392882429,-2.));
#6444 = ORIENTED_EDGE('',*,*,#6382,.T.);
#6445 = ORIENTED_EDGE('',*,*,#6446,.T.);
#6446 = EDGE_CURVE('',#6385,#6431,#6447,.T.);
#6447 = B_SPLINE_CURVE_WITH_KNOTS('',3,(#6448,#6449,#6450,#6451),
  .UNSPECIFIED.,.F.,.F.,(4,4),(0.,2.82205965934),
  .PIECEWISE_BEZIER_KNOTS.);
#6448 = CARTESIAN_POINT('',(175.79793806275,-170.4392882429,0.));
#6449 = CARTESIAN_POINT('',(167.12489671906,-167.0949550711,0.));
#6450 = CARTESIAN_POINT('',(166.95291916728,-166.9997049096,0.));
#6451 = CARTESIAN_POINT('',(167.11431516211,-165.5683091166,0.));
#6452 = B_SPLINE_SURFACE_WITH_KNOTS('',3,1,(
    (#6453,#6454)
    ,(#6455,#6456)
    ,(#6457,#6458)
    ,(#6459,#6460
    )),.UNSPECIFIED.,.F.,.F.,.F.,(4,4),(2,2),(-1.,0.),(0.,1.),
  .PIECEWISE_BEZIER_KNOTS.);
#6453 = CARTESIAN_POINT('',(167.11431516211,-165.5683091166,-2.));
#6454 = CARTESIAN_POINT('',(167.11431516211,-165.5683091166,8.));
#6455 = CARTESIAN_POINT('',(166.95291916728,-166.9997049096,-2.));
#6456 = CARTESIAN_POINT('',(166.95291916728,-166.9997049096,8.));
#6457 = CARTESIAN_POINT('',(167.12489671906,-167.0949550711,-2.));
#6458 = CARTESIAN_POINT('',(167.12489671906,-167.0949550711,8.));
#6459 = CARTESIAN_POINT('',(175.79793806275,-170.4392882429,-2.));
#6460 = CARTESIAN_POINT('',(175.79793806275,-170.4392882429,8.));
#6461 = ADVANCED_FACE('',(#6462),#6489,.F.);
#6462 = FACE_BOUND('',#6463,.F.);
#6463 = EDGE_LOOP('',(#6464,#6474,#6481,#6482));
#6464 = ORIENTED_EDGE('',*,*,#6465,.F.);
#6465 = EDGE_CURVE('',#6466,#6468,#6470,.T.);
#6466 = VERTEX_POINT('',#6467);
#6467 = CARTESIAN_POINT('',(170.46658551097,-160.6523502988,-2.));
#6468 = VERTEX_POINT('',#6469);
#6469 = CARTESIAN_POINT('',(170.46658551097,-160.6523502988,0.));
#6470 = LINE('',#6471,#6472);
#6471 = CARTESIAN_POINT('',(170.46658551097,-160.6523502988,-2.));
#6472 = VECTOR('',#6473,1.);
#6473 = DIRECTION('',(0.,0.,1.));
#6474 = ORIENTED_EDGE('',*,*,#6475,.T.);
#6475 = EDGE_CURVE('',#6466,#6429,#6476,.T.);
#6476 = B_SPLINE_CURVE_WITH_KNOTS('',3,(#6477,#6478,#6479,#6480),
  .UNSPECIFIED.,.F.,.F.,(4,4),(-1.,0.),.PIECEWISE_BEZIER_KNOTS.);
#6477 = CARTESIAN_POINT('',(170.46658551097,-160.6523502988,-2.));
#6478 = CARTESIAN_POINT('',(167.3445013702,-164.039017773,-2.));
#6479 = CARTESIAN_POINT('',(167.27835553686,-164.1369133237,-2.));
#6480 = CARTESIAN_POINT('',(167.11431516211,-165.5683091166,-2.));
#6481 = ORIENTED_EDGE('',*,*,#6428,.T.);
#6482 = ORIENTED_EDGE('',*,*,#6483,.T.);
#6483 = EDGE_CURVE('',#6431,#6468,#6484,.T.);
#6484 = B_SPLINE_CURVE_WITH_KNOTS('',3,(#6485,#6486,#6487,#6488),
  .UNSPECIFIED.,.F.,.F.,(4,4),(0.,0.432221373904),
  .PIECEWISE_BEZIER_KNOTS.);
#6485 = CARTESIAN_POINT('',(167.11431516211,-165.5683091166,0.));
#6486 = CARTESIAN_POINT('',(167.27835553686,-164.1369133237,0.));
#6487 = CARTESIAN_POINT('',(167.3445013702,-164.039017773,0.));
#6488 = CARTESIAN_POINT('',(170.46658551097,-160.6523502988,0.));
#6489 = B_SPLINE_SURFACE_WITH_KNOTS('',3,1,(
    (#6490,#6491)
    ,(#6492,#6493)
    ,(#6494,#6495)
    ,(#6496,#6497
    )),.UNSPECIFIED.,.F.,.F.,.F.,(4,4),(2,2),(-1.,0.),(0.,1.),
  .PIECEWISE_BEZIER_KNOTS.);
#6490 = CARTESIAN_POINT('',(170.46658551097,-160.6523502988,-2.));
#6491 = CARTESIAN_POINT('',(170.46658551097,-160.6523502988,8.));
#6492 = CARTESIAN_POINT('',(167.3445013702,-164.039017773,-2.));
#6493 = CARTESIAN_POINT('',(167.3445013702,-164.039017773,8.));
#6494 = CARTESIAN_POINT('',(167.27835553686,-164.1369133237,-2.));
#6495 = CARTESIAN_POINT('',(167.27835553686,-164.1369133237,8.));
#6496 = CARTESIAN_POINT('',(167.11431516211,-165.5683091166,-2.));
#6497 = CARTESIAN_POINT('',(167.11431516211,-165.5683091166,8.));
#6498 = ADVANCED_FACE('',(#6499),#6526,.F.);
#6499 = FACE_BOUND('',#6500,.F.);
#6500 = EDGE_LOOP('',(#6501,#6511,#6518,#6519));
#6501 = ORIENTED_EDGE('',*,*,#6502,.F.);
#6502 = EDGE_CURVE('',#6503,#6505,#6507,.T.);
#6503 = VERTEX_POINT('',#6504);
#6504 = CARTESIAN_POINT('',(179.37510585984,-163.5363090359,-2.));
#6505 = VERTEX_POINT('',#6506);
#6506 = CARTESIAN_POINT('',(179.37510585984,-163.5363090359,0.));
#6507 = LINE('',#6508,#6509);
#6508 = CARTESIAN_POINT('',(179.37510585984,-163.5363090359,-2.));
#6509 = VECTOR('',#6510,1.);
#6510 = DIRECTION('',(0.,0.,1.));
#6511 = ORIENTED_EDGE('',*,*,#6512,.T.);
#6512 = EDGE_CURVE('',#6503,#6466,#6513,.T.);
#6513 = B_SPLINE_CURVE_WITH_KNOTS('',3,(#6514,#6515,#6516,#6517),
  .UNSPECIFIED.,.F.,.F.,(4,4),(-1.,0.),.PIECEWISE_BEZIER_KNOTS.);
#6514 = CARTESIAN_POINT('',(179.37510585984,-163.5363090359,-2.));
#6515 = CARTESIAN_POINT('',(173.76594000062,-157.3238934997,-2.));
#6516 = CARTESIAN_POINT('',(173.58866965175,-157.2656848433,-2.));
#6517 = CARTESIAN_POINT('',(170.46658551097,-160.6523502988,-2.));
#6518 = ORIENTED_EDGE('',*,*,#6465,.T.);
#6519 = ORIENTED_EDGE('',*,*,#6520,.T.);
#6520 = EDGE_CURVE('',#6468,#6505,#6521,.T.);
#6521 = B_SPLINE_CURVE_WITH_KNOTS('',3,(#6522,#6523,#6524,#6525),
  .UNSPECIFIED.,.F.,.F.,(4,4),(0.,1.553308238606),
  .PIECEWISE_BEZIER_KNOTS.);
#6522 = CARTESIAN_POINT('',(170.46658551097,-160.6523502988,0.));
#6523 = CARTESIAN_POINT('',(173.58866965175,-157.2656848433,0.));
#6524 = CARTESIAN_POINT('',(173.76594000062,-157.3238934997,0.));
#6525 = CARTESIAN_POINT('',(179.37510585984,-163.5363090359,0.));
#6526 = B_SPLINE_SURFACE_WITH_KNOTS('',3,1,(
    (#6527,#6528)
    ,(#6529,#6530)
    ,(#6531,#6532)
    ,(#6533,#6534
    )),.UNSPECIFIED.,.F.,.F.,.F.,(4,4),(2,2),(-1.,0.),(0.,1.),
  .PIECEWISE_BEZIER_KNOTS.);
#6527 = CARTESIAN_POINT('',(179.37510585984,-163.5363090359,-2.));
#6528 = CARTESIAN_POINT('',(179.37510585984,-163.5363090359,8.));
#6529 = CARTESIAN_POINT('',(173.76594000062,-157.3238934997,-2.));
#6530 = CARTESIAN_POINT('',(173.76594000062,-157.3238934997,8.));
#6531 = CARTESIAN_POINT('',(173.58866965175,-157.2656848433,-2.));
#6532 = CARTESIAN_POINT('',(173.58866965175,-157.2656848433,8.));
#6533 = CARTESIAN_POINT('',(170.46658551097,-160.6523502988,-2.));
#6534 = CARTESIAN_POINT('',(170.46658551097,-160.6523502988,8.));
#6535 = ADVANCED_FACE('',(#6536),#6554,.F.);
#6536 = FACE_BOUND('',#6537,.F.);
#6537 = EDGE_LOOP('',(#6538,#6539,#6546,#6547));
#6538 = ORIENTED_EDGE('',*,*,#6401,.F.);
#6539 = ORIENTED_EDGE('',*,*,#6540,.T.);
#6540 = EDGE_CURVE('',#6393,#6503,#6541,.T.);
#6541 = B_SPLINE_CURVE_WITH_KNOTS('',3,(#6542,#6543,#6544,#6545),
  .UNSPECIFIED.,.F.,.F.,(4,4),(-1.,0.),.PIECEWISE_BEZIER_KNOTS.);
#6542 = CARTESIAN_POINT('',(184.87314720353,-171.8627468589,-2.));
#6543 = CARTESIAN_POINT('',(185.09275589188,-169.9180587533,-2.));
#6544 = CARTESIAN_POINT('',(184.98427575628,-169.75137198,-2.));
#6545 = CARTESIAN_POINT('',(179.37510585984,-163.5363090359,-2.));
#6546 = ORIENTED_EDGE('',*,*,#6502,.T.);
#6547 = ORIENTED_EDGE('',*,*,#6548,.T.);
#6548 = EDGE_CURVE('',#6505,#6402,#6549,.T.);
#6549 = B_SPLINE_CURVE_WITH_KNOTS('',3,(#6550,#6551,#6552,#6553),
  .UNSPECIFIED.,.F.,.F.,(4,4),(0.,2.51562199508),
  .PIECEWISE_BEZIER_KNOTS.);
#6550 = CARTESIAN_POINT('',(179.37510585984,-163.5363090359,0.));
#6551 = CARTESIAN_POINT('',(184.98427575628,-169.75137198,0.));
#6552 = CARTESIAN_POINT('',(185.09275589188,-169.9180587533,0.));
#6553 = CARTESIAN_POINT('',(184.87314720353,-171.8627468589,0.));
#6554 = B_SPLINE_SURFACE_WITH_KNOTS('',3,1,(
    (#6555,#6556)
    ,(#6557,#6558)
    ,(#6559,#6560)
    ,(#6561,#6562
    )),.UNSPECIFIED.,.F.,.F.,.F.,(4,4),(2,2),(-1.,0.),(0.,1.),
  .PIECEWISE_BEZIER_KNOTS.);
#6555 = CARTESIAN_POINT('',(184.87314720353,-171.8627468589,-2.));
#6556 = CARTESIAN_POINT('',(184.87314720353,-171.8627468589,8.));
#6557 = CARTESIAN_POINT('',(185.09275589188,-169.9180587533,-2.));
#6558 = CARTESIAN_POINT('',(185.09275589188,-169.9180587533,8.));
#6559 = CARTESIAN_POINT('',(184.98427575628,-169.75137198,-2.));
#6560 = CARTESIAN_POINT('',(184.98427575628,-169.75137198,8.));
#6561 = CARTESIAN_POINT('',(179.37510585984,-163.5363090359,-2.));
#6562 = CARTESIAN_POINT('',(179.37510585984,-163.5363090359,8.));
#6563 = ADVANCED_FACE('',(#6564),#6600,.F.);
#6564 = FACE_BOUND('',#6565,.F.);
#6565 = EDGE_LOOP('',(#6566,#6576,#6585,#6593));
#6566 = ORIENTED_EDGE('',*,*,#6567,.F.);
#6567 = EDGE_CURVE('',#6568,#6570,#6572,.T.);
#6568 = VERTEX_POINT('',#6569);
#6569 = CARTESIAN_POINT('',(168.50602204204,-158.1176434997,-2.));
#6570 = VERTEX_POINT('',#6571);
#6571 = CARTESIAN_POINT('',(168.50602204204,-158.1176434997,0.));
#6572 = LINE('',#6573,#6574);
#6573 = CARTESIAN_POINT('',(168.50602204204,-158.1176434997,-2.));
#6574 = VECTOR('',#6575,1.);
#6575 = DIRECTION('',(0.,0.,1.));
#6576 = ORIENTED_EDGE('',*,*,#6577,.T.);
#6577 = EDGE_CURVE('',#6568,#6578,#6580,.T.);
#6578 = VERTEX_POINT('',#6579);
#6579 = CARTESIAN_POINT('',(171.32383696437,-148.460351833,-2.));
#6580 = B_SPLINE_CURVE_WITH_KNOTS('',3,(#6581,#6582,#6583,#6584),
  .UNSPECIFIED.,.F.,.F.,(4,4),(-1.,0.),.PIECEWISE_BEZIER_KNOTS.);
#6581 = CARTESIAN_POINT('',(168.50602204204,-158.1176434997,-2.));
#6582 = CARTESIAN_POINT('',(171.37410844366,-154.5881007833,-2.));
#6583 = CARTESIAN_POINT('',(171.42966868282,-154.3949540618,-2.));
#6584 = CARTESIAN_POINT('',(171.32383696437,-148.460351833,-2.));
#6585 = ORIENTED_EDGE('',*,*,#6586,.T.);
#6586 = EDGE_CURVE('',#6578,#6587,#6589,.T.);
#6587 = VERTEX_POINT('',#6588);
#6588 = CARTESIAN_POINT('',(171.32383696437,-148.460351833,0.));
#6589 = LINE('',#6590,#6591);
#6590 = CARTESIAN_POINT('',(171.32383696437,-148.460351833,-2.));
#6591 = VECTOR('',#6592,1.);
#6592 = DIRECTION('',(0.,0.,1.));
#6593 = ORIENTED_EDGE('',*,*,#6594,.T.);
#6594 = EDGE_CURVE('',#6587,#6570,#6595,.T.);
#6595 = B_SPLINE_CURVE_WITH_KNOTS('',3,(#6596,#6597,#6598,#6599),
  .UNSPECIFIED.,.F.,.F.,(4,4),(0.,1.780758690112),
  .PIECEWISE_BEZIER_KNOTS.);
#6596 = CARTESIAN_POINT('',(171.32383696437,-148.460351833,0.));
#6597 = CARTESIAN_POINT('',(171.42966868282,-154.3949540618,0.));
#6598 = CARTESIAN_POINT('',(171.37410844366,-154.5881007833,0.));
#6599 = CARTESIAN_POINT('',(168.50602204204,-158.1176434997,0.));
#6600 = B_SPLINE_SURFACE_WITH_KNOTS('',3,1,(
    (#6601,#6602)
    ,(#6603,#6604)
    ,(#6605,#6606)
    ,(#6607,#6608
    )),.UNSPECIFIED.,.F.,.F.,.F.,(4,4),(2,2),(-1.,0.),(0.,1.),
  .PIECEWISE_BEZIER_KNOTS.);
#6601 = CARTESIAN_POINT('',(168.50602204204,-158.1176434997,-2.));
#6602 = CARTESIAN_POINT('',(168.50602204204,-158.1176434997,8.));
#6603 = CARTESIAN_POINT('',(171.37410844366,-154.5881007833,-2.));
#6604 = CARTESIAN_POINT('',(171.37410844366,-154.5881007833,8.));
#6605 = CARTESIAN_POINT('',(171.42966868282,-154.3949540618,-2.));
#6606 = CARTESIAN_POINT('',(171.42966868282,-154.3949540618,8.));
#6607 = CARTESIAN_POINT('',(171.32383696437,-148.460351833,-2.));
#6608 = CARTESIAN_POINT('',(171.32383696437,-148.460351833,8.));
#6609 = ADVANCED_FACE('',(#6610),#6637,.F.);
#6610 = FACE_BOUND('',#6611,.F.);
#6611 = EDGE_LOOP('',(#6612,#6622,#6629,#6630));
#6612 = ORIENTED_EDGE('',*,*,#6613,.F.);
#6613 = EDGE_CURVE('',#6614,#6616,#6618,.T.);
#6614 = VERTEX_POINT('',#6615);
#6615 = CARTESIAN_POINT('',(160.58704481324,-156.7920804344,-2.));
#6616 = VERTEX_POINT('',#6617);
#6617 = CARTESIAN_POINT('',(160.58704481324,-156.7920804344,0.));
#6618 = LINE('',#6619,#6620);
#6619 = CARTESIAN_POINT('',(160.58704481324,-156.7920804344,-2.));
#6620 = VECTOR('',#6621,1.);
#6621 = DIRECTION('',(0.,0.,1.));
#6622 = ORIENTED_EDGE('',*,*,#6623,.T.);
#6623 = EDGE_CURVE('',#6614,#6568,#6624,.T.);
#6624 = B_SPLINE_CURVE_WITH_KNOTS('',3,(#6625,#6626,#6627,#6628),
  .UNSPECIFIED.,.F.,.F.,(4,4),(-1.,0.),.PIECEWISE_BEZIER_KNOTS.);
#6625 = CARTESIAN_POINT('',(160.58704481324,-156.7920804344,-2.));
#6626 = CARTESIAN_POINT('',(165.48183647991,-161.6233726663,-2.));
#6627 = CARTESIAN_POINT('',(165.64058405757,-161.6498305959,-2.));
#6628 = CARTESIAN_POINT('',(168.50602204204,-158.1176434997,-2.));
#6629 = ORIENTED_EDGE('',*,*,#6567,.T.);
#6630 = ORIENTED_EDGE('',*,*,#6631,.T.);
#6631 = EDGE_CURVE('',#6570,#6616,#6632,.T.);
#6632 = B_SPLINE_CURVE_WITH_KNOTS('',3,(#6633,#6634,#6635,#6636),
  .UNSPECIFIED.,.F.,.F.,(4,4),(0.,1.454237195384),
  .PIECEWISE_BEZIER_KNOTS.);
#6633 = CARTESIAN_POINT('',(168.50602204204,-158.1176434997,0.));
#6634 = CARTESIAN_POINT('',(165.64058405757,-161.6498305959,0.));
#6635 = CARTESIAN_POINT('',(165.48183647991,-161.6233726663,0.));
#6636 = CARTESIAN_POINT('',(160.58704481324,-156.7920804344,0.));
#6637 = B_SPLINE_SURFACE_WITH_KNOTS('',3,1,(
    (#6638,#6639)
    ,(#6640,#6641)
    ,(#6642,#6643)
    ,(#6644,#6645
    )),.UNSPECIFIED.,.F.,.F.,.F.,(4,4),(2,2),(-1.,0.),(0.,1.),
  .PIECEWISE_BEZIER_KNOTS.);
#6638 = CARTESIAN_POINT('',(160.58704481324,-156.7920804344,-2.));
#6639 = CARTESIAN_POINT('',(160.58704481324,-156.7920804344,8.));
#6640 = CARTESIAN_POINT('',(165.48183647991,-161.6233726663,-2.));
#6641 = CARTESIAN_POINT('',(165.48183647991,-161.6233726663,8.));
#6642 = CARTESIAN_POINT('',(165.64058405757,-161.6498305959,-2.));
#6643 = CARTESIAN_POINT('',(165.64058405757,-161.6498305959,8.));
#6644 = CARTESIAN_POINT('',(168.50602204204,-158.1176434997,-2.));
#6645 = CARTESIAN_POINT('',(168.50602204204,-158.1176434997,8.));
#6646 = ADVANCED_FACE('',(#6647),#6674,.F.);
#6647 = FACE_BOUND('',#6648,.F.);
#6648 = EDGE_LOOP('',(#6649,#6659,#6666,#6667));
#6649 = ORIENTED_EDGE('',*,*,#6650,.F.);
#6650 = EDGE_CURVE('',#6651,#6653,#6655,.T.);
#6651 = VERTEX_POINT('',#6652);
#6652 = CARTESIAN_POINT('',(157.16862863104,-148.7064123951,-2.));
#6653 = VERTEX_POINT('',#6654);
#6654 = CARTESIAN_POINT('',(157.16862863104,-148.7064123951,0.));
#6655 = LINE('',#6656,#6657);
#6656 = CARTESIAN_POINT('',(157.16862863104,-148.7064123951,-2.));
#6657 = VECTOR('',#6658,1.);
#6658 = DIRECTION('',(0.,0.,1.));
#6659 = ORIENTED_EDGE('',*,*,#6660,.T.);
#6660 = EDGE_CURVE('',#6651,#6614,#6661,.T.);
#6661 = B_SPLINE_CURVE_WITH_KNOTS('',3,(#6662,#6663,#6664,#6665),
  .UNSPECIFIED.,.F.,.F.,(4,4),(-1.,0.),.PIECEWISE_BEZIER_KNOTS.);
#6662 = CARTESIAN_POINT('',(157.16862863104,-148.7064123951,-2.));
#6663 = CARTESIAN_POINT('',(155.62610731324,-151.8020386063,-2.));
#6664 = CARTESIAN_POINT('',(155.69225314657,-151.9634346011,-2.));
#6665 = CARTESIAN_POINT('',(160.58704481324,-156.7920804344,-2.));
#6666 = ORIENTED_EDGE('',*,*,#6613,.T.);
#6667 = ORIENTED_EDGE('',*,*,#6668,.T.);
#6668 = EDGE_CURVE('',#6616,#6653,#6669,.T.);
#6669 = B_SPLINE_CURVE_WITH_KNOTS('',3,(#6670,#6671,#6672,#6673),
  .UNSPECIFIED.,.F.,.F.,(4,4),(0.,2.067551279869),
  .PIECEWISE_BEZIER_KNOTS.);
#6670 = CARTESIAN_POINT('',(160.58704481324,-156.7920804344,0.));
#6671 = CARTESIAN_POINT('',(155.69225314657,-151.9634346011,0.));
#6672 = CARTESIAN_POINT('',(155.62610731324,-151.8020386063,0.));
#6673 = CARTESIAN_POINT('',(157.16862863104,-148.7064123951,0.));
#6674 = B_SPLINE_SURFACE_WITH_KNOTS('',3,1,(
    (#6675,#6676)
    ,(#6677,#6678)
    ,(#6679,#6680)
    ,(#6681,#6682
    )),.UNSPECIFIED.,.F.,.F.,.F.,(4,4),(2,2),(-1.,0.),(0.,1.),
  .PIECEWISE_BEZIER_KNOTS.);
#6675 = CARTESIAN_POINT('',(157.16862863104,-148.7064123951,-2.));
#6676 = CARTESIAN_POINT('',(157.16862863104,-148.7064123951,8.));
#6677 = CARTESIAN_POINT('',(155.62610731324,-151.8020386063,-2.));
#6678 = CARTESIAN_POINT('',(155.62610731324,-151.8020386063,8.));
#6679 = CARTESIAN_POINT('',(155.69225314657,-151.9634346011,-2.));
#6680 = CARTESIAN_POINT('',(155.69225314657,-151.9634346011,8.));
#6681 = CARTESIAN_POINT('',(160.58704481324,-156.7920804344,-2.));
#6682 = CARTESIAN_POINT('',(160.58704481324,-156.7920804344,8.));
#6683 = ADVANCED_FACE('',(#6684),#6711,.F.);
#6684 = FACE_BOUND('',#6685,.F.);
#6685 = EDGE_LOOP('',(#6686,#6696,#6703,#6704));
#6686 = ORIENTED_EDGE('',*,*,#6687,.F.);
#6687 = EDGE_CURVE('',#6688,#6690,#6692,.T.);
#6688 = VERTEX_POINT('',#6689);
#6689 = CARTESIAN_POINT('',(159.24296099544,-144.8091010255,-2.));
#6690 = VERTEX_POINT('',#6691);
#6691 = CARTESIAN_POINT('',(159.24296099544,-144.8091010255,0.));
#6692 = LINE('',#6693,#6694);
#6693 = CARTESIAN_POINT('',(159.24296099544,-144.8091010255,-2.));
#6694 = VECTOR('',#6695,1.);
#6695 = DIRECTION('',(0.,0.,1.));
#6696 = ORIENTED_EDGE('',*,*,#6697,.T.);
#6697 = EDGE_CURVE('',#6688,#6651,#6698,.T.);
#6698 = B_SPLINE_CURVE_WITH_KNOTS('',3,(#6699,#6700,#6701,#6702),
  .UNSPECIFIED.,.F.,.F.,(4,4),(-1.,0.),.PIECEWISE_BEZIER_KNOTS.);
#6699 = CARTESIAN_POINT('',(159.24296099544,-144.8091010255,-2.));
#6700 = CARTESIAN_POINT('',(158.75348021389,-145.5340608123,-2.));
#6701 = CARTESIAN_POINT('',(158.71379432877,-145.6134325825,-2.));
#6702 = CARTESIAN_POINT('',(157.16862863104,-148.7064123951,-2.));
#6703 = ORIENTED_EDGE('',*,*,#6650,.T.);
#6704 = ORIENTED_EDGE('',*,*,#6705,.T.);
#6705 = EDGE_CURVE('',#6653,#6690,#6706,.T.);
#6706 = B_SPLINE_CURVE_WITH_KNOTS('',3,(#6707,#6708,#6709,#6710),
  .UNSPECIFIED.,.F.,.F.,(4,4),(0.,0.847127379788),
  .PIECEWISE_BEZIER_KNOTS.);
#6707 = CARTESIAN_POINT('',(157.16862863104,-148.7064123951,0.));
#6708 = CARTESIAN_POINT('',(158.71379432877,-145.6134325825,0.));
#6709 = CARTESIAN_POINT('',(158.75348021389,-145.5340608123,0.));
#6710 = CARTESIAN_POINT('',(159.24296099544,-144.8091010255,0.));
#6711 = B_SPLINE_SURFACE_WITH_KNOTS('',3,1,(
    (#6712,#6713)
    ,(#6714,#6715)
    ,(#6716,#6717)
    ,(#6718,#6719
    )),.UNSPECIFIED.,.F.,.F.,.F.,(4,4),(2,2),(-1.,0.),(0.,1.),
  .PIECEWISE_BEZIER_KNOTS.);
#6712 = CARTESIAN_POINT('',(159.24296099544,-144.8091010255,-2.));
#6713 = CARTESIAN_POINT('',(159.24296099544,-144.8091010255,8.));
#6714 = CARTESIAN_POINT('',(158.75348021389,-145.5340608123,-2.));
#6715 = CARTESIAN_POINT('',(158.75348021389,-145.5340608123,8.));
#6716 = CARTESIAN_POINT('',(158.71379432877,-145.6134325825,-2.));
#6717 = CARTESIAN_POINT('',(158.71379432877,-145.6134325825,8.));
#6718 = CARTESIAN_POINT('',(157.16862863104,-148.7064123951,-2.));
#6719 = CARTESIAN_POINT('',(157.16862863104,-148.7064123951,8.));
#6720 = ADVANCED_FACE('',(#6721),#6748,.F.);
#6721 = FACE_BOUND('',#6722,.F.);
#6722 = EDGE_LOOP('',(#6723,#6733,#6740,#6741));
#6723 = ORIENTED_EDGE('',*,*,#6724,.F.);
#6724 = EDGE_CURVE('',#6725,#6727,#6729,.T.);
#6725 = VERTEX_POINT('',#6726);
#6726 = CARTESIAN_POINT('',(162.30683647991,-143.3327255411,-2.));
#6727 = VERTEX_POINT('',#6728);
#6728 = CARTESIAN_POINT('',(162.30683647991,-143.3327255411,0.));
#6729 = LINE('',#6730,#6731);
#6730 = CARTESIAN_POINT('',(162.30683647991,-143.3327255411,-2.));
#6731 = VECTOR('',#6732,1.);
#6732 = DIRECTION('',(0.,0.,1.));
#6733 = ORIENTED_EDGE('',*,*,#6734,.T.);
#6734 = EDGE_CURVE('',#6725,#6688,#6735,.T.);
#6735 = B_SPLINE_CURVE_WITH_KNOTS('',3,(#6736,#6737,#6738,#6739),
  .UNSPECIFIED.,.F.,.F.,(4,4),(-1.,0.),.PIECEWISE_BEZIER_KNOTS.);
#6736 = CARTESIAN_POINT('',(162.30683647991,-143.3327255411,-2.));
#6737 = CARTESIAN_POINT('',(159.79064639609,-144.0523925307,-2.));
#6738 = CARTESIAN_POINT('',(159.72979335984,-144.0814968589,-2.));
#6739 = CARTESIAN_POINT('',(159.24296099544,-144.8091010255,-2.));
#6740 = ORIENTED_EDGE('',*,*,#6687,.T.);
#6741 = ORIENTED_EDGE('',*,*,#6742,.T.);
#6742 = EDGE_CURVE('',#6690,#6727,#6743,.T.);
#6743 = B_SPLINE_CURVE_WITH_KNOTS('',3,(#6744,#6745,#6746,#6747),
  .UNSPECIFIED.,.F.,.F.,(4,4),(0.,0.264335853284),
  .PIECEWISE_BEZIER_KNOTS.);
#6744 = CARTESIAN_POINT('',(159.24296099544,-144.8091010255,0.));
#6745 = CARTESIAN_POINT('',(159.72979335984,-144.0814968589,0.));
#6746 = CARTESIAN_POINT('',(159.79064639609,-144.0523925307,0.));
#6747 = CARTESIAN_POINT('',(162.30683647991,-143.3327255411,0.));
#6748 = B_SPLINE_SURFACE_WITH_KNOTS('',3,1,(
    (#6749,#6750)
    ,(#6751,#6752)
    ,(#6753,#6754)
    ,(#6755,#6756
    )),.UNSPECIFIED.,.F.,.F.,.F.,(4,4),(2,2),(-1.,0.),(0.,1.),
  .PIECEWISE_BEZIER_KNOTS.);
#6749 = CARTESIAN_POINT('',(162.30683647991,-143.3327255411,-2.));
#6750 = CARTESIAN_POINT('',(162.30683647991,-143.3327255411,8.));
#6751 = CARTESIAN_POINT('',(159.79064639609,-144.0523925307,-2.));
#6752 = CARTESIAN_POINT('',(159.79064639609,-144.0523925307,8.));
#6753 = CARTESIAN_POINT('',(159.72979335984,-144.0814968589,-2.));
#6754 = CARTESIAN_POINT('',(159.72979335984,-144.0814968589,8.));
#6755 = CARTESIAN_POINT('',(159.24296099544,-144.8091010255,-2.));
#6756 = CARTESIAN_POINT('',(159.24296099544,-144.8091010255,8.));
#6757 = ADVANCED_FACE('',(#6758),#6785,.F.);
#6758 = FACE_BOUND('',#6759,.F.);
#6759 = EDGE_LOOP('',(#6760,#6770,#6777,#6778));
#6760 = ORIENTED_EDGE('',*,*,#6761,.F.);
#6761 = EDGE_CURVE('',#6762,#6764,#6766,.T.);
#6762 = VERTEX_POINT('',#6763);
#6763 = CARTESIAN_POINT('',(168.04300120871,-142.5045784158,-2.));
#6764 = VERTEX_POINT('',#6765);
#6765 = CARTESIAN_POINT('',(168.04300120871,-142.5045784158,0.));
#6766 = LINE('',#6767,#6768);
#6767 = CARTESIAN_POINT('',(168.04300120871,-142.5045784158,-2.));
#6768 = VECTOR('',#6769,1.);
#6769 = DIRECTION('',(0.,0.,1.));
#6770 = ORIENTED_EDGE('',*,*,#6771,.T.);
#6771 = EDGE_CURVE('',#6762,#6725,#6772,.T.);
#6772 = B_SPLINE_CURVE_WITH_KNOTS('',3,(#6773,#6774,#6775,#6776),
  .UNSPECIFIED.,.F.,.F.,(4,4),(-1.,0.),.PIECEWISE_BEZIER_KNOTS.);
#6773 = CARTESIAN_POINT('',(168.04300120871,-142.5045784158,-2.));
#6774 = CARTESIAN_POINT('',(164.9367954592,-142.5998285773,-2.));
#6775 = CARTESIAN_POINT('',(164.82037814657,-142.6157069686,-2.));
#6776 = CARTESIAN_POINT('',(162.30683647991,-143.3327255411,-2.));
#6777 = ORIENTED_EDGE('',*,*,#6724,.T.);
#6778 = ORIENTED_EDGE('',*,*,#6779,.T.);
#6779 = EDGE_CURVE('',#6727,#6764,#6780,.T.);
#6780 = B_SPLINE_CURVE_WITH_KNOTS('',3,(#6781,#6782,#6783,#6784),
  .UNSPECIFIED.,.F.,.F.,(4,4),(0.,0.784238848156),
  .PIECEWISE_BEZIER_KNOTS.);
#6781 = CARTESIAN_POINT('',(162.30683647991,-143.3327255411,0.));
#6782 = CARTESIAN_POINT('',(164.82037814657,-142.6157069686,0.));
#6783 = CARTESIAN_POINT('',(164.9367954592,-142.5998285773,0.));
#6784 = CARTESIAN_POINT('',(168.04300120871,-142.5045784158,0.));
#6785 = B_SPLINE_SURFACE_WITH_KNOTS('',3,1,(
    (#6786,#6787)
    ,(#6788,#6789)
    ,(#6790,#6791)
    ,(#6792,#6793
    )),.UNSPECIFIED.,.F.,.F.,.F.,(4,4),(2,2),(-1.,0.),(0.,1.),
  .PIECEWISE_BEZIER_KNOTS.);
#6786 = CARTESIAN_POINT('',(168.04300120871,-142.5045784158,-2.));
#6787 = CARTESIAN_POINT('',(168.04300120871,-142.5045784158,8.));
#6788 = CARTESIAN_POINT('',(164.9367954592,-142.5998285773,-2.));
#6789 = CARTESIAN_POINT('',(164.9367954592,-142.5998285773,8.));
#6790 = CARTESIAN_POINT('',(164.82037814657,-142.6157069686,-2.));
#6791 = CARTESIAN_POINT('',(164.82037814657,-142.6157069686,8.));
#6792 = CARTESIAN_POINT('',(162.30683647991,-143.3327255411,-2.));
#6793 = CARTESIAN_POINT('',(162.30683647991,-143.3327255411,8.));
#6794 = ADVANCED_FACE('',(#6795),#6813,.F.);
#6795 = FACE_BOUND('',#6796,.F.);
#6796 = EDGE_LOOP('',(#6797,#6798,#6805,#6806));
#6797 = ORIENTED_EDGE('',*,*,#6586,.F.);
#6798 = ORIENTED_EDGE('',*,*,#6799,.T.);
#6799 = EDGE_CURVE('',#6578,#6762,#6800,.T.);
#6800 = B_SPLINE_CURVE_WITH_KNOTS('',3,(#6801,#6802,#6803,#6804),
  .UNSPECIFIED.,.F.,.F.,(4,4),(-1.,0.),.PIECEWISE_BEZIER_KNOTS.);
#6801 = CARTESIAN_POINT('',(171.32383696437,-148.460351833,-2.));
#6802 = CARTESIAN_POINT('',(171.21800120871,-142.525745567,-2.));
#6803 = CARTESIAN_POINT('',(171.15185537537,-142.4066838744,-2.));
#6804 = CARTESIAN_POINT('',(168.04300120871,-142.5045784158,-2.));
#6805 = ORIENTED_EDGE('',*,*,#6761,.T.);
#6806 = ORIENTED_EDGE('',*,*,#6807,.T.);
#6807 = EDGE_CURVE('',#6764,#6587,#6808,.T.);
#6808 = B_SPLINE_CURVE_WITH_KNOTS('',3,(#6809,#6810,#6811,#6812),
  .UNSPECIFIED.,.F.,.F.,(4,4),(0.,0.966940857991),
  .PIECEWISE_BEZIER_KNOTS.);
#6809 = CARTESIAN_POINT('',(168.04300120871,-142.5045784158,0.));
#6810 = CARTESIAN_POINT('',(171.15185537537,-142.4066838744,0.));
#6811 = CARTESIAN_POINT('',(171.21800120871,-142.525745567,0.));
#6812 = CARTESIAN_POINT('',(171.32383696437,-148.460351833,0.));
#6813 = B_SPLINE_SURFACE_WITH_KNOTS('',3,1,(
    (#6814,#6815)
    ,(#6816,#6817)
    ,(#6818,#6819)
    ,(#6820,#6821
    )),.UNSPECIFIED.,.F.,.F.,.F.,(4,4),(2,2),(-1.,0.),(0.,1.),
  .PIECEWISE_BEZIER_KNOTS.);
#6814 = CARTESIAN_POINT('',(171.32383696437,-148.460351833,-2.));
#6815 = CARTESIAN_POINT('',(171.32383696437,-148.460351833,8.));
#6816 = CARTESIAN_POINT('',(171.21800120871,-142.525745567,-2.));
#6817 = CARTESIAN_POINT('',(171.21800120871,-142.525745567,8.));
#6818 = CARTESIAN_POINT('',(171.15185537537,-142.4066838744,-2.));
#6819 = CARTESIAN_POINT('',(171.15185537537,-142.4066838744,8.));
#6820 = CARTESIAN_POINT('',(168.04300120871,-142.5045784158,-2.));
#6821 = CARTESIAN_POINT('',(168.04300120871,-142.5045784158,8.));
#6822 = ADVANCED_FACE('',(#6823),#6859,.F.);
#6823 = FACE_BOUND('',#6824,.F.);
#6824 = EDGE_LOOP('',(#6825,#6835,#6844,#6852));
#6825 = ORIENTED_EDGE('',*,*,#6826,.F.);
#6826 = EDGE_CURVE('',#6827,#6829,#6831,.T.);
#6827 = VERTEX_POINT('',#6828);
#6828 = CARTESIAN_POINT('',(149.38193903169,-143.8301434997,-2.));
#6829 = VERTEX_POINT('',#6830);
#6830 = CARTESIAN_POINT('',(149.38193903169,-143.8301434997,0.));
#6831 = LINE('',#6832,#6833);
#6832 = CARTESIAN_POINT('',(149.38193903169,-143.8301434997,-2.));
#6833 = VECTOR('',#6834,1.);
#6834 = DIRECTION('',(0.,0.,1.));
#6835 = ORIENTED_EDGE('',*,*,#6836,.T.);
#6836 = EDGE_CURVE('',#6827,#6837,#6839,.T.);
#6837 = VERTEX_POINT('',#6838);
#6838 = CARTESIAN_POINT('',(157.18450298508,-143.4359128796,-2.));
#6839 = B_SPLINE_CURVE_WITH_KNOTS('',3,(#6840,#6841,#6842,#6843),
  .UNSPECIFIED.,.F.,.F.,(4,4),(-1.,0.),.PIECEWISE_BEZIER_KNOTS.);
#6840 = CARTESIAN_POINT('',(149.38193903169,-143.8301434997,-2.));
#6841 = CARTESIAN_POINT('',(156.54156338573,-144.1688098433,-2.));
#6842 = CARTESIAN_POINT('',(156.69767062068,-144.1608726663,-2.));
#6843 = CARTESIAN_POINT('',(157.18450298508,-143.4359128796,-2.));
#6844 = ORIENTED_EDGE('',*,*,#6845,.T.);
#6845 = EDGE_CURVE('',#6837,#6846,#6848,.T.);
#6846 = VERTEX_POINT('',#6847);
#6847 = CARTESIAN_POINT('',(157.18450298508,-143.4359128796,0.));
#6848 = LINE('',#6849,#6850);
#6849 = CARTESIAN_POINT('',(157.18450298508,-143.4359128796,-2.));
#6850 = VECTOR('',#6851,1.);
#6851 = DIRECTION('',(0.,0.,1.));
#6852 = ORIENTED_EDGE('',*,*,#6853,.T.);
#6853 = EDGE_CURVE('',#6846,#6829,#6854,.T.);
#6854 = B_SPLINE_CURVE_WITH_KNOTS('',3,(#6855,#6856,#6857,#6858),
  .UNSPECIFIED.,.F.,.F.,(4,4),(0.,0.295561884726),
  .PIECEWISE_BEZIER_KNOTS.);
#6855 = CARTESIAN_POINT('',(157.18450298508,-143.4359128796,0.));
#6856 = CARTESIAN_POINT('',(156.69767062068,-144.1608726663,0.));
#6857 = CARTESIAN_POINT('',(156.54156338573,-144.1688098433,0.));
#6858 = CARTESIAN_POINT('',(149.38193903169,-143.8301434997,0.));
#6859 = B_SPLINE_SURFACE_WITH_KNOTS('',3,1,(
    (#6860,#6861)
    ,(#6862,#6863)
    ,(#6864,#6865)
    ,(#6866,#6867
    )),.UNSPECIFIED.,.F.,.F.,.F.,(4,4),(2,2),(-1.,0.),(0.,1.),
  .PIECEWISE_BEZIER_KNOTS.);
#6860 = CARTESIAN_POINT('',(149.38193903169,-143.8301434997,-2.));
#6861 = CARTESIAN_POINT('',(149.38193903169,-143.8301434997,8.));
#6862 = CARTESIAN_POINT('',(156.54156338573,-144.1688098433,-2.));
#6863 = CARTESIAN_POINT('',(156.54156338573,-144.1688098433,8.));
#6864 = CARTESIAN_POINT('',(156.69767062068,-144.1608726663,-2.));
#6865 = CARTESIAN_POINT('',(156.69767062068,-144.1608726663,8.));
#6866 = CARTESIAN_POINT('',(157.18450298508,-143.4359128796,-2.));
#6867 = CARTESIAN_POINT('',(157.18450298508,-143.4359128796,8.));
#6868 = ADVANCED_FACE('',(#6869),#6908,.F.);
#6869 = FACE_BOUND('',#6870,.F.);
#6870 = EDGE_LOOP('',(#6871,#6881,#6888,#6889));
#6871 = ORIENTED_EDGE('',*,*,#6872,.F.);
#6872 = EDGE_CURVE('',#6873,#6875,#6877,.T.);
#6873 = VERTEX_POINT('',#6874);
#6874 = CARTESIAN_POINT('',(144.63002260725,-138.9088918848,-2.));
#6875 = VERTEX_POINT('',#6876);
#6876 = CARTESIAN_POINT('',(144.63002260725,-138.9088918848,0.));
#6877 = LINE('',#6878,#6879);
#6878 = CARTESIAN_POINT('',(144.63002260725,-138.9088918848,-2.));
#6879 = VECTOR('',#6880,1.);
#6880 = DIRECTION('',(0.,0.,1.));
#6881 = ORIENTED_EDGE('',*,*,#6882,.T.);
#6882 = EDGE_CURVE('',#6873,#6827,#6883,.T.);
#6883 = B_SPLINE_CURVE_WITH_KNOTS('',3,(#6884,#6885,#6886,#6887),
  .UNSPECIFIED.,.F.,.F.,(4,4),(-1.,0.),.PIECEWISE_BEZIER_KNOTS.);
#6884 = CARTESIAN_POINT('',(144.63002260725,-138.9088918848,-2.));
#6885 = CARTESIAN_POINT('',(142.12706451615,-143.3909341974,-2.));
#6886 = CARTESIAN_POINT('',(142.22231467764,-143.491477156,-2.));
#6887 = CARTESIAN_POINT('',(149.38193903169,-143.8301434997,-2.));
#6888 = ORIENTED_EDGE('',*,*,#6826,.T.);
#6889 = ORIENTED_EDGE('',*,*,#6890,.T.);
#6890 = EDGE_CURVE('',#6829,#6875,#6891,.T.);
#6891 = B_SPLINE_CURVE_WITH_KNOTS('',3,(#6892,#6893,#6894,#6895,#6896,
    #6897,#6898,#6899,#6900,#6901,#6902,#6903,#6904,#6905,#6906,#6907),
  .UNSPECIFIED.,.F.,.F.,(4,2,2,2,2,2,2,4),(0.,0.56313727734,
    0.954574462593,1.109363912043,1.240696806662,1.386043048087,
    1.618560433456,2.223202728818),.UNSPECIFIED.);
#6892 = CARTESIAN_POINT('',(149.38193903169,-143.8301434997,
    -7.133395421547E-17));
#6893 = CARTESIAN_POINT('',(147.50691129179,-143.7414504681,
    -7.133395421547E-17));
#6894 = CARTESIAN_POINT('',(146.11630863506,-143.6691488595,0.));
#6895 = CARTESIAN_POINT('',(144.44326155707,-143.4332111678,0.));
#6896 = CARTESIAN_POINT('',(143.95318396252,-143.3042217794,0.));
#6897 = CARTESIAN_POINT('',(143.50448939381,-143.0403336908,0.));
#6898 = CARTESIAN_POINT('',(143.40008297542,-142.9541637413,0.));
#6899 = CARTESIAN_POINT('',(143.25366108564,-142.7659191825,0.));
#6900 = CARTESIAN_POINT('',(143.20644370317,-142.6704844429,0.));
#6901 = CARTESIAN_POINT('',(143.14642651497,-142.4478187982,0.));
#6902 = CARTESIAN_POINT('',(143.13993020105,-142.3257329118,0.));
#6903 = CARTESIAN_POINT('',(143.16114214363,-142.0123116512,0.));
#6904 = CARTESIAN_POINT('',(143.21358162249,-141.7938313547,0.));
#6905 = CARTESIAN_POINT('',(143.52986308342,-140.8961276286,0.));
#6906 = CARTESIAN_POINT('',(143.99687762685,-140.0426634019,0.));
#6907 = CARTESIAN_POINT('',(144.63002260725,-138.9088918848,0.));
#6908 = B_SPLINE_SURFACE_WITH_KNOTS('',3,1,(
    (#6909,#6910)
    ,(#6911,#6912)
    ,(#6913,#6914)
    ,(#6915,#6916
    )),.UNSPECIFIED.,.F.,.F.,.F.,(4,4),(2,2),(-1.,0.),(0.,1.),
  .PIECEWISE_BEZIER_KNOTS.);
#6909 = CARTESIAN_POINT('',(144.63002260725,-138.9088918848,-2.));
#6910 = CARTESIAN_POINT('',(144.63002260725,-138.9088918848,8.));
#6911 = CARTESIAN_POINT('',(142.12706451615,-143.3909341974,-2.));
#6912 = CARTESIAN_POINT('',(142.12706451615,-143.3909341974,8.));
#6913 = CARTESIAN_POINT('',(142.22231467764,-143.491477156,-2.));
#6914 = CARTESIAN_POINT('',(142.22231467764,-143.491477156,8.));
#6915 = CARTESIAN_POINT('',(149.38193903169,-143.8301434997,-2.));
#6916 = CARTESIAN_POINT('',(149.38193903169,-143.8301434997,8.));
#6917 = ADVANCED_FACE('',(#6918),#6945,.F.);
#6918 = FACE_BOUND('',#6919,.F.);
#6919 = EDGE_LOOP('',(#6920,#6930,#6937,#6938));
#6920 = ORIENTED_EDGE('',*,*,#6921,.F.);
#6921 = EDGE_CURVE('',#6922,#6924,#6926,.T.);
#6922 = VERTEX_POINT('',#6923);
#6923 = CARTESIAN_POINT('',(152.43258454204,-138.5146653019,-2.));
#6924 = VERTEX_POINT('',#6925);
#6925 = CARTESIAN_POINT('',(152.43258454204,-138.5146653019,0.));
#6926 = LINE('',#6927,#6928);
#6927 = CARTESIAN_POINT('',(152.43258454204,-138.5146653019,-2.));
#6928 = VECTOR('',#6929,1.);
#6929 = DIRECTION('',(0.,0.,1.));
#6930 = ORIENTED_EDGE('',*,*,#6931,.T.);
#6931 = EDGE_CURVE('',#6922,#6873,#6932,.T.);
#6932 = B_SPLINE_CURVE_WITH_KNOTS('',3,(#6933,#6934,#6935,#6936),
  .UNSPECIFIED.,.F.,.F.,(4,4),(-1.,0.),.PIECEWISE_BEZIER_KNOTS.);
#6933 = CARTESIAN_POINT('',(152.43258454204,-138.5146653019,-2.));
#6934 = CARTESIAN_POINT('',(147.2890859147,-134.4215608123,-2.));
#6935 = CARTESIAN_POINT('',(147.13298069835,-134.4294979893,-2.));
#6936 = CARTESIAN_POINT('',(144.63002260725,-138.9088918848,-2.));
#6937 = ORIENTED_EDGE('',*,*,#6872,.T.);
#6938 = ORIENTED_EDGE('',*,*,#6939,.T.);
#6939 = EDGE_CURVE('',#6875,#6924,#6940,.T.);
#6940 = B_SPLINE_CURVE_WITH_KNOTS('',3,(#6941,#6942,#6943,#6944),
  .UNSPECIFIED.,.F.,.F.,(4,4),(0.,1.533627533365),
  .PIECEWISE_BEZIER_KNOTS.);
#6941 = CARTESIAN_POINT('',(144.63002260725,-138.9088918848,0.));
#6942 = CARTESIAN_POINT('',(147.13298069835,-134.4294979893,0.));
#6943 = CARTESIAN_POINT('',(147.2890859147,-134.4215608123,0.));
#6944 = CARTESIAN_POINT('',(152.43258454204,-138.5146653019,0.));
#6945 = B_SPLINE_SURFACE_WITH_KNOTS('',3,1,(
    (#6946,#6947)
    ,(#6948,#6949)
    ,(#6950,#6951)
    ,(#6952,#6953
    )),.UNSPECIFIED.,.F.,.F.,.F.,(4,4),(2,2),(-1.,0.),(0.,1.),
  .PIECEWISE_BEZIER_KNOTS.);
#6946 = CARTESIAN_POINT('',(152.43258454204,-138.5146653019,-2.));
#6947 = CARTESIAN_POINT('',(152.43258454204,-138.5146653019,8.));
#6948 = CARTESIAN_POINT('',(147.2890859147,-134.4215608123,-2.));
#6949 = CARTESIAN_POINT('',(147.2890859147,-134.4215608123,8.));
#6950 = CARTESIAN_POINT('',(147.13298069835,-134.4294979893,-2.));
#6951 = CARTESIAN_POINT('',(147.13298069835,-134.4294979893,8.));
#6952 = CARTESIAN_POINT('',(144.63002260725,-138.9088918848,-2.));
#6953 = CARTESIAN_POINT('',(144.63002260725,-138.9088918848,8.));
#6954 = ADVANCED_FACE('',(#6955),#6973,.F.);
#6955 = FACE_BOUND('',#6956,.F.);
#6956 = EDGE_LOOP('',(#6957,#6958,#6965,#6966));
#6957 = ORIENTED_EDGE('',*,*,#6845,.F.);
#6958 = ORIENTED_EDGE('',*,*,#6959,.T.);
#6959 = EDGE_CURVE('',#6837,#6922,#6960,.T.);
#6960 = B_SPLINE_CURVE_WITH_KNOTS('',3,(#6961,#6962,#6963,#6964),
  .UNSPECIFIED.,.F.,.F.,(4,4),(-1.,0.),.PIECEWISE_BEZIER_KNOTS.);
#6961 = CARTESIAN_POINT('',(157.18450298508,-143.4359128796,-2.));
#6962 = CARTESIAN_POINT('',(157.67133534949,-142.7083087129,-2.));
#6963 = CARTESIAN_POINT('',(157.576085188,-142.6104141715,-2.));
#6964 = CARTESIAN_POINT('',(152.43258454204,-138.5146653019,-2.));
#6965 = ORIENTED_EDGE('',*,*,#6921,.T.);
#6966 = ORIENTED_EDGE('',*,*,#6967,.T.);
#6967 = EDGE_CURVE('',#6924,#6846,#6968,.T.);
#6968 = B_SPLINE_CURVE_WITH_KNOTS('',3,(#6969,#6970,#6971,#6972),
  .UNSPECIFIED.,.F.,.F.,(4,4),(0.,1.960004505545),
  .PIECEWISE_BEZIER_KNOTS.);
#6969 = CARTESIAN_POINT('',(152.43258454204,-138.5146653019,0.));
#6970 = CARTESIAN_POINT('',(157.576085188,-142.6104141715,0.));
#6971 = CARTESIAN_POINT('',(157.67133534949,-142.7083087129,0.));
#6972 = CARTESIAN_POINT('',(157.18450298508,-143.4359128796,0.));
#6973 = B_SPLINE_SURFACE_WITH_KNOTS('',3,1,(
    (#6974,#6975)
    ,(#6976,#6977)
    ,(#6978,#6979)
    ,(#6980,#6981
    )),.UNSPECIFIED.,.F.,.F.,.F.,(4,4),(2,2),(-1.,0.),(0.,1.),
  .PIECEWISE_BEZIER_KNOTS.);
#6974 = CARTESIAN_POINT('',(157.18450298508,-143.4359128796,-2.));
#6975 = CARTESIAN_POINT('',(157.18450298508,-143.4359128796,8.));
#6976 = CARTESIAN_POINT('',(157.67133534949,-142.7083087129,-2.));
#6977 = CARTESIAN_POINT('',(157.67133534949,-142.7083087129,8.));
#6978 = CARTESIAN_POINT('',(157.576085188,-142.6104141715,-2.));
#6979 = CARTESIAN_POINT('',(157.576085188,-142.6104141715,8.));
#6980 = CARTESIAN_POINT('',(152.43258454204,-138.5146653019,-2.));
#6981 = CARTESIAN_POINT('',(152.43258454204,-138.5146653019,8.));
#6982 = ADVANCED_FACE('',(#6983),#7019,.F.);
#6983 = FACE_BOUND('',#6984,.F.);
#6984 = EDGE_LOOP('',(#6985,#6995,#7004,#7012));
#6985 = ORIENTED_EDGE('',*,*,#6986,.F.);
#6986 = EDGE_CURVE('',#6987,#6989,#6991,.T.);
#6987 = VERTEX_POINT('',#6988);
#6988 = CARTESIAN_POINT('',(160.76125979723,-95.19087622486,-2.));
#6989 = VERTEX_POINT('',#6990);
#6990 = CARTESIAN_POINT('',(160.76125979723,-95.19087622486,0.));
#6991 = LINE('',#6992,#6993);
#6992 = CARTESIAN_POINT('',(160.76125979723,-95.19087622486,-2.));
#6993 = VECTOR('',#6994,1.);
#6994 = DIRECTION('',(0.,0.,1.));
#6995 = ORIENTED_EDGE('',*,*,#6996,.T.);
#6996 = EDGE_CURVE('',#6987,#6997,#6999,.T.);
#6997 = VERTEX_POINT('',#6998);
#6998 = CARTESIAN_POINT('',(167.00434126696,-84.40638874068,-2.));
#6999 = B_SPLINE_CURVE_WITH_KNOTS('',3,(#7000,#7001,#7002,#7003),
  .UNSPECIFIED.,.F.,.F.,(4,4),(-1.,0.),.PIECEWISE_BEZIER_KNOTS.);
#7000 = CARTESIAN_POINT('',(160.76125979723,-95.19087622486,-2.));
#7001 = CARTESIAN_POINT('',(162.23924579054,-96.9495514705,-2.));
#7002 = CARTESIAN_POINT('',(162.36424045849,-96.73465205545,-2.));
#7003 = CARTESIAN_POINT('',(167.00434126696,-84.40638874068,-2.));
#7004 = ORIENTED_EDGE('',*,*,#7005,.T.);
#7005 = EDGE_CURVE('',#6997,#7006,#7008,.T.);
#7006 = VERTEX_POINT('',#7007);
#7007 = CARTESIAN_POINT('',(167.00434126696,-84.40638874068,0.));
#7008 = LINE('',#7009,#7010);
#7009 = CARTESIAN_POINT('',(167.00434126696,-84.40638874068,-2.));
#7010 = VECTOR('',#7011,1.);
#7011 = DIRECTION('',(0.,0.,1.));
#7012 = ORIENTED_EDGE('',*,*,#7013,.T.);
#7013 = EDGE_CURVE('',#7006,#6989,#7014,.T.);
#7014 = B_SPLINE_CURVE_WITH_KNOTS('',3,(#7015,#7016,#7017,#7018),
  .UNSPECIFIED.,.F.,.F.,(4,4),(0.,3.943555797836),
  .PIECEWISE_BEZIER_KNOTS.);
#7015 = CARTESIAN_POINT('',(167.00434126696,-84.40638874068,0.));
#7016 = CARTESIAN_POINT('',(162.36424045849,-96.73465205545,0.));
#7017 = CARTESIAN_POINT('',(162.23924579054,-96.9495514705,0.));
#7018 = CARTESIAN_POINT('',(160.76125979723,-95.19087622486,0.));
#7019 = B_SPLINE_SURFACE_WITH_KNOTS('',3,1,(
    (#7020,#7021)
    ,(#7022,#7023)
    ,(#7024,#7025)
    ,(#7026,#7027
    )),.UNSPECIFIED.,.F.,.F.,.F.,(4,4),(2,2),(-1.,0.),(0.,1.),
  .PIECEWISE_BEZIER_KNOTS.);
#7020 = CARTESIAN_POINT('',(160.76125979723,-95.19087622486,-2.));
#7021 = CARTESIAN_POINT('',(160.76125979723,-95.19087622486,8.));
#7022 = CARTESIAN_POINT('',(162.23924579054,-96.9495514705,-2.));
#7023 = CARTESIAN_POINT('',(162.23924579054,-96.9495514705,8.));
#7024 = CARTESIAN_POINT('',(162.36424045849,-96.73465205545,-2.));
#7025 = CARTESIAN_POINT('',(162.36424045849,-96.73465205545,8.));
#7026 = CARTESIAN_POINT('',(167.00434126696,-84.40638874068,-2.));
#7027 = CARTESIAN_POINT('',(167.00434126696,-84.40638874068,8.));
#7028 = ADVANCED_FACE('',(#7029),#7056,.F.);
#7029 = FACE_BOUND('',#7030,.F.);
#7030 = EDGE_LOOP('',(#7031,#7041,#7048,#7049));
#7031 = ORIENTED_EDGE('',*,*,#7032,.F.);
#7032 = EDGE_CURVE('',#7033,#7035,#7037,.T.);
#7033 = VERTEX_POINT('',#7034);
#7034 = CARTESIAN_POINT('',(159.69553269266,-80.94385976776,-2.));
#7035 = VERTEX_POINT('',#7036);
#7036 = CARTESIAN_POINT('',(159.69553269266,-80.94385976776,0.));
#7037 = LINE('',#7038,#7039);
#7038 = CARTESIAN_POINT('',(159.69553269266,-80.94385976776,-2.));
#7039 = VECTOR('',#7040,1.);
#7040 = DIRECTION('',(0.,0.,1.));
#7041 = ORIENTED_EDGE('',*,*,#7042,.T.);
#7042 = EDGE_CURVE('',#7033,#6987,#7043,.T.);
#7043 = B_SPLINE_CURVE_WITH_KNOTS('',3,(#7044,#7045,#7046,#7047),
  .UNSPECIFIED.,.F.,.F.,(4,4),(-1.,0.),.PIECEWISE_BEZIER_KNOTS.);
#7044 = CARTESIAN_POINT('',(159.69553269266,-80.94385976776,-2.));
#7045 = CARTESIAN_POINT('',(159.26135055024,-93.14494010447,-2.));
#7046 = CARTESIAN_POINT('',(159.28327380391,-93.43000932307,-2.));
#7047 = CARTESIAN_POINT('',(160.76125979723,-95.19087622486,-2.));
#7048 = ORIENTED_EDGE('',*,*,#6986,.T.);
#7049 = ORIENTED_EDGE('',*,*,#7050,.T.);
#7050 = EDGE_CURVE('',#6989,#7035,#7051,.T.);
#7051 = B_SPLINE_CURVE_WITH_KNOTS('',3,(#7052,#7053,#7054,#7055),
  .UNSPECIFIED.,.F.,.F.,(4,4),(0.,0.690253458962),
  .PIECEWISE_BEZIER_KNOTS.);
#7052 = CARTESIAN_POINT('',(160.76125979723,-95.19087622486,0.));
#7053 = CARTESIAN_POINT('',(159.28327380391,-93.43000932307,0.));
#7054 = CARTESIAN_POINT('',(159.26135055024,-93.14494010447,0.));
#7055 = CARTESIAN_POINT('',(159.69553269266,-80.94385976776,0.));
#7056 = B_SPLINE_SURFACE_WITH_KNOTS('',3,1,(
    (#7057,#7058)
    ,(#7059,#7060)
    ,(#7061,#7062)
    ,(#7063,#7064
    )),.UNSPECIFIED.,.F.,.F.,.F.,(4,4),(2,2),(-1.,0.),(0.,1.),
  .PIECEWISE_BEZIER_KNOTS.);
#7057 = CARTESIAN_POINT('',(159.69553269266,-80.94385976776,-2.));
#7058 = CARTESIAN_POINT('',(159.69553269266,-80.94385976776,8.));
#7059 = CARTESIAN_POINT('',(159.26135055024,-93.14494010447,-2.));
#7060 = CARTESIAN_POINT('',(159.26135055024,-93.14494010447,8.));
#7061 = CARTESIAN_POINT('',(159.28327380391,-93.43000932307,-2.));
#7062 = CARTESIAN_POINT('',(159.28327380391,-93.43000932307,8.));
#7063 = CARTESIAN_POINT('',(160.76125979723,-95.19087622486,-2.));
#7064 = CARTESIAN_POINT('',(160.76125979723,-95.19087622486,8.));
#7065 = ADVANCED_FACE('',(#7066),#7093,.F.);
#7066 = FACE_BOUND('',#7067,.F.);
#7067 = EDGE_LOOP('',(#7068,#7078,#7085,#7086));
#7068 = ORIENTED_EDGE('',*,*,#7069,.F.);
#7069 = EDGE_CURVE('',#7070,#7072,#7074,.T.);
#7070 = VERTEX_POINT('',#7071);
#7071 = CARTESIAN_POINT('',(165.93640577603,-70.15937228358,-2.));
#7072 = VERTEX_POINT('',#7073);
#7073 = CARTESIAN_POINT('',(165.93640577603,-70.15937228358,0.));
#7074 = LINE('',#7075,#7076);
#7075 = CARTESIAN_POINT('',(165.93640577603,-70.15937228358,-2.));
#7076 = VECTOR('',#7077,1.);
#7077 = DIRECTION('',(0.,0.,1.));
#7078 = ORIENTED_EDGE('',*,*,#7079,.T.);
#7079 = EDGE_CURVE('',#7070,#7033,#7080,.T.);
#7080 = B_SPLINE_CURVE_WITH_KNOTS('',3,(#7081,#7082,#7083,#7084),
  .UNSPECIFIED.,.F.,.F.,(4,4),(-1.,0.),.PIECEWISE_BEZIER_KNOTS.);
#7081 = CARTESIAN_POINT('',(165.93640577603,-70.15937228358,-2.));
#7082 = CARTESIAN_POINT('',(160.25031949862,-68.52350004973,-2.));
#7083 = CARTESIAN_POINT('',(160.12751983288,-68.74059112094,-2.));
#7084 = CARTESIAN_POINT('',(159.69553269266,-80.94385976776,-2.));
#7085 = ORIENTED_EDGE('',*,*,#7032,.T.);
#7086 = ORIENTED_EDGE('',*,*,#7087,.T.);
#7087 = EDGE_CURVE('',#7035,#7072,#7088,.T.);
#7088 = B_SPLINE_CURVE_WITH_KNOTS('',3,(#7089,#7090,#7091,#7092),
  .UNSPECIFIED.,.F.,.F.,(4,4),(0.,3.532250157292),
  .PIECEWISE_BEZIER_KNOTS.);
#7089 = CARTESIAN_POINT('',(159.69553269266,-80.94385976776,0.));
#7090 = CARTESIAN_POINT('',(160.12751983288,-68.74059112094,0.));
#7091 = CARTESIAN_POINT('',(160.25031949862,-68.52350004973,0.));
#7092 = CARTESIAN_POINT('',(165.93640577603,-70.15937228358,0.));
#7093 = B_SPLINE_SURFACE_WITH_KNOTS('',3,1,(
    (#7094,#7095)
    ,(#7096,#7097)
    ,(#7098,#7099)
    ,(#7100,#7101
    )),.UNSPECIFIED.,.F.,.F.,.F.,(4,4),(2,2),(-1.,0.),(0.,1.),
  .PIECEWISE_BEZIER_KNOTS.);
#7094 = CARTESIAN_POINT('',(165.93640577603,-70.15937228358,-2.));
#7095 = CARTESIAN_POINT('',(165.93640577603,-70.15937228358,8.));
#7096 = CARTESIAN_POINT('',(160.25031949862,-68.52350004973,-2.));
#7097 = CARTESIAN_POINT('',(160.25031949862,-68.52350004973,8.));
#7098 = CARTESIAN_POINT('',(160.12751983288,-68.74059112094,-2.));
#7099 = CARTESIAN_POINT('',(160.12751983288,-68.74059112094,8.));
#7100 = CARTESIAN_POINT('',(159.69553269266,-80.94385976776,-2.));
#7101 = CARTESIAN_POINT('',(159.69553269266,-80.94385976776,8.));
#7102 = ADVANCED_FACE('',(#7103),#7121,.F.);
#7103 = FACE_BOUND('',#7104,.F.);
#7104 = EDGE_LOOP('',(#7105,#7106,#7113,#7114));
#7105 = ORIENTED_EDGE('',*,*,#7005,.F.);
#7106 = ORIENTED_EDGE('',*,*,#7107,.T.);
#7107 = EDGE_CURVE('',#6997,#7070,#7108,.T.);
#7108 = B_SPLINE_CURVE_WITH_KNOTS('',3,(#7109,#7110,#7111,#7112),
  .UNSPECIFIED.,.F.,.F.,(4,4),(-1.,0.),.PIECEWISE_BEZIER_KNOTS.);
#7109 = CARTESIAN_POINT('',(167.00434126696,-84.40638874068,-2.));
#7110 = CARTESIAN_POINT('',(171.64442869128,-72.08032042811,-2.));
#7111 = CARTESIAN_POINT('',(171.62468705564,-71.79524451743,-2.));
#7112 = CARTESIAN_POINT('',(165.93640577603,-70.15937228358,-2.));
#7113 = ORIENTED_EDGE('',*,*,#7069,.T.);
#7114 = ORIENTED_EDGE('',*,*,#7115,.T.);
#7115 = EDGE_CURVE('',#7072,#7006,#7116,.T.);
#7116 = B_SPLINE_CURVE_WITH_KNOTS('',3,(#7117,#7118,#7119,#7120),
  .UNSPECIFIED.,.F.,.F.,(4,4),(0.,1.828584276911),
  .PIECEWISE_BEZIER_KNOTS.);
#7117 = CARTESIAN_POINT('',(165.93640577603,-70.15937228358,0.));
#7118 = CARTESIAN_POINT('',(171.62468705564,-71.79524451743,0.));
#7119 = CARTESIAN_POINT('',(171.64442869128,-72.08032042811,0.));
#7120 = CARTESIAN_POINT('',(167.00434126696,-84.40638874068,0.));
#7121 = B_SPLINE_SURFACE_WITH_KNOTS('',3,1,(
    (#7122,#7123)
    ,(#7124,#7125)
    ,(#7126,#7127)
    ,(#7128,#7129
    )),.UNSPECIFIED.,.F.,.F.,.F.,(4,4),(2,2),(-1.,0.),(0.,1.),
  .PIECEWISE_BEZIER_KNOTS.);
#7122 = CARTESIAN_POINT('',(167.00434126696,-84.40638874068,-2.));
#7123 = CARTESIAN_POINT('',(167.00434126696,-84.40638874068,8.));
#7124 = CARTESIAN_POINT('',(171.64442869128,-72.08032042811,-2.));
#7125 = CARTESIAN_POINT('',(171.64442869128,-72.08032042811,8.));
#7126 = CARTESIAN_POINT('',(171.62468705564,-71.79524451743,-2.));
#7127 = CARTESIAN_POINT('',(171.62468705564,-71.79524451743,8.));
#7128 = CARTESIAN_POINT('',(165.93640577603,-70.15937228358,-2.));
#7129 = CARTESIAN_POINT('',(165.93640577603,-70.15937228358,8.));
#7130 = ADVANCED_FACE('',(#7131),#7167,.F.);
#7131 = FACE_BOUND('',#7132,.F.);
#7132 = EDGE_LOOP('',(#7133,#7143,#7152,#7160));
#7133 = ORIENTED_EDGE('',*,*,#7134,.F.);
#7134 = EDGE_CURVE('',#7135,#7137,#7139,.T.);
#7135 = VERTEX_POINT('',#7136);
#7136 = CARTESIAN_POINT('',(167.07231941435,-66.03021846579,-2.));
#7137 = VERTEX_POINT('',#7138);
#7138 = CARTESIAN_POINT('',(167.07231941435,-66.03021846579,0.));
#7139 = LINE('',#7140,#7141);
#7140 = CARTESIAN_POINT('',(167.07231941435,-66.03021846579,-2.));
#7141 = VECTOR('',#7142,1.);
#7142 = DIRECTION('',(0.,0.,1.));
#7143 = ORIENTED_EDGE('',*,*,#7144,.T.);
#7144 = EDGE_CURVE('',#7135,#7145,#7147,.T.);
#7145 = VERTEX_POINT('',#7146);
#7146 = CARTESIAN_POINT('',(176.37662590302,-67.01700579614,-2.));
#7147 = B_SPLINE_CURVE_WITH_KNOTS('',3,(#7148,#7149,#7150,#7151),
  .UNSPECIFIED.,.F.,.F.,(4,4),(-1.,0.),.PIECEWISE_BEZIER_KNOTS.);
#7148 = CARTESIAN_POINT('',(167.07231941435,-66.03021846579,-2.));
#7149 = CARTESIAN_POINT('',(172.75840569176,-67.66609069965,-2.));
#7150 = CARTESIAN_POINT('',(172.9425984983,-67.6858256432,-2.));
#7151 = CARTESIAN_POINT('',(176.37662590302,-67.01700579614,-2.));
#7152 = ORIENTED_EDGE('',*,*,#7153,.T.);
#7153 = EDGE_CURVE('',#7145,#7154,#7156,.T.);
#7154 = VERTEX_POINT('',#7155);
#7155 = CARTESIAN_POINT('',(176.37662590302,-67.01700579614,0.));
#7156 = LINE('',#7157,#7158);
#7157 = CARTESIAN_POINT('',(176.37662590302,-67.01700579614,-2.));
#7158 = VECTOR('',#7159,1.);
#7159 = DIRECTION('',(0.,0.,1.));
#7160 = ORIENTED_EDGE('',*,*,#7161,.T.);
#7161 = EDGE_CURVE('',#7154,#7137,#7162,.T.);
#7162 = B_SPLINE_CURVE_WITH_KNOTS('',3,(#7163,#7164,#7165,#7166),
  .UNSPECIFIED.,.F.,.F.,(4,4),(0.,1.04925905125),
  .PIECEWISE_BEZIER_KNOTS.);
#7163 = CARTESIAN_POINT('',(176.37662590302,-67.01700579614,0.));
#7164 = CARTESIAN_POINT('',(172.9425984983,-67.6858256432,0.));
#7165 = CARTESIAN_POINT('',(172.75840569176,-67.66609069965,0.));
#7166 = CARTESIAN_POINT('',(167.07231941435,-66.03021846579,0.));
#7167 = B_SPLINE_SURFACE_WITH_KNOTS('',3,1,(
    (#7168,#7169)
    ,(#7170,#7171)
    ,(#7172,#7173)
    ,(#7174,#7175
    )),.UNSPECIFIED.,.F.,.F.,.F.,(4,4),(2,2),(-1.,0.),(0.,1.),
  .PIECEWISE_BEZIER_KNOTS.);
#7168 = CARTESIAN_POINT('',(167.07231941435,-66.03021846579,-2.));
#7169 = CARTESIAN_POINT('',(167.07231941435,-66.03021846579,8.));
#7170 = CARTESIAN_POINT('',(172.75840569176,-67.66609069965,-2.));
#7171 = CARTESIAN_POINT('',(172.75840569176,-67.66609069965,8.));
#7172 = CARTESIAN_POINT('',(172.9425984983,-67.6858256432,-2.));
#7173 = CARTESIAN_POINT('',(172.9425984983,-67.6858256432,8.));
#7174 = CARTESIAN_POINT('',(176.37662590302,-67.01700579614,-2.));
#7175 = CARTESIAN_POINT('',(176.37662590302,-67.01700579614,8.));
#7176 = ADVANCED_FACE('',(#7177),#7204,.F.);
#7177 = FACE_BOUND('',#7178,.F.);
#7178 = EDGE_LOOP('',(#7179,#7189,#7196,#7197));
#7179 = ORIENTED_EDGE('',*,*,#7180,.F.);
#7180 = EDGE_CURVE('',#7181,#7183,#7185,.T.);
#7181 = VERTEX_POINT('',#7182);
#7182 = CARTESIAN_POINT('',(159.29423543075,-63.58298508349,-2.));
#7183 = VERTEX_POINT('',#7184);
#7184 = CARTESIAN_POINT('',(159.29423543075,-63.58298508349,0.));
#7185 = LINE('',#7186,#7187);
#7186 = CARTESIAN_POINT('',(159.29423543075,-63.58298508349,-2.));
#7187 = VECTOR('',#7188,1.);
#7188 = DIRECTION('',(0.,0.,1.));
#7189 = ORIENTED_EDGE('',*,*,#7190,.T.);
#7190 = EDGE_CURVE('',#7181,#7135,#7191,.T.);
#7191 = B_SPLINE_CURVE_WITH_KNOTS('',3,(#7192,#7193,#7194,#7195),
  .UNSPECIFIED.,.F.,.F.,(4,4),(-1.,0.),.PIECEWISE_BEZIER_KNOTS.);
#7192 = CARTESIAN_POINT('',(159.29423543075,-63.58298508349,-2.));
#7193 = CARTESIAN_POINT('',(161.23053520652,-64.34609633603,-2.));
#7194 = CARTESIAN_POINT('',(161.38621975278,-64.39433953986,-2.));
#7195 = CARTESIAN_POINT('',(167.07231941435,-66.03021846579,-2.));
#7196 = ORIENTED_EDGE('',*,*,#7134,.T.);
#7197 = ORIENTED_EDGE('',*,*,#7198,.T.);
#7198 = EDGE_CURVE('',#7137,#7183,#7199,.T.);
#7199 = B_SPLINE_CURVE_WITH_KNOTS('',3,(#7200,#7201,#7202,#7203),
  .UNSPECIFIED.,.F.,.F.,(4,4),(0.,1.474340562034),
  .PIECEWISE_BEZIER_KNOTS.);
#7200 = CARTESIAN_POINT('',(167.07231941435,-66.03021846579,0.));
#7201 = CARTESIAN_POINT('',(161.38621975278,-64.39433953986,0.));
#7202 = CARTESIAN_POINT('',(161.23053520652,-64.34609633603,0.));
#7203 = CARTESIAN_POINT('',(159.29423543075,-63.58298508349,0.));
#7204 = B_SPLINE_SURFACE_WITH_KNOTS('',3,1,(
    (#7205,#7206)
    ,(#7207,#7208)
    ,(#7209,#7210)
    ,(#7211,#7212
    )),.UNSPECIFIED.,.F.,.F.,.F.,(4,4),(2,2),(-1.,0.),(0.,1.),
  .PIECEWISE_BEZIER_KNOTS.);
#7205 = CARTESIAN_POINT('',(159.29423543075,-63.58298508349,-2.));
#7206 = CARTESIAN_POINT('',(159.29423543075,-63.58298508349,8.));
#7207 = CARTESIAN_POINT('',(161.23053520652,-64.34609633603,-2.));
#7208 = CARTESIAN_POINT('',(161.23053520652,-64.34609633603,8.));
#7209 = CARTESIAN_POINT('',(161.38621975278,-64.39433953986,-2.));
#7210 = CARTESIAN_POINT('',(161.38621975278,-64.39433953986,8.));
#7211 = CARTESIAN_POINT('',(167.07231941435,-66.03021846579,-2.));
#7212 = CARTESIAN_POINT('',(167.07231941435,-66.03021846579,8.));
#7213 = ADVANCED_FACE('',(#7214),#7241,.F.);
#7214 = FACE_BOUND('',#7215,.F.);
#7215 = EDGE_LOOP('',(#7216,#7226,#7233,#7234));
#7216 = ORIENTED_EDGE('',*,*,#7217,.F.);
#7217 = EDGE_CURVE('',#7218,#7220,#7222,.T.);
#7218 = VERTEX_POINT('',#7219);
#7219 = CARTESIAN_POINT('',(161.04195239559,-50.06180499401,-2.));
#7220 = VERTEX_POINT('',#7221);
#7221 = CARTESIAN_POINT('',(161.04195239559,-50.06180499401,0.));
#7222 = LINE('',#7223,#7224);
#7223 = CARTESIAN_POINT('',(161.04195239559,-50.06180499401,-2.));
#7224 = VECTOR('',#7225,1.);
#7225 = DIRECTION('',(0.,0.,1.));
#7226 = ORIENTED_EDGE('',*,*,#7227,.T.);
#7227 = EDGE_CURVE('',#7218,#7181,#7228,.T.);
#7228 = B_SPLINE_CURVE_WITH_KNOTS('',3,(#7229,#7230,#7231,#7232),
  .UNSPECIFIED.,.F.,.F.,(4,4),(-1.,0.),.PIECEWISE_BEZIER_KNOTS.);
#7229 = CARTESIAN_POINT('',(161.04195239559,-50.06180499401,-2.));
#7230 = CARTESIAN_POINT('',(157.39302892186,-62.54795454932,-2.));
#7231 = CARTESIAN_POINT('',(157.35793565498,-62.81767213668,-2.));
#7232 = CARTESIAN_POINT('',(159.29423543075,-63.58298508349,-2.));
#7233 = ORIENTED_EDGE('',*,*,#7180,.T.);
#7234 = ORIENTED_EDGE('',*,*,#7235,.T.);
#7235 = EDGE_CURVE('',#7183,#7220,#7236,.T.);
#7236 = B_SPLINE_CURVE_WITH_KNOTS('',3,(#7237,#7238,#7239,#7240),
  .UNSPECIFIED.,.F.,.F.,(4,4),(0.,0.637139251401),
  .PIECEWISE_BEZIER_KNOTS.);
#7237 = CARTESIAN_POINT('',(159.29423543075,-63.58298508349,0.));
#7238 = CARTESIAN_POINT('',(157.35793565498,-62.81767213668,0.));
#7239 = CARTESIAN_POINT('',(157.39302892186,-62.54795454932,0.));
#7240 = CARTESIAN_POINT('',(161.04195239559,-50.06180499401,0.));
#7241 = B_SPLINE_SURFACE_WITH_KNOTS('',3,1,(
    (#7242,#7243)
    ,(#7244,#7245)
    ,(#7246,#7247)
    ,(#7248,#7249
    )),.UNSPECIFIED.,.F.,.F.,.F.,(4,4),(2,2),(-1.,0.),(0.,1.),
  .PIECEWISE_BEZIER_KNOTS.);
#7242 = CARTESIAN_POINT('',(161.04195239559,-50.06180499401,-2.));
#7243 = CARTESIAN_POINT('',(161.04195239559,-50.06180499401,8.));
#7244 = CARTESIAN_POINT('',(157.39302892186,-62.54795454932,-2.));
#7245 = CARTESIAN_POINT('',(157.39302892186,-62.54795454932,8.));
#7246 = CARTESIAN_POINT('',(157.35793565498,-62.81767213668,-2.));
#7247 = CARTESIAN_POINT('',(157.35793565498,-62.81767213668,8.));
#7248 = CARTESIAN_POINT('',(159.29423543075,-63.58298508349,-2.));
#7249 = CARTESIAN_POINT('',(159.29423543075,-63.58298508349,8.));
#7250 = ADVANCED_FACE('',(#7251),#7278,.F.);
#7251 = FACE_BOUND('',#7252,.F.);
#7252 = EDGE_LOOP('',(#7253,#7263,#7270,#7271));
#7253 = ORIENTED_EDGE('',*,*,#7254,.F.);
#7254 = EDGE_CURVE('',#7255,#7257,#7259,.T.);
#7255 = VERTEX_POINT('',#7256);
#7256 = CARTESIAN_POINT('',(171.13568339487,-42.68063496,-2.));
#7257 = VERTEX_POINT('',#7258);
#7258 = CARTESIAN_POINT('',(171.13568339487,-42.68063496,0.));
#7259 = LINE('',#7260,#7261);
#7260 = CARTESIAN_POINT('',(171.13568339487,-42.68063496,-2.));
#7261 = VECTOR('',#7262,1.);
#7262 = DIRECTION('',(0.,0.,1.));
#7263 = ORIENTED_EDGE('',*,*,#7264,.T.);
#7264 = EDGE_CURVE('',#7255,#7218,#7265,.T.);
#7265 = B_SPLINE_CURVE_WITH_KNOTS('',3,(#7266,#7267,#7268,#7269),
  .UNSPECIFIED.,.F.,.F.,(4,4),(-1.,0.),.PIECEWISE_BEZIER_KNOTS.);
#7266 = CARTESIAN_POINT('',(171.13568339487,-42.68063496,-2.));
#7267 = CARTESIAN_POINT('',(164.89479692733,-37.42654251489,-2.));
#7268 = CARTESIAN_POINT('',(164.69305748736,-37.57346043651,-2.));
#7269 = CARTESIAN_POINT('',(161.04195239559,-50.06180499401,-2.));
#7270 = ORIENTED_EDGE('',*,*,#7217,.T.);
#7271 = ORIENTED_EDGE('',*,*,#7272,.T.);
#7272 = EDGE_CURVE('',#7220,#7257,#7273,.T.);
#7273 = B_SPLINE_CURVE_WITH_KNOTS('',3,(#7274,#7275,#7276,#7277),
  .UNSPECIFIED.,.F.,.F.,(4,4),(0.,3.81236061872),
  .PIECEWISE_BEZIER_KNOTS.);
#7274 = CARTESIAN_POINT('',(161.04195239559,-50.06180499401,0.));
#7275 = CARTESIAN_POINT('',(164.69305748736,-37.57346043651,0.));
#7276 = CARTESIAN_POINT('',(164.89479692733,-37.42654251489,0.));
#7277 = CARTESIAN_POINT('',(171.13568339487,-42.68063496,0.));
#7278 = B_SPLINE_SURFACE_WITH_KNOTS('',3,1,(
    (#7279,#7280)
    ,(#7281,#7282)
    ,(#7283,#7284)
    ,(#7285,#7286
    )),.UNSPECIFIED.,.F.,.F.,.F.,(4,4),(2,2),(-1.,0.),(0.,1.),
  .PIECEWISE_BEZIER_KNOTS.);
#7279 = CARTESIAN_POINT('',(171.13568339487,-42.68063496,-2.));
#7280 = CARTESIAN_POINT('',(171.13568339487,-42.68063496,8.));
#7281 = CARTESIAN_POINT('',(164.89479692733,-37.42654251489,-2.));
#7282 = CARTESIAN_POINT('',(164.89479692733,-37.42654251489,8.));
#7283 = CARTESIAN_POINT('',(164.69305748736,-37.57346043651,-2.));
#7284 = CARTESIAN_POINT('',(164.69305748736,-37.57346043651,8.));
#7285 = CARTESIAN_POINT('',(161.04195239559,-50.06180499401,-2.));
#7286 = CARTESIAN_POINT('',(161.04195239559,-50.06180499401,8.));
#7287 = ADVANCED_FACE('',(#7288),#7315,.F.);
#7288 = FACE_BOUND('',#7289,.F.);
#7289 = EDGE_LOOP('',(#7290,#7300,#7307,#7308));
#7290 = ORIENTED_EDGE('',*,*,#7291,.F.);
#7291 = EDGE_CURVE('',#7292,#7294,#7296,.T.);
#7292 = VERTEX_POINT('',#7293);
#7293 = CARTESIAN_POINT('',(179.36987277456,-53.78089492526,-2.));
#7294 = VERTEX_POINT('',#7295);
#7295 = CARTESIAN_POINT('',(179.36987277456,-53.78089492526,0.));
#7296 = LINE('',#7297,#7298);
#7297 = CARTESIAN_POINT('',(179.36987277456,-53.78089492526,-2.));
#7298 = VECTOR('',#7299,1.);
#7299 = DIRECTION('',(0.,0.,1.));
#7300 = ORIENTED_EDGE('',*,*,#7301,.T.);
#7301 = EDGE_CURVE('',#7292,#7255,#7302,.T.);
#7302 = B_SPLINE_CURVE_WITH_KNOTS('',3,(#7303,#7304,#7305,#7306),
  .UNSPECIFIED.,.F.,.F.,(4,4),(-1.,0.),.PIECEWISE_BEZIER_KNOTS.);
#7303 = CARTESIAN_POINT('',(179.36987277456,-53.78089492526,-2.));
#7304 = CARTESIAN_POINT('',(177.54322941966,-48.15840348292,-2.));
#7305 = CARTESIAN_POINT('',(177.3765698624,-47.93692240731,-2.));
#7306 = CARTESIAN_POINT('',(171.13568339487,-42.68063496,-2.));
#7307 = ORIENTED_EDGE('',*,*,#7254,.T.);
#7308 = ORIENTED_EDGE('',*,*,#7309,.T.);
#7309 = EDGE_CURVE('',#7257,#7294,#7310,.T.);
#7310 = B_SPLINE_CURVE_WITH_KNOTS('',3,(#7311,#7312,#7313,#7314),
  .UNSPECIFIED.,.F.,.F.,(4,4),(0.,2.449497277239),
  .PIECEWISE_BEZIER_KNOTS.);
#7311 = CARTESIAN_POINT('',(171.13568339487,-42.68063496,0.));
#7312 = CARTESIAN_POINT('',(177.3765698624,-47.93692240731,0.));
#7313 = CARTESIAN_POINT('',(177.54322941966,-48.15840348292,0.));
#7314 = CARTESIAN_POINT('',(179.36987277456,-53.78089492526,0.));
#7315 = B_SPLINE_SURFACE_WITH_KNOTS('',3,1,(
    (#7316,#7317)
    ,(#7318,#7319)
    ,(#7320,#7321)
    ,(#7322,#7323
    )),.UNSPECIFIED.,.F.,.F.,.F.,(4,4),(2,2),(-1.,0.),(0.,1.),
  .PIECEWISE_BEZIER_KNOTS.);
#7316 = CARTESIAN_POINT('',(179.36987277456,-53.78089492526,-2.));
#7317 = CARTESIAN_POINT('',(179.36987277456,-53.78089492526,8.));
#7318 = CARTESIAN_POINT('',(177.54322941966,-48.15840348292,-2.));
#7319 = CARTESIAN_POINT('',(177.54322941966,-48.15840348292,8.));
#7320 = CARTESIAN_POINT('',(177.3765698624,-47.93692240731,-2.));
#7321 = CARTESIAN_POINT('',(177.3765698624,-47.93692240731,8.));
#7322 = CARTESIAN_POINT('',(171.13568339487,-42.68063496,-2.));
#7323 = CARTESIAN_POINT('',(171.13568339487,-42.68063496,8.));
#7324 = ADVANCED_FACE('',(#7325),#7352,.F.);
#7325 = FACE_BOUND('',#7326,.F.);
#7326 = EDGE_LOOP('',(#7327,#7337,#7344,#7345));
#7327 = ORIENTED_EDGE('',*,*,#7328,.F.);
#7328 = EDGE_CURVE('',#7329,#7331,#7333,.T.);
#7329 = VERTEX_POINT('',#7330);
#7330 = CARTESIAN_POINT('',(180.55621792684,-62.92731517338,-2.));
#7331 = VERTEX_POINT('',#7332);
#7332 = CARTESIAN_POINT('',(180.55621792684,-62.92731517338,0.));
#7333 = LINE('',#7334,#7335);
#7334 = CARTESIAN_POINT('',(180.55621792684,-62.92731517338,-2.));
#7335 = VECTOR('',#7336,1.);
#7336 = DIRECTION('',(0.,0.,1.));
#7337 = ORIENTED_EDGE('',*,*,#7338,.T.);
#7338 = EDGE_CURVE('',#7329,#7292,#7339,.T.);
#7339 = B_SPLINE_CURVE_WITH_KNOTS('',3,(#7340,#7341,#7342,#7343),
  .UNSPECIFIED.,.F.,.F.,(4,4),(-1.,0.),.PIECEWISE_BEZIER_KNOTS.);
#7340 = CARTESIAN_POINT('',(180.55621792684,-62.92731517338,-2.));
#7341 = CARTESIAN_POINT('',(181.22064776951,-59.58759255829,-2.));
#7342 = CARTESIAN_POINT('',(181.19652951363,-59.40558136979,-2.));
#7343 = CARTESIAN_POINT('',(179.36987277456,-53.78089492526,-2.));
#7344 = ORIENTED_EDGE('',*,*,#7291,.T.);
#7345 = ORIENTED_EDGE('',*,*,#7346,.T.);
#7346 = EDGE_CURVE('',#7294,#7331,#7347,.T.);
#7347 = B_SPLINE_CURVE_WITH_KNOTS('',3,(#7348,#7349,#7350,#7351),
  .UNSPECIFIED.,.F.,.F.,(4,4),(0.,1.776705017005),
  .PIECEWISE_BEZIER_KNOTS.);
#7348 = CARTESIAN_POINT('',(179.36987277456,-53.78089492526,0.));
#7349 = CARTESIAN_POINT('',(181.19652951363,-59.40558136979,0.));
#7350 = CARTESIAN_POINT('',(181.22064776951,-59.58759255829,0.));
#7351 = CARTESIAN_POINT('',(180.55621792684,-62.92731517338,0.));
#7352 = B_SPLINE_SURFACE_WITH_KNOTS('',3,1,(
    (#7353,#7354)
    ,(#7355,#7356)
    ,(#7357,#7358)
    ,(#7359,#7360
    )),.UNSPECIFIED.,.F.,.F.,.F.,(4,4),(2,2),(-1.,0.),(0.,1.),
  .PIECEWISE_BEZIER_KNOTS.);
#7353 = CARTESIAN_POINT('',(180.55621792684,-62.92731517338,-2.));
#7354 = CARTESIAN_POINT('',(180.55621792684,-62.92731517338,8.));
#7355 = CARTESIAN_POINT('',(181.22064776951,-59.58759255829,-2.));
#7356 = CARTESIAN_POINT('',(181.22064776951,-59.58759255829,8.));
#7357 = CARTESIAN_POINT('',(181.19652951363,-59.40558136979,-2.));
#7358 = CARTESIAN_POINT('',(181.19652951363,-59.40558136979,8.));
#7359 = CARTESIAN_POINT('',(179.36987277456,-53.78089492526,-2.));
#7360 = CARTESIAN_POINT('',(179.36987277456,-53.78089492526,8.));
#7361 = ADVANCED_FACE('',(#7362),#7380,.F.);
#7362 = FACE_BOUND('',#7363,.F.);
#7363 = EDGE_LOOP('',(#7364,#7365,#7372,#7373));
#7364 = ORIENTED_EDGE('',*,*,#7153,.F.);
#7365 = ORIENTED_EDGE('',*,*,#7366,.T.);
#7366 = EDGE_CURVE('',#7145,#7329,#7367,.T.);
#7367 = B_SPLINE_CURVE_WITH_KNOTS('',3,(#7368,#7369,#7370,#7371),
  .UNSPECIFIED.,.F.,.F.,(4,4),(-1.,0.),.PIECEWISE_BEZIER_KNOTS.);
#7368 = CARTESIAN_POINT('',(176.37662590302,-67.01700579614,-2.));
#7369 = CARTESIAN_POINT('',(179.80844492138,-66.34817925699,-2.));
#7370 = CARTESIAN_POINT('',(179.89177470001,-66.26704448056,-2.));
#7371 = CARTESIAN_POINT('',(180.55621792684,-62.92731517338,-2.));
#7372 = ORIENTED_EDGE('',*,*,#7328,.T.);
#7373 = ORIENTED_EDGE('',*,*,#7374,.T.);
#7374 = EDGE_CURVE('',#7331,#7154,#7375,.T.);
#7375 = B_SPLINE_CURVE_WITH_KNOTS('',3,(#7376,#7377,#7378,#7379),
  .UNSPECIFIED.,.F.,.F.,(4,4),(0.,1.029196876759),
  .PIECEWISE_BEZIER_KNOTS.);
#7376 = CARTESIAN_POINT('',(180.55621792684,-62.92731517338,0.));
#7377 = CARTESIAN_POINT('',(179.89177470001,-66.26704448056,0.));
#7378 = CARTESIAN_POINT('',(179.80844492138,-66.34817925699,0.));
#7379 = CARTESIAN_POINT('',(176.37662590302,-67.01700579614,0.));
#7380 = B_SPLINE_SURFACE_WITH_KNOTS('',3,1,(
    (#7381,#7382)
    ,(#7383,#7384)
    ,(#7385,#7386)
    ,(#7387,#7388
    )),.UNSPECIFIED.,.F.,.F.,.F.,(4,4),(2,2),(-1.,0.),(0.,1.),
  .PIECEWISE_BEZIER_KNOTS.);
#7381 = CARTESIAN_POINT('',(176.37662590302,-67.01700579614,-2.));
#7382 = CARTESIAN_POINT('',(176.37662590302,-67.01700579614,8.));
#7383 = CARTESIAN_POINT('',(179.80844492138,-66.34817925699,-2.));
#7384 = CARTESIAN_POINT('',(179.80844492138,-66.34817925699,8.));
#7385 = CARTESIAN_POINT('',(179.89177470001,-66.26704448056,-2.));
#7386 = CARTESIAN_POINT('',(179.89177470001,-66.26704448056,8.));
#7387 = CARTESIAN_POINT('',(180.55621792684,-62.92731517338,-2.));
#7388 = CARTESIAN_POINT('',(180.55621792684,-62.92731517338,8.));
#7389 = ADVANCED_FACE('',(#7390),#7426,.F.);
#7390 = FACE_BOUND('',#7391,.F.);
#7391 = EDGE_LOOP('',(#7392,#7402,#7411,#7419));
#7392 = ORIENTED_EDGE('',*,*,#7393,.F.);
#7393 = EDGE_CURVE('',#7394,#7396,#7398,.T.);
#7394 = VERTEX_POINT('',#7395);
#7395 = CARTESIAN_POINT('',(192.32749274136,-95.73689975223,-2.));
#7396 = VERTEX_POINT('',#7397);
#7397 = CARTESIAN_POINT('',(192.32749274136,-95.73689975223,0.));
#7398 = LINE('',#7399,#7400);
#7399 = CARTESIAN_POINT('',(192.32749274136,-95.73689975223,-2.));
#7400 = VECTOR('',#7401,1.);
#7401 = DIRECTION('',(0.,0.,1.));
#7402 = ORIENTED_EDGE('',*,*,#7403,.T.);
#7403 = EDGE_CURVE('',#7394,#7404,#7406,.T.);
#7404 = VERTEX_POINT('',#7405);
#7405 = CARTESIAN_POINT('',(199.52446327676,-92.50023851328,-2.));
#7406 = B_SPLINE_CURVE_WITH_KNOTS('',3,(#7407,#7408,#7409,#7410),
  .UNSPECIFIED.,.F.,.F.,(4,4),(-1.,0.),.PIECEWISE_BEZIER_KNOTS.);
#7407 = CARTESIAN_POINT('',(192.32749274136,-95.73689975223,-2.));
#7408 = CARTESIAN_POINT('',(198.39074464064,-97.61179634909,-2.));
#7409 = CARTESIAN_POINT('',(198.53328594202,-97.54820151402,-2.));
#7410 = CARTESIAN_POINT('',(199.52446327676,-92.50023851328,-2.));
#7411 = ORIENTED_EDGE('',*,*,#7412,.T.);
#7412 = EDGE_CURVE('',#7404,#7413,#7415,.T.);
#7413 = VERTEX_POINT('',#7414);
#7414 = CARTESIAN_POINT('',(199.52446327676,-92.50023851328,0.));
#7415 = LINE('',#7416,#7417);
#7416 = CARTESIAN_POINT('',(199.52446327676,-92.50023851328,-2.));
#7417 = VECTOR('',#7418,1.);
#7418 = DIRECTION('',(0.,0.,1.));
#7419 = ORIENTED_EDGE('',*,*,#7420,.T.);
#7420 = EDGE_CURVE('',#7413,#7396,#7421,.T.);
#7421 = B_SPLINE_CURVE_WITH_KNOTS('',3,(#7422,#7423,#7424,#7425),
  .UNSPECIFIED.,.F.,.F.,(4,4),(0.,1.554936137431),
  .PIECEWISE_BEZIER_KNOTS.);
#7422 = CARTESIAN_POINT('',(199.52446327676,-92.50023851328,0.));
#7423 = CARTESIAN_POINT('',(198.53328594202,-97.54820151402,0.));
#7424 = CARTESIAN_POINT('',(198.39074464064,-97.61179634909,0.));
#7425 = CARTESIAN_POINT('',(192.32749274136,-95.73689975223,0.));
#7426 = B_SPLINE_SURFACE_WITH_KNOTS('',3,1,(
    (#7427,#7428)
    ,(#7429,#7430)
    ,(#7431,#7432)
    ,(#7433,#7434
    )),.UNSPECIFIED.,.F.,.F.,.F.,(4,4),(2,2),(-1.,0.),(0.,1.),
  .PIECEWISE_BEZIER_KNOTS.);
#7427 = CARTESIAN_POINT('',(192.32749274136,-95.73689975223,-2.));
#7428 = CARTESIAN_POINT('',(192.32749274136,-95.73689975223,8.));
#7429 = CARTESIAN_POINT('',(198.39074464064,-97.61179634909,-2.));
#7430 = CARTESIAN_POINT('',(198.39074464064,-97.61179634909,8.));
#7431 = CARTESIAN_POINT('',(198.53328594202,-97.54820151402,-2.));
#7432 = CARTESIAN_POINT('',(198.53328594202,-97.54820151402,8.));
#7433 = CARTESIAN_POINT('',(199.52446327676,-92.50023851328,-2.));
#7434 = CARTESIAN_POINT('',(199.52446327676,-92.50023851328,8.));
#7435 = ADVANCED_FACE('',(#7436),#7463,.F.);
#7436 = FACE_BOUND('',#7437,.F.);
#7437 = EDGE_LOOP('',(#7438,#7448,#7455,#7456));
#7438 = ORIENTED_EDGE('',*,*,#7439,.F.);
#7439 = EDGE_CURVE('',#7440,#7442,#7444,.T.);
#7440 = VERTEX_POINT('',#7441);
#7441 = CARTESIAN_POINT('',(186.91770905792,-90.23720462959,-2.));
#7442 = VERTEX_POINT('',#7443);
#7443 = CARTESIAN_POINT('',(186.91770905792,-90.23720462959,0.));
#7444 = LINE('',#7445,#7446);
#7445 = CARTESIAN_POINT('',(186.91770905792,-90.23720462959,-2.));
#7446 = VECTOR('',#7447,1.);
#7447 = DIRECTION('',(0.,0.,1.));
#7448 = ORIENTED_EDGE('',*,*,#7449,.T.);
#7449 = EDGE_CURVE('',#7440,#7394,#7450,.T.);
#7450 = B_SPLINE_CURVE_WITH_KNOTS('',3,(#7451,#7452,#7453,#7454),
  .UNSPECIFIED.,.F.,.F.,(4,4),(-1.,0.),.PIECEWISE_BEZIER_KNOTS.);
#7451 = CARTESIAN_POINT('',(186.91770905792,-90.23720462959,-2.));
#7452 = CARTESIAN_POINT('',(186.15677942342,-93.75236011866,-2.));
#7453 = CARTESIAN_POINT('',(186.26642246013,-93.86200315537,-2.));
#7454 = CARTESIAN_POINT('',(192.32749274136,-95.73689975223,-2.));
#7455 = ORIENTED_EDGE('',*,*,#7393,.T.);
#7456 = ORIENTED_EDGE('',*,*,#7457,.T.);
#7457 = EDGE_CURVE('',#7396,#7442,#7458,.T.);
#7458 = B_SPLINE_CURVE_WITH_KNOTS('',3,(#7459,#7460,#7461,#7462),
  .UNSPECIFIED.,.F.,.F.,(4,4),(0.,1.911457918868),
  .PIECEWISE_BEZIER_KNOTS.);
#7459 = CARTESIAN_POINT('',(192.32749274136,-95.73689975223,0.));
#7460 = CARTESIAN_POINT('',(186.26642246013,-93.86200315537,0.));
#7461 = CARTESIAN_POINT('',(186.15677942342,-93.75236011866,0.));
#7462 = CARTESIAN_POINT('',(186.91770905792,-90.23720462959,0.));
#7463 = B_SPLINE_SURFACE_WITH_KNOTS('',3,1,(
    (#7464,#7465)
    ,(#7466,#7467)
    ,(#7468,#7469)
    ,(#7470,#7471
    )),.UNSPECIFIED.,.F.,.F.,.F.,(4,4),(2,2),(-1.,0.),(0.,1.),
  .PIECEWISE_BEZIER_KNOTS.);
#7464 = CARTESIAN_POINT('',(186.91770905792,-90.23720462959,-2.));
#7465 = CARTESIAN_POINT('',(186.91770905792,-90.23720462959,8.));
#7466 = CARTESIAN_POINT('',(186.15677942342,-93.75236011866,-2.));
#7467 = CARTESIAN_POINT('',(186.15677942342,-93.75236011866,8.));
#7468 = CARTESIAN_POINT('',(186.26642246013,-93.86200315537,-2.));
#7469 = CARTESIAN_POINT('',(186.26642246013,-93.86200315537,8.));
#7470 = CARTESIAN_POINT('',(192.32749274136,-95.73689975223,-2.));
#7471 = CARTESIAN_POINT('',(192.32749274136,-95.73689975223,8.));
#7472 = ADVANCED_FACE('',(#7473),#7500,.F.);
#7473 = FACE_BOUND('',#7474,.F.);
#7474 = EDGE_LOOP('',(#7475,#7485,#7492,#7493));
#7475 = ORIENTED_EDGE('',*,*,#7476,.F.);
#7476 = EDGE_CURVE('',#7477,#7479,#7481,.T.);
#7477 = VERTEX_POINT('',#7478);
#7478 = CARTESIAN_POINT('',(194.11466620916,-87.00054339064,-2.));
#7479 = VERTEX_POINT('',#7480);
#7480 = CARTESIAN_POINT('',(194.11466620916,-87.00054339064,0.));
#7481 = LINE('',#7482,#7483);
#7482 = CARTESIAN_POINT('',(194.11466620916,-87.00054339064,-2.));
#7483 = VECTOR('',#7484,1.);
#7484 = DIRECTION('',(0.,0.,1.));
#7485 = ORIENTED_EDGE('',*,*,#7486,.T.);
#7486 = EDGE_CURVE('',#7477,#7440,#7487,.T.);
#7487 = B_SPLINE_CURVE_WITH_KNOTS('',3,(#7488,#7489,#7490,#7491),
  .UNSPECIFIED.,.F.,.F.,(4,4),(-1.,0.),.PIECEWISE_BEZIER_KNOTS.);
#7488 = CARTESIAN_POINT('',(194.11466620916,-87.00054339064,-2.));
#7489 = CARTESIAN_POINT('',(187.81897160743,-86.65845765149,-2.));
#7490 = CARTESIAN_POINT('',(187.67643030605,-86.72424079668,-2.));
#7491 = CARTESIAN_POINT('',(186.91770905792,-90.23720462959,-2.));
#7492 = ORIENTED_EDGE('',*,*,#7439,.T.);
#7493 = ORIENTED_EDGE('',*,*,#7494,.T.);
#7494 = EDGE_CURVE('',#7442,#7479,#7495,.T.);
#7495 = B_SPLINE_CURVE_WITH_KNOTS('',3,(#7496,#7497,#7498,#7499),
  .UNSPECIFIED.,.F.,.F.,(4,4),(0.,1.12168533574),
  .PIECEWISE_BEZIER_KNOTS.);
#7496 = CARTESIAN_POINT('',(186.91770905792,-90.23720462959,0.));
#7497 = CARTESIAN_POINT('',(187.67643030605,-86.72424079668,0.));
#7498 = CARTESIAN_POINT('',(187.81897160743,-86.65845765149,0.));
#7499 = CARTESIAN_POINT('',(194.11466620916,-87.00054339064,0.));
#7500 = B_SPLINE_SURFACE_WITH_KNOTS('',3,1,(
    (#7501,#7502)
    ,(#7503,#7504)
    ,(#7505,#7506)
    ,(#7507,#7508
    )),.UNSPECIFIED.,.F.,.F.,.F.,(4,4),(2,2),(-1.,0.),(0.,1.),
  .PIECEWISE_BEZIER_KNOTS.);
#7501 = CARTESIAN_POINT('',(194.11466620916,-87.00054339064,-2.));
#7502 = CARTESIAN_POINT('',(194.11466620916,-87.00054339064,8.));
#7503 = CARTESIAN_POINT('',(187.81897160743,-86.65845765149,-2.));
#7504 = CARTESIAN_POINT('',(187.81897160743,-86.65845765149,8.));
#7505 = CARTESIAN_POINT('',(187.67643030605,-86.72424079668,-2.));
#7506 = CARTESIAN_POINT('',(187.67643030605,-86.72424079668,8.));
#7507 = CARTESIAN_POINT('',(186.91770905792,-90.23720462959,-2.));
#7508 = CARTESIAN_POINT('',(186.91770905792,-90.23720462959,8.));
#7509 = ADVANCED_FACE('',(#7510),#7528,.F.);
#7510 = FACE_BOUND('',#7511,.F.);
#7511 = EDGE_LOOP('',(#7512,#7513,#7520,#7521));
#7512 = ORIENTED_EDGE('',*,*,#7412,.F.);
#7513 = ORIENTED_EDGE('',*,*,#7514,.T.);
#7514 = EDGE_CURVE('',#7404,#7477,#7515,.T.);
#7515 = B_SPLINE_CURVE_WITH_KNOTS('',3,(#7516,#7517,#7518,#7519),
  .UNSPECIFIED.,.F.,.F.,(4,4),(-1.,0.),.PIECEWISE_BEZIER_KNOTS.);
#7516 = CARTESIAN_POINT('',(199.52446327676,-92.50023851328,-2.));
#7517 = CARTESIAN_POINT('',(200.51562722735,-87.45446382266,-2.));
#7518 = CARTESIAN_POINT('',(200.40817919284,-87.34482078595,-2.));
#7519 = CARTESIAN_POINT('',(194.11466620916,-87.00054339064,-2.));
#7520 = ORIENTED_EDGE('',*,*,#7476,.T.);
#7521 = ORIENTED_EDGE('',*,*,#7522,.T.);
#7522 = EDGE_CURVE('',#7479,#7413,#7523,.T.);
#7523 = B_SPLINE_CURVE_WITH_KNOTS('',3,(#7524,#7525,#7526,#7527),
  .UNSPECIFIED.,.F.,.F.,(4,4),(0.,1.845102053791),
  .PIECEWISE_BEZIER_KNOTS.);
#7524 = CARTESIAN_POINT('',(194.11466620916,-87.00054339064,0.));
#7525 = CARTESIAN_POINT('',(200.40817919284,-87.34482078595,0.));
#7526 = CARTESIAN_POINT('',(200.51562722735,-87.45446382266,0.));
#7527 = CARTESIAN_POINT('',(199.52446327676,-92.50023851328,0.));
#7528 = B_SPLINE_SURFACE_WITH_KNOTS('',3,1,(
    (#7529,#7530)
    ,(#7531,#7532)
    ,(#7533,#7534)
    ,(#7535,#7536
    )),.UNSPECIFIED.,.F.,.F.,.F.,(4,4),(2,2),(-1.,0.),(0.,1.),
  .PIECEWISE_BEZIER_KNOTS.);
#7529 = CARTESIAN_POINT('',(199.52446327676,-92.50023851328,-2.));
#7530 = CARTESIAN_POINT('',(199.52446327676,-92.50023851328,8.));
#7531 = CARTESIAN_POINT('',(200.51562722735,-87.45446382266,-2.));
#7532 = CARTESIAN_POINT('',(200.51562722735,-87.45446382266,8.));
#7533 = CARTESIAN_POINT('',(200.40817919284,-87.34482078595,-2.));
#7534 = CARTESIAN_POINT('',(200.40817919284,-87.34482078595,8.));
#7535 = CARTESIAN_POINT('',(194.11466620916,-87.00054339064,-2.));
#7536 = CARTESIAN_POINT('',(194.11466620916,-87.00054339064,8.));
#7537 = ADVANCED_FACE('',(#7538),#7574,.F.);
#7538 = FACE_BOUND('',#7539,.F.);
#7539 = EDGE_LOOP('',(#7540,#7550,#7559,#7567));
#7540 = ORIENTED_EDGE('',*,*,#7541,.F.);
#7541 = EDGE_CURVE('',#7542,#7544,#7546,.T.);
#7542 = VERTEX_POINT('',#7543);
#7543 = CARTESIAN_POINT('',(181.6965081854,-52.50246006179,-2.));
#7544 = VERTEX_POINT('',#7545);
#7545 = CARTESIAN_POINT('',(181.6965081854,-52.50246006179,0.));
#7546 = LINE('',#7547,#7548);
#7547 = CARTESIAN_POINT('',(181.6965081854,-52.50246006179,-2.));
#7548 = VECTOR('',#7549,1.);
#7549 = DIRECTION('',(0.,0.,1.));
#7550 = ORIENTED_EDGE('',*,*,#7551,.T.);
#7551 = EDGE_CURVE('',#7542,#7552,#7554,.T.);
#7552 = VERTEX_POINT('',#7553);
#7553 = CARTESIAN_POINT('',(187.3431245757,-55.83122105005,-2.));
#7554 = B_SPLINE_CURVE_WITH_KNOTS('',3,(#7555,#7556,#7557,#7558),
  .UNSPECIFIED.,.F.,.F.,(4,4),(-1.,0.),.PIECEWISE_BEZIER_KNOTS.);
#7555 = CARTESIAN_POINT('',(181.6965081854,-52.50246006179,-2.));
#7556 = CARTESIAN_POINT('',(183.52315154031,-58.12495150413,-2.));
#7557 = CARTESIAN_POINT('',(183.63498957921,-58.1907413414,-2.));
#7558 = CARTESIAN_POINT('',(187.3431245757,-55.83122105005,-2.));
#7559 = ORIENTED_EDGE('',*,*,#7560,.T.);
#7560 = EDGE_CURVE('',#7552,#7561,#7563,.T.);
#7561 = VERTEX_POINT('',#7562);
#7562 = CARTESIAN_POINT('',(187.3431245757,-55.83122105005,0.));
#7563 = LINE('',#7564,#7565);
#7564 = CARTESIAN_POINT('',(187.3431245757,-55.83122105005,-2.));
#7565 = VECTOR('',#7566,1.);
#7566 = DIRECTION('',(0.,0.,1.));
#7567 = ORIENTED_EDGE('',*,*,#7568,.T.);
#7568 = EDGE_CURVE('',#7561,#7544,#7569,.T.);
#7569 = B_SPLINE_CURVE_WITH_KNOTS('',3,(#7570,#7571,#7572,#7573),
  .UNSPECIFIED.,.F.,.F.,(4,4),(0.,1.293793992229),
  .PIECEWISE_BEZIER_KNOTS.);
#7570 = CARTESIAN_POINT('',(187.3431245757,-55.83122105005,0.));
#7571 = CARTESIAN_POINT('',(183.63498957921,-58.1907413414,0.));
#7572 = CARTESIAN_POINT('',(183.52315154031,-58.12495150413,0.));
#7573 = CARTESIAN_POINT('',(181.6965081854,-52.50246006179,0.));
#7574 = B_SPLINE_SURFACE_WITH_KNOTS('',3,1,(
    (#7575,#7576)
    ,(#7577,#7578)
    ,(#7579,#7580)
    ,(#7581,#7582
    )),.UNSPECIFIED.,.F.,.F.,.F.,(4,4),(2,2),(-1.,0.),(0.,1.),
  .PIECEWISE_BEZIER_KNOTS.);
#7575 = CARTESIAN_POINT('',(181.6965081854,-52.50246006179,-2.));
#7576 = CARTESIAN_POINT('',(181.6965081854,-52.50246006179,8.));
#7577 = CARTESIAN_POINT('',(183.52315154031,-58.12495150413,-2.));
#7578 = CARTESIAN_POINT('',(183.52315154031,-58.12495150413,8.));
#7579 = CARTESIAN_POINT('',(183.63498957921,-58.1907413414,-2.));
#7580 = CARTESIAN_POINT('',(183.63498957921,-58.1907413414,8.));
#7581 = CARTESIAN_POINT('',(187.3431245757,-55.83122105005,-2.));
#7582 = CARTESIAN_POINT('',(187.3431245757,-55.83122105005,8.));
#7583 = ADVANCED_FACE('',(#7584),#7611,.F.);
#7584 = FACE_BOUND('',#7585,.F.);
#7585 = EDGE_LOOP('',(#7586,#7596,#7603,#7604));
#7586 = ORIENTED_EDGE('',*,*,#7587,.F.);
#7587 = EDGE_CURVE('',#7588,#7590,#7592,.T.);
#7588 = VERTEX_POINT('',#7589);
#7589 = CARTESIAN_POINT('',(185.06254405857,-43.12140210902,-2.));
#7590 = VERTEX_POINT('',#7591);
#7591 = CARTESIAN_POINT('',(185.06254405857,-43.12140210902,0.));
#7592 = LINE('',#7593,#7594);
#7593 = CARTESIAN_POINT('',(185.06254405857,-43.12140210902,-2.));
#7594 = VECTOR('',#7595,1.);
#7595 = DIRECTION('',(0.,0.,1.));
#7596 = ORIENTED_EDGE('',*,*,#7597,.T.);
#7597 = EDGE_CURVE('',#7588,#7542,#7598,.T.);
#7598 = B_SPLINE_CURVE_WITH_KNOTS('',3,(#7599,#7600,#7601,#7602),
  .UNSPECIFIED.,.F.,.F.,(4,4),(-1.,0.),.PIECEWISE_BEZIER_KNOTS.);
#7599 = CARTESIAN_POINT('',(185.06254405857,-43.12140210902,-2.));
#7600 = CARTESIAN_POINT('',(179.93563459153,-46.69137911644,-2.));
#7601 = CARTESIAN_POINT('',(179.86985144633,-46.87776692517,-2.));
#7602 = CARTESIAN_POINT('',(181.6965081854,-52.50246006179,-2.));
#7603 = ORIENTED_EDGE('',*,*,#7541,.T.);
#7604 = ORIENTED_EDGE('',*,*,#7605,.T.);
#7605 = EDGE_CURVE('',#7544,#7590,#7606,.T.);
#7606 = B_SPLINE_CURVE_WITH_KNOTS('',3,(#7607,#7608,#7609,#7610),
  .UNSPECIFIED.,.F.,.F.,(4,4),(0.,1.77703849942),
  .PIECEWISE_BEZIER_KNOTS.);
#7607 = CARTESIAN_POINT('',(181.6965081854,-52.50246006179,0.));
#7608 = CARTESIAN_POINT('',(179.86985144633,-46.87776692517,0.));
#7609 = CARTESIAN_POINT('',(179.93563459153,-46.69137911644,0.));
#7610 = CARTESIAN_POINT('',(185.06254405857,-43.12140210902,0.));
#7611 = B_SPLINE_SURFACE_WITH_KNOTS('',3,1,(
    (#7612,#7613)
    ,(#7614,#7615)
    ,(#7616,#7617)
    ,(#7618,#7619
    )),.UNSPECIFIED.,.F.,.F.,.F.,(4,4),(2,2),(-1.,0.),(0.,1.),
  .PIECEWISE_BEZIER_KNOTS.);
#7612 = CARTESIAN_POINT('',(185.06254405857,-43.12140210902,-2.));
#7613 = CARTESIAN_POINT('',(185.06254405857,-43.12140210902,8.));
#7614 = CARTESIAN_POINT('',(179.93563459153,-46.69137911644,-2.));
#7615 = CARTESIAN_POINT('',(179.93563459153,-46.69137911644,8.));
#7616 = CARTESIAN_POINT('',(179.86985144633,-46.87776692517,-2.));
#7617 = CARTESIAN_POINT('',(179.86985144633,-46.87776692517,8.));
#7618 = CARTESIAN_POINT('',(181.6965081854,-52.50246006179,-2.));
#7619 = CARTESIAN_POINT('',(181.6965081854,-52.50246006179,8.));
#7620 = ADVANCED_FACE('',(#7621),#7648,.F.);
#7621 = FACE_BOUND('',#7622,.F.);
#7622 = EDGE_LOOP('',(#7623,#7633,#7640,#7641));
#7623 = ORIENTED_EDGE('',*,*,#7624,.F.);
#7624 = EDGE_CURVE('',#7625,#7627,#7629,.T.);
#7625 = VERTEX_POINT('',#7626);
#7626 = CARTESIAN_POINT('',(190.71135545107,-46.45016309727,-2.));
#7627 = VERTEX_POINT('',#7628);
#7628 = CARTESIAN_POINT('',(190.71135545107,-46.45016309727,0.));
#7629 = LINE('',#7630,#7631);
#7630 = CARTESIAN_POINT('',(190.71135545107,-46.45016309727,-2.));
#7631 = VECTOR('',#7632,1.);
#7632 = DIRECTION('',(0.,0.,1.));
#7633 = ORIENTED_EDGE('',*,*,#7634,.T.);
#7634 = EDGE_CURVE('',#7625,#7588,#7635,.T.);
#7635 = B_SPLINE_CURVE_WITH_KNOTS('',3,(#7636,#7637,#7638,#7639),
  .UNSPECIFIED.,.F.,.F.,(4,4),(-1.,0.),.PIECEWISE_BEZIER_KNOTS.);
#7636 = CARTESIAN_POINT('',(190.71135545107,-46.45016309727,-2.));
#7637 = CARTESIAN_POINT('',(190.30348656673,-39.61720824678,-2.));
#7638 = CARTESIAN_POINT('',(190.18945352562,-39.55142510159,-2.));
#7639 = CARTESIAN_POINT('',(185.06254405857,-43.12140210902,-2.));
#7640 = ORIENTED_EDGE('',*,*,#7587,.T.);
#7641 = ORIENTED_EDGE('',*,*,#7642,.T.);
#7642 = EDGE_CURVE('',#7590,#7627,#7643,.T.);
#7643 = B_SPLINE_CURVE_WITH_KNOTS('',3,(#7644,#7645,#7646,#7647),
  .UNSPECIFIED.,.F.,.F.,(4,4),(0.,1.876653949991),
  .PIECEWISE_BEZIER_KNOTS.);
#7644 = CARTESIAN_POINT('',(185.06254405857,-43.12140210902,0.));
#7645 = CARTESIAN_POINT('',(190.18945352562,-39.55142510159,0.));
#7646 = CARTESIAN_POINT('',(190.30348656673,-39.61720824678,0.));
#7647 = CARTESIAN_POINT('',(190.71135545107,-46.45016309727,0.));
#7648 = B_SPLINE_SURFACE_WITH_KNOTS('',3,1,(
    (#7649,#7650)
    ,(#7651,#7652)
    ,(#7653,#7654)
    ,(#7655,#7656
    )),.UNSPECIFIED.,.F.,.F.,.F.,(4,4),(2,2),(-1.,0.),(0.,1.),
  .PIECEWISE_BEZIER_KNOTS.);
#7649 = CARTESIAN_POINT('',(190.71135545107,-46.45016309727,-2.));
#7650 = CARTESIAN_POINT('',(190.71135545107,-46.45016309727,8.));
#7651 = CARTESIAN_POINT('',(190.30348656673,-39.61720824678,-2.));
#7652 = CARTESIAN_POINT('',(190.30348656673,-39.61720824678,8.));
#7653 = CARTESIAN_POINT('',(190.18945352562,-39.55142510159,-2.));
#7654 = CARTESIAN_POINT('',(190.18945352562,-39.55142510159,8.));
#7655 = CARTESIAN_POINT('',(185.06254405857,-43.12140210902,-2.));
#7656 = CARTESIAN_POINT('',(185.06254405857,-43.12140210902,8.));
#7657 = ADVANCED_FACE('',(#7658),#7676,.F.);
#7658 = FACE_BOUND('',#7659,.F.);
#7659 = EDGE_LOOP('',(#7660,#7661,#7668,#7669));
#7660 = ORIENTED_EDGE('',*,*,#7560,.F.);
#7661 = ORIENTED_EDGE('',*,*,#7662,.T.);
#7662 = EDGE_CURVE('',#7552,#7625,#7663,.T.);
#7663 = B_SPLINE_CURVE_WITH_KNOTS('',3,(#7664,#7665,#7666,#7667),
  .UNSPECIFIED.,.F.,.F.,(4,4),(-1.,0.),.PIECEWISE_BEZIER_KNOTS.);
#7664 = CARTESIAN_POINT('',(187.3431245757,-55.83122105005,-2.));
#7665 = CARTESIAN_POINT('',(191.05124618802,-53.46951244858,-2.));
#7666 = CARTESIAN_POINT('',(191.11702933321,-53.28311794776,-2.));
#7667 = CARTESIAN_POINT('',(190.71135545107,-46.45016309727,-2.));
#7668 = ORIENTED_EDGE('',*,*,#7624,.T.);
#7669 = ORIENTED_EDGE('',*,*,#7670,.T.);
#7670 = EDGE_CURVE('',#7627,#7561,#7671,.T.);
#7671 = B_SPLINE_CURVE_WITH_KNOTS('',3,(#7672,#7673,#7674,#7675),
  .UNSPECIFIED.,.F.,.F.,(4,4),(0.,2.032145242983),
  .PIECEWISE_BEZIER_KNOTS.);
#7672 = CARTESIAN_POINT('',(190.71135545107,-46.45016309727,0.));
#7673 = CARTESIAN_POINT('',(191.11702933321,-53.28311794776,0.));
#7674 = CARTESIAN_POINT('',(191.05124618802,-53.46951244858,0.));
#7675 = CARTESIAN_POINT('',(187.3431245757,-55.83122105005,0.));
#7676 = B_SPLINE_SURFACE_WITH_KNOTS('',3,1,(
    (#7677,#7678)
    ,(#7679,#7680)
    ,(#7681,#7682)
    ,(#7683,#7684
    )),.UNSPECIFIED.,.F.,.F.,.F.,(4,4),(2,2),(-1.,0.),(0.,1.),
  .PIECEWISE_BEZIER_KNOTS.);
#7677 = CARTESIAN_POINT('',(187.3431245757,-55.83122105005,-2.));
#7678 = CARTESIAN_POINT('',(187.3431245757,-55.83122105005,8.));
#7679 = CARTESIAN_POINT('',(191.05124618802,-53.46951244858,-2.));
#7680 = CARTESIAN_POINT('',(191.05124618802,-53.46951244858,8.));
#7681 = CARTESIAN_POINT('',(191.11702933321,-53.28311794776,-2.));
#7682 = CARTESIAN_POINT('',(191.11702933321,-53.28311794776,8.));
#7683 = CARTESIAN_POINT('',(190.71135545107,-46.45016309727,-2.));
#7684 = CARTESIAN_POINT('',(190.71135545107,-46.45016309727,8.));
#7685 = ADVANCED_FACE('',(#7686),#7722,.F.);
#7686 = FACE_BOUND('',#7687,.F.);
#7687 = EDGE_LOOP('',(#7688,#7698,#7707,#7715));
#7688 = ORIENTED_EDGE('',*,*,#7689,.F.);
#7689 = EDGE_CURVE('',#7690,#7692,#7694,.T.);
#7690 = VERTEX_POINT('',#7691);
#7691 = CARTESIAN_POINT('',(154.37784541247,-88.14960027384,-2.));
#7692 = VERTEX_POINT('',#7693);
#7693 = CARTESIAN_POINT('',(154.37784541247,-88.14960027384,0.));
#7694 = LINE('',#7695,#7696);
#7695 = CARTESIAN_POINT('',(154.37784541247,-88.14960027384,-2.));
#7696 = VECTOR('',#7697,1.);
#7697 = DIRECTION('',(0.,0.,1.));
#7698 = ORIENTED_EDGE('',*,*,#7699,.T.);
#7699 = EDGE_CURVE('',#7690,#7700,#7702,.T.);
#7700 = VERTEX_POINT('',#7701);
#7701 = CARTESIAN_POINT('',(158.55963243849,-79.32553082131,-2.));
#7702 = B_SPLINE_CURVE_WITH_KNOTS('',3,(#7703,#7704,#7705,#7706),
  .UNSPECIFIED.,.F.,.F.,(4,4),(-1.,0.),.PIECEWISE_BEZIER_KNOTS.);
#7703 = CARTESIAN_POINT('',(154.37784541247,-88.14960027384,-2.));
#7704 = CARTESIAN_POINT('',(158.04430213549,-91.70642065223,-2.));
#7705 = CARTESIAN_POINT('',(158.12763191411,-91.52879946813,-2.));
#7706 = CARTESIAN_POINT('',(158.55963243849,-79.32553082131,-2.));
#7707 = ORIENTED_EDGE('',*,*,#7708,.T.);
#7708 = EDGE_CURVE('',#7700,#7709,#7711,.T.);
#7709 = VERTEX_POINT('',#7710);
#7710 = CARTESIAN_POINT('',(158.55963243849,-79.32553082131,0.));
#7711 = LINE('',#7712,#7713);
#7712 = CARTESIAN_POINT('',(158.55963243849,-79.32553082131,-2.));
#7713 = VECTOR('',#7714,1.);
#7714 = DIRECTION('',(0.,0.,1.));
#7715 = ORIENTED_EDGE('',*,*,#7716,.T.);
#7716 = EDGE_CURVE('',#7709,#7692,#7717,.T.);
#7717 = B_SPLINE_CURVE_WITH_KNOTS('',3,(#7718,#7719,#7720,#7721),
  .UNSPECIFIED.,.F.,.F.,(4,4),(0.,3.658224132647),
  .PIECEWISE_BEZIER_KNOTS.);
#7718 = CARTESIAN_POINT('',(158.55963243849,-79.32553082131,0.));
#7719 = CARTESIAN_POINT('',(158.12763191411,-91.52879946813,0.));
#7720 = CARTESIAN_POINT('',(158.04430213549,-91.70642065223,0.));
#7721 = CARTESIAN_POINT('',(154.37784541247,-88.14960027384,0.));
#7722 = B_SPLINE_SURFACE_WITH_KNOTS('',3,1,(
    (#7723,#7724)
    ,(#7725,#7726)
    ,(#7727,#7728)
    ,(#7729,#7730
    )),.UNSPECIFIED.,.F.,.F.,.F.,(4,4),(2,2),(-1.,0.),(0.,1.),
  .PIECEWISE_BEZIER_KNOTS.);
#7723 = CARTESIAN_POINT('',(154.37784541247,-88.14960027384,-2.));
#7724 = CARTESIAN_POINT('',(154.37784541247,-88.14960027384,8.));
#7725 = CARTESIAN_POINT('',(158.04430213549,-91.70642065223,-2.));
#7726 = CARTESIAN_POINT('',(158.04430213549,-91.70642065223,8.));
#7727 = CARTESIAN_POINT('',(158.12763191411,-91.52879946813,-2.));
#7728 = CARTESIAN_POINT('',(158.12763191411,-91.52879946813,8.));
#7729 = CARTESIAN_POINT('',(158.55963243849,-79.32553082131,-2.));
#7730 = CARTESIAN_POINT('',(158.55963243849,-79.32553082131,8.));
#7731 = ADVANCED_FACE('',(#7732),#7759,.F.);
#7732 = FACE_BOUND('',#7733,.F.);
#7733 = EDGE_LOOP('',(#7734,#7744,#7751,#7752));
#7734 = ORIENTED_EDGE('',*,*,#7735,.F.);
#7735 = EDGE_CURVE('',#7736,#7738,#7740,.T.);
#7736 = VERTEX_POINT('',#7737);
#7737 = CARTESIAN_POINT('',(152.83625789201,-74.92007440956,-2.));
#7738 = VERTEX_POINT('',#7739);
#7739 = CARTESIAN_POINT('',(152.83625789201,-74.92007440956,0.));
#7740 = LINE('',#7741,#7742);
#7741 = CARTESIAN_POINT('',(152.83625789201,-74.92007440956,-2.));
#7742 = VECTOR('',#7743,1.);
#7743 = DIRECTION('',(0.,0.,1.));
#7744 = ORIENTED_EDGE('',*,*,#7745,.T.);
#7745 = EDGE_CURVE('',#7736,#7690,#7746,.T.);
#7746 = B_SPLINE_CURVE_WITH_KNOTS('',3,(#7747,#7748,#7749,#7750),
  .UNSPECIFIED.,.F.,.F.,(4,4),(-1.,0.),.PIECEWISE_BEZIER_KNOTS.);
#7747 = CARTESIAN_POINT('',(152.83625789201,-74.92007440956,-2.));
#7748 = CARTESIAN_POINT('',(150.67849042479,-84.32963727657,-2.));
#7749 = CARTESIAN_POINT('',(150.70919368726,-84.59497489766,-2.));
#7750 = CARTESIAN_POINT('',(154.37784541247,-88.14960027384,-2.));
#7751 = ORIENTED_EDGE('',*,*,#7689,.T.);
#7752 = ORIENTED_EDGE('',*,*,#7753,.T.);
#7753 = EDGE_CURVE('',#7692,#7738,#7754,.T.);
#7754 = B_SPLINE_CURVE_WITH_KNOTS('',3,(#7755,#7756,#7757,#7758),
  .UNSPECIFIED.,.F.,.F.,(4,4),(0.,1.680426637418),
  .PIECEWISE_BEZIER_KNOTS.);
#7755 = CARTESIAN_POINT('',(154.37784541247,-88.14960027384,0.));
#7756 = CARTESIAN_POINT('',(150.70919368726,-84.59497489766,0.));
#7757 = CARTESIAN_POINT('',(150.67849042479,-84.32963727657,0.));
#7758 = CARTESIAN_POINT('',(152.83625789201,-74.92007440956,0.));
#7759 = B_SPLINE_SURFACE_WITH_KNOTS('',3,1,(
    (#7760,#7761)
    ,(#7762,#7763)
    ,(#7764,#7765)
    ,(#7766,#7767
    )),.UNSPECIFIED.,.F.,.F.,.F.,(4,4),(2,2),(-1.,0.),(0.,1.),
  .PIECEWISE_BEZIER_KNOTS.);
#7760 = CARTESIAN_POINT('',(152.83625789201,-74.92007440956,-2.));
#7761 = CARTESIAN_POINT('',(152.83625789201,-74.92007440956,8.));
#7762 = CARTESIAN_POINT('',(150.67849042479,-84.32963727657,-2.));
#7763 = CARTESIAN_POINT('',(150.67849042479,-84.32963727657,8.));
#7764 = CARTESIAN_POINT('',(150.70919368726,-84.59497489766,-2.));
#7765 = CARTESIAN_POINT('',(150.70919368726,-84.59497489766,8.));
#7766 = CARTESIAN_POINT('',(154.37784541247,-88.14960027384,-2.));
#7767 = CARTESIAN_POINT('',(154.37784541247,-88.14960027384,8.));
#7768 = ADVANCED_FACE('',(#7769),#7796,.F.);
#7769 = FACE_BOUND('',#7770,.F.);
#7770 = EDGE_LOOP('',(#7771,#7781,#7788,#7789));
#7771 = ORIENTED_EDGE('',*,*,#7772,.F.);
#7772 = EDGE_CURVE('',#7773,#7775,#7777,.T.);
#7773 = VERTEX_POINT('',#7774);
#7774 = CARTESIAN_POINT('',(157.01804491803,-66.09600161098,-2.));
#7775 = VERTEX_POINT('',#7776);
#7776 = CARTESIAN_POINT('',(157.01804491803,-66.09600161098,0.));
#7777 = LINE('',#7778,#7779);
#7778 = CARTESIAN_POINT('',(157.01804491803,-66.09600161098,-2.));
#7779 = VECTOR('',#7780,1.);
#7780 = DIRECTION('',(0.,0.,1.));
#7781 = ORIENTED_EDGE('',*,*,#7782,.T.);
#7782 = EDGE_CURVE('',#7773,#7736,#7783,.T.);
#7783 = B_SPLINE_CURVE_WITH_KNOTS('',3,(#7784,#7785,#7786,#7787),
  .UNSPECIFIED.,.F.,.F.,(4,4),(-1.,0.),.PIECEWISE_BEZIER_KNOTS.);
#7784 = CARTESIAN_POINT('',(157.01804491803,-66.09600161098,-2.));
#7785 = CARTESIAN_POINT('',(155.07517351982,-65.33507866857,-2.));
#7786 = CARTESIAN_POINT('',(154.99184374119,-65.51050485047,-2.));
#7787 = CARTESIAN_POINT('',(152.83625789201,-74.92007440956,-2.));
#7788 = ORIENTED_EDGE('',*,*,#7735,.T.);
#7789 = ORIENTED_EDGE('',*,*,#7790,.T.);
#7790 = EDGE_CURVE('',#7738,#7775,#7791,.T.);
#7791 = B_SPLINE_CURVE_WITH_KNOTS('',3,(#7792,#7793,#7794,#7795),
  .UNSPECIFIED.,.F.,.F.,(4,4),(0.,2.921996241618),
  .PIECEWISE_BEZIER_KNOTS.);
#7792 = CARTESIAN_POINT('',(152.83625789201,-74.92007440956,0.));
#7793 = CARTESIAN_POINT('',(154.99184374119,-65.51050485047,0.));
#7794 = CARTESIAN_POINT('',(155.07517351982,-65.33507866857,0.));
#7795 = CARTESIAN_POINT('',(157.01804491803,-66.09600161098,0.));
#7796 = B_SPLINE_SURFACE_WITH_KNOTS('',3,1,(
    (#7797,#7798)
    ,(#7799,#7800)
    ,(#7801,#7802)
    ,(#7803,#7804
    )),.UNSPECIFIED.,.F.,.F.,.F.,(4,4),(2,2),(-1.,0.),(0.,1.),
  .PIECEWISE_BEZIER_KNOTS.);
#7797 = CARTESIAN_POINT('',(157.01804491803,-66.09600161098,-2.));
#7798 = CARTESIAN_POINT('',(157.01804491803,-66.09600161098,8.));
#7799 = CARTESIAN_POINT('',(155.07517351982,-65.33507866857,-2.));
#7800 = CARTESIAN_POINT('',(155.07517351982,-65.33507866857,8.));
#7801 = CARTESIAN_POINT('',(154.99184374119,-65.51050485047,-2.));
#7802 = CARTESIAN_POINT('',(154.99184374119,-65.51050485047,8.));
#7803 = CARTESIAN_POINT('',(152.83625789201,-74.92007440956,-2.));
#7804 = CARTESIAN_POINT('',(152.83625789201,-74.92007440956,8.));
#7805 = ADVANCED_FACE('',(#7806),#7824,.F.);
#7806 = FACE_BOUND('',#7807,.F.);
#7807 = EDGE_LOOP('',(#7808,#7809,#7816,#7817));
#7808 = ORIENTED_EDGE('',*,*,#7708,.F.);
#7809 = ORIENTED_EDGE('',*,*,#7810,.T.);
#7810 = EDGE_CURVE('',#7700,#7773,#7811,.T.);
#7811 = B_SPLINE_CURVE_WITH_KNOTS('',3,(#7812,#7813,#7814,#7815),
  .UNSPECIFIED.,.F.,.F.,(4,4),(-1.,0.),.PIECEWISE_BEZIER_KNOTS.);
#7812 = CARTESIAN_POINT('',(158.55963243849,-79.32553082131,-2.));
#7813 = CARTESIAN_POINT('',(158.99161957871,-67.12445383064,-2.));
#7814 = CARTESIAN_POINT('',(158.96091631624,-66.8591195556,-2.));
#7815 = CARTESIAN_POINT('',(157.01804491803,-66.09600161098,-2.));
#7816 = ORIENTED_EDGE('',*,*,#7772,.T.);
#7817 = ORIENTED_EDGE('',*,*,#7818,.T.);
#7818 = EDGE_CURVE('',#7775,#7709,#7819,.T.);
#7819 = B_SPLINE_CURVE_WITH_KNOTS('',3,(#7820,#7821,#7822,#7823),
  .UNSPECIFIED.,.F.,.F.,(4,4),(0.,0.631149590744),
  .PIECEWISE_BEZIER_KNOTS.);
#7820 = CARTESIAN_POINT('',(157.01804491803,-66.09600161098,0.));
#7821 = CARTESIAN_POINT('',(158.96091631624,-66.8591195556,0.));
#7822 = CARTESIAN_POINT('',(158.99161957871,-67.12445383064,0.));
#7823 = CARTESIAN_POINT('',(158.55963243849,-79.32553082131,0.));
#7824 = B_SPLINE_SURFACE_WITH_KNOTS('',3,1,(
    (#7825,#7826)
    ,(#7827,#7828)
    ,(#7829,#7830)
    ,(#7831,#7832
    )),.UNSPECIFIED.,.F.,.F.,.F.,(4,4),(2,2),(-1.,0.),(0.,1.),
  .PIECEWISE_BEZIER_KNOTS.);
#7825 = CARTESIAN_POINT('',(158.55963243849,-79.32553082131,-2.));
#7826 = CARTESIAN_POINT('',(158.55963243849,-79.32553082131,8.));
#7827 = CARTESIAN_POINT('',(158.99161957871,-67.12445383064,-2.));
#7828 = CARTESIAN_POINT('',(158.99161957871,-67.12445383064,8.));
#7829 = CARTESIAN_POINT('',(158.96091631624,-66.8591195556,-2.));
#7830 = CARTESIAN_POINT('',(158.96091631624,-66.8591195556,8.));
#7831 = CARTESIAN_POINT('',(157.01804491803,-66.09600161098,-2.));
#7832 = CARTESIAN_POINT('',(157.01804491803,-66.09600161098,8.));
#7833 = ADVANCED_FACE('',(#7834),#7870,.F.);
#7834 = FACE_BOUND('',#7835,.F.);
#7835 = EDGE_LOOP('',(#7836,#7846,#7855,#7863));
#7836 = ORIENTED_EDGE('',*,*,#7837,.F.);
#7837 = EDGE_CURVE('',#7838,#7840,#7842,.T.);
#7838 = VERTEX_POINT('',#7839);
#7839 = CARTESIAN_POINT('',(112.01396835512,-75.22488191776,-2.));
#7840 = VERTEX_POINT('',#7841);
#7841 = CARTESIAN_POINT('',(112.01396835512,-75.22488191776,0.));
#7842 = LINE('',#7843,#7844);
#7843 = CARTESIAN_POINT('',(112.01396835512,-75.22488191776,-2.));
#7844 = VECTOR('',#7845,1.);
#7845 = DIRECTION('',(0.,0.,1.));
#7846 = ORIENTED_EDGE('',*,*,#7847,.T.);
#7847 = EDGE_CURVE('',#7838,#7848,#7850,.T.);
#7848 = VERTEX_POINT('',#7849);
#7849 = CARTESIAN_POINT('',(122.20419245414,-71.00800831694,-2.));
#7850 = B_SPLINE_CURVE_WITH_KNOTS('',3,(#7851,#7852,#7853,#7854),
  .UNSPECIFIED.,.F.,.F.,(4,4),(-1.,0.),.PIECEWISE_BEZIER_KNOTS.);
#7851 = CARTESIAN_POINT('',(112.01396835512,-75.22488191776,-2.));
#7852 = CARTESIAN_POINT('',(113.0161073167,-76.39148208835,-2.));
#7853 = CARTESIAN_POINT('',(113.22004175887,-76.30815230973,-2.));
#7854 = CARTESIAN_POINT('',(122.20419245414,-71.00800831694,-2.));
#7855 = ORIENTED_EDGE('',*,*,#7856,.T.);
#7856 = EDGE_CURVE('',#7848,#7857,#7859,.T.);
#7857 = VERTEX_POINT('',#7858);
#7858 = CARTESIAN_POINT('',(122.20419245414,-71.00800831694,0.));
#7859 = LINE('',#7860,#7861);
#7860 = CARTESIAN_POINT('',(122.20419245414,-71.00800831694,-2.));
#7861 = VECTOR('',#7862,1.);
#7862 = DIRECTION('',(0.,0.,1.));
#7863 = ORIENTED_EDGE('',*,*,#7864,.T.);
#7864 = EDGE_CURVE('',#7857,#7840,#7865,.T.);
#7865 = B_SPLINE_CURVE_WITH_KNOTS('',3,(#7866,#7867,#7868,#7869),
  .UNSPECIFIED.,.F.,.F.,(4,4),(0.,3.145839319016),
  .PIECEWISE_BEZIER_KNOTS.);
#7866 = CARTESIAN_POINT('',(122.20419245414,-71.00800831694,0.));
#7867 = CARTESIAN_POINT('',(113.22004175887,-76.30815230973,0.));
#7868 = CARTESIAN_POINT('',(113.0161073167,-76.39148208835,0.));
#7869 = CARTESIAN_POINT('',(112.01396835512,-75.22488191776,0.));
#7870 = B_SPLINE_SURFACE_WITH_KNOTS('',3,1,(
    (#7871,#7872)
    ,(#7873,#7874)
    ,(#7875,#7876)
    ,(#7877,#7878
    )),.UNSPECIFIED.,.F.,.F.,.F.,(4,4),(2,2),(-1.,0.),(0.,1.),
  .PIECEWISE_BEZIER_KNOTS.);
#7871 = CARTESIAN_POINT('',(112.01396835512,-75.22488191776,-2.));
#7872 = CARTESIAN_POINT('',(112.01396835512,-75.22488191776,8.));
#7873 = CARTESIAN_POINT('',(113.0161073167,-76.39148208835,-2.));
#7874 = CARTESIAN_POINT('',(113.0161073167,-76.39148208835,8.));
#7875 = CARTESIAN_POINT('',(113.22004175887,-76.30815230973,-2.));
#7876 = CARTESIAN_POINT('',(113.22004175887,-76.30815230973,8.));
#7877 = CARTESIAN_POINT('',(122.20419245414,-71.00800831694,-2.));
#7878 = CARTESIAN_POINT('',(122.20419245414,-71.00800831694,8.));
#7879 = ADVANCED_FACE('',(#7880),#7907,.F.);
#7880 = FACE_BOUND('',#7881,.F.);
#7881 = EDGE_LOOP('',(#7882,#7892,#7899,#7900));
#7882 = ORIENTED_EDGE('',*,*,#7883,.F.);
#7883 = EDGE_CURVE('',#7884,#7886,#7888,.T.);
#7884 = VERTEX_POINT('',#7885);
#7885 = CARTESIAN_POINT('',(110.52281904069,-70.13963734002,-2.));
#7886 = VERTEX_POINT('',#7887);
#7887 = CARTESIAN_POINT('',(110.52281904069,-70.13963734002,0.));
#7888 = LINE('',#7889,#7890);
#7889 = CARTESIAN_POINT('',(110.52281904069,-70.13963734002,-2.));
#7890 = VECTOR('',#7891,1.);
#7891 = DIRECTION('',(0.,0.,1.));
#7892 = ORIENTED_EDGE('',*,*,#7893,.T.);
#7893 = EDGE_CURVE('',#7884,#7838,#7894,.T.);
#7894 = B_SPLINE_CURVE_WITH_KNOTS('',3,(#7895,#7896,#7897,#7898),
  .UNSPECIFIED.,.F.,.F.,(4,4),(-1.,0.),.PIECEWISE_BEZIER_KNOTS.);
#7895 = CARTESIAN_POINT('',(110.52281904069,-70.13963734002,-2.));
#7896 = CARTESIAN_POINT('',(110.98551613546,-73.95740868113,-2.));
#7897 = CARTESIAN_POINT('',(111.01402439574,-74.05827840112,-2.));
#7898 = CARTESIAN_POINT('',(112.01396835512,-75.22488191776,-2.));
#7899 = ORIENTED_EDGE('',*,*,#7837,.T.);
#7900 = ORIENTED_EDGE('',*,*,#7901,.T.);
#7901 = EDGE_CURVE('',#7840,#7886,#7902,.T.);
#7902 = B_SPLINE_CURVE_WITH_KNOTS('',3,(#7903,#7904,#7905,#7906),
  .UNSPECIFIED.,.F.,.F.,(4,4),(0.,0.460864812705),
  .PIECEWISE_BEZIER_KNOTS.);
#7903 = CARTESIAN_POINT('',(112.01396835512,-75.22488191776,0.));
#7904 = CARTESIAN_POINT('',(111.01402439574,-74.05827840112,0.));
#7905 = CARTESIAN_POINT('',(110.98551613546,-73.95740868113,0.));
#7906 = CARTESIAN_POINT('',(110.52281904069,-70.13963734002,0.));
#7907 = B_SPLINE_SURFACE_WITH_KNOTS('',3,1,(
    (#7908,#7909)
    ,(#7910,#7911)
    ,(#7912,#7913)
    ,(#7914,#7915
    )),.UNSPECIFIED.,.F.,.F.,.F.,(4,4),(2,2),(-1.,0.),(0.,1.),
  .PIECEWISE_BEZIER_KNOTS.);
#7908 = CARTESIAN_POINT('',(110.52281904069,-70.13963734002,-2.));
#7909 = CARTESIAN_POINT('',(110.52281904069,-70.13963734002,8.));
#7910 = CARTESIAN_POINT('',(110.98551613546,-73.95740868113,-2.));
#7911 = CARTESIAN_POINT('',(110.98551613546,-73.95740868113,8.));
#7912 = CARTESIAN_POINT('',(111.01402439574,-74.05827840112,-2.));
#7913 = CARTESIAN_POINT('',(111.01402439574,-74.05827840112,8.));
#7914 = CARTESIAN_POINT('',(112.01396835512,-75.22488191776,-2.));
#7915 = CARTESIAN_POINT('',(112.01396835512,-75.22488191776,8.));
#7916 = ADVANCED_FACE('',(#7917),#7944,.F.);
#7917 = FACE_BOUND('',#7918,.F.);
#7918 = EDGE_LOOP('',(#7919,#7929,#7936,#7937));
#7919 = ORIENTED_EDGE('',*,*,#7920,.F.);
#7920 = EDGE_CURVE('',#7921,#7923,#7925,.T.);
#7921 = VERTEX_POINT('',#7922);
#7922 = CARTESIAN_POINT('',(117.08166629941,-62.71460741449,-2.));
#7923 = VERTEX_POINT('',#7924);
#7924 = CARTESIAN_POINT('',(117.08166629941,-62.71460741449,0.));
#7925 = LINE('',#7926,#7927);
#7926 = CARTESIAN_POINT('',(117.08166629941,-62.71460741449,-2.));
#7927 = VECTOR('',#7928,1.);
#7928 = DIRECTION('',(0.,0.,1.));
#7929 = ORIENTED_EDGE('',*,*,#7930,.T.);
#7930 = EDGE_CURVE('',#7921,#7884,#7931,.T.);
#7931 = B_SPLINE_CURVE_WITH_KNOTS('',3,(#7932,#7933,#7934,#7935),
  .UNSPECIFIED.,.F.,.F.,(4,4),(-1.,0.),.PIECEWISE_BEZIER_KNOTS.);
#7932 = CARTESIAN_POINT('',(117.08166629941,-62.71460741449,-2.));
#7933 = CARTESIAN_POINT('',(110.19388993057,-66.17275307509,-2.));
#7934 = CARTESIAN_POINT('',(110.06232364019,-66.32186599891,-2.));
#7935 = CARTESIAN_POINT('',(110.52281904069,-70.13963734002,-2.));
#7936 = ORIENTED_EDGE('',*,*,#7883,.T.);
#7937 = ORIENTED_EDGE('',*,*,#7938,.T.);
#7938 = EDGE_CURVE('',#7886,#7923,#7939,.T.);
#7939 = B_SPLINE_CURVE_WITH_KNOTS('',3,(#7940,#7941,#7942,#7943),
  .UNSPECIFIED.,.F.,.F.,(4,4),(0.,1.147925050646),
  .PIECEWISE_BEZIER_KNOTS.);
#7940 = CARTESIAN_POINT('',(110.52281904069,-70.13963734002,0.));
#7941 = CARTESIAN_POINT('',(110.06232364019,-66.32186599891,0.));
#7942 = CARTESIAN_POINT('',(110.19388993057,-66.17275307509,0.));
#7943 = CARTESIAN_POINT('',(117.08166629941,-62.71460741449,0.));
#7944 = B_SPLINE_SURFACE_WITH_KNOTS('',3,1,(
    (#7945,#7946)
    ,(#7947,#7948)
    ,(#7949,#7950)
    ,(#7951,#7952
    )),.UNSPECIFIED.,.F.,.F.,.F.,(4,4),(2,2),(-1.,0.),(0.,1.),
  .PIECEWISE_BEZIER_KNOTS.);
#7945 = CARTESIAN_POINT('',(117.08166629941,-62.71460741449,-2.));
#7946 = CARTESIAN_POINT('',(117.08166629941,-62.71460741449,8.));
#7947 = CARTESIAN_POINT('',(110.19388993057,-66.17275307509,-2.));
#7948 = CARTESIAN_POINT('',(110.19388993057,-66.17275307509,8.));
#7949 = CARTESIAN_POINT('',(110.06232364019,-66.32186599891,-2.));
#7950 = CARTESIAN_POINT('',(110.06232364019,-66.32186599891,8.));
#7951 = CARTESIAN_POINT('',(110.52281904069,-70.13963734002,-2.));
#7952 = CARTESIAN_POINT('',(110.52281904069,-70.13963734002,8.));
#7953 = ADVANCED_FACE('',(#7954),#7981,.F.);
#7954 = FACE_BOUND('',#7955,.F.);
#7955 = EDGE_LOOP('',(#7956,#7966,#7973,#7974));
#7956 = ORIENTED_EDGE('',*,*,#7957,.F.);
#7957 = EDGE_CURVE('',#7958,#7960,#7962,.T.);
#7958 = VERTEX_POINT('',#7959);
#7959 = CARTESIAN_POINT('',(128.82224454354,-58.49774050576,-2.));
#7960 = VERTEX_POINT('',#7961);
#7961 = CARTESIAN_POINT('',(128.82224454354,-58.49774050576,0.));
#7962 = LINE('',#7963,#7964);
#7963 = CARTESIAN_POINT('',(128.82224454354,-58.49774050576,-2.));
#7964 = VECTOR('',#7965,1.);
#7965 = DIRECTION('',(0.,0.,1.));
#7966 = ORIENTED_EDGE('',*,*,#7967,.T.);
#7967 = EDGE_CURVE('',#7958,#7921,#7968,.T.);
#7968 = B_SPLINE_CURVE_WITH_KNOTS('',3,(#7969,#7970,#7971,#7972),
  .UNSPECIFIED.,.F.,.F.,(4,4),(-1.,0.),.PIECEWISE_BEZIER_KNOTS.);
#7969 = CARTESIAN_POINT('',(128.82224454354,-58.49774050576,-2.));
#7970 = CARTESIAN_POINT('',(124.20408037291,-59.17313866735,-2.));
#7971 = CARTESIAN_POINT('',(123.96944266826,-59.25866344817,-2.));
#7972 = CARTESIAN_POINT('',(117.08166629941,-62.71460741449,-2.));
#7973 = ORIENTED_EDGE('',*,*,#7920,.T.);
#7974 = ORIENTED_EDGE('',*,*,#7975,.T.);
#7975 = EDGE_CURVE('',#7923,#7960,#7976,.T.);
#7976 = B_SPLINE_CURVE_WITH_KNOTS('',3,(#7977,#7978,#7979,#7980),
  .UNSPECIFIED.,.F.,.F.,(4,4),(0.,2.314606772685),
  .PIECEWISE_BEZIER_KNOTS.);
#7977 = CARTESIAN_POINT('',(117.08166629941,-62.71460741449,0.));
#7978 = CARTESIAN_POINT('',(123.96944266826,-59.25866344817,0.));
#7979 = CARTESIAN_POINT('',(124.20408037291,-59.17313866735,0.));
#7980 = CARTESIAN_POINT('',(128.82224454354,-58.49774050576,0.));
#7981 = B_SPLINE_SURFACE_WITH_KNOTS('',3,1,(
    (#7982,#7983)
    ,(#7984,#7985)
    ,(#7986,#7987)
    ,(#7988,#7989
    )),.UNSPECIFIED.,.F.,.F.,.F.,(4,4),(2,2),(-1.,0.),(0.,1.),
  .PIECEWISE_BEZIER_KNOTS.);
#7982 = CARTESIAN_POINT('',(128.82224454354,-58.49774050576,-2.));
#7983 = CARTESIAN_POINT('',(128.82224454354,-58.49774050576,8.));
#7984 = CARTESIAN_POINT('',(124.20408037291,-59.17313866735,-2.));
#7985 = CARTESIAN_POINT('',(124.20408037291,-59.17313866735,8.));
#7986 = CARTESIAN_POINT('',(123.96944266826,-59.25866344817,-2.));
#7987 = CARTESIAN_POINT('',(123.96944266826,-59.25866344817,8.));
#7988 = CARTESIAN_POINT('',(117.08166629941,-62.71460741449,-2.));
#7989 = CARTESIAN_POINT('',(117.08166629941,-62.71460741449,8.));
#7990 = ADVANCED_FACE('',(#7991),#8018,.F.);
#7991 = FACE_BOUND('',#7992,.F.);
#7992 = EDGE_LOOP('',(#7993,#8003,#8010,#8011));
#7993 = ORIENTED_EDGE('',*,*,#7994,.F.);
#7994 = EDGE_CURVE('',#7995,#7997,#7999,.T.);
#7995 = VERTEX_POINT('',#7996);
#7996 = CARTESIAN_POINT('',(134.06757036402,-58.48677218684,-2.));
#7997 = VERTEX_POINT('',#7998);
#7998 = CARTESIAN_POINT('',(134.06757036402,-58.48677218684,0.));
#7999 = LINE('',#8000,#8001);
#8000 = CARTESIAN_POINT('',(134.06757036402,-58.48677218684,-2.));
#8001 = VECTOR('',#8002,1.);
#8002 = DIRECTION('',(0.,0.,1.));
#8003 = ORIENTED_EDGE('',*,*,#8004,.T.);
#8004 = EDGE_CURVE('',#7995,#7958,#8005,.T.);
#8005 = B_SPLINE_CURVE_WITH_KNOTS('',3,(#8006,#8007,#8008,#8009),
  .UNSPECIFIED.,.F.,.F.,(4,4),(-1.,0.),.PIECEWISE_BEZIER_KNOTS.);
#8006 = CARTESIAN_POINT('',(134.06757036402,-58.48677218684,-2.));
#8007 = CARTESIAN_POINT('',(133.54347343637,-57.82233565209,-2.));
#8008 = CARTESIAN_POINT('',(133.43821371198,-57.82233565209,-2.));
#8009 = CARTESIAN_POINT('',(128.82224454354,-58.49774050576,-2.));
#8010 = ORIENTED_EDGE('',*,*,#7957,.T.);
#8011 = ORIENTED_EDGE('',*,*,#8012,.T.);
#8012 = EDGE_CURVE('',#7960,#7997,#8013,.T.);
#8013 = B_SPLINE_CURVE_WITH_KNOTS('',3,(#8014,#8015,#8016,#8017),
  .UNSPECIFIED.,.F.,.F.,(4,4),(0.,1.330020747573),
  .PIECEWISE_BEZIER_KNOTS.);
#8014 = CARTESIAN_POINT('',(128.82224454354,-58.49774050576,0.));
#8015 = CARTESIAN_POINT('',(133.43821371198,-57.82233565209,0.));
#8016 = CARTESIAN_POINT('',(133.54347343637,-57.82233565209,0.));
#8017 = CARTESIAN_POINT('',(134.06757036402,-58.48677218684,0.));
#8018 = B_SPLINE_SURFACE_WITH_KNOTS('',3,1,(
    (#8019,#8020)
    ,(#8021,#8022)
    ,(#8023,#8024)
    ,(#8025,#8026
    )),.UNSPECIFIED.,.F.,.F.,.F.,(4,4),(2,2),(-1.,0.),(0.,1.),
  .PIECEWISE_BEZIER_KNOTS.);
#8019 = CARTESIAN_POINT('',(134.06757036402,-58.48677218684,-2.));
#8020 = CARTESIAN_POINT('',(134.06757036402,-58.48677218684,8.));
#8021 = CARTESIAN_POINT('',(133.54347343637,-57.82233565209,-2.));
#8022 = CARTESIAN_POINT('',(133.54347343637,-57.82233565209,8.));
#8023 = CARTESIAN_POINT('',(133.43821371198,-57.82233565209,-2.));
#8024 = CARTESIAN_POINT('',(133.43821371198,-57.82233565209,8.));
#8025 = CARTESIAN_POINT('',(128.82224454354,-58.49774050576,-2.));
#8026 = CARTESIAN_POINT('',(128.82224454354,-58.49774050576,8.));
#8027 = ADVANCED_FACE('',(#8028),#8055,.F.);
#8028 = FACE_BOUND('',#8029,.F.);
#8029 = EDGE_LOOP('',(#8030,#8040,#8047,#8048));
#8030 = ORIENTED_EDGE('',*,*,#8031,.F.);
#8031 = EDGE_CURVE('',#8032,#8034,#8036,.T.);
#8032 = VERTEX_POINT('',#8033);
#8033 = CARTESIAN_POINT('',(132.98648493613,-62.38348999426,-2.));
#8034 = VERTEX_POINT('',#8035);
#8035 = CARTESIAN_POINT('',(132.98648493613,-62.38348999426,0.));
#8036 = LINE('',#8037,#8038);
#8037 = CARTESIAN_POINT('',(132.98648493613,-62.38348999426,-2.));
#8038 = VECTOR('',#8039,1.);
#8039 = DIRECTION('',(0.,0.,1.));
#8040 = ORIENTED_EDGE('',*,*,#8041,.T.);
#8041 = EDGE_CURVE('',#8032,#7995,#8042,.T.);
#8042 = B_SPLINE_CURVE_WITH_KNOTS('',3,(#8043,#8044,#8045,#8046),
  .UNSPECIFIED.,.F.,.F.,(4,4),(-1.,0.),.PIECEWISE_BEZIER_KNOTS.);
#8043 = CARTESIAN_POINT('',(132.98648493613,-62.38348999426,-2.));
#8044 = CARTESIAN_POINT('',(134.56754234371,-59.2301551879,-2.));
#8045 = CARTESIAN_POINT('',(134.58946559738,-59.15340372379,-2.));
#8046 = CARTESIAN_POINT('',(134.06757036402,-58.48677218684,-2.));
#8047 = ORIENTED_EDGE('',*,*,#7994,.T.);
#8048 = ORIENTED_EDGE('',*,*,#8049,.T.);
#8049 = EDGE_CURVE('',#7997,#8034,#8050,.T.);
#8050 = B_SPLINE_CURVE_WITH_KNOTS('',3,(#8051,#8052,#8053,#8054),
  .UNSPECIFIED.,.F.,.F.,(4,4),(0.,0.253939080026),
  .PIECEWISE_BEZIER_KNOTS.);
#8051 = CARTESIAN_POINT('',(134.06757036402,-58.48677218684,0.));
#8052 = CARTESIAN_POINT('',(134.58946559738,-59.15340372379,0.));
#8053 = CARTESIAN_POINT('',(134.56754234371,-59.2301551879,0.));
#8054 = CARTESIAN_POINT('',(132.98648493613,-62.38348999426,0.));
#8055 = B_SPLINE_SURFACE_WITH_KNOTS('',3,1,(
    (#8056,#8057)
    ,(#8058,#8059)
    ,(#8060,#8061)
    ,(#8062,#8063
    )),.UNSPECIFIED.,.F.,.F.,.F.,(4,4),(2,2),(-1.,0.),(0.,1.),
  .PIECEWISE_BEZIER_KNOTS.);
#8056 = CARTESIAN_POINT('',(132.98648493613,-62.38348999426,-2.));
#8057 = CARTESIAN_POINT('',(132.98648493613,-62.38348999426,8.));
#8058 = CARTESIAN_POINT('',(134.56754234371,-59.2301551879,-2.));
#8059 = CARTESIAN_POINT('',(134.56754234371,-59.2301551879,8.));
#8060 = CARTESIAN_POINT('',(134.58946559738,-59.15340372379,-2.));
#8061 = CARTESIAN_POINT('',(134.58946559738,-59.15340372379,8.));
#8062 = CARTESIAN_POINT('',(134.06757036402,-58.48677218684,-2.));
#8063 = CARTESIAN_POINT('',(134.06757036402,-58.48677218684,8.));
#8064 = ADVANCED_FACE('',(#8065),#8083,.F.);
#8065 = FACE_BOUND('',#8066,.F.);
#8066 = EDGE_LOOP('',(#8067,#8068,#8075,#8076));
#8067 = ORIENTED_EDGE('',*,*,#7856,.F.);
#8068 = ORIENTED_EDGE('',*,*,#8069,.T.);
#8069 = EDGE_CURVE('',#7848,#8032,#8070,.T.);
#8070 = B_SPLINE_CURVE_WITH_KNOTS('',3,(#8071,#8072,#8073,#8074),
  .UNSPECIFIED.,.F.,.F.,(4,4),(-1.,0.),.PIECEWISE_BEZIER_KNOTS.);
#8071 = CARTESIAN_POINT('',(122.20419245414,-71.00800831694,-2.));
#8072 = CARTESIAN_POINT('',(131.19053145954,-65.7078676702,-2.));
#8073 = CARTESIAN_POINT('',(131.40762922283,-65.53462979842,-2.));
#8074 = CARTESIAN_POINT('',(132.98648493613,-62.38348999426,-2.));
#8075 = ORIENTED_EDGE('',*,*,#8031,.T.);
#8076 = ORIENTED_EDGE('',*,*,#8077,.T.);
#8077 = EDGE_CURVE('',#8034,#7857,#8078,.T.);
#8078 = B_SPLINE_CURVE_WITH_KNOTS('',3,(#8079,#8080,#8081,#8082),
  .UNSPECIFIED.,.F.,.F.,(4,4),(0.,1.057181658069),
  .PIECEWISE_BEZIER_KNOTS.);
#8079 = CARTESIAN_POINT('',(132.98648493613,-62.38348999426,0.));
#8080 = CARTESIAN_POINT('',(131.40762922283,-65.53462979842,0.));
#8081 = CARTESIAN_POINT('',(131.19053145954,-65.7078676702,0.));
#8082 = CARTESIAN_POINT('',(122.20419245414,-71.00800831694,0.));
#8083 = B_SPLINE_SURFACE_WITH_KNOTS('',3,1,(
    (#8084,#8085)
    ,(#8086,#8087)
    ,(#8088,#8089)
    ,(#8090,#8091
    )),.UNSPECIFIED.,.F.,.F.,.F.,(4,4),(2,2),(-1.,0.),(0.,1.),
  .PIECEWISE_BEZIER_KNOTS.);
#8084 = CARTESIAN_POINT('',(122.20419245414,-71.00800831694,-2.));
#8085 = CARTESIAN_POINT('',(122.20419245414,-71.00800831694,8.));
#8086 = CARTESIAN_POINT('',(131.19053145954,-65.7078676702,-2.));
#8087 = CARTESIAN_POINT('',(131.19053145954,-65.7078676702,8.));
#8088 = CARTESIAN_POINT('',(131.40762922283,-65.53462979842,-2.));
#8089 = CARTESIAN_POINT('',(131.40762922283,-65.53462979842,8.));
#8090 = CARTESIAN_POINT('',(132.98648493613,-62.38348999426,-2.));
#8091 = CARTESIAN_POINT('',(132.98648493613,-62.38348999426,8.));
#8092 = ADVANCED_FACE('',(#8093),#8129,.F.);
#8093 = FACE_BOUND('',#8094,.F.);
#8094 = EDGE_LOOP('',(#8095,#8105,#8114,#8122));
#8095 = ORIENTED_EDGE('',*,*,#8096,.F.);
#8096 = EDGE_CURVE('',#8097,#8099,#8101,.T.);
#8097 = VERTEX_POINT('',#8098);
#8098 = CARTESIAN_POINT('',(95.26270199517,-91.29197010733,-2.));
#8099 = VERTEX_POINT('',#8100);
#8100 = CARTESIAN_POINT('',(95.26270199517,-91.29197010733,0.));
#8101 = LINE('',#8102,#8103);
#8102 = CARTESIAN_POINT('',(95.26270199517,-91.29197010733,-2.));
#8103 = VECTOR('',#8104,1.);
#8104 = DIRECTION('',(0.,0.,1.));
#8105 = ORIENTED_EDGE('',*,*,#8106,.T.);
#8106 = EDGE_CURVE('',#8097,#8107,#8109,.T.);
#8107 = VERTEX_POINT('',#8108);
#8108 = CARTESIAN_POINT('',(105.79940183774,-85.36028449843,-2.));
#8109 = B_SPLINE_CURVE_WITH_KNOTS('',3,(#8110,#8111,#8112,#8113),
  .UNSPECIFIED.,.F.,.F.,(4,4),(-1.,0.),.PIECEWISE_BEZIER_KNOTS.);
#8110 = CARTESIAN_POINT('',(95.26270199517,-91.29197010733,-2.));
#8111 = CARTESIAN_POINT('',(101.31061564737,-91.03760080516,-2.));
#8112 = CARTESIAN_POINT('',(101.52112840406,-90.91918445174,-2.));
#8113 = CARTESIAN_POINT('',(105.79940183774,-85.36028449843,-2.));
#8114 = ORIENTED_EDGE('',*,*,#8115,.T.);
#8115 = EDGE_CURVE('',#8107,#8116,#8118,.T.);
#8116 = VERTEX_POINT('',#8117);
#8117 = CARTESIAN_POINT('',(105.79940183774,-85.36028449843,0.));
#8118 = LINE('',#8119,#8120);
#8119 = CARTESIAN_POINT('',(105.79940183774,-85.36028449843,-2.));
#8120 = VECTOR('',#8121,1.);
#8121 = DIRECTION('',(0.,0.,1.));
#8122 = ORIENTED_EDGE('',*,*,#8123,.T.);
#8123 = EDGE_CURVE('',#8116,#8099,#8124,.T.);
#8124 = B_SPLINE_CURVE_WITH_KNOTS('',3,(#8125,#8126,#8127,#8128),
  .UNSPECIFIED.,.F.,.F.,(4,4),(0.,2.116101670721),
  .PIECEWISE_BEZIER_KNOTS.);
#8125 = CARTESIAN_POINT('',(105.79940183774,-85.36028449843,0.));
#8126 = CARTESIAN_POINT('',(101.52112840406,-90.91918445174,0.));
#8127 = CARTESIAN_POINT('',(101.31061564737,-91.03760080516,0.));
#8128 = CARTESIAN_POINT('',(95.26270199517,-91.29197010733,0.));
#8129 = B_SPLINE_SURFACE_WITH_KNOTS('',3,1,(
    (#8130,#8131)
    ,(#8132,#8133)
    ,(#8134,#8135)
    ,(#8136,#8137
    )),.UNSPECIFIED.,.F.,.F.,.F.,(4,4),(2,2),(-1.,0.),(0.,1.),
  .PIECEWISE_BEZIER_KNOTS.);
#8130 = CARTESIAN_POINT('',(95.26270199517,-91.29197010733,-2.));
#8131 = CARTESIAN_POINT('',(95.26270199517,-91.29197010733,8.));
#8132 = CARTESIAN_POINT('',(101.31061564737,-91.03760080516,-2.));
#8133 = CARTESIAN_POINT('',(101.31061564737,-91.03760080516,8.));
#8134 = CARTESIAN_POINT('',(101.52112840406,-90.91918445174,-2.));
#8135 = CARTESIAN_POINT('',(101.52112840406,-90.91918445174,8.));
#8136 = CARTESIAN_POINT('',(105.79940183774,-85.36028449843,-2.));
#8137 = CARTESIAN_POINT('',(105.79940183774,-85.36028449843,8.));
#8138 = ADVANCED_FACE('',(#8139),#8166,.F.);
#8139 = FACE_BOUND('',#8140,.F.);
#8140 = EDGE_LOOP('',(#8141,#8151,#8158,#8159));
#8141 = ORIENTED_EDGE('',*,*,#8142,.F.);
#8142 = EDGE_CURVE('',#8143,#8145,#8147,.T.);
#8143 = VERTEX_POINT('',#8144);
#8144 = CARTESIAN_POINT('',(89.203830062171,-87.23737275145,-2.));
#8145 = VERTEX_POINT('',#8146);
#8146 = CARTESIAN_POINT('',(89.203830062171,-87.23737275145,0.));
#8147 = LINE('',#8148,#8149);
#8148 = CARTESIAN_POINT('',(89.203830062171,-87.23737275145,-2.));
#8149 = VECTOR('',#8150,1.);
#8150 = DIRECTION('',(0.,0.,1.));
#8151 = ORIENTED_EDGE('',*,*,#8152,.T.);
#8152 = EDGE_CURVE('',#8143,#8097,#8153,.T.);
#8153 = B_SPLINE_CURVE_WITH_KNOTS('',3,(#8154,#8155,#8156,#8157),
  .UNSPECIFIED.,.F.,.F.,(4,4),(-1.,0.),.PIECEWISE_BEZIER_KNOTS.);
#8154 = CARTESIAN_POINT('',(89.203830062171,-87.23737275145,-2.));
#8155 = CARTESIAN_POINT('',(89.096378681626,-91.4652079791,-2.));
#8156 = CARTESIAN_POINT('',(89.216986691209,-91.54634275553,-2.));
#8157 = CARTESIAN_POINT('',(95.26270199517,-91.29197010733,-2.));
#8158 = ORIENTED_EDGE('',*,*,#8096,.T.);
#8159 = ORIENTED_EDGE('',*,*,#8160,.T.);
#8160 = EDGE_CURVE('',#8099,#8145,#8161,.T.);
#8161 = B_SPLINE_CURVE_WITH_KNOTS('',3,(#8162,#8163,#8164,#8165),
  .UNSPECIFIED.,.F.,.F.,(4,4),(0.,1.770495806239),
  .PIECEWISE_BEZIER_KNOTS.);
#8162 = CARTESIAN_POINT('',(95.26270199517,-91.29197010733,0.));
#8163 = CARTESIAN_POINT('',(89.216986691209,-91.54634275553,0.));
#8164 = CARTESIAN_POINT('',(89.096378681626,-91.4652079791,0.));
#8165 = CARTESIAN_POINT('',(89.203830062171,-87.23737275145,0.));
#8166 = B_SPLINE_SURFACE_WITH_KNOTS('',3,1,(
    (#8167,#8168)
    ,(#8169,#8170)
    ,(#8171,#8172)
    ,(#8173,#8174
    )),.UNSPECIFIED.,.F.,.F.,.F.,(4,4),(2,2),(-1.,0.),(0.,1.),
  .PIECEWISE_BEZIER_KNOTS.);
#8167 = CARTESIAN_POINT('',(89.203830062171,-87.23737275145,-2.));
#8168 = CARTESIAN_POINT('',(89.203830062171,-87.23737275145,8.));
#8169 = CARTESIAN_POINT('',(89.096378681626,-91.4652079791,-2.));
#8170 = CARTESIAN_POINT('',(89.096378681626,-91.4652079791,8.));
#8171 = CARTESIAN_POINT('',(89.216986691209,-91.54634275553,-2.));
#8172 = CARTESIAN_POINT('',(89.216986691209,-91.54634275553,8.));
#8173 = CARTESIAN_POINT('',(95.26270199517,-91.29197010733,-2.));
#8174 = CARTESIAN_POINT('',(95.26270199517,-91.29197010733,8.));
#8175 = ADVANCED_FACE('',(#8176),#8203,.F.);
#8176 = FACE_BOUND('',#8177,.F.);
#8177 = EDGE_LOOP('',(#8178,#8188,#8195,#8196));
#8178 = ORIENTED_EDGE('',*,*,#8179,.F.);
#8179 = EDGE_CURVE('',#8180,#8182,#8184,.T.);
#8180 = VERTEX_POINT('',#8181);
#8181 = CARTESIAN_POINT('',(98.562961415231,-79.83646777388,-2.));
#8182 = VERTEX_POINT('',#8183);
#8183 = CARTESIAN_POINT('',(98.562961415231,-79.83646777388,0.));
#8184 = LINE('',#8185,#8186);
#8185 = CARTESIAN_POINT('',(98.562961415231,-79.83646777388,-2.));
#8186 = VECTOR('',#8187,1.);
#8187 = DIRECTION('',(0.,0.,1.));
#8188 = ORIENTED_EDGE('',*,*,#8189,.T.);
#8189 = EDGE_CURVE('',#8180,#8143,#8190,.T.);
#8190 = B_SPLINE_CURVE_WITH_KNOTS('',3,(#8191,#8192,#8193,#8194),
  .UNSPECIFIED.,.F.,.F.,(4,4),(-1.,0.),.PIECEWISE_BEZIER_KNOTS.);
#8191 = CARTESIAN_POINT('',(98.562961415231,-79.83646777388,-2.));
#8192 = CARTESIAN_POINT('',(89.497672597491,-82.86042125394,-2.));
#8193 = CARTESIAN_POINT('',(89.311278096676,-83.0095375238,-2.));
#8194 = CARTESIAN_POINT('',(89.203830062171,-87.23737275145,-2.));
#8195 = ORIENTED_EDGE('',*,*,#8142,.T.);
#8196 = ORIENTED_EDGE('',*,*,#8197,.T.);
#8197 = EDGE_CURVE('',#8145,#8182,#8198,.T.);
#8198 = B_SPLINE_CURVE_WITH_KNOTS('',3,(#8199,#8200,#8201,#8202),
  .UNSPECIFIED.,.F.,.F.,(4,4),(0.,1.238985614342),
  .PIECEWISE_BEZIER_KNOTS.);
#8199 = CARTESIAN_POINT('',(89.203830062171,-87.23737275145,0.));
#8200 = CARTESIAN_POINT('',(89.311278096676,-83.0095375238,0.));
#8201 = CARTESIAN_POINT('',(89.497672597491,-82.86042125394,0.));
#8202 = CARTESIAN_POINT('',(98.562961415231,-79.83646777388,0.));
#8203 = B_SPLINE_SURFACE_WITH_KNOTS('',3,1,(
    (#8204,#8205)
    ,(#8206,#8207)
    ,(#8208,#8209)
    ,(#8210,#8211
    )),.UNSPECIFIED.,.F.,.F.,.F.,(4,4),(2,2),(-1.,0.),(0.,1.),
  .PIECEWISE_BEZIER_KNOTS.);
#8204 = CARTESIAN_POINT('',(98.562961415231,-79.83646777388,-2.));
#8205 = CARTESIAN_POINT('',(98.562961415231,-79.83646777388,8.));
#8206 = CARTESIAN_POINT('',(89.497672597491,-82.86042125394,-2.));
#8207 = CARTESIAN_POINT('',(89.497672597491,-82.86042125394,8.));
#8208 = CARTESIAN_POINT('',(89.311278096676,-83.0095375238,-2.));
#8209 = CARTESIAN_POINT('',(89.311278096676,-83.0095375238,8.));
#8210 = CARTESIAN_POINT('',(89.203830062171,-87.23737275145,-2.));
#8211 = CARTESIAN_POINT('',(89.203830062171,-87.23737275145,8.));
#8212 = ADVANCED_FACE('',(#8213),#8240,.F.);
#8213 = FACE_BOUND('',#8214,.F.);
#8214 = EDGE_LOOP('',(#8215,#8225,#8232,#8233));
#8215 = ORIENTED_EDGE('',*,*,#8216,.F.);
#8216 = EDGE_CURVE('',#8217,#8219,#8221,.T.);
#8217 = VERTEX_POINT('',#8218);
#8218 = CARTESIAN_POINT('',(108.99001152902,-78.22032713754,-2.));
#8219 = VERTEX_POINT('',#8220);
#8220 = CARTESIAN_POINT('',(108.99001152902,-78.22032713754,0.));
#8221 = LINE('',#8222,#8223);
#8222 = CARTESIAN_POINT('',(108.99001152902,-78.22032713754,-2.));
#8223 = VECTOR('',#8224,1.);
#8224 = DIRECTION('',(0.,0.,1.));
#8225 = ORIENTED_EDGE('',*,*,#8226,.T.);
#8226 = EDGE_CURVE('',#8217,#8180,#8227,.T.);
#8227 = B_SPLINE_CURVE_WITH_KNOTS('',3,(#8228,#8229,#8230,#8231),
  .UNSPECIFIED.,.F.,.F.,(4,4),(-1.,0.),.PIECEWISE_BEZIER_KNOTS.);
#8228 = CARTESIAN_POINT('',(108.99001152902,-78.22032713754,-2.));
#8229 = CARTESIAN_POINT('',(107.83875964362,-76.78181103134,-2.));
#8230 = CARTESIAN_POINT('',(107.62824688693,-76.81470594998,-2.));
#8231 = CARTESIAN_POINT('',(98.562961415231,-79.83646777388,-2.));
#8232 = ORIENTED_EDGE('',*,*,#8179,.T.);
#8233 = ORIENTED_EDGE('',*,*,#8234,.T.);
#8234 = EDGE_CURVE('',#8182,#8219,#8235,.T.);
#8235 = B_SPLINE_CURVE_WITH_KNOTS('',3,(#8236,#8237,#8238,#8239),
  .UNSPECIFIED.,.F.,.F.,(4,4),(0.,2.87049377431),
  .PIECEWISE_BEZIER_KNOTS.);
#8236 = CARTESIAN_POINT('',(98.562961415231,-79.83646777388,0.));
#8237 = CARTESIAN_POINT('',(107.62824688693,-76.81470594998,0.));
#8238 = CARTESIAN_POINT('',(107.83875964362,-76.78181103134,0.));
#8239 = CARTESIAN_POINT('',(108.99001152902,-78.22032713754,0.));
#8240 = B_SPLINE_SURFACE_WITH_KNOTS('',3,1,(
    (#8241,#8242)
    ,(#8243,#8244)
    ,(#8245,#8246)
    ,(#8247,#8248
    )),.UNSPECIFIED.,.F.,.F.,.F.,(4,4),(2,2),(-1.,0.),(0.,1.),
  .PIECEWISE_BEZIER_KNOTS.);
#8241 = CARTESIAN_POINT('',(108.99001152902,-78.22032713754,-2.));
#8242 = CARTESIAN_POINT('',(108.99001152902,-78.22032713754,8.));
#8243 = CARTESIAN_POINT('',(107.83875964362,-76.78181103134,-2.));
#8244 = CARTESIAN_POINT('',(107.83875964362,-76.78181103134,8.));
#8245 = CARTESIAN_POINT('',(107.62824688693,-76.81470594998,-2.));
#8246 = CARTESIAN_POINT('',(107.62824688693,-76.81470594998,8.));
#8247 = CARTESIAN_POINT('',(98.562961415231,-79.83646777388,-2.));
#8248 = CARTESIAN_POINT('',(98.562961415231,-79.83646777388,8.));
#8249 = ADVANCED_FACE('',(#8250),#8268,.F.);
#8250 = FACE_BOUND('',#8251,.F.);
#8251 = EDGE_LOOP('',(#8252,#8253,#8260,#8261));
#8252 = ORIENTED_EDGE('',*,*,#8115,.F.);
#8253 = ORIENTED_EDGE('',*,*,#8254,.T.);
#8254 = EDGE_CURVE('',#8107,#8217,#8255,.T.);
#8255 = B_SPLINE_CURVE_WITH_KNOTS('',3,(#8256,#8257,#8258,#8259),
  .UNSPECIFIED.,.F.,.F.,(4,4),(-1.,0.),.PIECEWISE_BEZIER_KNOTS.);
#8256 = CARTESIAN_POINT('',(105.79940183774,-85.36028449843,-2.));
#8257 = CARTESIAN_POINT('',(110.07766857935,-79.80357285524,-2.));
#8258 = CARTESIAN_POINT('',(110.14126341442,-79.66103824594,-2.));
#8259 = CARTESIAN_POINT('',(108.99001152902,-78.22032713754,-2.));
#8260 = ORIENTED_EDGE('',*,*,#8216,.T.);
#8261 = ORIENTED_EDGE('',*,*,#8262,.T.);
#8262 = EDGE_CURVE('',#8219,#8116,#8263,.T.);
#8263 = B_SPLINE_CURVE_WITH_KNOTS('',3,(#8264,#8265,#8266,#8267),
  .UNSPECIFIED.,.F.,.F.,(4,4),(0.,0.576931223548),
  .PIECEWISE_BEZIER_KNOTS.);
#8264 = CARTESIAN_POINT('',(108.99001152902,-78.22032713754,0.));
#8265 = CARTESIAN_POINT('',(110.14126341442,-79.66103824594,0.));
#8266 = CARTESIAN_POINT('',(110.07766857935,-79.80357285524,0.));
#8267 = CARTESIAN_POINT('',(105.79940183774,-85.36028449843,0.));
#8268 = B_SPLINE_SURFACE_WITH_KNOTS('',3,1,(
    (#8269,#8270)
    ,(#8271,#8272)
    ,(#8273,#8274)
    ,(#8275,#8276
    )),.UNSPECIFIED.,.F.,.F.,.F.,(4,4),(2,2),(-1.,0.),(0.,1.),
  .PIECEWISE_BEZIER_KNOTS.);
#8269 = CARTESIAN_POINT('',(105.79940183774,-85.36028449843,-2.));
#8270 = CARTESIAN_POINT('',(105.79940183774,-85.36028449843,8.));
#8271 = CARTESIAN_POINT('',(110.07766857935,-79.80357285524,-2.));
#8272 = CARTESIAN_POINT('',(110.07766857935,-79.80357285524,8.));
#8273 = CARTESIAN_POINT('',(110.14126341442,-79.66103824594,-2.));
#8274 = CARTESIAN_POINT('',(110.14126341442,-79.66103824594,8.));
#8275 = CARTESIAN_POINT('',(108.99001152902,-78.22032713754,-2.));
#8276 = CARTESIAN_POINT('',(108.99001152902,-78.22032713754,8.));
#8277 = ADVANCED_FACE('',(#8278),#8314,.F.);
#8278 = FACE_BOUND('',#8279,.F.);
#8279 = EDGE_LOOP('',(#8280,#8290,#8299,#8307));
#8280 = ORIENTED_EDGE('',*,*,#8281,.F.);
#8281 = EDGE_CURVE('',#8282,#8284,#8286,.T.);
#8282 = VERTEX_POINT('',#8283);
#8283 = CARTESIAN_POINT('',(85.857522440476,-122.1806073781,-2.));
#8284 = VERTEX_POINT('',#8285);
#8285 = CARTESIAN_POINT('',(85.857522440476,-122.1806073781,0.));
#8286 = LINE('',#8287,#8288);
#8287 = CARTESIAN_POINT('',(85.857522440476,-122.1806073781,-2.));
#8288 = VECTOR('',#8289,1.);
#8289 = DIRECTION('',(0.,0.,1.));
#8290 = ORIENTED_EDGE('',*,*,#8291,.T.);
#8291 = EDGE_CURVE('',#8282,#8292,#8294,.T.);
#8292 = VERTEX_POINT('',#8293);
#8293 = CARTESIAN_POINT('',(93.379035427632,-123.3603666873,-2.));
#8294 = B_SPLINE_CURVE_WITH_KNOTS('',3,(#8295,#8296,#8297,#8298),
  .UNSPECIFIED.,.F.,.F.,(4,4),(-1.,0.),.PIECEWISE_BEZIER_KNOTS.);
#8295 = CARTESIAN_POINT('',(85.857522440476,-122.1806073781,-2.));
#8296 = CARTESIAN_POINT('',(93.043528002998,-124.9501907195,-2.));
#8297 = CARTESIAN_POINT('',(93.194835929017,-124.9743119031,-2.));
#8298 = CARTESIAN_POINT('',(93.379035427632,-123.3603666873,-2.));
#8299 = ORIENTED_EDGE('',*,*,#8300,.T.);
#8300 = EDGE_CURVE('',#8292,#8301,#8303,.T.);
#8301 = VERTEX_POINT('',#8302);
#8302 = CARTESIAN_POINT('',(93.379035427632,-123.3603666873,0.));
#8303 = LINE('',#8304,#8305);
#8304 = CARTESIAN_POINT('',(93.379035427632,-123.3603666873,-2.));
#8305 = VECTOR('',#8306,1.);
#8306 = DIRECTION('',(0.,0.,1.));
#8307 = ORIENTED_EDGE('',*,*,#8308,.T.);
#8308 = EDGE_CURVE('',#8301,#8284,#8309,.T.);
#8309 = B_SPLINE_CURVE_WITH_KNOTS('',3,(#8310,#8311,#8312,#8313),
  .UNSPECIFIED.,.F.,.F.,(4,4),(0.,0.577780743008),
  .PIECEWISE_BEZIER_KNOTS.);
#8310 = CARTESIAN_POINT('',(93.379035427632,-123.3603666873,0.));
#8311 = CARTESIAN_POINT('',(93.194835929017,-124.9743119031,0.));
#8312 = CARTESIAN_POINT('',(93.043528002998,-124.9501907195,0.));
#8313 = CARTESIAN_POINT('',(85.857522440476,-122.1806073781,0.));
#8314 = B_SPLINE_SURFACE_WITH_KNOTS('',3,1,(
    (#8315,#8316)
    ,(#8317,#8318)
    ,(#8319,#8320)
    ,(#8321,#8322
    )),.UNSPECIFIED.,.F.,.F.,.F.,(4,4),(2,2),(-1.,0.),(0.,1.),
  .PIECEWISE_BEZIER_KNOTS.);
#8315 = CARTESIAN_POINT('',(85.857522440476,-122.1806073781,-2.));
#8316 = CARTESIAN_POINT('',(85.857522440476,-122.1806073781,8.));
#8317 = CARTESIAN_POINT('',(93.043528002998,-124.9501907195,-2.));
#8318 = CARTESIAN_POINT('',(93.043528002998,-124.9501907195,8.));
#8319 = CARTESIAN_POINT('',(93.194835929017,-124.9743119031,-2.));
#8320 = CARTESIAN_POINT('',(93.194835929017,-124.9743119031,8.));
#8321 = CARTESIAN_POINT('',(93.379035427632,-123.3603666873,-2.));
#8322 = CARTESIAN_POINT('',(93.379035427632,-123.3603666873,8.));
#8323 = ADVANCED_FACE('',(#8324),#8351,.F.);
#8324 = FACE_BOUND('',#8325,.F.);
#8325 = EDGE_LOOP('',(#8326,#8336,#8343,#8344));
#8326 = ORIENTED_EDGE('',*,*,#8327,.F.);
#8327 = EDGE_CURVE('',#8328,#8330,#8332,.T.);
#8328 = VERTEX_POINT('',#8329);
#8329 = CARTESIAN_POINT('',(78.660555251116,-118.1435508001,-2.));
#8330 = VERTEX_POINT('',#8331);
#8331 = CARTESIAN_POINT('',(78.660555251116,-118.1435508001,0.));
#8332 = LINE('',#8333,#8334);
#8333 = CARTESIAN_POINT('',(78.660555251116,-118.1435508001,-2.));
#8334 = VECTOR('',#8335,1.);
#8335 = DIRECTION('',(0.,0.,1.));
#8336 = ORIENTED_EDGE('',*,*,#8337,.T.);
#8337 = EDGE_CURVE('',#8328,#8282,#8338,.T.);
#8338 = B_SPLINE_CURVE_WITH_KNOTS('',3,(#8339,#8340,#8341,#8342),
  .UNSPECIFIED.,.F.,.F.,(4,4),(-1.,0.),.PIECEWISE_BEZIER_KNOTS.);
#8339 = CARTESIAN_POINT('',(78.660555251116,-118.1435508001,-2.));
#8340 = CARTESIAN_POINT('',(78.526790612494,-119.3298884238,-2.));
#8341 = CARTESIAN_POINT('',(78.669325221794,-119.408831544,-2.));
#8342 = CARTESIAN_POINT('',(85.857522440476,-122.1806073781,-2.));
#8343 = ORIENTED_EDGE('',*,*,#8281,.T.);
#8344 = ORIENTED_EDGE('',*,*,#8345,.T.);
#8345 = EDGE_CURVE('',#8284,#8330,#8346,.T.);
#8346 = B_SPLINE_CURVE_WITH_KNOTS('',3,(#8347,#8348,#8349,#8350),
  .UNSPECIFIED.,.F.,.F.,(4,4),(0.,2.338916717971),
  .PIECEWISE_BEZIER_KNOTS.);
#8347 = CARTESIAN_POINT('',(85.857522440476,-122.1806073781,0.));
#8348 = CARTESIAN_POINT('',(78.669325221794,-119.408831544,0.));
#8349 = CARTESIAN_POINT('',(78.526790612494,-119.3298884238,0.));
#8350 = CARTESIAN_POINT('',(78.660555251116,-118.1435508001,0.));
#8351 = B_SPLINE_SURFACE_WITH_KNOTS('',3,1,(
    (#8352,#8353)
    ,(#8354,#8355)
    ,(#8356,#8357)
    ,(#8358,#8359
    )),.UNSPECIFIED.,.F.,.F.,.F.,(4,4),(2,2),(-1.,0.),(0.,1.),
  .PIECEWISE_BEZIER_KNOTS.);
#8352 = CARTESIAN_POINT('',(78.660555251116,-118.1435508001,-2.));
#8353 = CARTESIAN_POINT('',(78.660555251116,-118.1435508001,8.));
#8354 = CARTESIAN_POINT('',(78.526790612494,-119.3298884238,-2.));
#8355 = CARTESIAN_POINT('',(78.526790612494,-119.3298884238,8.));
#8356 = CARTESIAN_POINT('',(78.669325221794,-119.408831544,-2.));
#8357 = CARTESIAN_POINT('',(78.669325221794,-119.408831544,8.));
#8358 = CARTESIAN_POINT('',(85.857522440476,-122.1806073781,-2.));
#8359 = CARTESIAN_POINT('',(85.857522440476,-122.1806073781,8.));
#8360 = ADVANCED_FACE('',(#8361),#8388,.F.);
#8361 = FACE_BOUND('',#8362,.F.);
#8362 = EDGE_LOOP('',(#8363,#8373,#8380,#8381));
#8363 = ORIENTED_EDGE('',*,*,#8364,.F.);
#8364 = EDGE_CURVE('',#8365,#8367,#8369,.T.);
#8365 = VERTEX_POINT('',#8366);
#8366 = CARTESIAN_POINT('',(81.43890939969,-114.0692151546,-2.));
#8367 = VERTEX_POINT('',#8368);
#8368 = CARTESIAN_POINT('',(81.43890939969,-114.0692151546,0.));
#8369 = LINE('',#8370,#8371);
#8370 = CARTESIAN_POINT('',(81.43890939969,-114.0692151546,-2.));
#8371 = VECTOR('',#8372,1.);
#8372 = DIRECTION('',(0.,0.,1.));
#8373 = ORIENTED_EDGE('',*,*,#8374,.T.);
#8374 = EDGE_CURVE('',#8365,#8328,#8375,.T.);
#8375 = B_SPLINE_CURVE_WITH_KNOTS('',3,(#8376,#8377,#8378,#8379),
  .UNSPECIFIED.,.F.,.F.,(4,4),(-1.,0.),.PIECEWISE_BEZIER_KNOTS.);
#8376 = CARTESIAN_POINT('',(81.43890939969,-114.0692151546,-2.));
#8377 = CARTESIAN_POINT('',(78.851333064249,-116.8760775635,-2.));
#8378 = CARTESIAN_POINT('',(78.796511545897,-116.9572131764,-2.));
#8379 = CARTESIAN_POINT('',(78.660555251116,-118.1435508001,-2.));
#8380 = ORIENTED_EDGE('',*,*,#8327,.T.);
#8381 = ORIENTED_EDGE('',*,*,#8382,.T.);
#8382 = EDGE_CURVE('',#8330,#8367,#8383,.T.);
#8383 = B_SPLINE_CURVE_WITH_KNOTS('',3,(#8384,#8385,#8386,#8387),
  .UNSPECIFIED.,.F.,.F.,(4,4),(0.,0.358224105551),
  .PIECEWISE_BEZIER_KNOTS.);
#8384 = CARTESIAN_POINT('',(78.660555251116,-118.1435508001,0.));
#8385 = CARTESIAN_POINT('',(78.796511545897,-116.9572131764,0.));
#8386 = CARTESIAN_POINT('',(78.851333064249,-116.8760775635,0.));
#8387 = CARTESIAN_POINT('',(81.43890939969,-114.0692151546,0.));
#8388 = B_SPLINE_SURFACE_WITH_KNOTS('',3,1,(
    (#8389,#8390)
    ,(#8391,#8392)
    ,(#8393,#8394)
    ,(#8395,#8396
    )),.UNSPECIFIED.,.F.,.F.,.F.,(4,4),(2,2),(-1.,0.),(0.,1.),
  .PIECEWISE_BEZIER_KNOTS.);
#8389 = CARTESIAN_POINT('',(81.43890939969,-114.0692151546,-2.));
#8390 = CARTESIAN_POINT('',(81.43890939969,-114.0692151546,8.));
#8391 = CARTESIAN_POINT('',(78.851333064249,-116.8760775635,-2.));
#8392 = CARTESIAN_POINT('',(78.851333064249,-116.8760775635,8.));
#8393 = CARTESIAN_POINT('',(78.796511545897,-116.9572131764,-2.));
#8394 = CARTESIAN_POINT('',(78.796511545897,-116.9572131764,8.));
#8395 = CARTESIAN_POINT('',(78.660555251116,-118.1435508001,-2.));
#8396 = CARTESIAN_POINT('',(78.660555251116,-118.1435508001,8.));
#8397 = ADVANCED_FACE('',(#8398),#8425,.F.);
#8398 = FACE_BOUND('',#8399,.F.);
#8399 = EDGE_LOOP('',(#8400,#8410,#8417,#8418));
#8400 = ORIENTED_EDGE('',*,*,#8401,.F.);
#8401 = EDGE_CURVE('',#8402,#8404,#8406,.T.);
#8402 = VERTEX_POINT('',#8403);
#8403 = CARTESIAN_POINT('',(88.822271089864,-116.4594336894,-2.));
#8404 = VERTEX_POINT('',#8405);
#8405 = CARTESIAN_POINT('',(88.822271089864,-116.4594336894,0.));
#8406 = LINE('',#8407,#8408);
#8407 = CARTESIAN_POINT('',(88.822271089864,-116.4594336894,-2.));
#8408 = VECTOR('',#8409,1.);
#8409 = DIRECTION('',(0.,0.,1.));
#8410 = ORIENTED_EDGE('',*,*,#8411,.T.);
#8411 = EDGE_CURVE('',#8402,#8365,#8412,.T.);
#8412 = B_SPLINE_CURVE_WITH_KNOTS('',3,(#8413,#8414,#8415,#8416),
  .UNSPECIFIED.,.F.,.F.,(4,4),(-1.,0.),.PIECEWISE_BEZIER_KNOTS.);
#8413 = CARTESIAN_POINT('',(88.822271089864,-116.4594336894,-2.));
#8414 = CARTESIAN_POINT('',(84.17340700279,-111.3105976226,-2.));
#8415 = CARTESIAN_POINT('',(84.02648573513,-111.2623544188,-2.));
#8416 = CARTESIAN_POINT('',(81.43890939969,-114.0692151546,-2.));
#8417 = ORIENTED_EDGE('',*,*,#8364,.T.);
#8418 = ORIENTED_EDGE('',*,*,#8419,.T.);
#8419 = EDGE_CURVE('',#8367,#8404,#8420,.T.);
#8420 = B_SPLINE_CURVE_WITH_KNOTS('',3,(#8421,#8422,#8423,#8424),
  .UNSPECIFIED.,.F.,.F.,(4,4),(0.,1.287378385274),
  .PIECEWISE_BEZIER_KNOTS.);
#8421 = CARTESIAN_POINT('',(81.43890939969,-114.0692151546,0.));
#8422 = CARTESIAN_POINT('',(84.02648573513,-111.2623544188,0.));
#8423 = CARTESIAN_POINT('',(84.17340700279,-111.3105976226,0.));
#8424 = CARTESIAN_POINT('',(88.822271089864,-116.4594336894,0.));
#8425 = B_SPLINE_SURFACE_WITH_KNOTS('',3,1,(
    (#8426,#8427)
    ,(#8428,#8429)
    ,(#8430,#8431)
    ,(#8432,#8433
    )),.UNSPECIFIED.,.F.,.F.,.F.,(4,4),(2,2),(-1.,0.),(0.,1.),
  .PIECEWISE_BEZIER_KNOTS.);
#8426 = CARTESIAN_POINT('',(88.822271089864,-116.4594336894,-2.));
#8427 = CARTESIAN_POINT('',(88.822271089864,-116.4594336894,8.));
#8428 = CARTESIAN_POINT('',(84.17340700279,-111.3105976226,-2.));
#8429 = CARTESIAN_POINT('',(84.17340700279,-111.3105976226,8.));
#8430 = CARTESIAN_POINT('',(84.02648573513,-111.2623544188,-2.));
#8431 = CARTESIAN_POINT('',(84.02648573513,-111.2623544188,8.));
#8432 = CARTESIAN_POINT('',(81.43890939969,-114.0692151546,-2.));
#8433 = CARTESIAN_POINT('',(81.43890939969,-114.0692151546,8.));
#8434 = ADVANCED_FACE('',(#8435),#8453,.F.);
#8435 = FACE_BOUND('',#8436,.F.);
#8436 = EDGE_LOOP('',(#8437,#8438,#8445,#8446));
#8437 = ORIENTED_EDGE('',*,*,#8300,.F.);
#8438 = ORIENTED_EDGE('',*,*,#8439,.T.);
#8439 = EDGE_CURVE('',#8292,#8402,#8440,.T.);
#8440 = B_SPLINE_CURVE_WITH_KNOTS('',3,(#8441,#8442,#8443,#8444),
  .UNSPECIFIED.,.F.,.F.,(4,4),(-1.,0.),.PIECEWISE_BEZIER_KNOTS.);
#8441 = CARTESIAN_POINT('',(93.379035427632,-123.3603666873,-2.));
#8442 = CARTESIAN_POINT('',(93.561046616126,-121.7486135458,-2.));
#8443 = CARTESIAN_POINT('',(93.471138522979,-121.6104639218,-2.));
#8444 = CARTESIAN_POINT('',(88.822271089864,-116.4594336894,-2.));
#8445 = ORIENTED_EDGE('',*,*,#8401,.T.);
#8446 = ORIENTED_EDGE('',*,*,#8447,.T.);
#8447 = EDGE_CURVE('',#8404,#8301,#8448,.T.);
#8448 = B_SPLINE_CURVE_WITH_KNOTS('',3,(#8449,#8450,#8451,#8452),
  .UNSPECIFIED.,.F.,.F.,(4,4),(0.,2.084941868913),
  .PIECEWISE_BEZIER_KNOTS.);
#8449 = CARTESIAN_POINT('',(88.822271089864,-116.4594336894,0.));
#8450 = CARTESIAN_POINT('',(93.471138522979,-121.6104639218,0.));
#8451 = CARTESIAN_POINT('',(93.561046616126,-121.7486135458,0.));
#8452 = CARTESIAN_POINT('',(93.379035427632,-123.3603666873,0.));
#8453 = B_SPLINE_SURFACE_WITH_KNOTS('',3,1,(
    (#8454,#8455)
    ,(#8456,#8457)
    ,(#8458,#8459)
    ,(#8460,#8461
    )),.UNSPECIFIED.,.F.,.F.,.F.,(4,4),(2,2),(-1.,0.),(0.,1.),
  .PIECEWISE_BEZIER_KNOTS.);
#8454 = CARTESIAN_POINT('',(93.379035427632,-123.3603666873,-2.));
#8455 = CARTESIAN_POINT('',(93.379035427632,-123.3603666873,8.));
#8456 = CARTESIAN_POINT('',(93.561046616126,-121.7486135458,-2.));
#8457 = CARTESIAN_POINT('',(93.561046616126,-121.7486135458,8.));
#8458 = CARTESIAN_POINT('',(93.471138522979,-121.6104639218,-2.));
#8459 = CARTESIAN_POINT('',(93.471138522979,-121.6104639218,8.));
#8460 = CARTESIAN_POINT('',(88.822271089864,-116.4594336894,-2.));
#8461 = CARTESIAN_POINT('',(88.822271089864,-116.4594336894,8.));
#8462 = ADVANCED_FACE('',(#8463),#8499,.F.);
#8463 = FACE_BOUND('',#8464,.F.);
#8464 = EDGE_LOOP('',(#8465,#8475,#8484,#8492));
#8465 = ORIENTED_EDGE('',*,*,#8466,.F.);
#8466 = EDGE_CURVE('',#8467,#8469,#8471,.T.);
#8467 = VERTEX_POINT('',#8468);
#8468 = CARTESIAN_POINT('',(192.99192258403,-44.96120878504,-2.));
#8469 = VERTEX_POINT('',#8470);
#8470 = CARTESIAN_POINT('',(192.99192258403,-44.96120878504,0.));
#8471 = LINE('',#8472,#8473);
#8472 = CARTESIAN_POINT('',(192.99192258403,-44.96120878504,-2.));
#8473 = VECTOR('',#8474,1.);
#8474 = DIRECTION('',(0.,0.,1.));
#8475 = ORIENTED_EDGE('',*,*,#8476,.T.);
#8476 = EDGE_CURVE('',#8467,#8477,#8479,.T.);
#8477 = VERTEX_POINT('',#8478);
#8478 = CARTESIAN_POINT('',(202.20852267383,-47.4281771109,-2.));
#8479 = B_SPLINE_CURVE_WITH_KNOTS('',3,(#8480,#8481,#8482,#8483),
  .UNSPECIFIED.,.F.,.F.,(4,4),(-1.,0.),.PIECEWISE_BEZIER_KNOTS.);
#8480 = CARTESIAN_POINT('',(192.99192258403,-44.96120878504,-2.));
#8481 = CARTESIAN_POINT('',(193.39980485254,-51.79196863333,-2.));
#8482 = CARTESIAN_POINT('',(193.58399765907,-51.84240683936,-2.));
#8483 = CARTESIAN_POINT('',(202.20852267383,-47.4281771109,-2.));
#8484 = ORIENTED_EDGE('',*,*,#8485,.T.);
#8485 = EDGE_CURVE('',#8477,#8486,#8488,.T.);
#8486 = VERTEX_POINT('',#8487);
#8487 = CARTESIAN_POINT('',(202.20852267383,-47.4281771109,0.));
#8488 = LINE('',#8489,#8490);
#8489 = CARTESIAN_POINT('',(202.20852267383,-47.4281771109,-2.));
#8490 = VECTOR('',#8491,1.);
#8491 = DIRECTION('',(0.,0.,1.));
#8492 = ORIENTED_EDGE('',*,*,#8493,.T.);
#8493 = EDGE_CURVE('',#8486,#8469,#8494,.T.);
#8494 = B_SPLINE_CURVE_WITH_KNOTS('',3,(#8495,#8496,#8497,#8498),
  .UNSPECIFIED.,.F.,.F.,(4,4),(0.,3.040570440901),
  .PIECEWISE_BEZIER_KNOTS.);
#8495 = CARTESIAN_POINT('',(202.20852267383,-47.4281771109,0.));
#8496 = CARTESIAN_POINT('',(193.58399765907,-51.84240683936,0.));
#8497 = CARTESIAN_POINT('',(193.39980485254,-51.79196863333,0.));
#8498 = CARTESIAN_POINT('',(192.99192258403,-44.96120878504,0.));
#8499 = B_SPLINE_SURFACE_WITH_KNOTS('',3,1,(
    (#8500,#8501)
    ,(#8502,#8503)
    ,(#8504,#8505)
    ,(#8506,#8507
    )),.UNSPECIFIED.,.F.,.F.,.F.,(4,4),(2,2),(-1.,0.),(0.,1.),
  .PIECEWISE_BEZIER_KNOTS.);
#8500 = CARTESIAN_POINT('',(192.99192258403,-44.96120878504,-2.));
#8501 = CARTESIAN_POINT('',(192.99192258403,-44.96120878504,8.));
#8502 = CARTESIAN_POINT('',(193.39980485254,-51.79196863333,-2.));
#8503 = CARTESIAN_POINT('',(193.39980485254,-51.79196863333,8.));
#8504 = CARTESIAN_POINT('',(193.58399765907,-51.84240683936,-2.));
#8505 = CARTESIAN_POINT('',(193.58399765907,-51.84240683936,8.));
#8506 = CARTESIAN_POINT('',(202.20852267383,-47.4281771109,-2.));
#8507 = CARTESIAN_POINT('',(202.20852267383,-47.4281771109,8.));
#8508 = ADVANCED_FACE('',(#8509),#8536,.F.);
#8509 = FACE_BOUND('',#8510,.F.);
#8510 = EDGE_LOOP('',(#8511,#8521,#8528,#8529));
#8511 = ORIENTED_EDGE('',*,*,#8512,.F.);
#8512 = EDGE_CURVE('',#8513,#8515,#8517,.T.);
#8513 = VERTEX_POINT('',#8514);
#8514 = CARTESIAN_POINT('',(195.80975665784,-35.21175183503,-2.));
#8515 = VERTEX_POINT('',#8516);
#8516 = CARTESIAN_POINT('',(195.80975665784,-35.21175183503,0.));
#8517 = LINE('',#8518,#8519);
#8518 = CARTESIAN_POINT('',(195.80975665784,-35.21175183503,-2.));
#8519 = VECTOR('',#8520,1.);
#8520 = DIRECTION('',(0.,0.,1.));
#8521 = ORIENTED_EDGE('',*,*,#8522,.T.);
#8522 = EDGE_CURVE('',#8513,#8467,#8523,.T.);
#8523 = B_SPLINE_CURVE_WITH_KNOTS('',3,(#8524,#8525,#8526,#8527),
  .UNSPECIFIED.,.F.,.F.,(4,4),(-1.,0.),.PIECEWISE_BEZIER_KNOTS.);
#8524 = CARTESIAN_POINT('',(195.80975665784,-35.21175183503,-2.));
#8525 = CARTESIAN_POINT('',(192.64107022024,-37.9330928091,-2.));
#8526 = CARTESIAN_POINT('',(192.58405369969,-38.12825393455,-2.));
#8527 = CARTESIAN_POINT('',(192.99192258403,-44.96120878504,-2.));
#8528 = ORIENTED_EDGE('',*,*,#8466,.T.);
#8529 = ORIENTED_EDGE('',*,*,#8530,.T.);
#8530 = EDGE_CURVE('',#8469,#8515,#8531,.T.);
#8531 = B_SPLINE_CURVE_WITH_KNOTS('',3,(#8532,#8533,#8534,#8535),
  .UNSPECIFIED.,.F.,.F.,(4,4),(0.,2.058778665899),
  .PIECEWISE_BEZIER_KNOTS.);
#8532 = CARTESIAN_POINT('',(192.99192258403,-44.96120878504,0.));
#8533 = CARTESIAN_POINT('',(192.58405369969,-38.12825393455,0.));
#8534 = CARTESIAN_POINT('',(192.64107022024,-37.9330928091,0.));
#8535 = CARTESIAN_POINT('',(195.80975665784,-35.21175183503,0.));
#8536 = B_SPLINE_SURFACE_WITH_KNOTS('',3,1,(
    (#8537,#8538)
    ,(#8539,#8540)
    ,(#8541,#8542)
    ,(#8543,#8544
    )),.UNSPECIFIED.,.F.,.F.,.F.,(4,4),(2,2),(-1.,0.),(0.,1.),
  .PIECEWISE_BEZIER_KNOTS.);
#8537 = CARTESIAN_POINT('',(195.80975665784,-35.21175183503,-2.));
#8538 = CARTESIAN_POINT('',(195.80975665784,-35.21175183503,8.));
#8539 = CARTESIAN_POINT('',(192.64107022024,-37.9330928091,-2.));
#8540 = CARTESIAN_POINT('',(192.64107022024,-37.9330928091,8.));
#8541 = CARTESIAN_POINT('',(192.58405369969,-38.12825393455,-2.));
#8542 = CARTESIAN_POINT('',(192.58405369969,-38.12825393455,8.));
#8543 = CARTESIAN_POINT('',(192.99192258403,-44.96120878504,-2.));
#8544 = CARTESIAN_POINT('',(192.99192258403,-44.96120878504,8.));
#8545 = ADVANCED_FACE('',(#8546),#8573,.F.);
#8546 = FACE_BOUND('',#8547,.F.);
#8547 = EDGE_LOOP('',(#8548,#8558,#8565,#8566));
#8548 = ORIENTED_EDGE('',*,*,#8549,.F.);
#8549 = EDGE_CURVE('',#8550,#8552,#8554,.T.);
#8550 = VERTEX_POINT('',#8551);
#8551 = CARTESIAN_POINT('',(205.02853836568,-32.43558934262,-2.));
#8552 = VERTEX_POINT('',#8553);
#8553 = CARTESIAN_POINT('',(205.02853836568,-32.43558934262,0.));
#8554 = LINE('',#8555,#8556);
#8555 = CARTESIAN_POINT('',(205.02853836568,-32.43558934262,-2.));
#8556 = VECTOR('',#8557,1.);
#8557 = DIRECTION('',(0.,0.,1.));
#8558 = ORIENTED_EDGE('',*,*,#8559,.T.);
#8559 = EDGE_CURVE('',#8550,#8513,#8560,.T.);
#8560 = B_SPLINE_CURVE_WITH_KNOTS('',3,(#8561,#8562,#8563,#8564),
  .UNSPECIFIED.,.F.,.F.,(4,4),(-1.,0.),.PIECEWISE_BEZIER_KNOTS.);
#8561 = CARTESIAN_POINT('',(205.02853836568,-32.43558934262,-2.));
#8562 = CARTESIAN_POINT('',(199.16483090417,-32.43558934262,-2.));
#8563 = CARTESIAN_POINT('',(198.98062471348,-32.49260586317,-2.));
#8564 = CARTESIAN_POINT('',(195.80975665784,-35.21175183503,-2.));
#8565 = ORIENTED_EDGE('',*,*,#8512,.T.);
#8566 = ORIENTED_EDGE('',*,*,#8567,.T.);
#8567 = EDGE_CURVE('',#8515,#8552,#8568,.T.);
#8568 = B_SPLINE_CURVE_WITH_KNOTS('',3,(#8569,#8570,#8571,#8572),
  .UNSPECIFIED.,.F.,.F.,(4,4),(0.,1.258643807431),
  .PIECEWISE_BEZIER_KNOTS.);
#8569 = CARTESIAN_POINT('',(195.80975665784,-35.21175183503,0.));
#8570 = CARTESIAN_POINT('',(198.98062471348,-32.49260586317,0.));
#8571 = CARTESIAN_POINT('',(199.16483090417,-32.43558934262,0.));
#8572 = CARTESIAN_POINT('',(205.02853836568,-32.43558934262,0.));
#8573 = B_SPLINE_SURFACE_WITH_KNOTS('',3,1,(
    (#8574,#8575)
    ,(#8576,#8577)
    ,(#8578,#8579)
    ,(#8580,#8581
    )),.UNSPECIFIED.,.F.,.F.,.F.,(4,4),(2,2),(-1.,0.),(0.,1.),
  .PIECEWISE_BEZIER_KNOTS.);
#8574 = CARTESIAN_POINT('',(205.02853836568,-32.43558934262,-2.));
#8575 = CARTESIAN_POINT('',(205.02853836568,-32.43558934262,8.));
#8576 = CARTESIAN_POINT('',(199.16483090417,-32.43558934262,-2.));
#8577 = CARTESIAN_POINT('',(199.16483090417,-32.43558934262,8.));
#8578 = CARTESIAN_POINT('',(198.98062471348,-32.49260586317,-2.));
#8579 = CARTESIAN_POINT('',(198.98062471348,-32.49260586317,8.));
#8580 = CARTESIAN_POINT('',(195.80975665784,-35.21175183503,-2.));
#8581 = CARTESIAN_POINT('',(195.80975665784,-35.21175183503,8.));
#8582 = ADVANCED_FACE('',(#8583),#8610,.F.);
#8583 = FACE_BOUND('',#8584,.F.);
#8584 = EDGE_LOOP('',(#8585,#8595,#8602,#8603));
#8585 = ORIENTED_EDGE('',*,*,#8586,.F.);
#8586 = EDGE_CURVE('',#8587,#8589,#8591,.T.);
#8587 = VERTEX_POINT('',#8588);
#8588 = CARTESIAN_POINT('',(211.01066887269,-37.68091516309,-2.));
#8589 = VERTEX_POINT('',#8590);
#8590 = CARTESIAN_POINT('',(211.01066887269,-37.68091516309,0.));
#8591 = LINE('',#8592,#8593);
#8592 = CARTESIAN_POINT('',(211.01066887269,-37.68091516309,-2.));
#8593 = VECTOR('',#8594,1.);
#8594 = DIRECTION('',(0.,0.,1.));
#8595 = ORIENTED_EDGE('',*,*,#8596,.T.);
#8596 = EDGE_CURVE('',#8587,#8550,#8597,.T.);
#8597 = B_SPLINE_CURVE_WITH_KNOTS('',3,(#8598,#8599,#8600,#8601),
  .UNSPECIFIED.,.F.,.F.,(4,4),(-1.,0.),.PIECEWISE_BEZIER_KNOTS.);
#8598 = CARTESIAN_POINT('',(211.01066887269,-37.68091516309,-2.));
#8599 = CARTESIAN_POINT('',(211.01066887269,-32.54084906701,-2.));
#8600 = CARTESIAN_POINT('',(210.89005082499,-32.43558934262,-2.));
#8601 = CARTESIAN_POINT('',(205.02853836568,-32.43558934262,-2.));
#8602 = ORIENTED_EDGE('',*,*,#8549,.T.);
#8603 = ORIENTED_EDGE('',*,*,#8604,.T.);
#8604 = EDGE_CURVE('',#8552,#8589,#8605,.T.);
#8605 = B_SPLINE_CURVE_WITH_KNOTS('',3,(#8606,#8607,#8608,#8609),
  .UNSPECIFIED.,.F.,.F.,(4,4),(0.,1.767570538043),
  .PIECEWISE_BEZIER_KNOTS.);
#8606 = CARTESIAN_POINT('',(205.02853836568,-32.43558934262,0.));
#8607 = CARTESIAN_POINT('',(210.89005082499,-32.43558934262,0.));
#8608 = CARTESIAN_POINT('',(211.01066887269,-32.54084906701,0.));
#8609 = CARTESIAN_POINT('',(211.01066887269,-37.68091516309,0.));
#8610 = B_SPLINE_SURFACE_WITH_KNOTS('',3,1,(
    (#8611,#8612)
    ,(#8613,#8614)
    ,(#8615,#8616)
    ,(#8617,#8618
    )),.UNSPECIFIED.,.F.,.F.,.F.,(4,4),(2,2),(-1.,0.),(0.,1.),
  .PIECEWISE_BEZIER_KNOTS.);
#8611 = CARTESIAN_POINT('',(211.01066887269,-37.68091516309,-2.));
#8612 = CARTESIAN_POINT('',(211.01066887269,-37.68091516309,8.));
#8613 = CARTESIAN_POINT('',(211.01066887269,-32.54084906701,-2.));
#8614 = CARTESIAN_POINT('',(211.01066887269,-32.54084906701,8.));
#8615 = CARTESIAN_POINT('',(210.89005082499,-32.43558934262,-2.));
#8616 = CARTESIAN_POINT('',(210.89005082499,-32.43558934262,8.));
#8617 = CARTESIAN_POINT('',(205.02853836568,-32.43558934262,-2.));
#8618 = CARTESIAN_POINT('',(205.02853836568,-32.43558934262,8.));
#8619 = ADVANCED_FACE('',(#8620),#8638,.F.);
#8620 = FACE_BOUND('',#8621,.F.);
#8621 = EDGE_LOOP('',(#8622,#8623,#8630,#8631));
#8622 = ORIENTED_EDGE('',*,*,#8485,.F.);
#8623 = ORIENTED_EDGE('',*,*,#8624,.T.);
#8624 = EDGE_CURVE('',#8477,#8587,#8625,.T.);
#8625 = B_SPLINE_CURVE_WITH_KNOTS('',3,(#8626,#8627,#8628,#8629),
  .UNSPECIFIED.,.F.,.F.,(4,4),(-1.,0.),.PIECEWISE_BEZIER_KNOTS.);
#8626 = CARTESIAN_POINT('',(202.20852267383,-47.4281771109,-2.));
#8627 = CARTESIAN_POINT('',(210.83522930663,-43.01394738243,-2.));
#8628 = CARTESIAN_POINT('',(211.01066887269,-42.81878625698,-2.));
#8629 = CARTESIAN_POINT('',(211.01066887269,-37.68091516309,-2.));
#8630 = ORIENTED_EDGE('',*,*,#8586,.T.);
#8631 = ORIENTED_EDGE('',*,*,#8632,.T.);
#8632 = EDGE_CURVE('',#8589,#8486,#8633,.T.);
#8633 = B_SPLINE_CURVE_WITH_KNOTS('',3,(#8634,#8635,#8636,#8637),
  .UNSPECIFIED.,.F.,.F.,(4,4),(0.,1.506594420892),
  .PIECEWISE_BEZIER_KNOTS.);
#8634 = CARTESIAN_POINT('',(211.01066887269,-37.68091516309,0.));
#8635 = CARTESIAN_POINT('',(211.01066887269,-42.81878625698,0.));
#8636 = CARTESIAN_POINT('',(210.83522930663,-43.01394738243,0.));
#8637 = CARTESIAN_POINT('',(202.20852267383,-47.4281771109,0.));
#8638 = B_SPLINE_SURFACE_WITH_KNOTS('',3,1,(
    (#8639,#8640)
    ,(#8641,#8642)
    ,(#8643,#8644)
    ,(#8645,#8646
    )),.UNSPECIFIED.,.F.,.F.,.F.,(4,4),(2,2),(-1.,0.),(0.,1.),
  .PIECEWISE_BEZIER_KNOTS.);
#8639 = CARTESIAN_POINT('',(202.20852267383,-47.4281771109,-2.));
#8640 = CARTESIAN_POINT('',(202.20852267383,-47.4281771109,8.));
#8641 = CARTESIAN_POINT('',(210.83522930663,-43.01394738243,-2.));
#8642 = CARTESIAN_POINT('',(210.83522930663,-43.01394738243,8.));
#8643 = CARTESIAN_POINT('',(211.01066887269,-42.81878625698,-2.));
#8644 = CARTESIAN_POINT('',(211.01066887269,-42.81878625698,8.));
#8645 = CARTESIAN_POINT('',(211.01066887269,-37.68091516309,-2.));
#8646 = CARTESIAN_POINT('',(211.01066887269,-37.68091516309,8.));
#8647 = ADVANCED_FACE('',(#8648),#8684,.F.);
#8648 = FACE_BOUND('',#8649,.F.);
#8649 = EDGE_LOOP('',(#8650,#8660,#8669,#8677));
#8650 = ORIENTED_EDGE('',*,*,#8651,.F.);
#8651 = EDGE_CURVE('',#8652,#8654,#8656,.T.);
#8652 = VERTEX_POINT('',#8653);
#8653 = CARTESIAN_POINT('',(83.403714089697,-129.2898619993,-2.));
#8654 = VERTEX_POINT('',#8655);
#8655 = CARTESIAN_POINT('',(83.403714089697,-129.2898619993,0.));
#8656 = LINE('',#8657,#8658);
#8657 = CARTESIAN_POINT('',(83.403714089697,-129.2898619993,-2.));
#8658 = VECTOR('',#8659,1.);
#8659 = DIRECTION('',(0.,0.,1.));
#8660 = ORIENTED_EDGE('',*,*,#8661,.T.);
#8661 = EDGE_CURVE('',#8652,#8662,#8664,.T.);
#8662 = VERTEX_POINT('',#8663);
#8663 = CARTESIAN_POINT('',(93.280357363805,-127.7833665955,-2.));
#8664 = B_SPLINE_CURVE_WITH_KNOTS('',3,(#8665,#8666,#8667,#8668),
  .UNSPECIFIED.,.F.,.F.,(4,4),(-1.,0.),.PIECEWISE_BEZIER_KNOTS.);
#8665 = CARTESIAN_POINT('',(83.403714089697,-129.2898619993,-2.));
#8666 = CARTESIAN_POINT('',(93.620251446798,-129.2898619993,-2.));
#8667 = CARTESIAN_POINT('',(93.817607574451,-129.2591619261,-2.));
#8668 = CARTESIAN_POINT('',(93.280357363805,-127.7833665955,-2.));
#8669 = ORIENTED_EDGE('',*,*,#8670,.T.);
#8670 = EDGE_CURVE('',#8662,#8671,#8673,.T.);
#8671 = VERTEX_POINT('',#8672);
#8672 = CARTESIAN_POINT('',(93.280357363805,-127.7833665955,0.));
#8673 = LINE('',#8674,#8675);
#8674 = CARTESIAN_POINT('',(93.280357363805,-127.7833665955,-2.));
#8675 = VECTOR('',#8676,1.);
#8676 = DIRECTION('',(0.,0.,1.));
#8677 = ORIENTED_EDGE('',*,*,#8678,.T.);
#8678 = EDGE_CURVE('',#8671,#8654,#8679,.T.);
#8679 = B_SPLINE_CURVE_WITH_KNOTS('',3,(#8680,#8681,#8682,#8683),
  .UNSPECIFIED.,.F.,.F.,(4,4),(0.,0.608324793073),
  .PIECEWISE_BEZIER_KNOTS.);
#8680 = CARTESIAN_POINT('',(93.280357363805,-127.7833665955,0.));
#8681 = CARTESIAN_POINT('',(93.817607574451,-129.2591619261,0.));
#8682 = CARTESIAN_POINT('',(93.620251446798,-129.2898619993,0.));
#8683 = CARTESIAN_POINT('',(83.403714089697,-129.2898619993,0.));
#8684 = B_SPLINE_SURFACE_WITH_KNOTS('',3,1,(
    (#8685,#8686)
    ,(#8687,#8688)
    ,(#8689,#8690)
    ,(#8691,#8692
    )),.UNSPECIFIED.,.F.,.F.,.F.,(4,4),(2,2),(-1.,0.),(0.,1.),
  .PIECEWISE_BEZIER_KNOTS.);
#8685 = CARTESIAN_POINT('',(83.403714089697,-129.2898619993,-2.));
#8686 = CARTESIAN_POINT('',(83.403714089697,-129.2898619993,8.));
#8687 = CARTESIAN_POINT('',(93.620251446798,-129.2898619993,-2.));
#8688 = CARTESIAN_POINT('',(93.620251446798,-129.2898619993,8.));
#8689 = CARTESIAN_POINT('',(93.817607574451,-129.2591619261,-2.));
#8690 = CARTESIAN_POINT('',(93.817607574451,-129.2591619261,8.));
#8691 = CARTESIAN_POINT('',(93.280357363805,-127.7833665955,-2.));
#8692 = CARTESIAN_POINT('',(93.280357363805,-127.7833665955,8.));
#8693 = ADVANCED_FACE('',(#8694),#8721,.F.);
#8694 = FACE_BOUND('',#8695,.F.);
#8695 = EDGE_LOOP('',(#8696,#8706,#8713,#8714));
#8696 = ORIENTED_EDGE('',*,*,#8697,.F.);
#8697 = EDGE_CURVE('',#8698,#8700,#8702,.T.);
#8698 = VERTEX_POINT('',#8699);
#8699 = CARTESIAN_POINT('',(73.461280978318,-127.0268296841,-2.));
#8700 = VERTEX_POINT('',#8701);
#8701 = CARTESIAN_POINT('',(73.461280978318,-127.0268296841,0.));
#8702 = LINE('',#8703,#8704);
#8703 = CARTESIAN_POINT('',(73.461280978318,-127.0268296841,-2.));
#8704 = VECTOR('',#8705,1.);
#8705 = DIRECTION('',(0.,0.,1.));
#8706 = ORIENTED_EDGE('',*,*,#8707,.T.);
#8707 = EDGE_CURVE('',#8698,#8652,#8708,.T.);
#8708 = B_SPLINE_CURVE_WITH_KNOTS('',3,(#8709,#8710,#8711,#8712),
  .UNSPECIFIED.,.F.,.F.,(4,4),(-1.,0.),.PIECEWISE_BEZIER_KNOTS.);
#8709 = CARTESIAN_POINT('',(73.461280978318,-127.0268296841,-2.));
#8710 = CARTESIAN_POINT('',(72.989817258903,-129.2438119156,-2.));
#8711 = CARTESIAN_POINT('',(73.187173386556,-129.2898619993,-2.));
#8712 = CARTESIAN_POINT('',(83.403714089697,-129.2898619993,-2.));
#8713 = ORIENTED_EDGE('',*,*,#8651,.T.);
#8714 = ORIENTED_EDGE('',*,*,#8715,.T.);
#8715 = EDGE_CURVE('',#8654,#8700,#8716,.T.);
#8716 = B_SPLINE_CURVE_WITH_KNOTS('',3,(#8717,#8718,#8719,#8720),
  .UNSPECIFIED.,.F.,.F.,(4,4),(0.,3.089989487466),
  .PIECEWISE_BEZIER_KNOTS.);
#8717 = CARTESIAN_POINT('',(83.403714089697,-129.2898619993,0.));
#8718 = CARTESIAN_POINT('',(73.187173386556,-129.2898619993,0.));
#8719 = CARTESIAN_POINT('',(72.989817258903,-129.2438119156,0.));
#8720 = CARTESIAN_POINT('',(73.461280978318,-127.0268296841,0.));
#8721 = B_SPLINE_SURFACE_WITH_KNOTS('',3,1,(
    (#8722,#8723)
    ,(#8724,#8725)
    ,(#8726,#8727)
    ,(#8728,#8729
    )),.UNSPECIFIED.,.F.,.F.,.F.,(4,4),(2,2),(-1.,0.),(0.,1.),
  .PIECEWISE_BEZIER_KNOTS.);
#8722 = CARTESIAN_POINT('',(73.461280978318,-127.0268296841,-2.));
#8723 = CARTESIAN_POINT('',(73.461280978318,-127.0268296841,8.));
#8724 = CARTESIAN_POINT('',(72.989817258903,-129.2438119156,-2.));
#8725 = CARTESIAN_POINT('',(72.989817258903,-129.2438119156,8.));
#8726 = CARTESIAN_POINT('',(73.187173386556,-129.2898619993,-2.));
#8727 = CARTESIAN_POINT('',(73.187173386556,-129.2898619993,8.));
#8728 = CARTESIAN_POINT('',(83.403714089697,-129.2898619993,-2.));
#8729 = CARTESIAN_POINT('',(83.403714089697,-129.2898619993,8.));
#8730 = ADVANCED_FACE('',(#8731),#8758,.F.);
#8731 = FACE_BOUND('',#8732,.F.);
#8732 = EDGE_LOOP('',(#8733,#8743,#8750,#8751));
#8733 = ORIENTED_EDGE('',*,*,#8734,.F.);
#8734 = EDGE_CURVE('',#8735,#8737,#8739,.T.);
#8735 = VERTEX_POINT('',#8736);
#8736 = CARTESIAN_POINT('',(76.005000768285,-122.6959301525,-2.));
#8737 = VERTEX_POINT('',#8738);
#8738 = CARTESIAN_POINT('',(76.005000768285,-122.6959301525,0.));
#8739 = LINE('',#8740,#8741);
#8740 = CARTESIAN_POINT('',(76.005000768285,-122.6959301525,-2.));
#8741 = VECTOR('',#8742,1.);
#8742 = DIRECTION('',(0.,0.,1.));
#8743 = ORIENTED_EDGE('',*,*,#8744,.T.);
#8744 = EDGE_CURVE('',#8735,#8698,#8745,.T.);
#8745 = B_SPLINE_CURVE_WITH_KNOTS('',3,(#8746,#8747,#8748,#8749),
  .UNSPECIFIED.,.F.,.F.,(4,4),(-1.,0.),.PIECEWISE_BEZIER_KNOTS.);
#8746 = CARTESIAN_POINT('',(76.005000768285,-122.6959301525,-2.));
#8747 = CARTESIAN_POINT('',(73.985374559925,-124.7243259133,-2.));
#8748 = CARTESIAN_POINT('',(73.934939699932,-124.8098473481,-2.));
#8749 = CARTESIAN_POINT('',(73.461280978318,-127.0268296841,-2.));
#8750 = ORIENTED_EDGE('',*,*,#8697,.T.);
#8751 = ORIENTED_EDGE('',*,*,#8752,.T.);
#8752 = EDGE_CURVE('',#8700,#8737,#8753,.T.);
#8753 = B_SPLINE_CURVE_WITH_KNOTS('',3,(#8754,#8755,#8756,#8757),
  .UNSPECIFIED.,.F.,.F.,(4,4),(0.,0.680231843712),
  .PIECEWISE_BEZIER_KNOTS.);
#8754 = CARTESIAN_POINT('',(73.461280978318,-127.0268296841,0.));
#8755 = CARTESIAN_POINT('',(73.934939699932,-124.8098473481,0.));
#8756 = CARTESIAN_POINT('',(73.985374559925,-124.7243259133,0.));
#8757 = CARTESIAN_POINT('',(76.005000768285,-122.6959301525,0.));
#8758 = B_SPLINE_SURFACE_WITH_KNOTS('',3,1,(
    (#8759,#8760)
    ,(#8761,#8762)
    ,(#8763,#8764)
    ,(#8765,#8766
    )),.UNSPECIFIED.,.F.,.F.,.F.,(4,4),(2,2),(-1.,0.),(0.,1.),
  .PIECEWISE_BEZIER_KNOTS.);
#8759 = CARTESIAN_POINT('',(76.005000768285,-122.6959301525,-2.));
#8760 = CARTESIAN_POINT('',(76.005000768285,-122.6959301525,8.));
#8761 = CARTESIAN_POINT('',(73.985374559925,-124.7243259133,-2.));
#8762 = CARTESIAN_POINT('',(73.985374559925,-124.7243259133,8.));
#8763 = CARTESIAN_POINT('',(73.934939699932,-124.8098473481,-2.));
#8764 = CARTESIAN_POINT('',(73.934939699932,-124.8098473481,8.));
#8765 = CARTESIAN_POINT('',(73.461280978318,-127.0268296841,-2.));
#8766 = CARTESIAN_POINT('',(73.461280978318,-127.0268296841,8.));
#8767 = ADVANCED_FACE('',(#8768),#8795,.F.);
#8768 = FACE_BOUND('',#8769,.F.);
#8769 = EDGE_LOOP('',(#8770,#8780,#8787,#8788));
#8770 = ORIENTED_EDGE('',*,*,#8771,.F.);
#8771 = EDGE_CURVE('',#8772,#8774,#8776,.T.);
#8772 = VERTEX_POINT('',#8773);
#8773 = CARTESIAN_POINT('',(85.39702369394,-123.4524668548,-2.));
#8774 = VERTEX_POINT('',#8775);
#8775 = CARTESIAN_POINT('',(85.39702369394,-123.4524668548,0.));
#8776 = LINE('',#8777,#8778);
#8777 = CARTESIAN_POINT('',(85.39702369394,-123.4524668548,-2.));
#8778 = VECTOR('',#8779,1.);
#8779 = DIRECTION('',(0.,0.,1.));
#8780 = ORIENTED_EDGE('',*,*,#8781,.T.);
#8781 = EDGE_CURVE('',#8772,#8735,#8782,.T.);
#8782 = B_SPLINE_CURVE_WITH_KNOTS('',3,(#8783,#8784,#8785,#8786),
  .UNSPECIFIED.,.F.,.F.,(4,4),(-1.,0.),.PIECEWISE_BEZIER_KNOTS.);
#8783 = CARTESIAN_POINT('',(85.39702369394,-123.4524668548,-2.));
#8784 = CARTESIAN_POINT('',(78.211018131418,-120.6806906025,-2.));
#8785 = CARTESIAN_POINT('',(78.022431974444,-120.6675339735,-2.));
#8786 = CARTESIAN_POINT('',(76.005000768285,-122.6959301525,-2.));
#8787 = ORIENTED_EDGE('',*,*,#8734,.T.);
#8788 = ORIENTED_EDGE('',*,*,#8789,.T.);
#8789 = EDGE_CURVE('',#8737,#8774,#8790,.T.);
#8790 = B_SPLINE_CURVE_WITH_KNOTS('',3,(#8791,#8792,#8793,#8794),
  .UNSPECIFIED.,.F.,.F.,(4,4),(0.,0.88341305839),
  .PIECEWISE_BEZIER_KNOTS.);
#8791 = CARTESIAN_POINT('',(76.005000768285,-122.6959301525,0.));
#8792 = CARTESIAN_POINT('',(78.022431974444,-120.6675339735,0.));
#8793 = CARTESIAN_POINT('',(78.211018131418,-120.6806906025,0.));
#8794 = CARTESIAN_POINT('',(85.39702369394,-123.4524668548,0.));
#8795 = B_SPLINE_SURFACE_WITH_KNOTS('',3,1,(
    (#8796,#8797)
    ,(#8798,#8799)
    ,(#8800,#8801)
    ,(#8802,#8803
    )),.UNSPECIFIED.,.F.,.F.,.F.,(4,4),(2,2),(-1.,0.),(0.,1.),
  .PIECEWISE_BEZIER_KNOTS.);
#8796 = CARTESIAN_POINT('',(85.39702369394,-123.4524668548,-2.));
#8797 = CARTESIAN_POINT('',(85.39702369394,-123.4524668548,8.));
#8798 = CARTESIAN_POINT('',(78.211018131418,-120.6806906025,-2.));
#8799 = CARTESIAN_POINT('',(78.211018131418,-120.6806906025,8.));
#8800 = CARTESIAN_POINT('',(78.022431974444,-120.6675339735,-2.));
#8801 = CARTESIAN_POINT('',(78.022431974444,-120.6675339735,8.));
#8802 = CARTESIAN_POINT('',(76.005000768285,-122.6959301525,-2.));
#8803 = CARTESIAN_POINT('',(76.005000768285,-122.6959301525,8.));
#8804 = ADVANCED_FACE('',(#8805),#8827,.F.);
#8805 = FACE_BOUND('',#8806,.F.);
#8806 = EDGE_LOOP('',(#8807,#8808,#8815,#8816));
#8807 = ORIENTED_EDGE('',*,*,#8670,.F.);
#8808 = ORIENTED_EDGE('',*,*,#8809,.T.);
#8809 = EDGE_CURVE('',#8662,#8772,#8810,.T.);
#8810 = B_SPLINE_CURVE_WITH_KNOTS('',3,(#8811,#8812,#8813,#8814),
  .UNSPECIFIED.,.F.,.F.,(4,4),(-1.,0.),.PIECEWISE_BEZIER_KNOTS.);
#8811 = CARTESIAN_POINT('',(93.280357363805,-127.7833665955,-2.));
#8812 = CARTESIAN_POINT('',(92.74310715316,-126.3075712127,-2.));
#8813 = CARTESIAN_POINT('',(92.585220912622,-126.222049778,-2.));
#8814 = CARTESIAN_POINT('',(85.39702369394,-123.4524668548,-2.));
#8815 = ORIENTED_EDGE('',*,*,#8771,.T.);
#8816 = ORIENTED_EDGE('',*,*,#8817,.T.);
#8817 = EDGE_CURVE('',#8774,#8671,#8818,.T.);
#8818 = B_SPLINE_CURVE_WITH_KNOTS('',3,(#8819,#8820,#8821,#8822,#8823,
    #8824,#8825,#8826),.UNSPECIFIED.,.F.,.F.,(4,2,2,4),(0.,
    1.155966353734,1.722137182734,2.312693503872),.UNSPECIFIED.);
#8819 = CARTESIAN_POINT('',(85.39702369394,-123.4524668548,
    5.148857806696E-17));
#8820 = CARTESIAN_POINT('',(88.992590301476,-124.8378239301,
    5.148857806696E-17));
#8821 = CARTESIAN_POINT('',(90.827592750522,-125.5510067154,0.));
#8822 = CARTESIAN_POINT('',(92.325125352271,-126.3734857381,0.));
#8823 = CARTESIAN_POINT('',(92.617999610738,-126.6050841568,0.));
#8824 = CARTESIAN_POINT('',(93.031231376648,-127.1212556369,0.));
#8825 = CARTESIAN_POINT('',(93.14353617763,-127.4075266781,0.));
#8826 = CARTESIAN_POINT('',(93.280357363805,-127.7833665955,0.));
#8827 = B_SPLINE_SURFACE_WITH_KNOTS('',3,1,(
    (#8828,#8829)
    ,(#8830,#8831)
    ,(#8832,#8833)
    ,(#8834,#8835
    )),.UNSPECIFIED.,.F.,.F.,.F.,(4,4),(2,2),(-1.,0.),(0.,1.),
  .PIECEWISE_BEZIER_KNOTS.);
#8828 = CARTESIAN_POINT('',(93.280357363805,-127.7833665955,-2.));
#8829 = CARTESIAN_POINT('',(93.280357363805,-127.7833665955,8.));
#8830 = CARTESIAN_POINT('',(92.74310715316,-126.3075712127,-2.));
#8831 = CARTESIAN_POINT('',(92.74310715316,-126.3075712127,8.));
#8832 = CARTESIAN_POINT('',(92.585220912622,-126.222049778,-2.));
#8833 = CARTESIAN_POINT('',(92.585220912622,-126.222049778,8.));
#8834 = CARTESIAN_POINT('',(85.39702369394,-123.4524668548,-2.));
#8835 = CARTESIAN_POINT('',(85.39702369394,-123.4524668548,8.));
#8836 = ADVANCED_FACE('',(#8837),#8873,.F.);
#8837 = FACE_BOUND('',#8838,.F.);
#8838 = EDGE_LOOP('',(#8839,#8849,#8858,#8866));
#8839 = ORIENTED_EDGE('',*,*,#8840,.F.);
#8840 = EDGE_CURVE('',#8841,#8843,#8845,.T.);
#8841 = VERTEX_POINT('',#8842);
#8842 = CARTESIAN_POINT('',(79.813998792676,-111.9684558428,-2.));
#8843 = VERTEX_POINT('',#8844);
#8844 = CARTESIAN_POINT('',(79.813998792676,-111.9684558428,0.));
#8845 = LINE('',#8846,#8847);
#8846 = CARTESIAN_POINT('',(79.813998792676,-111.9684558428,-2.));
#8847 = VECTOR('',#8848,1.);
#8848 = DIRECTION('',(0.,0.,1.));
#8849 = ORIENTED_EDGE('',*,*,#8850,.T.);
#8850 = EDGE_CURVE('',#8841,#8851,#8853,.T.);
#8851 = VERTEX_POINT('',#8852);
#8852 = CARTESIAN_POINT('',(82.149397482111,-103.9645141634,-2.));
#8853 = B_SPLINE_CURVE_WITH_KNOTS('',3,(#8854,#8855,#8856,#8857),
  .UNSPECIFIED.,.F.,.F.,(4,4),(-1.,0.),.PIECEWISE_BEZIER_KNOTS.);
#8854 = CARTESIAN_POINT('',(79.813998792676,-111.9684558428,-2.));
#8855 = CARTESIAN_POINT('',(82.191062371425,-109.0431787536,-2.));
#8856 = CARTESIAN_POINT('',(82.237110573059,-108.8830991839,-2.));
#8857 = CARTESIAN_POINT('',(82.149397482111,-103.9645141634,-2.));
#8858 = ORIENTED_EDGE('',*,*,#8859,.T.);
#8859 = EDGE_CURVE('',#8851,#8860,#8862,.T.);
#8860 = VERTEX_POINT('',#8861);
#8861 = CARTESIAN_POINT('',(82.149397482111,-103.9645141634,0.));
#8862 = LINE('',#8863,#8864);
#8863 = CARTESIAN_POINT('',(82.149397482111,-103.9645141634,-2.));
#8864 = VECTOR('',#8865,1.);
#8865 = DIRECTION('',(0.,0.,1.));
#8866 = ORIENTED_EDGE('',*,*,#8867,.T.);
#8867 = EDGE_CURVE('',#8860,#8843,#8868,.T.);
#8868 = B_SPLINE_CURVE_WITH_KNOTS('',3,(#8869,#8870,#8871,#8872),
  .UNSPECIFIED.,.F.,.F.,(4,4),(0.,1.475888809492),
  .PIECEWISE_BEZIER_KNOTS.);
#8869 = CARTESIAN_POINT('',(82.149397482111,-103.9645141634,0.));
#8870 = CARTESIAN_POINT('',(82.237110573059,-108.8830991839,0.));
#8871 = CARTESIAN_POINT('',(82.191062371425,-109.0431787536,0.));
#8872 = CARTESIAN_POINT('',(79.813998792676,-111.9684558428,0.));
#8873 = B_SPLINE_SURFACE_WITH_KNOTS('',3,1,(
    (#8874,#8875)
    ,(#8876,#8877)
    ,(#8878,#8879)
    ,(#8880,#8881
    )),.UNSPECIFIED.,.F.,.F.,.F.,(4,4),(2,2),(-1.,0.),(0.,1.),
  .PIECEWISE_BEZIER_KNOTS.);
#8874 = CARTESIAN_POINT('',(79.813998792676,-111.9684558428,-2.));
#8875 = CARTESIAN_POINT('',(79.813998792676,-111.9684558428,8.));
#8876 = CARTESIAN_POINT('',(82.191062371425,-109.0431787536,-2.));
#8877 = CARTESIAN_POINT('',(82.191062371425,-109.0431787536,8.));
#8878 = CARTESIAN_POINT('',(82.237110573059,-108.8830991839,-2.));
#8879 = CARTESIAN_POINT('',(82.237110573059,-108.8830991839,8.));
#8880 = CARTESIAN_POINT('',(82.149397482111,-103.9645141634,-2.));
#8881 = CARTESIAN_POINT('',(82.149397482111,-103.9645141634,8.));
#8882 = ADVANCED_FACE('',(#8883),#8910,.F.);
#8883 = FACE_BOUND('',#8884,.F.);
#8884 = EDGE_LOOP('',(#8885,#8895,#8902,#8903));
#8885 = ORIENTED_EDGE('',*,*,#8886,.F.);
#8886 = EDGE_CURVE('',#8887,#8889,#8891,.T.);
#8887 = VERTEX_POINT('',#8888);
#8888 = CARTESIAN_POINT('',(73.250768221627,-110.8698321466,-2.));
#8889 = VERTEX_POINT('',#8890);
#8890 = CARTESIAN_POINT('',(73.250768221627,-110.8698321466,0.));
#8891 = LINE('',#8892,#8893);
#8892 = CARTESIAN_POINT('',(73.250768221627,-110.8698321466,-2.));
#8893 = VECTOR('',#8894,1.);
#8894 = DIRECTION('',(0.,0.,1.));
#8895 = ORIENTED_EDGE('',*,*,#8896,.T.);
#8896 = EDGE_CURVE('',#8887,#8841,#8897,.T.);
#8897 = B_SPLINE_CURVE_WITH_KNOTS('',3,(#8898,#8899,#8900,#8901),
  .UNSPECIFIED.,.F.,.F.,(4,4),(-1.,0.),.PIECEWISE_BEZIER_KNOTS.);
#8898 = CARTESIAN_POINT('',(73.250768221627,-110.8698321466,-2.));
#8899 = CARTESIAN_POINT('',(77.307560579704,-114.8739963155,-2.));
#8900 = CARTESIAN_POINT('',(77.439130216125,-114.8959245883,-2.));
#8901 = CARTESIAN_POINT('',(79.813998792676,-111.9684558428,-2.));
#8902 = ORIENTED_EDGE('',*,*,#8840,.T.);
#8903 = ORIENTED_EDGE('',*,*,#8904,.T.);
#8904 = EDGE_CURVE('',#8843,#8889,#8905,.T.);
#8905 = B_SPLINE_CURVE_WITH_KNOTS('',3,(#8906,#8907,#8908,#8909),
  .UNSPECIFIED.,.F.,.F.,(4,4),(0.,1.205268526775),
  .PIECEWISE_BEZIER_KNOTS.);
#8906 = CARTESIAN_POINT('',(79.813998792676,-111.9684558428,0.));
#8907 = CARTESIAN_POINT('',(77.439130216125,-114.8959245883,0.));
#8908 = CARTESIAN_POINT('',(77.307560579704,-114.8739963155,0.));
#8909 = CARTESIAN_POINT('',(73.250768221627,-110.8698321466,0.));
#8910 = B_SPLINE_SURFACE_WITH_KNOTS('',3,1,(
    (#8911,#8912)
    ,(#8913,#8914)
    ,(#8915,#8916)
    ,(#8917,#8918
    )),.UNSPECIFIED.,.F.,.F.,.F.,(4,4),(2,2),(-1.,0.),(0.,1.),
  .PIECEWISE_BEZIER_KNOTS.);
#8911 = CARTESIAN_POINT('',(73.250768221627,-110.8698321466,-2.));
#8912 = CARTESIAN_POINT('',(73.250768221627,-110.8698321466,8.));
#8913 = CARTESIAN_POINT('',(77.307560579704,-114.8739963155,-2.));
#8914 = CARTESIAN_POINT('',(77.307560579704,-114.8739963155,8.));
#8915 = CARTESIAN_POINT('',(77.439130216125,-114.8959245883,-2.));
#8916 = CARTESIAN_POINT('',(77.439130216125,-114.8959245883,8.));
#8917 = CARTESIAN_POINT('',(79.813998792676,-111.9684558428,-2.));
#8918 = CARTESIAN_POINT('',(79.813998792676,-111.9684558428,8.));
#8919 = ADVANCED_FACE('',(#8920),#8947,.F.);
#8920 = FACE_BOUND('',#8921,.F.);
#8921 = EDGE_LOOP('',(#8922,#8932,#8939,#8940));
#8922 = ORIENTED_EDGE('',*,*,#8923,.F.);
#8923 = EDGE_CURVE('',#8924,#8926,#8928,.T.);
#8924 = VERTEX_POINT('',#8925);
#8925 = CARTESIAN_POINT('',(70.417592554701,-104.1684486056,-2.));
#8926 = VERTEX_POINT('',#8927);
#8927 = CARTESIAN_POINT('',(70.417592554701,-104.1684486056,0.));
#8928 = LINE('',#8929,#8930);
#8929 = CARTESIAN_POINT('',(70.417592554701,-104.1684486056,-2.));
#8930 = VECTOR('',#8931,1.);
#8931 = DIRECTION('',(0.,0.,1.));
#8932 = ORIENTED_EDGE('',*,*,#8933,.T.);
#8933 = EDGE_CURVE('',#8924,#8887,#8934,.T.);
#8934 = B_SPLINE_CURVE_WITH_KNOTS('',3,(#8935,#8936,#8937,#8938),
  .UNSPECIFIED.,.F.,.F.,(4,4),(-1.,0.),.PIECEWISE_BEZIER_KNOTS.);
#8935 = CARTESIAN_POINT('',(70.417592554701,-104.1684486056,-2.));
#8936 = CARTESIAN_POINT('',(69.139154345198,-106.7340966683,-2.));
#8937 = CARTESIAN_POINT('',(69.193975863551,-106.8678613069,-2.));
#8938 = CARTESIAN_POINT('',(73.250768221627,-110.8698321466,-2.));
#8939 = ORIENTED_EDGE('',*,*,#8886,.T.);
#8940 = ORIENTED_EDGE('',*,*,#8941,.T.);
#8941 = EDGE_CURVE('',#8889,#8926,#8942,.T.);
#8942 = B_SPLINE_CURVE_WITH_KNOTS('',3,(#8943,#8944,#8945,#8946),
  .UNSPECIFIED.,.F.,.F.,(4,4),(0.,1.713581864822),
  .PIECEWISE_BEZIER_KNOTS.);
#8943 = CARTESIAN_POINT('',(73.250768221627,-110.8698321466,0.));
#8944 = CARTESIAN_POINT('',(69.193975863551,-106.8678613069,0.));
#8945 = CARTESIAN_POINT('',(69.139154345198,-106.7340966683,0.));
#8946 = CARTESIAN_POINT('',(70.417592554701,-104.1684486056,0.));
#8947 = B_SPLINE_SURFACE_WITH_KNOTS('',3,1,(
    (#8948,#8949)
    ,(#8950,#8951)
    ,(#8952,#8953)
    ,(#8954,#8955
    )),.UNSPECIFIED.,.F.,.F.,.F.,(4,4),(2,2),(-1.,0.),(0.,1.),
  .PIECEWISE_BEZIER_KNOTS.);
#8948 = CARTESIAN_POINT('',(70.417592554701,-104.1684486056,-2.));
#8949 = CARTESIAN_POINT('',(70.417592554701,-104.1684486056,8.));
#8950 = CARTESIAN_POINT('',(69.139154345198,-106.7340966683,-2.));
#8951 = CARTESIAN_POINT('',(69.139154345198,-106.7340966683,8.));
#8952 = CARTESIAN_POINT('',(69.193975863551,-106.8678613069,-2.));
#8953 = CARTESIAN_POINT('',(69.193975863551,-106.8678613069,8.));
#8954 = CARTESIAN_POINT('',(73.250768221627,-110.8698321466,-2.));
#8955 = CARTESIAN_POINT('',(73.250768221627,-110.8698321466,8.));
#8956 = ADVANCED_FACE('',(#8957),#8984,.F.);
#8957 = FACE_BOUND('',#8958,.F.);
#8958 = EDGE_LOOP('',(#8959,#8969,#8976,#8977));
#8959 = ORIENTED_EDGE('',*,*,#8960,.F.);
#8960 = EDGE_CURVE('',#8961,#8963,#8965,.T.);
#8961 = VERTEX_POINT('',#8962);
#8962 = CARTESIAN_POINT('',(72.136794567182,-100.9383656811,-2.));
#8963 = VERTEX_POINT('',#8964);
#8964 = CARTESIAN_POINT('',(72.136794567182,-100.9383656811,0.));
#8965 = LINE('',#8966,#8967);
#8966 = CARTESIAN_POINT('',(72.136794567182,-100.9383656811,-2.));
#8967 = VECTOR('',#8968,1.);
#8968 = DIRECTION('',(0.,0.,1.));
#8969 = ORIENTED_EDGE('',*,*,#8970,.T.);
#8970 = EDGE_CURVE('',#8961,#8924,#8971,.T.);
#8971 = B_SPLINE_CURVE_WITH_KNOTS('',3,(#8972,#8973,#8974,#8975),
  .UNSPECIFIED.,.F.,.F.,(4,4),(-1.,0.),.PIECEWISE_BEZIER_KNOTS.);
#8972 = CARTESIAN_POINT('',(72.136794567182,-100.9383656811,-2.));
#8973 = CARTESIAN_POINT('',(71.731113992958,-101.5392107269,-2.));
#8974 = CARTESIAN_POINT('',(71.698222420363,-101.604993872,-2.));
#8975 = CARTESIAN_POINT('',(70.417592554701,-104.1684486056,-2.));
#8976 = ORIENTED_EDGE('',*,*,#8923,.T.);
#8977 = ORIENTED_EDGE('',*,*,#8978,.T.);
#8978 = EDGE_CURVE('',#8926,#8963,#8979,.T.);
#8979 = B_SPLINE_CURVE_WITH_KNOTS('',3,(#8980,#8981,#8982,#8983),
  .UNSPECIFIED.,.F.,.F.,(4,4),(0.,0.702097272913),
  .PIECEWISE_BEZIER_KNOTS.);
#8980 = CARTESIAN_POINT('',(70.417592554701,-104.1684486056,0.));
#8981 = CARTESIAN_POINT('',(71.698222420363,-101.604993872,0.));
#8982 = CARTESIAN_POINT('',(71.731113992958,-101.5392107269,0.));
#8983 = CARTESIAN_POINT('',(72.136794567182,-100.9383656811,0.));
#8984 = B_SPLINE_SURFACE_WITH_KNOTS('',3,1,(
    (#8985,#8986)
    ,(#8987,#8988)
    ,(#8989,#8990)
    ,(#8991,#8992
    )),.UNSPECIFIED.,.F.,.F.,.F.,(4,4),(2,2),(-1.,0.),(0.,1.),
  .PIECEWISE_BEZIER_KNOTS.);
#8985 = CARTESIAN_POINT('',(72.136794567182,-100.9383656811,-2.));
#8986 = CARTESIAN_POINT('',(72.136794567182,-100.9383656811,8.));
#8987 = CARTESIAN_POINT('',(71.731113992958,-101.5392107269,-2.));
#8988 = CARTESIAN_POINT('',(71.731113992958,-101.5392107269,8.));
#8989 = CARTESIAN_POINT('',(71.698222420363,-101.604993872,-2.));
#8990 = CARTESIAN_POINT('',(71.698222420363,-101.604993872,8.));
#8991 = CARTESIAN_POINT('',(70.417592554701,-104.1684486056,-2.));
#8992 = CARTESIAN_POINT('',(70.417592554701,-104.1684486056,8.));
#8993 = ADVANCED_FACE('',(#8994),#9021,.F.);
#8994 = FACE_BOUND('',#8995,.F.);
#8995 = EDGE_LOOP('',(#8996,#9006,#9013,#9014));
#8996 = ORIENTED_EDGE('',*,*,#8997,.F.);
#8997 = EDGE_CURVE('',#8998,#9000,#9002,.T.);
#8998 = VERTEX_POINT('',#8999);
#8999 = CARTESIAN_POINT('',(74.676127698789,-99.71474899004,-2.));
#9000 = VERTEX_POINT('',#9001);
#9001 = CARTESIAN_POINT('',(74.676127698789,-99.71474899004,0.));
#9002 = LINE('',#9003,#9004);
#9003 = CARTESIAN_POINT('',(74.676127698789,-99.71474899004,-2.));
#9004 = VECTOR('',#9005,1.);
#9005 = DIRECTION('',(0.,0.,1.));
#9006 = ORIENTED_EDGE('',*,*,#9007,.T.);
#9007 = EDGE_CURVE('',#8998,#8961,#9008,.T.);
#9008 = B_SPLINE_CURVE_WITH_KNOTS('',3,(#9009,#9010,#9011,#9012),
  .UNSPECIFIED.,.F.,.F.,(4,4),(-1.,0.),.PIECEWISE_BEZIER_KNOTS.);
#9009 = CARTESIAN_POINT('',(74.676127698789,-99.71474899004,-2.));
#9010 = CARTESIAN_POINT('',(72.590714999199,-100.3112073773,-2.));
#9011 = CARTESIAN_POINT('',(72.540280139206,-100.3353289793,-2.));
#9012 = CARTESIAN_POINT('',(72.136794567182,-100.9383656811,-2.));
#9013 = ORIENTED_EDGE('',*,*,#8960,.T.);
#9014 = ORIENTED_EDGE('',*,*,#9015,.T.);
#9015 = EDGE_CURVE('',#8963,#9000,#9016,.T.);
#9016 = B_SPLINE_CURVE_WITH_KNOTS('',3,(#9017,#9018,#9019,#9020),
  .UNSPECIFIED.,.F.,.F.,(4,4),(0.,0.2190809625),
  .PIECEWISE_BEZIER_KNOTS.);
#9017 = CARTESIAN_POINT('',(72.136794567182,-100.9383656811,0.));
#9018 = CARTESIAN_POINT('',(72.540280139206,-100.3353289793,0.));
#9019 = CARTESIAN_POINT('',(72.590714999199,-100.3112073773,0.));
#9020 = CARTESIAN_POINT('',(74.676127698789,-99.71474899004,0.));
#9021 = B_SPLINE_SURFACE_WITH_KNOTS('',3,1,(
    (#9022,#9023)
    ,(#9024,#9025)
    ,(#9026,#9027)
    ,(#9028,#9029
    )),.UNSPECIFIED.,.F.,.F.,.F.,(4,4),(2,2),(-1.,0.),(0.,1.),
  .PIECEWISE_BEZIER_KNOTS.);
#9022 = CARTESIAN_POINT('',(74.676127698789,-99.71474899004,-2.));
#9023 = CARTESIAN_POINT('',(74.676127698789,-99.71474899004,8.));
#9024 = CARTESIAN_POINT('',(72.590714999199,-100.3112073773,-2.));
#9025 = CARTESIAN_POINT('',(72.590714999199,-100.3112073773,8.));
#9026 = CARTESIAN_POINT('',(72.540280139206,-100.3353289793,-2.));
#9027 = CARTESIAN_POINT('',(72.540280139206,-100.3353289793,8.));
#9028 = CARTESIAN_POINT('',(72.136794567182,-100.9383656811,-2.));
#9029 = CARTESIAN_POINT('',(72.136794567182,-100.9383656811,8.));
#9030 = ADVANCED_FACE('',(#9031),#9058,.F.);
#9031 = FACE_BOUND('',#9032,.F.);
#9032 = EDGE_LOOP('',(#9033,#9043,#9050,#9051));
#9033 = ORIENTED_EDGE('',*,*,#9034,.F.);
#9034 = EDGE_CURVE('',#9035,#9037,#9039,.T.);
#9035 = VERTEX_POINT('',#9036);
#9036 = CARTESIAN_POINT('',(79.430248164209,-99.02838250953,-2.));
#9037 = VERTEX_POINT('',#9038);
#9038 = CARTESIAN_POINT('',(79.430248164209,-99.02838250953,0.));
#9039 = LINE('',#9040,#9041);
#9040 = CARTESIAN_POINT('',(79.430248164209,-99.02838250953,-2.));
#9041 = VECTOR('',#9042,1.);
#9042 = DIRECTION('',(0.,0.,1.));
#9043 = ORIENTED_EDGE('',*,*,#9044,.T.);
#9044 = EDGE_CURVE('',#9035,#8998,#9045,.T.);
#9045 = B_SPLINE_CURVE_WITH_KNOTS('',3,(#9046,#9047,#9048,#9049),
  .UNSPECIFIED.,.F.,.F.,(4,4),(-1.,0.),.PIECEWISE_BEZIER_KNOTS.);
#9046 = CARTESIAN_POINT('',(79.430248164209,-99.02838250953,-2.));
#9047 = CARTESIAN_POINT('',(76.855831803846,-99.1073256298,-2.));
#9048 = CARTESIAN_POINT('',(76.75934539618,-99.12048560488,-2.));
#9049 = CARTESIAN_POINT('',(74.676127698789,-99.71474899004,-2.));
#9050 = ORIENTED_EDGE('',*,*,#8997,.T.);
#9051 = ORIENTED_EDGE('',*,*,#9052,.T.);
#9052 = EDGE_CURVE('',#9000,#9037,#9053,.T.);
#9053 = B_SPLINE_CURVE_WITH_KNOTS('',3,(#9054,#9055,#9056,#9057),
  .UNSPECIFIED.,.F.,.F.,(4,4),(0.,0.649975398906),
  .PIECEWISE_BEZIER_KNOTS.);
#9054 = CARTESIAN_POINT('',(74.676127698789,-99.71474899004,0.));
#9055 = CARTESIAN_POINT('',(76.75934539618,-99.12048560488,0.));
#9056 = CARTESIAN_POINT('',(76.855831803846,-99.1073256298,0.));
#9057 = CARTESIAN_POINT('',(79.430248164209,-99.02838250953,0.));
#9058 = B_SPLINE_SURFACE_WITH_KNOTS('',3,1,(
    (#9059,#9060)
    ,(#9061,#9062)
    ,(#9063,#9064)
    ,(#9065,#9066
    )),.UNSPECIFIED.,.F.,.F.,.F.,(4,4),(2,2),(-1.,0.),(0.,1.),
  .PIECEWISE_BEZIER_KNOTS.);
#9059 = CARTESIAN_POINT('',(79.430248164209,-99.02838250953,-2.));
#9060 = CARTESIAN_POINT('',(79.430248164209,-99.02838250953,8.));
#9061 = CARTESIAN_POINT('',(76.855831803846,-99.1073256298,-2.));
#9062 = CARTESIAN_POINT('',(76.855831803846,-99.1073256298,8.));
#9063 = CARTESIAN_POINT('',(76.75934539618,-99.12048560488,-2.));
#9064 = CARTESIAN_POINT('',(76.75934539618,-99.12048560488,8.));
#9065 = CARTESIAN_POINT('',(74.676127698789,-99.71474899004,-2.));
#9066 = CARTESIAN_POINT('',(74.676127698789,-99.71474899004,8.));
#9067 = ADVANCED_FACE('',(#9068),#9086,.F.);
#9068 = FACE_BOUND('',#9069,.F.);
#9069 = EDGE_LOOP('',(#9070,#9071,#9078,#9079));
#9070 = ORIENTED_EDGE('',*,*,#8859,.F.);
#9071 = ORIENTED_EDGE('',*,*,#9072,.T.);
#9072 = EDGE_CURVE('',#8851,#9035,#9073,.T.);
#9073 = B_SPLINE_CURVE_WITH_KNOTS('',3,(#9074,#9075,#9076,#9077),
  .UNSPECIFIED.,.F.,.F.,(4,4),(-1.,0.),.PIECEWISE_BEZIER_KNOTS.);
#9074 = CARTESIAN_POINT('',(82.149397482111,-103.9645141634,-2.));
#9075 = CARTESIAN_POINT('',(82.061681045123,-99.04592579693,-2.));
#9076 = CARTESIAN_POINT('',(82.006859526771,-98.9472477331,-2.));
#9077 = CARTESIAN_POINT('',(79.430248164209,-99.02838250953,-2.));
#9078 = ORIENTED_EDGE('',*,*,#9034,.T.);
#9079 = ORIENTED_EDGE('',*,*,#9080,.T.);
#9080 = EDGE_CURVE('',#9037,#8860,#9081,.T.);
#9081 = B_SPLINE_CURVE_WITH_KNOTS('',3,(#9082,#9083,#9084,#9085),
  .UNSPECIFIED.,.F.,.F.,(4,4),(0.,0.801398414985),
  .PIECEWISE_BEZIER_KNOTS.);
#9082 = CARTESIAN_POINT('',(79.430248164209,-99.02838250953,0.));
#9083 = CARTESIAN_POINT('',(82.006859526771,-98.9472477331,0.));
#9084 = CARTESIAN_POINT('',(82.061681045123,-99.04592579693,0.));
#9085 = CARTESIAN_POINT('',(82.149397482111,-103.9645141634,0.));
#9086 = B_SPLINE_SURFACE_WITH_KNOTS('',3,1,(
    (#9087,#9088)
    ,(#9089,#9090)
    ,(#9091,#9092)
    ,(#9093,#9094
    )),.UNSPECIFIED.,.F.,.F.,.F.,(4,4),(2,2),(-1.,0.),(0.,1.),
  .PIECEWISE_BEZIER_KNOTS.);
#9087 = CARTESIAN_POINT('',(82.149397482111,-103.9645141634,-2.));
#9088 = CARTESIAN_POINT('',(82.149397482111,-103.9645141634,8.));
#9089 = CARTESIAN_POINT('',(82.061681045123,-99.04592579693,-2.));
#9090 = CARTESIAN_POINT('',(82.061681045123,-99.04592579693,8.));
#9091 = CARTESIAN_POINT('',(82.006859526771,-98.9472477331,-2.));
#9092 = CARTESIAN_POINT('',(82.006859526771,-98.9472477331,8.));
#9093 = CARTESIAN_POINT('',(79.430248164209,-99.02838250953,-2.));
#9094 = CARTESIAN_POINT('',(79.430248164209,-99.02838250953,8.));
#9095 = ADVANCED_FACE('',(#9096),#9132,.F.);
#9096 = FACE_BOUND('',#9097,.F.);
#9097 = EDGE_LOOP('',(#9098,#9108,#9117,#9125));
#9098 = ORIENTED_EDGE('',*,*,#9099,.F.);
#9099 = EDGE_CURVE('',#9100,#9102,#9104,.T.);
#9100 = VERTEX_POINT('',#9101);
#9101 = CARTESIAN_POINT('',(81.359966279421,-51.6011908202,-2.));
#9102 = VERTEX_POINT('',#9103);
#9103 = CARTESIAN_POINT('',(81.359966279421,-51.6011908202,0.));
#9104 = LINE('',#9105,#9106);
#9105 = CARTESIAN_POINT('',(81.359966279421,-51.6011908202,-2.));
#9106 = VECTOR('',#9107,1.);
#9107 = DIRECTION('',(0.,0.,1.));
#9108 = ORIENTED_EDGE('',*,*,#9109,.T.);
#9109 = EDGE_CURVE('',#9100,#9110,#9112,.T.);
#9110 = VERTEX_POINT('',#9111);
#9111 = CARTESIAN_POINT('',(91.493177203933,-55.00670327256,-2.));
#9112 = B_SPLINE_CURVE_WITH_KNOTS('',3,(#9113,#9114,#9115,#9116),
  .UNSPECIFIED.,.F.,.F.,(4,4),(-1.,0.),.PIECEWISE_BEZIER_KNOTS.);
#9113 = CARTESIAN_POINT('',(81.359966279421,-51.6011908202,-2.));
#9114 = CARTESIAN_POINT('',(82.219567285661,-52.60332978178,-2.));
#9115 = CARTESIAN_POINT('',(82.421310071673,-52.67350293137,-2.));
#9116 = CARTESIAN_POINT('',(91.493177203933,-55.00670327256,-2.));
#9117 = ORIENTED_EDGE('',*,*,#9118,.T.);
#9118 = EDGE_CURVE('',#9110,#9119,#9121,.T.);
#9119 = VERTEX_POINT('',#9120);
#9120 = CARTESIAN_POINT('',(91.493177203933,-55.00670327256,0.));
#9121 = LINE('',#9122,#9123);
#9122 = CARTESIAN_POINT('',(91.493177203933,-55.00670327256,-2.));
#9123 = VECTOR('',#9124,1.);
#9124 = DIRECTION('',(0.,0.,1.));
#9125 = ORIENTED_EDGE('',*,*,#9126,.T.);
#9126 = EDGE_CURVE('',#9119,#9102,#9127,.T.);
#9127 = B_SPLINE_CURVE_WITH_KNOTS('',3,(#9128,#9129,#9130,#9131),
  .UNSPECIFIED.,.F.,.F.,(4,4),(0.,2.811516740668),
  .PIECEWISE_BEZIER_KNOTS.);
#9128 = CARTESIAN_POINT('',(91.493177203933,-55.00670327256,0.));
#9129 = CARTESIAN_POINT('',(82.421310071673,-52.67350293137,0.));
#9130 = CARTESIAN_POINT('',(82.219567285661,-52.60332978178,0.));
#9131 = CARTESIAN_POINT('',(81.359966279421,-51.6011908202,0.));
#9132 = B_SPLINE_SURFACE_WITH_KNOTS('',3,1,(
    (#9133,#9134)
    ,(#9135,#9136)
    ,(#9137,#9138)
    ,(#9139,#9140
    )),.UNSPECIFIED.,.F.,.F.,.F.,(4,4),(2,2),(-1.,0.),(0.,1.),
  .PIECEWISE_BEZIER_KNOTS.);
#9133 = CARTESIAN_POINT('',(81.359966279421,-51.6011908202,-2.));
#9134 = CARTESIAN_POINT('',(81.359966279421,-51.6011908202,8.));
#9135 = CARTESIAN_POINT('',(82.219567285661,-52.60332978178,-2.));
#9136 = CARTESIAN_POINT('',(82.219567285661,-52.60332978178,8.));
#9137 = CARTESIAN_POINT('',(82.421310071673,-52.67350293137,-2.));
#9138 = CARTESIAN_POINT('',(82.421310071673,-52.67350293137,8.));
#9139 = CARTESIAN_POINT('',(91.493177203933,-55.00670327256,-2.));
#9140 = CARTESIAN_POINT('',(91.493177203933,-55.00670327256,8.));
#9141 = ADVANCED_FACE('',(#9142),#9169,.F.);
#9142 = FACE_BOUND('',#9143,.F.);
#9143 = EDGE_LOOP('',(#9144,#9154,#9161,#9162));
#9144 = ORIENTED_EDGE('',*,*,#9145,.F.);
#9145 = EDGE_CURVE('',#9146,#9148,#9150,.T.);
#9146 = VERTEX_POINT('',#9147);
#9147 = CARTESIAN_POINT('',(88.870514293698,-41.94822027786,-2.));
#9148 = VERTEX_POINT('',#9149);
#9149 = CARTESIAN_POINT('',(88.870514293698,-41.94822027786,0.));
#9150 = LINE('',#9151,#9152);
#9151 = CARTESIAN_POINT('',(88.870514293698,-41.94822027786,-2.));
#9152 = VECTOR('',#9153,1.);
#9153 = DIRECTION('',(0.,0.,1.));
#9154 = ORIENTED_EDGE('',*,*,#9155,.T.);
#9155 = EDGE_CURVE('',#9146,#9100,#9156,.T.);
#9156 = B_SPLINE_CURVE_WITH_KNOTS('',3,(#9157,#9158,#9159,#9160),
  .UNSPECIFIED.,.F.,.F.,(4,4),(-1.,0.),.PIECEWISE_BEZIER_KNOTS.);
#9157 = CARTESIAN_POINT('',(88.870514293698,-41.94822027786,-2.));
#9158 = CARTESIAN_POINT('',(80.651673199199,-50.40389073316,-2.));
#9159 = CARTESIAN_POINT('',(80.50255692934,-50.5968635485,-2.));
#9160 = CARTESIAN_POINT('',(81.359966279421,-51.6011908202,-2.));
#9161 = ORIENTED_EDGE('',*,*,#9099,.T.);
#9162 = ORIENTED_EDGE('',*,*,#9163,.T.);
#9163 = EDGE_CURVE('',#9102,#9148,#9164,.T.);
#9164 = B_SPLINE_CURVE_WITH_KNOTS('',3,(#9165,#9166,#9167,#9168),
  .UNSPECIFIED.,.F.,.F.,(4,4),(0.,0.402893584381),
  .PIECEWISE_BEZIER_KNOTS.);
#9165 = CARTESIAN_POINT('',(81.359966279421,-51.6011908202,0.));
#9166 = CARTESIAN_POINT('',(80.50255692934,-50.5968635485,0.));
#9167 = CARTESIAN_POINT('',(80.651673199199,-50.40389073316,0.));
#9168 = CARTESIAN_POINT('',(88.870514293698,-41.94822027786,0.));
#9169 = B_SPLINE_SURFACE_WITH_KNOTS('',3,1,(
    (#9170,#9171)
    ,(#9172,#9173)
    ,(#9174,#9175)
    ,(#9176,#9177
    )),.UNSPECIFIED.,.F.,.F.,.F.,(4,4),(2,2),(-1.,0.),(0.,1.),
  .PIECEWISE_BEZIER_KNOTS.);
#9170 = CARTESIAN_POINT('',(88.870514293698,-41.94822027786,-2.));
#9171 = CARTESIAN_POINT('',(88.870514293698,-41.94822027786,8.));
#9172 = CARTESIAN_POINT('',(80.651673199199,-50.40389073316,-2.));
#9173 = CARTESIAN_POINT('',(80.651673199199,-50.40389073316,8.));
#9174 = CARTESIAN_POINT('',(80.50255692934,-50.5968635485,-2.));
#9175 = CARTESIAN_POINT('',(80.50255692934,-50.5968635485,8.));
#9176 = CARTESIAN_POINT('',(81.359966279421,-51.6011908202,-2.));
#9177 = CARTESIAN_POINT('',(81.359966279421,-51.6011908202,8.));
#9178 = ADVANCED_FACE('',(#9179),#9206,.F.);
#9179 = FACE_BOUND('',#9180,.F.);
#9180 = EDGE_LOOP('',(#9181,#9191,#9198,#9199));
#9181 = ORIENTED_EDGE('',*,*,#9182,.F.);
#9182 = EDGE_CURVE('',#9183,#9185,#9187,.T.);
#9183 = VERTEX_POINT('',#9184);
#9184 = CARTESIAN_POINT('',(99.00372187217,-45.35592773243,-2.));
#9185 = VERTEX_POINT('',#9186);
#9186 = CARTESIAN_POINT('',(99.00372187217,-45.35592773243,0.));
#9187 = LINE('',#9188,#9189);
#9188 = CARTESIAN_POINT('',(99.00372187217,-45.35592773243,-2.));
#9189 = VECTOR('',#9190,1.);
#9190 = DIRECTION('',(0.,0.,1.));
#9191 = ORIENTED_EDGE('',*,*,#9192,.T.);
#9192 = EDGE_CURVE('',#9183,#9146,#9193,.T.);
#9193 = B_SPLINE_CURVE_WITH_KNOTS('',3,(#9194,#9195,#9196,#9197),
  .UNSPECIFIED.,.F.,.F.,(4,4),(-1.,0.),.PIECEWISE_BEZIER_KNOTS.);
#9194 = CARTESIAN_POINT('',(99.00372187217,-45.35592773243,-2.));
#9195 = CARTESIAN_POINT('',(97.291098174208,-33.56271628006,-2.));
#9196 = CARTESIAN_POINT('',(97.089358734236,-33.49473813267,-2.));
#9197 = CARTESIAN_POINT('',(88.870514293698,-41.94822027786,-2.));
#9198 = ORIENTED_EDGE('',*,*,#9145,.T.);
#9199 = ORIENTED_EDGE('',*,*,#9200,.T.);
#9200 = EDGE_CURVE('',#9148,#9185,#9201,.T.);
#9201 = B_SPLINE_CURVE_WITH_KNOTS('',3,(#9202,#9203,#9204,#9205),
  .UNSPECIFIED.,.F.,.F.,(4,4),(0.,3.625382476049),
  .PIECEWISE_BEZIER_KNOTS.);
#9202 = CARTESIAN_POINT('',(88.870514293698,-41.94822027786,0.));
#9203 = CARTESIAN_POINT('',(97.089358734236,-33.49473813267,0.));
#9204 = CARTESIAN_POINT('',(97.291098174208,-33.56271628006,0.));
#9205 = CARTESIAN_POINT('',(99.00372187217,-45.35592773243,0.));
#9206 = B_SPLINE_SURFACE_WITH_KNOTS('',3,1,(
    (#9207,#9208)
    ,(#9209,#9210)
    ,(#9211,#9212)
    ,(#9213,#9214
    )),.UNSPECIFIED.,.F.,.F.,.F.,(4,4),(2,2),(-1.,0.),(0.,1.),
  .PIECEWISE_BEZIER_KNOTS.);
#9207 = CARTESIAN_POINT('',(99.00372187217,-45.35592773243,-2.));
#9208 = CARTESIAN_POINT('',(99.00372187217,-45.35592773243,8.));
#9209 = CARTESIAN_POINT('',(97.291098174208,-33.56271628006,-2.));
#9210 = CARTESIAN_POINT('',(97.291098174208,-33.56271628006,8.));
#9211 = CARTESIAN_POINT('',(97.089358734236,-33.49473813267,-2.));
#9212 = CARTESIAN_POINT('',(97.089358734236,-33.49473813267,8.));
#9213 = CARTESIAN_POINT('',(88.870514293698,-41.94822027786,-2.));
#9214 = CARTESIAN_POINT('',(88.870514293698,-41.94822027786,8.));
#9215 = ADVANCED_FACE('',(#9216),#9234,.F.);
#9216 = FACE_BOUND('',#9217,.F.);
#9217 = EDGE_LOOP('',(#9218,#9219,#9226,#9227));
#9218 = ORIENTED_EDGE('',*,*,#9118,.F.);
#9219 = ORIENTED_EDGE('',*,*,#9220,.T.);
#9220 = EDGE_CURVE('',#9110,#9183,#9221,.T.);
#9221 = B_SPLINE_CURVE_WITH_KNOTS('',3,(#9222,#9223,#9224,#9225),
  .UNSPECIFIED.,.F.,.F.,(4,4),(-1.,0.),.PIECEWISE_BEZIER_KNOTS.);
#9222 = CARTESIAN_POINT('',(91.493177203933,-55.00670327256,-2.));
#9223 = CARTESIAN_POINT('',(100.56503764411,-57.33991030584,-2.));
#9224 = CARTESIAN_POINT('',(100.71634557013,-57.14693749051,-2.));
#9225 = CARTESIAN_POINT('',(99.00372187217,-45.35592773243,-2.));
#9226 = ORIENTED_EDGE('',*,*,#9182,.T.);
#9227 = ORIENTED_EDGE('',*,*,#9228,.T.);
#9228 = EDGE_CURVE('',#9185,#9119,#9229,.T.);
#9229 = B_SPLINE_CURVE_WITH_KNOTS('',3,(#9230,#9231,#9232,#9233),
  .UNSPECIFIED.,.F.,.F.,(4,4),(0.,3.773527759677),
  .PIECEWISE_BEZIER_KNOTS.);
#9230 = CARTESIAN_POINT('',(99.00372187217,-45.35592773243,0.));
#9231 = CARTESIAN_POINT('',(100.71634557013,-57.14693749051,0.));
#9232 = CARTESIAN_POINT('',(100.56503764411,-57.33991030584,0.));
#9233 = CARTESIAN_POINT('',(91.493177203933,-55.00670327256,0.));
#9234 = B_SPLINE_SURFACE_WITH_KNOTS('',3,1,(
    (#9235,#9236)
    ,(#9237,#9238)
    ,(#9239,#9240)
    ,(#9241,#9242
    )),.UNSPECIFIED.,.F.,.F.,.F.,(4,4),(2,2),(-1.,0.),(0.,1.),
  .PIECEWISE_BEZIER_KNOTS.);
#9235 = CARTESIAN_POINT('',(91.493177203933,-55.00670327256,-2.));
#9236 = CARTESIAN_POINT('',(91.493177203933,-55.00670327256,8.));
#9237 = CARTESIAN_POINT('',(100.56503764411,-57.33991030584,-2.));
#9238 = CARTESIAN_POINT('',(100.56503764411,-57.33991030584,8.));
#9239 = CARTESIAN_POINT('',(100.71634557013,-57.14693749051,-2.));
#9240 = CARTESIAN_POINT('',(100.71634557013,-57.14693749051,8.));
#9241 = CARTESIAN_POINT('',(99.00372187217,-45.35592773243,-2.));
#9242 = CARTESIAN_POINT('',(99.00372187217,-45.35592773243,8.));
#9243 = ADVANCED_FACE('',(#9244),#9280,.F.);
#9244 = FACE_BOUND('',#9245,.F.);
#9245 = EDGE_LOOP('',(#9246,#9256,#9265,#9273));
#9246 = ORIENTED_EDGE('',*,*,#9247,.F.);
#9247 = EDGE_CURVE('',#9248,#9250,#9252,.T.);
#9248 = VERTEX_POINT('',#9249);
#9249 = CARTESIAN_POINT('',(66.156862408412,-62.15762560633,-2.));
#9250 = VERTEX_POINT('',#9251);
#9251 = CARTESIAN_POINT('',(66.156862408412,-62.15762560633,0.));
#9252 = LINE('',#9253,#9254);
#9253 = CARTESIAN_POINT('',(66.156862408412,-62.15762560633,-2.));
#9254 = VECTOR('',#9255,1.);
#9255 = DIRECTION('',(0.,0.,1.));
#9256 = ORIENTED_EDGE('',*,*,#9257,.T.);
#9257 = EDGE_CURVE('',#9248,#9258,#9260,.T.);
#9258 = VERTEX_POINT('',#9259);
#9259 = CARTESIAN_POINT('',(68.610674105231,-50.60344186302,-2.));
#9260 = B_SPLINE_CURVE_WITH_KNOTS('',3,(#9261,#9262,#9263,#9264),
  .UNSPECIFIED.,.F.,.F.,(4,4),(-1.,0.),.PIECEWISE_BEZIER_KNOTS.);
#9261 = CARTESIAN_POINT('',(66.156862408412,-62.15762560633,-2.));
#9262 = CARTESIAN_POINT('',(70.068925154989,-51.96958981743,-2.));
#9263 = CARTESIAN_POINT('',(70.117168358822,-51.73714711498,-2.));
#9264 = CARTESIAN_POINT('',(68.610674105231,-50.60344186302,-2.));
#9265 = ORIENTED_EDGE('',*,*,#9266,.T.);
#9266 = EDGE_CURVE('',#9258,#9267,#9269,.T.);
#9267 = VERTEX_POINT('',#9268);
#9268 = CARTESIAN_POINT('',(68.610674105231,-50.60344186302,0.));
#9269 = LINE('',#9270,#9271);
#9270 = CARTESIAN_POINT('',(68.610674105231,-50.60344186302,-2.));
#9271 = VECTOR('',#9272,1.);
#9272 = DIRECTION('',(0.,0.,1.));
#9273 = ORIENTED_EDGE('',*,*,#9274,.T.);
#9274 = EDGE_CURVE('',#9267,#9250,#9275,.T.);
#9275 = B_SPLINE_CURVE_WITH_KNOTS('',3,(#9276,#9277,#9278,#9279),
  .UNSPECIFIED.,.F.,.F.,(4,4),(0.,0.559210381479),
  .PIECEWISE_BEZIER_KNOTS.);
#9276 = CARTESIAN_POINT('',(68.610674105231,-50.60344186302,0.));
#9277 = CARTESIAN_POINT('',(70.117168358822,-51.73714711498,0.));
#9278 = CARTESIAN_POINT('',(70.068925154989,-51.96958981743,0.));
#9279 = CARTESIAN_POINT('',(66.156862408412,-62.15762560633,0.));
#9280 = B_SPLINE_SURFACE_WITH_KNOTS('',3,1,(
    (#9281,#9282)
    ,(#9283,#9284)
    ,(#9285,#9286)
    ,(#9287,#9288
    )),.UNSPECIFIED.,.F.,.F.,.F.,(4,4),(2,2),(-1.,0.),(0.,1.),
  .PIECEWISE_BEZIER_KNOTS.);
#9281 = CARTESIAN_POINT('',(66.156862408412,-62.15762560633,-2.));
#9282 = CARTESIAN_POINT('',(66.156862408412,-62.15762560633,8.));
#9283 = CARTESIAN_POINT('',(70.068925154989,-51.96958981743,-2.));
#9284 = CARTESIAN_POINT('',(70.068925154989,-51.96958981743,8.));
#9285 = CARTESIAN_POINT('',(70.117168358822,-51.73714711498,-2.));
#9286 = CARTESIAN_POINT('',(70.117168358822,-51.73714711498,8.));
#9287 = CARTESIAN_POINT('',(68.610674105231,-50.60344186302,-2.));
#9288 = CARTESIAN_POINT('',(68.610674105231,-50.60344186302,8.));
#9289 = ADVANCED_FACE('',(#9290),#9317,.F.);
#9290 = FACE_BOUND('',#9291,.F.);
#9291 = EDGE_LOOP('',(#9292,#9302,#9309,#9310));
#9292 = ORIENTED_EDGE('',*,*,#9293,.F.);
#9293 = EDGE_CURVE('',#9294,#9296,#9298,.T.);
#9294 = VERTEX_POINT('',#9295);
#9295 = CARTESIAN_POINT('',(57.359106213954,-72.06277379468,-2.));
#9296 = VERTEX_POINT('',#9297);
#9297 = CARTESIAN_POINT('',(57.359106213954,-72.06277379468,0.));
#9298 = LINE('',#9299,#9300);
#9299 = CARTESIAN_POINT('',(57.359106213954,-72.06277379468,-2.));
#9300 = VECTOR('',#9301,1.);
#9301 = DIRECTION('',(0.,0.,1.));
#9302 = ORIENTED_EDGE('',*,*,#9303,.T.);
#9303 = EDGE_CURVE('',#9294,#9248,#9304,.T.);
#9304 = B_SPLINE_CURVE_WITH_KNOTS('',3,(#9305,#9306,#9307,#9308),
  .UNSPECIFIED.,.F.,.F.,(4,4),(-1.,0.),.PIECEWISE_BEZIER_KNOTS.);
#9305 = CARTESIAN_POINT('',(57.359106213954,-72.06277379468,-2.));
#9306 = CARTESIAN_POINT('',(62.06717847774,-72.54301083081,-2.));
#9307 = CARTESIAN_POINT('',(62.242606332656,-72.34565470316,-2.));
#9308 = CARTESIAN_POINT('',(66.156862408412,-62.15762560633,-2.));
#9309 = ORIENTED_EDGE('',*,*,#9247,.T.);
#9310 = ORIENTED_EDGE('',*,*,#9311,.T.);
#9311 = EDGE_CURVE('',#9250,#9296,#9312,.T.);
#9312 = B_SPLINE_CURVE_WITH_KNOTS('',3,(#9313,#9314,#9315,#9316),
  .UNSPECIFIED.,.F.,.F.,(4,4),(0.,3.283024194648),
  .PIECEWISE_BEZIER_KNOTS.);
#9313 = CARTESIAN_POINT('',(66.156862408412,-62.15762560633,0.));
#9314 = CARTESIAN_POINT('',(62.242606332656,-72.34565470316,0.));
#9315 = CARTESIAN_POINT('',(62.06717847774,-72.54301083081,0.));
#9316 = CARTESIAN_POINT('',(57.359106213954,-72.06277379468,0.));
#9317 = B_SPLINE_SURFACE_WITH_KNOTS('',3,1,(
    (#9318,#9319)
    ,(#9320,#9321)
    ,(#9322,#9323)
    ,(#9324,#9325
    )),.UNSPECIFIED.,.F.,.F.,.F.,(4,4),(2,2),(-1.,0.),(0.,1.),
  .PIECEWISE_BEZIER_KNOTS.);
#9318 = CARTESIAN_POINT('',(57.359106213954,-72.06277379468,-2.));
#9319 = CARTESIAN_POINT('',(57.359106213954,-72.06277379468,8.));
#9320 = CARTESIAN_POINT('',(62.06717847774,-72.54301083081,-2.));
#9321 = CARTESIAN_POINT('',(62.06717847774,-72.54301083081,8.));
#9322 = CARTESIAN_POINT('',(62.242606332656,-72.34565470316,-2.));
#9323 = CARTESIAN_POINT('',(62.242606332656,-72.34565470316,8.));
#9324 = CARTESIAN_POINT('',(66.156862408412,-62.15762560633,-2.));
#9325 = CARTESIAN_POINT('',(66.156862408412,-62.15762560633,8.));
#9326 = ADVANCED_FACE('',(#9327),#9354,.F.);
#9327 = FACE_BOUND('',#9328,.F.);
#9328 = EDGE_LOOP('',(#9329,#9339,#9346,#9347));
#9329 = ORIENTED_EDGE('',*,*,#9330,.F.);
#9330 = EDGE_CURVE('',#9331,#9333,#9335,.T.);
#9331 = VERTEX_POINT('',#9332);
#9332 = CARTESIAN_POINT('',(53.451428452717,-61.44932918007,-2.));
#9333 = VERTEX_POINT('',#9334);
#9334 = CARTESIAN_POINT('',(53.451428452717,-61.44932918007,0.));
#9335 = LINE('',#9336,#9337);
#9336 = CARTESIAN_POINT('',(53.451428452717,-61.44932918007,-2.));
#9337 = VECTOR('',#9338,1.);
#9338 = DIRECTION('',(0.,0.,1.));
#9339 = ORIENTED_EDGE('',*,*,#9340,.T.);
#9340 = EDGE_CURVE('',#9331,#9294,#9341,.T.);
#9341 = B_SPLINE_CURVE_WITH_KNOTS('',3,(#9342,#9343,#9344,#9345),
  .UNSPECIFIED.,.F.,.F.,(4,4),(-1.,0.),.PIECEWISE_BEZIER_KNOTS.);
#9342 = CARTESIAN_POINT('',(53.451428452717,-61.44932918007,-2.));
#9343 = CARTESIAN_POINT('',(52.569897500719,-71.37202400185,-2.));
#9344 = CARTESIAN_POINT('',(52.648840620988,-71.58473176074,-2.));
#9345 = CARTESIAN_POINT('',(57.359106213954,-72.06277379468,-2.));
#9346 = ORIENTED_EDGE('',*,*,#9293,.T.);
#9347 = ORIENTED_EDGE('',*,*,#9348,.T.);
#9348 = EDGE_CURVE('',#9296,#9333,#9349,.T.);
#9349 = B_SPLINE_CURVE_WITH_KNOTS('',3,(#9350,#9351,#9352,#9353),
  .UNSPECIFIED.,.F.,.F.,(4,4),(0.,1.490350022111),
  .PIECEWISE_BEZIER_KNOTS.);
#9350 = CARTESIAN_POINT('',(57.359106213954,-72.06277379468,0.));
#9351 = CARTESIAN_POINT('',(52.648840620988,-71.58473176074,0.));
#9352 = CARTESIAN_POINT('',(52.569897500719,-71.37202400185,0.));
#9353 = CARTESIAN_POINT('',(53.451428452717,-61.44932918007,0.));
#9354 = B_SPLINE_SURFACE_WITH_KNOTS('',3,1,(
    (#9355,#9356)
    ,(#9357,#9358)
    ,(#9359,#9360)
    ,(#9361,#9362
    )),.UNSPECIFIED.,.F.,.F.,.F.,(4,4),(2,2),(-1.,0.),(0.,1.),
  .PIECEWISE_BEZIER_KNOTS.);
#9355 = CARTESIAN_POINT('',(53.451428452717,-61.44932918007,-2.));
#9356 = CARTESIAN_POINT('',(53.451428452717,-61.44932918007,8.));
#9357 = CARTESIAN_POINT('',(52.569897500719,-71.37202400185,-2.));
#9358 = CARTESIAN_POINT('',(52.569897500719,-71.37202400185,8.));
#9359 = CARTESIAN_POINT('',(52.648840620988,-71.58473176074,-2.));
#9360 = CARTESIAN_POINT('',(52.648840620988,-71.58473176074,8.));
#9361 = CARTESIAN_POINT('',(57.359106213954,-72.06277379468,-2.));
#9362 = CARTESIAN_POINT('',(57.359106213954,-72.06277379468,8.));
#9363 = ADVANCED_FACE('',(#9364),#9391,.F.);
#9364 = FACE_BOUND('',#9365,.F.);
#9365 = EDGE_LOOP('',(#9366,#9376,#9383,#9384));
#9366 = ORIENTED_EDGE('',*,*,#9367,.F.);
#9367 = EDGE_CURVE('',#9368,#9370,#9372,.T.);
#9368 = VERTEX_POINT('',#9369);
#9369 = CARTESIAN_POINT('',(57.587163931062,-50.48940882191,-2.));
#9370 = VERTEX_POINT('',#9371);
#9371 = CARTESIAN_POINT('',(57.587163931062,-50.48940882191,0.));
#9372 = LINE('',#9373,#9374);
#9373 = CARTESIAN_POINT('',(57.587163931062,-50.48940882191,-2.));
#9374 = VECTOR('',#9375,1.);
#9375 = DIRECTION('',(0.,0.,1.));
#9376 = ORIENTED_EDGE('',*,*,#9377,.T.);
#9377 = EDGE_CURVE('',#9368,#9331,#9378,.T.);
#9378 = B_SPLINE_CURVE_WITH_KNOTS('',3,(#9379,#9380,#9381,#9382),
  .UNSPECIFIED.,.F.,.F.,(4,4),(-1.,0.),.PIECEWISE_BEZIER_KNOTS.);
#9379 = CARTESIAN_POINT('',(57.587163931062,-50.48940882191,-2.));
#9380 = CARTESIAN_POINT('',(54.414094181143,-51.30734828488,-2.));
#9381 = CARTESIAN_POINT('',(54.330764402515,-51.52663435829,-2.));
#9382 = CARTESIAN_POINT('',(53.451428452717,-61.44932918007,-2.));
#9383 = ORIENTED_EDGE('',*,*,#9330,.T.);
#9384 = ORIENTED_EDGE('',*,*,#9385,.T.);
#9385 = EDGE_CURVE('',#9333,#9370,#9386,.T.);
#9386 = B_SPLINE_CURVE_WITH_KNOTS('',3,(#9387,#9388,#9389,#9390),
  .UNSPECIFIED.,.F.,.F.,(4,4),(0.,3.01529788146),
  .PIECEWISE_BEZIER_KNOTS.);
#9387 = CARTESIAN_POINT('',(53.451428452717,-61.44932918007,0.));
#9388 = CARTESIAN_POINT('',(54.330764402515,-51.52663435829,0.));
#9389 = CARTESIAN_POINT('',(54.414094181143,-51.30734828488,0.));
#9390 = CARTESIAN_POINT('',(57.587163931062,-50.48940882191,0.));
#9391 = B_SPLINE_SURFACE_WITH_KNOTS('',3,1,(
    (#9392,#9393)
    ,(#9394,#9395)
    ,(#9396,#9397)
    ,(#9398,#9399
    )),.UNSPECIFIED.,.F.,.F.,.F.,(4,4),(2,2),(-1.,0.),(0.,1.),
  .PIECEWISE_BEZIER_KNOTS.);
#9392 = CARTESIAN_POINT('',(57.587163931062,-50.48940882191,-2.));
#9393 = CARTESIAN_POINT('',(57.587163931062,-50.48940882191,8.));
#9394 = CARTESIAN_POINT('',(54.414094181143,-51.30734828488,-2.));
#9395 = CARTESIAN_POINT('',(54.414094181143,-51.30734828488,8.));
#9396 = CARTESIAN_POINT('',(54.330764402515,-51.52663435829,-2.));
#9397 = CARTESIAN_POINT('',(54.330764402515,-51.52663435829,8.));
#9398 = CARTESIAN_POINT('',(53.451428452717,-61.44932918007,-2.));
#9399 = CARTESIAN_POINT('',(53.451428452717,-61.44932918007,8.));
#9400 = ADVANCED_FACE('',(#9401),#9428,.F.);
#9401 = FACE_BOUND('',#9402,.F.);
#9402 = EDGE_LOOP('',(#9403,#9413,#9420,#9421));
#9403 = ORIENTED_EDGE('',*,*,#9404,.F.);
#9404 = EDGE_CURVE('',#9405,#9407,#9409,.T.);
#9405 = VERTEX_POINT('',#9406);
#9406 = CARTESIAN_POINT('',(63.950845045279,-49.5508646954,-2.));
#9407 = VERTEX_POINT('',#9408);
#9408 = CARTESIAN_POINT('',(63.950845045279,-49.5508646954,0.));
#9409 = LINE('',#9410,#9411);
#9410 = CARTESIAN_POINT('',(63.950845045279,-49.5508646954,-2.));
#9411 = VECTOR('',#9412,1.);
#9412 = DIRECTION('',(0.,0.,1.));
#9413 = ORIENTED_EDGE('',*,*,#9414,.T.);
#9414 = EDGE_CURVE('',#9405,#9368,#9415,.T.);
#9415 = B_SPLINE_CURVE_WITH_KNOTS('',3,(#9416,#9417,#9418,#9419),
  .UNSPECIFIED.,.F.,.F.,(4,4),(-1.,0.),.PIECEWISE_BEZIER_KNOTS.);
#9416 = CARTESIAN_POINT('',(63.950845045279,-49.5508646954,-2.));
#9417 = CARTESIAN_POINT('',(60.889611661244,-49.65174110747,-2.));
#9418 = CARTESIAN_POINT('',(60.762425337142,-49.67147605103,-2.));
#9419 = CARTESIAN_POINT('',(57.587163931062,-50.48940882191,-2.));
#9420 = ORIENTED_EDGE('',*,*,#9367,.T.);
#9421 = ORIENTED_EDGE('',*,*,#9422,.T.);
#9422 = EDGE_CURVE('',#9370,#9407,#9423,.T.);
#9423 = B_SPLINE_CURVE_WITH_KNOTS('',3,(#9424,#9425,#9426,#9427),
  .UNSPECIFIED.,.F.,.F.,(4,4),(0.,0.983885564364),
  .PIECEWISE_BEZIER_KNOTS.);
#9424 = CARTESIAN_POINT('',(57.587163931062,-50.48940882191,0.));
#9425 = CARTESIAN_POINT('',(60.762425337142,-49.67147605103,0.));
#9426 = CARTESIAN_POINT('',(60.889611661244,-49.65174110747,0.));
#9427 = CARTESIAN_POINT('',(63.950845045279,-49.5508646954,0.));
#9428 = B_SPLINE_SURFACE_WITH_KNOTS('',3,1,(
    (#9429,#9430)
    ,(#9431,#9432)
    ,(#9433,#9434)
    ,(#9435,#9436
    )),.UNSPECIFIED.,.F.,.F.,.F.,(4,4),(2,2),(-1.,0.),(0.,1.),
  .PIECEWISE_BEZIER_KNOTS.);
#9429 = CARTESIAN_POINT('',(63.950845045279,-49.5508646954,-2.));
#9430 = CARTESIAN_POINT('',(63.950845045279,-49.5508646954,8.));
#9431 = CARTESIAN_POINT('',(60.889611661244,-49.65174110747,-2.));
#9432 = CARTESIAN_POINT('',(60.889611661244,-49.65174110747,8.));
#9433 = CARTESIAN_POINT('',(60.762425337142,-49.67147605103,-2.));
#9434 = CARTESIAN_POINT('',(60.762425337142,-49.67147605103,8.));
#9435 = CARTESIAN_POINT('',(57.587163931062,-50.48940882191,-2.));
#9436 = CARTESIAN_POINT('',(57.587163931062,-50.48940882191,8.));
#9437 = ADVANCED_FACE('',(#9438),#9456,.F.);
#9438 = FACE_BOUND('',#9439,.F.);
#9439 = EDGE_LOOP('',(#9440,#9441,#9448,#9449));
#9440 = ORIENTED_EDGE('',*,*,#9266,.F.);
#9441 = ORIENTED_EDGE('',*,*,#9442,.T.);
#9442 = EDGE_CURVE('',#9258,#9405,#9443,.T.);
#9443 = B_SPLINE_CURVE_WITH_KNOTS('',3,(#9444,#9445,#9446,#9447),
  .UNSPECIFIED.,.F.,.F.,(4,4),(-1.,0.),.PIECEWISE_BEZIER_KNOTS.);
#9444 = CARTESIAN_POINT('',(68.610674105231,-50.60344186302,-2.));
#9445 = CARTESIAN_POINT('',(67.104179851641,-49.46972991897,-2.));
#9446 = CARTESIAN_POINT('',(67.009885100134,-49.44779997322,-2.));
#9447 = CARTESIAN_POINT('',(63.950845045279,-49.5508646954,-2.));
#9448 = ORIENTED_EDGE('',*,*,#9404,.T.);
#9449 = ORIENTED_EDGE('',*,*,#9450,.T.);
#9450 = EDGE_CURVE('',#9407,#9267,#9451,.T.);
#9451 = B_SPLINE_CURVE_WITH_KNOTS('',3,(#9452,#9453,#9454,#9455),
  .UNSPECIFIED.,.F.,.F.,(4,4),(0.,0.928490515239),
  .PIECEWISE_BEZIER_KNOTS.);
#9452 = CARTESIAN_POINT('',(63.950845045279,-49.5508646954,0.));
#9453 = CARTESIAN_POINT('',(67.009885100134,-49.44779997322,0.));
#9454 = CARTESIAN_POINT('',(67.104179851641,-49.46972991897,0.));
#9455 = CARTESIAN_POINT('',(68.610674105231,-50.60344186302,0.));
#9456 = B_SPLINE_SURFACE_WITH_KNOTS('',3,1,(
    (#9457,#9458)
    ,(#9459,#9460)
    ,(#9461,#9462)
    ,(#9463,#9464
    )),.UNSPECIFIED.,.F.,.F.,.F.,(4,4),(2,2),(-1.,0.),(0.,1.),
  .PIECEWISE_BEZIER_KNOTS.);
#9457 = CARTESIAN_POINT('',(68.610674105231,-50.60344186302,-2.));
#9458 = CARTESIAN_POINT('',(68.610674105231,-50.60344186302,8.));
#9459 = CARTESIAN_POINT('',(67.104179851641,-49.46972991897,-2.));
#9460 = CARTESIAN_POINT('',(67.104179851641,-49.46972991897,8.));
#9461 = CARTESIAN_POINT('',(67.009885100134,-49.44779997322,-2.));
#9462 = CARTESIAN_POINT('',(67.009885100134,-49.44779997322,8.));
#9463 = CARTESIAN_POINT('',(63.950845045279,-49.5508646954,-2.));
#9464 = CARTESIAN_POINT('',(63.950845045279,-49.5508646954,8.));
#9465 = ADVANCED_FACE('',(#9466),#9502,.F.);
#9466 = FACE_BOUND('',#9467,.F.);
#9467 = EDGE_LOOP('',(#9468,#9478,#9487,#9495));
#9468 = ORIENTED_EDGE('',*,*,#9469,.F.);
#9469 = EDGE_CURVE('',#9470,#9472,#9474,.T.);
#9470 = VERTEX_POINT('',#9471);
#9471 = CARTESIAN_POINT('',(40.748185734926,-32.53427075249,-2.));
#9472 = VERTEX_POINT('',#9473);
#9473 = CARTESIAN_POINT('',(40.748185734926,-32.53427075249,0.));
#9474 = LINE('',#9475,#9476);
#9475 = CARTESIAN_POINT('',(40.748185734926,-32.53427075249,-2.));
#9476 = VECTOR('',#9477,1.);
#9477 = DIRECTION('',(0.,0.,1.));
#9478 = ORIENTED_EDGE('',*,*,#9479,.T.);
#9479 = EDGE_CURVE('',#9470,#9480,#9482,.T.);
#9480 = VERTEX_POINT('',#9481);
#9481 = CARTESIAN_POINT('',(37.915009702027,-40.65881709548,-2.));
#9482 = B_SPLINE_CURVE_WITH_KNOTS('',3,(#9483,#9484,#9485,#9486),
  .UNSPECIFIED.,.F.,.F.,(4,4),(-1.,0.),.PIECEWISE_BEZIER_KNOTS.);
#9483 = CARTESIAN_POINT('',(40.748185734926,-32.53427075249,-2.));
#9484 = CARTESIAN_POINT('',(37.972024079022,-32.53427075249,-2.));
#9485 = CARTESIAN_POINT('',(37.915009702027,-32.69654030534,-2.));
#9486 = CARTESIAN_POINT('',(37.915009702027,-40.65881709548,-2.));
#9487 = ORIENTED_EDGE('',*,*,#9488,.T.);
#9488 = EDGE_CURVE('',#9480,#9489,#9491,.T.);
#9489 = VERTEX_POINT('',#9490);
#9490 = CARTESIAN_POINT('',(37.915009702027,-40.65881709548,0.));
#9491 = LINE('',#9492,#9493);
#9492 = CARTESIAN_POINT('',(37.915009702027,-40.65881709548,-2.));
#9493 = VECTOR('',#9494,1.);
#9494 = DIRECTION('',(0.,0.,1.));
#9495 = ORIENTED_EDGE('',*,*,#9496,.T.);
#9496 = EDGE_CURVE('',#9489,#9472,#9497,.T.);
#9497 = B_SPLINE_CURVE_WITH_KNOTS('',3,(#9498,#9499,#9500,#9501),
  .UNSPECIFIED.,.F.,.F.,(4,4),(0.,2.386144419306),
  .PIECEWISE_BEZIER_KNOTS.);
#9498 = CARTESIAN_POINT('',(37.915009702027,-40.65881709548,0.));
#9499 = CARTESIAN_POINT('',(37.915009702027,-32.69654030534,0.));
#9500 = CARTESIAN_POINT('',(37.972024079022,-32.53427075249,0.));
#9501 = CARTESIAN_POINT('',(40.748185734926,-32.53427075249,0.));
#9502 = B_SPLINE_SURFACE_WITH_KNOTS('',3,1,(
    (#9503,#9504)
    ,(#9505,#9506)
    ,(#9507,#9508)
    ,(#9509,#9510
    )),.UNSPECIFIED.,.F.,.F.,.F.,(4,4),(2,2),(-1.,0.),(0.,1.),
  .PIECEWISE_BEZIER_KNOTS.);
#9503 = CARTESIAN_POINT('',(40.748185734926,-32.53427075249,-2.));
#9504 = CARTESIAN_POINT('',(40.748185734926,-32.53427075249,8.));
#9505 = CARTESIAN_POINT('',(37.972024079022,-32.53427075249,-2.));
#9506 = CARTESIAN_POINT('',(37.972024079022,-32.53427075249,8.));
#9507 = CARTESIAN_POINT('',(37.915009702027,-32.69654030534,-2.));
#9508 = CARTESIAN_POINT('',(37.915009702027,-32.69654030534,8.));
#9509 = CARTESIAN_POINT('',(37.915009702027,-40.65881709548,-2.));
#9510 = CARTESIAN_POINT('',(37.915009702027,-40.65881709548,8.));
#9511 = ADVANCED_FACE('',(#9512),#9539,.F.);
#9512 = FACE_BOUND('',#9513,.F.);
#9513 = EDGE_LOOP('',(#9514,#9524,#9531,#9532));
#9514 = ORIENTED_EDGE('',*,*,#9515,.F.);
#9515 = EDGE_CURVE('',#9516,#9518,#9520,.T.);
#9516 = VERTEX_POINT('',#9517);
#9517 = CARTESIAN_POINT('',(44.10326249079,-36.21827410893,-2.));
#9518 = VERTEX_POINT('',#9519);
#9519 = CARTESIAN_POINT('',(44.10326249079,-36.21827410893,0.));
#9520 = LINE('',#9521,#9522);
#9521 = CARTESIAN_POINT('',(44.10326249079,-36.21827410893,-2.));
#9522 = VECTOR('',#9523,1.);
#9523 = DIRECTION('',(0.,0.,1.));
#9524 = ORIENTED_EDGE('',*,*,#9525,.T.);
#9525 = EDGE_CURVE('',#9516,#9470,#9526,.T.);
#9526 = B_SPLINE_CURVE_WITH_KNOTS('',3,(#9527,#9528,#9529,#9530),
  .UNSPECIFIED.,.F.,.F.,(4,4),(-1.,0.),.PIECEWISE_BEZIER_KNOTS.);
#9527 = CARTESIAN_POINT('',(44.10326249079,-36.21827410893,-2.));
#9528 = CARTESIAN_POINT('',(43.590133463807,-32.6066322122,-2.));
#9529 = CARTESIAN_POINT('',(43.524347390831,-32.53427075249,-2.));
#9530 = CARTESIAN_POINT('',(40.748185734926,-32.53427075249,-2.));
#9531 = ORIENTED_EDGE('',*,*,#9469,.T.);
#9532 = ORIENTED_EDGE('',*,*,#9533,.T.);
#9533 = EDGE_CURVE('',#9472,#9518,#9534,.T.);
#9534 = B_SPLINE_CURVE_WITH_KNOTS('',3,(#9535,#9536,#9537,#9538),
  .UNSPECIFIED.,.F.,.F.,(4,4),(0.,0.838403671688),
  .PIECEWISE_BEZIER_KNOTS.);
#9535 = CARTESIAN_POINT('',(40.748185734926,-32.53427075249,0.));
#9536 = CARTESIAN_POINT('',(43.524347390831,-32.53427075249,0.));
#9537 = CARTESIAN_POINT('',(43.590133463807,-32.6066322122,0.));
#9538 = CARTESIAN_POINT('',(44.10326249079,-36.21827410893,0.));
#9539 = B_SPLINE_SURFACE_WITH_KNOTS('',3,1,(
    (#9540,#9541)
    ,(#9542,#9543)
    ,(#9544,#9545)
    ,(#9546,#9547
    )),.UNSPECIFIED.,.F.,.F.,.F.,(4,4),(2,2),(-1.,0.),(0.,1.),
  .PIECEWISE_BEZIER_KNOTS.);
#9540 = CARTESIAN_POINT('',(44.10326249079,-36.21827410893,-2.));
#9541 = CARTESIAN_POINT('',(44.10326249079,-36.21827410893,8.));
#9542 = CARTESIAN_POINT('',(43.590133463807,-32.6066322122,-2.));
#9543 = CARTESIAN_POINT('',(43.590133463807,-32.6066322122,8.));
#9544 = CARTESIAN_POINT('',(43.524347390831,-32.53427075249,-2.));
#9545 = CARTESIAN_POINT('',(43.524347390831,-32.53427075249,8.));
#9546 = CARTESIAN_POINT('',(40.748185734926,-32.53427075249,-2.));
#9547 = CARTESIAN_POINT('',(40.748185734926,-32.53427075249,8.));
#9548 = ADVANCED_FACE('',(#9549),#9576,.F.);
#9549 = FACE_BOUND('',#9550,.F.);
#9550 = EDGE_LOOP('',(#9551,#9561,#9568,#9569));
#9551 = ORIENTED_EDGE('',*,*,#9552,.F.);
#9552 = EDGE_CURVE('',#9553,#9555,#9557,.T.);
#9553 = VERTEX_POINT('',#9554);
#9554 = CARTESIAN_POINT('',(44.133962825481,-43.55120093912,-2.));
#9555 = VERTEX_POINT('',#9556);
#9556 = CARTESIAN_POINT('',(44.133962825481,-43.55120093912,0.));
#9557 = LINE('',#9558,#9559);
#9558 = CARTESIAN_POINT('',(44.133962825481,-43.55120093912,-2.));
#9559 = VECTOR('',#9560,1.);
#9560 = DIRECTION('',(0.,0.,1.));
#9561 = ORIENTED_EDGE('',*,*,#9562,.T.);
#9562 = EDGE_CURVE('',#9553,#9516,#9563,.T.);
#9563 = B_SPLINE_CURVE_WITH_KNOTS('',3,(#9564,#9565,#9566,#9567),
  .UNSPECIFIED.,.F.,.F.,(4,4),(-1.,0.),.PIECEWISE_BEZIER_KNOTS.);
#9564 = CARTESIAN_POINT('',(44.133962825481,-43.55120093912,-2.));
#9565 = CARTESIAN_POINT('',(44.616392354284,-39.97683392729,-2.));
#9566 = CARTESIAN_POINT('',(44.616392354284,-39.82991600567,-2.));
#9567 = CARTESIAN_POINT('',(44.10326249079,-36.21827410893,-2.));
#9568 = ORIENTED_EDGE('',*,*,#9515,.T.);
#9569 = ORIENTED_EDGE('',*,*,#9570,.T.);
#9570 = EDGE_CURVE('',#9518,#9555,#9571,.T.);
#9571 = B_SPLINE_CURVE_WITH_KNOTS('',3,(#9572,#9573,#9574,#9575),
  .UNSPECIFIED.,.F.,.F.,(4,4),(0.,1.094556193759),
  .PIECEWISE_BEZIER_KNOTS.);
#9572 = CARTESIAN_POINT('',(44.10326249079,-36.21827410893,0.));
#9573 = CARTESIAN_POINT('',(44.616392354284,-39.82991600567,0.));
#9574 = CARTESIAN_POINT('',(44.616392354284,-39.97683392729,0.));
#9575 = CARTESIAN_POINT('',(44.133962825481,-43.55120093912,0.));
#9576 = B_SPLINE_SURFACE_WITH_KNOTS('',3,1,(
    (#9577,#9578)
    ,(#9579,#9580)
    ,(#9581,#9582)
    ,(#9583,#9584
    )),.UNSPECIFIED.,.F.,.F.,.F.,(4,4),(2,2),(-1.,0.),(0.,1.),
  .PIECEWISE_BEZIER_KNOTS.);
#9577 = CARTESIAN_POINT('',(44.133962825481,-43.55120093912,-2.));
#9578 = CARTESIAN_POINT('',(44.133962825481,-43.55120093912,8.));
#9579 = CARTESIAN_POINT('',(44.616392354284,-39.97683392729,-2.));
#9580 = CARTESIAN_POINT('',(44.616392354284,-39.97683392729,8.));
#9581 = CARTESIAN_POINT('',(44.616392354284,-39.82991600567,-2.));
#9582 = CARTESIAN_POINT('',(44.616392354284,-39.82991600567,8.));
#9583 = CARTESIAN_POINT('',(44.10326249079,-36.21827410893,-2.));
#9584 = CARTESIAN_POINT('',(44.10326249079,-36.21827410893,8.));
#9585 = ADVANCED_FACE('',(#9586),#9613,.F.);
#9586 = FACE_BOUND('',#9587,.F.);
#9587 = EDGE_LOOP('',(#9588,#9598,#9605,#9606));
#9588 = ORIENTED_EDGE('',*,*,#9589,.F.);
#9589 = EDGE_CURVE('',#9590,#9592,#9594,.T.);
#9590 = VERTEX_POINT('',#9591);
#9591 = CARTESIAN_POINT('',(40.77888586049,-47.98954892346,-2.));
#9592 = VERTEX_POINT('',#9593);
#9593 = CARTESIAN_POINT('',(40.77888586049,-47.98954892346,0.));
#9594 = LINE('',#9595,#9596);
#9595 = CARTESIAN_POINT('',(40.77888586049,-47.98954892346,-2.));
#9596 = VECTOR('',#9597,1.);
#9597 = DIRECTION('',(0.,0.,1.));
#9598 = ORIENTED_EDGE('',*,*,#9599,.T.);
#9599 = EDGE_CURVE('',#9590,#9553,#9600,.T.);
#9600 = B_SPLINE_CURVE_WITH_KNOTS('',3,(#9601,#9602,#9603,#9604),
  .UNSPECIFIED.,.F.,.F.,(4,4),(-1.,0.),.PIECEWISE_BEZIER_KNOTS.);
#9601 = CARTESIAN_POINT('',(40.77888586049,-47.98954892346,-2.));
#9602 = CARTESIAN_POINT('',(43.585747641957,-47.21327434981,-2.));
#9603 = CARTESIAN_POINT('',(43.651533296678,-47.12337294874,-2.));
#9604 = CARTESIAN_POINT('',(44.133962825481,-43.55120093912,-2.));
#9605 = ORIENTED_EDGE('',*,*,#9552,.T.);
#9606 = ORIENTED_EDGE('',*,*,#9607,.T.);
#9607 = EDGE_CURVE('',#9555,#9592,#9608,.T.);
#9608 = B_SPLINE_CURVE_WITH_KNOTS('',3,(#9609,#9610,#9611,#9612),
  .UNSPECIFIED.,.F.,.F.,(4,4),(0.,1.090808267409),
  .PIECEWISE_BEZIER_KNOTS.);
#9609 = CARTESIAN_POINT('',(44.133962825481,-43.55120093912,0.));
#9610 = CARTESIAN_POINT('',(43.651533296678,-47.12337294874,0.));
#9611 = CARTESIAN_POINT('',(43.585747641957,-47.21327434981,0.));
#9612 = CARTESIAN_POINT('',(40.77888586049,-47.98954892346,0.));
#9613 = B_SPLINE_SURFACE_WITH_KNOTS('',3,1,(
    (#9614,#9615)
    ,(#9616,#9617)
    ,(#9618,#9619)
    ,(#9620,#9621
    )),.UNSPECIFIED.,.F.,.F.,.F.,(4,4),(2,2),(-1.,0.),(0.,1.),
  .PIECEWISE_BEZIER_KNOTS.);
#9614 = CARTESIAN_POINT('',(40.77888586049,-47.98954892346,-2.));
#9615 = CARTESIAN_POINT('',(40.77888586049,-47.98954892346,8.));
#9616 = CARTESIAN_POINT('',(43.585747641957,-47.21327434981,-2.));
#9617 = CARTESIAN_POINT('',(43.585747641957,-47.21327434981,8.));
#9618 = CARTESIAN_POINT('',(43.651533296678,-47.12337294874,-2.));
#9619 = CARTESIAN_POINT('',(43.651533296678,-47.12337294874,8.));
#9620 = CARTESIAN_POINT('',(44.133962825481,-43.55120093912,-2.));
#9621 = CARTESIAN_POINT('',(44.133962825481,-43.55120093912,8.));
#9622 = ADVANCED_FACE('',(#9623),#9641,.F.);
#9623 = FACE_BOUND('',#9624,.F.);
#9624 = EDGE_LOOP('',(#9625,#9626,#9633,#9634));
#9625 = ORIENTED_EDGE('',*,*,#9488,.F.);
#9626 = ORIENTED_EDGE('',*,*,#9627,.T.);
#9627 = EDGE_CURVE('',#9480,#9590,#9628,.T.);
#9628 = B_SPLINE_CURVE_WITH_KNOTS('',3,(#9629,#9630,#9631,#9632),
  .UNSPECIFIED.,.F.,.F.,(4,4),(-1.,0.),.PIECEWISE_BEZIER_KNOTS.);
#9629 = CARTESIAN_POINT('',(37.915009702027,-40.65881709548,-2.));
#9630 = CARTESIAN_POINT('',(37.915009702027,-48.62109388561,-2.));
#9631 = CARTESIAN_POINT('',(37.972024079022,-48.76801849931,-2.));
#9632 = CARTESIAN_POINT('',(40.77888586049,-47.98954892346,-2.));
#9633 = ORIENTED_EDGE('',*,*,#9589,.T.);
#9634 = ORIENTED_EDGE('',*,*,#9635,.T.);
#9635 = EDGE_CURVE('',#9592,#9489,#9636,.T.);
#9636 = B_SPLINE_CURVE_WITH_KNOTS('',3,(#9637,#9638,#9639,#9640),
  .UNSPECIFIED.,.F.,.F.,(4,4),(0.,0.943318216937),
  .PIECEWISE_BEZIER_KNOTS.);
#9637 = CARTESIAN_POINT('',(40.77888586049,-47.98954892346,0.));
#9638 = CARTESIAN_POINT('',(37.972024079022,-48.76801849931,0.));
#9639 = CARTESIAN_POINT('',(37.915009702027,-48.62109388561,0.));
#9640 = CARTESIAN_POINT('',(37.915009702027,-40.65881709548,0.));
#9641 = B_SPLINE_SURFACE_WITH_KNOTS('',3,1,(
    (#9642,#9643)
    ,(#9644,#9645)
    ,(#9646,#9647)
    ,(#9648,#9649
    )),.UNSPECIFIED.,.F.,.F.,.F.,(4,4),(2,2),(-1.,0.),(0.,1.),
  .PIECEWISE_BEZIER_KNOTS.);
#9642 = CARTESIAN_POINT('',(37.915009702027,-40.65881709548,-2.));
#9643 = CARTESIAN_POINT('',(37.915009702027,-40.65881709548,8.));
#9644 = CARTESIAN_POINT('',(37.915009702027,-48.62109388561,-2.));
#9645 = CARTESIAN_POINT('',(37.915009702027,-48.62109388561,8.));
#9646 = CARTESIAN_POINT('',(37.972024079022,-48.76801849931,-2.));
#9647 = CARTESIAN_POINT('',(37.972024079022,-48.76801849931,8.));
#9648 = CARTESIAN_POINT('',(40.77888586049,-47.98954892346,-2.));
#9649 = CARTESIAN_POINT('',(40.77888586049,-47.98954892346,8.));
#9650 = ADVANCED_FACE('',(#9651),#9687,.F.);
#9651 = FACE_BOUND('',#9652,.F.);
#9652 = EDGE_LOOP('',(#9653,#9663,#9672,#9680));
#9653 = ORIENTED_EDGE('',*,*,#9654,.F.);
#9654 = EDGE_CURVE('',#9655,#9657,#9659,.T.);
#9655 = VERTEX_POINT('',#9656);
#9656 = CARTESIAN_POINT('',(48.442933666073,-31.62861819857,-2.));
#9657 = VERTEX_POINT('',#9658);
#9658 = CARTESIAN_POINT('',(48.442933666073,-31.62861819857,0.));
#9659 = LINE('',#9660,#9661);
#9660 = CARTESIAN_POINT('',(48.442933666073,-31.62861819857,-2.));
#9661 = VECTOR('',#9662,1.);
#9662 = DIRECTION('',(0.,0.,1.));
#9663 = ORIENTED_EDGE('',*,*,#9664,.T.);
#9664 = EDGE_CURVE('',#9655,#9665,#9667,.T.);
#9665 = VERTEX_POINT('',#9666);
#9666 = CARTESIAN_POINT('',(45.182149988695,-35.31481655722,-2.));
#9667 = B_SPLINE_CURVE_WITH_KNOTS('',3,(#9668,#9669,#9670,#9671),
  .UNSPECIFIED.,.F.,.F.,(4,4),(-1.,0.),.PIECEWISE_BEZIER_KNOTS.);
#9668 = CARTESIAN_POINT('',(48.442933666073,-31.62861819857,-2.));
#9669 = CARTESIAN_POINT('',(44.734806198178,-31.62861819857,-2.));
#9670 = CARTESIAN_POINT('',(44.669020543457,-31.70317466048,-2.));
#9671 = CARTESIAN_POINT('',(45.182149988695,-35.31481655722,-2.));
#9672 = ORIENTED_EDGE('',*,*,#9673,.T.);
#9673 = EDGE_CURVE('',#9665,#9674,#9676,.T.);
#9674 = VERTEX_POINT('',#9675);
#9675 = CARTESIAN_POINT('',(45.182149988695,-35.31481655722,0.));
#9676 = LINE('',#9677,#9678);
#9677 = CARTESIAN_POINT('',(45.182149988695,-35.31481655722,-2.));
#9678 = VECTOR('',#9679,1.);
#9679 = DIRECTION('',(0.,0.,1.));
#9680 = ORIENTED_EDGE('',*,*,#9681,.T.);
#9681 = EDGE_CURVE('',#9674,#9657,#9682,.T.);
#9682 = B_SPLINE_CURVE_WITH_KNOTS('',3,(#9683,#9684,#9685,#9686),
  .UNSPECIFIED.,.F.,.F.,(4,4),(0.,0.964617439448),
  .PIECEWISE_BEZIER_KNOTS.);
#9683 = CARTESIAN_POINT('',(45.182149988695,-35.31481655722,0.));
#9684 = CARTESIAN_POINT('',(44.669020543457,-31.70317466048,0.));
#9685 = CARTESIAN_POINT('',(44.734806198178,-31.62861819857,0.));
#9686 = CARTESIAN_POINT('',(48.442933666073,-31.62861819857,0.));
#9687 = B_SPLINE_SURFACE_WITH_KNOTS('',3,1,(
    (#9688,#9689)
    ,(#9690,#9691)
    ,(#9692,#9693)
    ,(#9694,#9695
    )),.UNSPECIFIED.,.F.,.F.,.F.,(4,4),(2,2),(-1.,0.),(0.,1.),
  .PIECEWISE_BEZIER_KNOTS.);
#9688 = CARTESIAN_POINT('',(48.442933666073,-31.62861819857,-2.));
#9689 = CARTESIAN_POINT('',(48.442933666073,-31.62861819857,8.));
#9690 = CARTESIAN_POINT('',(44.734806198178,-31.62861819857,-2.));
#9691 = CARTESIAN_POINT('',(44.734806198178,-31.62861819857,8.));
#9692 = CARTESIAN_POINT('',(44.669020543457,-31.70317466048,-2.));
#9693 = CARTESIAN_POINT('',(44.669020543457,-31.70317466048,8.));
#9694 = CARTESIAN_POINT('',(45.182149988695,-35.31481655722,-2.));
#9695 = CARTESIAN_POINT('',(45.182149988695,-35.31481655722,8.));
#9696 = ADVANCED_FACE('',(#9697),#9724,.F.);
#9697 = FACE_BOUND('',#9698,.F.);
#9698 = EDGE_LOOP('',(#9699,#9709,#9716,#9717));
#9699 = ORIENTED_EDGE('',*,*,#9700,.F.);
#9700 = EDGE_CURVE('',#9701,#9703,#9705,.T.);
#9701 = VERTEX_POINT('',#9702);
#9702 = CARTESIAN_POINT('',(52.260705007182,-33.01011778422,-2.));
#9703 = VERTEX_POINT('',#9704);
#9704 = CARTESIAN_POINT('',(52.260705007182,-33.01011778422,0.));
#9705 = LINE('',#9706,#9707);
#9706 = CARTESIAN_POINT('',(52.260705007182,-33.01011778422,-2.));
#9707 = VECTOR('',#9708,1.);
#9708 = DIRECTION('',(0.,0.,1.));
#9709 = ORIENTED_EDGE('',*,*,#9710,.T.);
#9710 = EDGE_CURVE('',#9701,#9655,#9711,.T.);
#9711 = B_SPLINE_CURVE_WITH_KNOTS('',3,(#9712,#9713,#9714,#9715),
  .UNSPECIFIED.,.F.,.F.,(4,4),(-1.,0.),.PIECEWISE_BEZIER_KNOTS.);
#9712 = CARTESIAN_POINT('',(52.260705007182,-33.01011778422,-2.));
#9713 = CARTESIAN_POINT('',(52.230005090747,-31.65712645885,-2.));
#9714 = CARTESIAN_POINT('',(52.153253626637,-31.62861819857,-2.));
#9715 = CARTESIAN_POINT('',(48.442933666073,-31.62861819857,-2.));
#9716 = ORIENTED_EDGE('',*,*,#9654,.T.);
#9717 = ORIENTED_EDGE('',*,*,#9718,.T.);
#9718 = EDGE_CURVE('',#9657,#9703,#9719,.T.);
#9719 = B_SPLINE_CURVE_WITH_KNOTS('',3,(#9720,#9721,#9722,#9723),
  .UNSPECIFIED.,.F.,.F.,(4,4),(0.,1.119555437656),
  .PIECEWISE_BEZIER_KNOTS.);
#9720 = CARTESIAN_POINT('',(48.442933666073,-31.62861819857,0.));
#9721 = CARTESIAN_POINT('',(52.153253626637,-31.62861819857,0.));
#9722 = CARTESIAN_POINT('',(52.230005090747,-31.65712645885,0.));
#9723 = CARTESIAN_POINT('',(52.260705007182,-33.01011778422,0.));
#9724 = B_SPLINE_SURFACE_WITH_KNOTS('',3,1,(
    (#9725,#9726)
    ,(#9727,#9728)
    ,(#9729,#9730)
    ,(#9731,#9732
    )),.UNSPECIFIED.,.F.,.F.,.F.,(4,4),(2,2),(-1.,0.),(0.,1.),
  .PIECEWISE_BEZIER_KNOTS.);
#9725 = CARTESIAN_POINT('',(52.260705007182,-33.01011778422,-2.));
#9726 = CARTESIAN_POINT('',(52.260705007182,-33.01011778422,8.));
#9727 = CARTESIAN_POINT('',(52.230005090747,-31.65712645885,-2.));
#9728 = CARTESIAN_POINT('',(52.230005090747,-31.65712645885,8.));
#9729 = CARTESIAN_POINT('',(52.153253626637,-31.62861819857,-2.));
#9730 = CARTESIAN_POINT('',(52.153253626637,-31.62861819857,8.));
#9731 = CARTESIAN_POINT('',(48.442933666073,-31.62861819857,-2.));
#9732 = CARTESIAN_POINT('',(48.442933666073,-31.62861819857,8.));
#9733 = ADVANCED_FACE('',(#9734),#9761,.F.);
#9734 = FACE_BOUND('',#9735,.F.);
#9735 = EDGE_LOOP('',(#9736,#9746,#9753,#9754));
#9736 = ORIENTED_EDGE('',*,*,#9737,.F.);
#9737 = EDGE_CURVE('',#9738,#9740,#9742,.T.);
#9738 = VERTEX_POINT('',#9739);
#9739 = CARTESIAN_POINT('',(48.997728000626,-36.69631614287,-2.));
#9740 = VERTEX_POINT('',#9741);
#9741 = CARTESIAN_POINT('',(48.997728000626,-36.69631614287,0.));
#9742 = LINE('',#9743,#9744);
#9743 = CARTESIAN_POINT('',(48.997728000626,-36.69631614287,-2.));
#9744 = VECTOR('',#9745,1.);
#9745 = DIRECTION('',(0.,0.,1.));
#9746 = ORIENTED_EDGE('',*,*,#9747,.T.);
#9747 = EDGE_CURVE('',#9738,#9701,#9748,.T.);
#9748 = B_SPLINE_CURVE_WITH_KNOTS('',3,(#9749,#9750,#9751,#9752),
  .UNSPECIFIED.,.F.,.F.,(4,4),(-1.,0.),.PIECEWISE_BEZIER_KNOTS.);
#9749 = CARTESIAN_POINT('',(48.997728000626,-36.69631614287,-2.));
#9750 = CARTESIAN_POINT('',(52.227811761567,-34.43767226358,-2.));
#9751 = CARTESIAN_POINT('',(52.293598252798,-34.36311580167,-2.));
#9752 = CARTESIAN_POINT('',(52.260705007182,-33.01011778422,-2.));
#9753 = ORIENTED_EDGE('',*,*,#9700,.T.);
#9754 = ORIENTED_EDGE('',*,*,#9755,.T.);
#9755 = EDGE_CURVE('',#9703,#9740,#9756,.T.);
#9756 = B_SPLINE_CURVE_WITH_KNOTS('',3,(#9757,#9758,#9759,#9760),
  .UNSPECIFIED.,.F.,.F.,(4,4),(0.,0.424167148257),
  .PIECEWISE_BEZIER_KNOTS.);
#9757 = CARTESIAN_POINT('',(52.260705007182,-33.01011778422,0.));
#9758 = CARTESIAN_POINT('',(52.293598252798,-34.36311580167,0.));
#9759 = CARTESIAN_POINT('',(52.227811761567,-34.43767226358,0.));
#9760 = CARTESIAN_POINT('',(48.997728000626,-36.69631614287,0.));
#9761 = B_SPLINE_SURFACE_WITH_KNOTS('',3,1,(
    (#9762,#9763)
    ,(#9764,#9765)
    ,(#9766,#9767)
    ,(#9768,#9769
    )),.UNSPECIFIED.,.F.,.F.,.F.,(4,4),(2,2),(-1.,0.),(0.,1.),
  .PIECEWISE_BEZIER_KNOTS.);
#9762 = CARTESIAN_POINT('',(48.997728000626,-36.69631614287,-2.));
#9763 = CARTESIAN_POINT('',(48.997728000626,-36.69631614287,8.));
#9764 = CARTESIAN_POINT('',(52.227811761567,-34.43767226358,-2.));
#9765 = CARTESIAN_POINT('',(52.227811761567,-34.43767226358,8.));
#9766 = CARTESIAN_POINT('',(52.293598252798,-34.36311580167,-2.));
#9767 = CARTESIAN_POINT('',(52.293598252798,-34.36311580167,8.));
#9768 = CARTESIAN_POINT('',(52.260705007182,-33.01011778422,-2.));
#9769 = CARTESIAN_POINT('',(52.260705007182,-33.01011778422,8.));
#9770 = ADVANCED_FACE('',(#9771),#9801,.F.);
#9771 = FACE_BOUND('',#9772,.F.);
#9772 = EDGE_LOOP('',(#9773,#9774,#9781,#9782));
#9773 = ORIENTED_EDGE('',*,*,#9673,.F.);
#9774 = ORIENTED_EDGE('',*,*,#9775,.T.);
#9775 = EDGE_CURVE('',#9665,#9738,#9776,.T.);
#9776 = B_SPLINE_CURVE_WITH_KNOTS('',3,(#9777,#9778,#9779,#9780),
  .UNSPECIFIED.,.F.,.F.,(4,4),(-1.,0.),.PIECEWISE_BEZIER_KNOTS.);
#9777 = CARTESIAN_POINT('',(45.182149988695,-35.31481655722,-2.));
#9778 = CARTESIAN_POINT('',(45.693086941264,-38.92645845396,-2.));
#9779 = CARTESIAN_POINT('',(45.769836732354,-38.95496671423,-2.));
#9780 = CARTESIAN_POINT('',(48.997728000626,-36.69631614287,-2.));
#9781 = ORIENTED_EDGE('',*,*,#9737,.T.);
#9782 = ORIENTED_EDGE('',*,*,#9783,.T.);
#9783 = EDGE_CURVE('',#9740,#9674,#9784,.T.);
#9784 = B_SPLINE_CURVE_WITH_KNOTS('',3,(#9785,#9786,#9787,#9788,#9789,
    #9790,#9791,#9792,#9793,#9794,#9795,#9796,#9797,#9798,#9799,#9800),
  .UNSPECIFIED.,.F.,.F.,(4,2,2,2,2,2,2,4),(0.,0.295384532997,
    0.484079288556,0.563167179306,0.627100984836,0.69881775466,
    0.814147206581,1.156561883204),.UNSPECIFIED.);
#9785 = CARTESIAN_POINT('',(48.997728000626,-36.69631614287,
    1.372019308808E-17));
#9786 = CARTESIAN_POINT('',(48.190997346456,-37.2608093372,
    1.372019308808E-17));
#9787 = CARTESIAN_POINT('',(47.581021334531,-37.68253273761,0.));
#9788 = CARTESIAN_POINT('',(46.811774285618,-38.10645934327,0.));
#9789 = CARTESIAN_POINT('',(46.570260215187,-38.2046530662,0.));
#9790 = CARTESIAN_POINT('',(46.288059018806,-38.2426945017,0.));
#9791 = CARTESIAN_POINT('',(46.20300370237,-38.2426120342,0.));
#9792 = CARTESIAN_POINT('',(46.054960819896,-38.20565387567,0.));
#9793 = CARTESIAN_POINT('',(45.995119270894,-38.17694660237,0.));
#9794 = CARTESIAN_POINT('',(45.879190133713,-38.09034664635,0.));
#9795 = CARTESIAN_POINT('',(45.828296773422,-38.0321367717,0.));
#9796 = CARTESIAN_POINT('',(45.716185231309,-37.86771472702,0.));
#9797 = CARTESIAN_POINT('',(45.65629201446,-37.73754459984,0.));
#9798 = CARTESIAN_POINT('',(45.440594535546,-37.09966215796,0.));
#9799 = CARTESIAN_POINT('',(45.329517959501,-36.35651130042,0.));
#9800 = CARTESIAN_POINT('',(45.182149988695,-35.31481655722,0.));
#9801 = B_SPLINE_SURFACE_WITH_KNOTS('',3,1,(
    (#9802,#9803)
    ,(#9804,#9805)
    ,(#9806,#9807)
    ,(#9808,#9809
    )),.UNSPECIFIED.,.F.,.F.,.F.,(4,4),(2,2),(-1.,0.),(0.,1.),
  .PIECEWISE_BEZIER_KNOTS.);
#9802 = CARTESIAN_POINT('',(45.182149988695,-35.31481655722,-2.));
#9803 = CARTESIAN_POINT('',(45.182149988695,-35.31481655722,8.));
#9804 = CARTESIAN_POINT('',(45.693086941264,-38.92645845396,-2.));
#9805 = CARTESIAN_POINT('',(45.693086941264,-38.92645845396,8.));
#9806 = CARTESIAN_POINT('',(45.769836732354,-38.95496671423,-2.));
#9807 = CARTESIAN_POINT('',(45.769836732354,-38.95496671423,8.));
#9808 = CARTESIAN_POINT('',(48.997728000626,-36.69631614287,-2.));
#9809 = CARTESIAN_POINT('',(48.997728000626,-36.69631614287,8.));
#9810 = ADVANCED_FACE('',(#9811),#9847,.F.);
#9811 = FACE_BOUND('',#9812,.F.);
#9812 = EDGE_LOOP('',(#9813,#9823,#9832,#9840));
#9813 = ORIENTED_EDGE('',*,*,#9814,.F.);
#9814 = EDGE_CURVE('',#9815,#9817,#9819,.T.);
#9815 = VERTEX_POINT('',#9816);
#9816 = CARTESIAN_POINT('',(46.432080774432,-85.26818140308,-2.));
#9817 = VERTEX_POINT('',#9818);
#9818 = CARTESIAN_POINT('',(46.432080774432,-85.26818140308,0.));
#9819 = LINE('',#9820,#9821);
#9820 = CARTESIAN_POINT('',(46.432080774432,-85.26818140308,-2.));
#9821 = VECTOR('',#9822,1.);
#9822 = DIRECTION('',(0.,0.,1.));
#9823 = ORIENTED_EDGE('',*,*,#9824,.T.);
#9824 = EDGE_CURVE('',#9815,#9825,#9827,.T.);
#9825 = VERTEX_POINT('',#9826);
#9826 = CARTESIAN_POINT('',(56.81527601577,-89.97844866907,-2.));
#9827 = B_SPLINE_CURVE_WITH_KNOTS('',3,(#9828,#9829,#9830,#9831),
  .UNSPECIFIED.,.F.,.F.,(4,4),(-1.,0.),.PIECEWISE_BEZIER_KNOTS.);
#9828 = CARTESIAN_POINT('',(46.432080774432,-85.26818140308,-2.));
#9829 = CARTESIAN_POINT('',(53.001891333019,-89.75696759346,-2.));
#9830 = CARTESIAN_POINT('',(53.208020777391,-89.85126234497,-2.));
#9831 = CARTESIAN_POINT('',(56.81527601577,-89.97844866907,-2.));
#9832 = ORIENTED_EDGE('',*,*,#9833,.T.);
#9833 = EDGE_CURVE('',#9825,#9834,#9836,.T.);
#9834 = VERTEX_POINT('',#9835);
#9835 = CARTESIAN_POINT('',(56.81527601577,-89.97844866907,0.));
#9836 = LINE('',#9837,#9838);
#9837 = CARTESIAN_POINT('',(56.81527601577,-89.97844866907,-2.));
#9838 = VECTOR('',#9839,1.);
#9839 = DIRECTION('',(0.,0.,1.));
#9840 = ORIENTED_EDGE('',*,*,#9841,.T.);
#9841 = EDGE_CURVE('',#9834,#9817,#9842,.T.);
#9842 = B_SPLINE_CURVE_WITH_KNOTS('',3,(#9843,#9844,#9845,#9846),
  .UNSPECIFIED.,.F.,.F.,(4,4),(0.,1.082475163422),
  .PIECEWISE_BEZIER_KNOTS.);
#9843 = CARTESIAN_POINT('',(56.81527601577,-89.97844866907,0.));
#9844 = CARTESIAN_POINT('',(53.208020777391,-89.85126234497,0.));
#9845 = CARTESIAN_POINT('',(53.001891333019,-89.75696759346,0.));
#9846 = CARTESIAN_POINT('',(46.432080774432,-85.26818140308,0.));
#9847 = B_SPLINE_SURFACE_WITH_KNOTS('',3,1,(
    (#9848,#9849)
    ,(#9850,#9851)
    ,(#9852,#9853)
    ,(#9854,#9855
    )),.UNSPECIFIED.,.F.,.F.,.F.,(4,4),(2,2),(-1.,0.),(0.,1.),
  .PIECEWISE_BEZIER_KNOTS.);
#9848 = CARTESIAN_POINT('',(46.432080774432,-85.26818140308,-2.));
#9849 = CARTESIAN_POINT('',(46.432080774432,-85.26818140308,8.));
#9850 = CARTESIAN_POINT('',(53.001891333019,-89.75696759346,-2.));
#9851 = CARTESIAN_POINT('',(53.001891333019,-89.75696759346,8.));
#9852 = CARTESIAN_POINT('',(53.208020777391,-89.85126234497,-2.));
#9853 = CARTESIAN_POINT('',(53.208020777391,-89.85126234497,8.));
#9854 = CARTESIAN_POINT('',(56.81527601577,-89.97844866907,-2.));
#9855 = CARTESIAN_POINT('',(56.81527601577,-89.97844866907,8.));
#9856 = ADVANCED_FACE('',(#9857),#9890,.F.);
#9857 = FACE_BOUND('',#9858,.F.);
#9858 = EDGE_LOOP('',(#9859,#9869,#9876,#9877));
#9859 = ORIENTED_EDGE('',*,*,#9860,.F.);
#9860 = EDGE_CURVE('',#9861,#9863,#9865,.T.);
#9861 = VERTEX_POINT('',#9862);
#9862 = CARTESIAN_POINT('',(39.728505577223,-79.83427277168,-2.));
#9863 = VERTEX_POINT('',#9864);
#9864 = CARTESIAN_POINT('',(39.728505577223,-79.83427277168,0.));
#9865 = LINE('',#9866,#9867);
#9866 = CARTESIAN_POINT('',(39.728505577223,-79.83427277168,-2.));
#9867 = VECTOR('',#9868,1.);
#9868 = DIRECTION('',(0.,0.,1.));
#9869 = ORIENTED_EDGE('',*,*,#9870,.T.);
#9870 = EDGE_CURVE('',#9861,#9815,#9871,.T.);
#9871 = B_SPLINE_CURVE_WITH_KNOTS('',3,(#9872,#9873,#9874,#9875),
  .UNSPECIFIED.,.F.,.F.,(4,4),(-1.,0.),.PIECEWISE_BEZIER_KNOTS.);
#9872 = CARTESIAN_POINT('',(39.728505577223,-79.83427277168,-2.));
#9873 = CARTESIAN_POINT('',(39.728505577223,-80.67413883436,-2.));
#9874 = CARTESIAN_POINT('',(39.862270006717,-80.7815902149,-2.));
#9875 = CARTESIAN_POINT('',(46.432080774432,-85.26818140308,-2.));
#9876 = ORIENTED_EDGE('',*,*,#9814,.T.);
#9877 = ORIENTED_EDGE('',*,*,#9878,.T.);
#9878 = EDGE_CURVE('',#9817,#9863,#9879,.T.);
#9879 = B_SPLINE_CURVE_WITH_KNOTS('',3,(#9880,#9881,#9882,#9883,#9884,
    #9885,#9886,#9887,#9888,#9889),.UNSPECIFIED.,.F.,.F.,(4,2,2,2,4),(0.
    ,1.194127337767,1.791204391604,2.089837493147,2.390544182315),
  .UNSPECIFIED.);
#9880 = CARTESIAN_POINT('',(46.432080774432,-85.26818140308,
    1.927114138998E-17));
#9881 = CARTESIAN_POINT('',(43.145016984866,-83.02341181159,
    1.927114138998E-17));
#9882 = CARTESIAN_POINT('',(41.471341866727,-81.87642401739,0.));
#9883 = CARTESIAN_POINT('',(40.189240692909,-80.83733797461,0.));
#9884 = CARTESIAN_POINT('',(39.967242572941,-80.6049769093,0.));
#9885 = CARTESIAN_POINT('',(39.794449812865,-80.30754904811,0.));
#9886 = CARTESIAN_POINT('',(39.763569936519,-80.21692904082,0.));
#9887 = CARTESIAN_POINT('',(39.730485456666,-80.03217999058,0.));
#9888 = CARTESIAN_POINT('',(39.728505577223,-79.9382747942,0.));
#9889 = CARTESIAN_POINT('',(39.728505577223,-79.83427277168,0.));
#9890 = B_SPLINE_SURFACE_WITH_KNOTS('',3,1,(
    (#9891,#9892)
    ,(#9893,#9894)
    ,(#9895,#9896)
    ,(#9897,#9898
    )),.UNSPECIFIED.,.F.,.F.,.F.,(4,4),(2,2),(-1.,0.),(0.,1.),
  .PIECEWISE_BEZIER_KNOTS.);
#9891 = CARTESIAN_POINT('',(39.728505577223,-79.83427277168,-2.));
#9892 = CARTESIAN_POINT('',(39.728505577223,-79.83427277168,8.));
#9893 = CARTESIAN_POINT('',(39.728505577223,-80.67413883436,-2.));
#9894 = CARTESIAN_POINT('',(39.728505577223,-80.67413883436,8.));
#9895 = CARTESIAN_POINT('',(39.862270006717,-80.7815902149,-2.));
#9896 = CARTESIAN_POINT('',(39.862270006717,-80.7815902149,8.));
#9897 = CARTESIAN_POINT('',(46.432080774432,-85.26818140308,-2.));
#9898 = CARTESIAN_POINT('',(46.432080774432,-85.26818140308,8.));
#9899 = ADVANCED_FACE('',(#9900),#9927,.F.);
#9900 = FACE_BOUND('',#9901,.F.);
#9901 = EDGE_LOOP('',(#9902,#9912,#9919,#9920));
#9902 = ORIENTED_EDGE('',*,*,#9903,.F.);
#9903 = EDGE_CURVE('',#9904,#9906,#9908,.T.);
#9904 = VERTEX_POINT('',#9905);
#9905 = CARTESIAN_POINT('',(45.574672260861,-77.13047508501,-2.));
#9906 = VERTEX_POINT('',#9907);
#9907 = CARTESIAN_POINT('',(45.574672260861,-77.13047508501,0.));
#9908 = LINE('',#9909,#9910);
#9909 = CARTESIAN_POINT('',(45.574672260861,-77.13047508501,-2.));
#9910 = VECTOR('',#9911,1.);
#9911 = DIRECTION('',(0.,0.,1.));
#9912 = ORIENTED_EDGE('',*,*,#9913,.T.);
#9913 = EDGE_CURVE('',#9904,#9861,#9914,.T.);
#9914 = B_SPLINE_CURVE_WITH_KNOTS('',3,(#9915,#9916,#9917,#9918),
  .UNSPECIFIED.,.F.,.F.,(4,4),(-1.,0.),.PIECEWISE_BEZIER_KNOTS.);
#9915 = CARTESIAN_POINT('',(45.574672260861,-77.13047508501,-2.));
#9916 = CARTESIAN_POINT('',(39.846920048499,-78.93958519064,-2.));
#9917 = CARTESIAN_POINT('',(39.728505577223,-78.99440670899,-2.));
#9918 = CARTESIAN_POINT('',(39.728505577223,-79.83427277168,-2.));
#9919 = ORIENTED_EDGE('',*,*,#9860,.T.);
#9920 = ORIENTED_EDGE('',*,*,#9921,.T.);
#9921 = EDGE_CURVE('',#9863,#9906,#9922,.T.);
#9922 = B_SPLINE_CURVE_WITH_KNOTS('',3,(#9923,#9924,#9925,#9926),
  .UNSPECIFIED.,.F.,.F.,(4,4),(0.,0.24902474613),
  .PIECEWISE_BEZIER_KNOTS.);
#9923 = CARTESIAN_POINT('',(39.728505577223,-79.83427277168,0.));
#9924 = CARTESIAN_POINT('',(39.728505577223,-78.99440670899,0.));
#9925 = CARTESIAN_POINT('',(39.846920048499,-78.93958519064,0.));
#9926 = CARTESIAN_POINT('',(45.574672260861,-77.13047508501,0.));
#9927 = B_SPLINE_SURFACE_WITH_KNOTS('',3,1,(
    (#9928,#9929)
    ,(#9930,#9931)
    ,(#9932,#9933)
    ,(#9934,#9935
    )),.UNSPECIFIED.,.F.,.F.,.F.,(4,4),(2,2),(-1.,0.),(0.,1.),
  .PIECEWISE_BEZIER_KNOTS.);
#9928 = CARTESIAN_POINT('',(45.574672260861,-77.13047508501,-2.));
#9929 = CARTESIAN_POINT('',(45.574672260861,-77.13047508501,8.));
#9930 = CARTESIAN_POINT('',(39.846920048499,-78.93958519064,-2.));
#9931 = CARTESIAN_POINT('',(39.846920048499,-78.93958519064,8.));
#9932 = CARTESIAN_POINT('',(39.728505577223,-78.99440670899,-2.));
#9933 = CARTESIAN_POINT('',(39.728505577223,-78.99440670899,8.));
#9934 = CARTESIAN_POINT('',(39.728505577223,-79.83427277168,-2.));
#9935 = CARTESIAN_POINT('',(39.728505577223,-79.83427277168,8.));
#9936 = ADVANCED_FACE('',(#9937),#9964,.F.);
#9937 = FACE_BOUND('',#9938,.F.);
#9938 = EDGE_LOOP('',(#9939,#9949,#9956,#9957));
#9939 = ORIENTED_EDGE('',*,*,#9940,.F.);
#9940 = EDGE_CURVE('',#9941,#9943,#9945,.T.);
#9941 = VERTEX_POINT('',#9942);
#9942 = CARTESIAN_POINT('',(56.225397615952,-75.77309710128,-2.));
#9943 = VERTEX_POINT('',#9944);
#9944 = CARTESIAN_POINT('',(56.225397615952,-75.77309710128,0.));
#9945 = LINE('',#9946,#9947);
#9946 = CARTESIAN_POINT('',(56.225397615952,-75.77309710128,-2.));
#9947 = VECTOR('',#9948,1.);
#9948 = DIRECTION('',(0.,0.,1.));
#9949 = ORIENTED_EDGE('',*,*,#9950,.T.);
#9950 = EDGE_CURVE('',#9941,#9904,#9951,.T.);
#9951 = B_SPLINE_CURVE_WITH_KNOTS('',3,(#9952,#9953,#9954,#9955),
  .UNSPECIFIED.,.F.,.F.,(4,4),(-1.,0.),.PIECEWISE_BEZIER_KNOTS.);
#9952 = CARTESIAN_POINT('',(56.225397615952,-75.77309710128,-2.));
#9953 = CARTESIAN_POINT('',(51.515132022986,-75.29505172131,-2.));
#9954 = CARTESIAN_POINT('',(51.302424264095,-75.32136497938,-2.));
#9955 = CARTESIAN_POINT('',(45.574672260861,-77.13047508501,-2.));
#9956 = ORIENTED_EDGE('',*,*,#9903,.T.);
#9957 = ORIENTED_EDGE('',*,*,#9958,.T.);
#9958 = EDGE_CURVE('',#9906,#9943,#9959,.T.);
#9959 = B_SPLINE_CURVE_WITH_KNOTS('',3,(#9960,#9961,#9962,#9963),
  .UNSPECIFIED.,.F.,.F.,(4,4),(0.,1.802760150936),
  .PIECEWISE_BEZIER_KNOTS.);
#9960 = CARTESIAN_POINT('',(45.574672260861,-77.13047508501,0.));
#9961 = CARTESIAN_POINT('',(51.302424264095,-75.32136497938,0.));
#9962 = CARTESIAN_POINT('',(51.515132022986,-75.29505172131,0.));
#9963 = CARTESIAN_POINT('',(56.225397615952,-75.77309710128,0.));
#9964 = B_SPLINE_SURFACE_WITH_KNOTS('',3,1,(
    (#9965,#9966)
    ,(#9967,#9968)
    ,(#9969,#9970)
    ,(#9971,#9972
    )),.UNSPECIFIED.,.F.,.F.,.F.,(4,4),(2,2),(-1.,0.),(0.,1.),
  .PIECEWISE_BEZIER_KNOTS.);
#9965 = CARTESIAN_POINT('',(56.225397615952,-75.77309710128,-2.));
#9966 = CARTESIAN_POINT('',(56.225397615952,-75.77309710128,8.));
#9967 = CARTESIAN_POINT('',(51.515132022986,-75.29505172131,-2.));
#9968 = CARTESIAN_POINT('',(51.515132022986,-75.29505172131,8.));
#9969 = CARTESIAN_POINT('',(51.302424264095,-75.32136497938,-2.));
#9970 = CARTESIAN_POINT('',(51.302424264095,-75.32136497938,8.));
#9971 = CARTESIAN_POINT('',(45.574672260861,-77.13047508501,-2.));
#9972 = CARTESIAN_POINT('',(45.574672260861,-77.13047508501,8.));
#9973 = ADVANCED_FACE('',(#9974),#10001,.F.);
#9974 = FACE_BOUND('',#9975,.F.);
#9975 = EDGE_LOOP('',(#9976,#9986,#9993,#9994));
#9976 = ORIENTED_EDGE('',*,*,#9977,.F.);
#9977 = EDGE_CURVE('',#9978,#9980,#9982,.T.);
#9978 = VERTEX_POINT('',#9979);
#9979 = CARTESIAN_POINT('',(62.021126930067,-77.32344790035,-2.));
#9980 = VERTEX_POINT('',#9981);
#9981 = CARTESIAN_POINT('',(62.021126930067,-77.32344790035,0.));
#9982 = LINE('',#9983,#9984);
#9983 = CARTESIAN_POINT('',(62.021126930067,-77.32344790035,-2.));
#9984 = VECTOR('',#9985,1.);
#9985 = DIRECTION('',(0.,0.,1.));
#9986 = ORIENTED_EDGE('',*,*,#9987,.T.);
#9987 = EDGE_CURVE('',#9978,#9941,#9988,.T.);
#9988 = B_SPLINE_CURVE_WITH_KNOTS('',3,(#9989,#9990,#9991,#9992),
  .UNSPECIFIED.,.F.,.F.,(4,4),(-1.,0.),.PIECEWISE_BEZIER_KNOTS.);
#9989 = CARTESIAN_POINT('',(62.021126930067,-77.32344790035,-2.));
#9990 = CARTESIAN_POINT('',(61.049691230962,-76.28403070781,-2.));
#9991 = CARTESIAN_POINT('',(60.933468206718,-76.25333079137,-2.));
#9992 = CARTESIAN_POINT('',(56.225397615952,-75.77309710128,-2.));
#9993 = ORIENTED_EDGE('',*,*,#9940,.T.);
#9994 = ORIENTED_EDGE('',*,*,#9995,.T.);
#9995 = EDGE_CURVE('',#9943,#9980,#9996,.T.);
#9996 = B_SPLINE_CURVE_WITH_KNOTS('',3,(#9997,#9998,#9999,#10000),
  .UNSPECIFIED.,.F.,.F.,(4,4),(0.,1.420818668799),
  .PIECEWISE_BEZIER_KNOTS.);
#9997 = CARTESIAN_POINT('',(56.225397615952,-75.77309710128,0.));
#9998 = CARTESIAN_POINT('',(60.933468206718,-76.25333079137,0.));
#9999 = CARTESIAN_POINT('',(61.049691230962,-76.28403070781,0.));
#10000 = CARTESIAN_POINT('',(62.021126930067,-77.32344790035,0.));
#10001 = B_SPLINE_SURFACE_WITH_KNOTS('',3,1,(
    (#10002,#10003)
    ,(#10004,#10005)
    ,(#10006,#10007)
    ,(#10008,#10009
    )),.UNSPECIFIED.,.F.,.F.,.F.,(4,4),(2,2),(-1.,0.),(0.,1.),
  .PIECEWISE_BEZIER_KNOTS.);
#10002 = CARTESIAN_POINT('',(62.021126930067,-77.32344790035,-2.));
#10003 = CARTESIAN_POINT('',(62.021126930067,-77.32344790035,8.));
#10004 = CARTESIAN_POINT('',(61.049691230962,-76.28403070781,-2.));
#10005 = CARTESIAN_POINT('',(61.049691230962,-76.28403070781,8.));
#10006 = CARTESIAN_POINT('',(60.933468206718,-76.25333079137,-2.));
#10007 = CARTESIAN_POINT('',(60.933468206718,-76.25333079137,8.));
#10008 = CARTESIAN_POINT('',(56.225397615952,-75.77309710128,-2.));
#10009 = CARTESIAN_POINT('',(56.225397615952,-75.77309710128,8.));
#10010 = ADVANCED_FACE('',(#10011),#10038,.F.);
#10011 = FACE_BOUND('',#10012,.F.);
#10012 = EDGE_LOOP('',(#10013,#10023,#10030,#10031));
#10013 = ORIENTED_EDGE('',*,*,#10014,.F.);
#10014 = EDGE_CURVE('',#10015,#10017,#10019,.T.);
#10015 = VERTEX_POINT('',#10016);
#10016 = CARTESIAN_POINT('',(61.753599325844,-84.24631084398,-2.));
#10017 = VERTEX_POINT('',#10018);
#10018 = CARTESIAN_POINT('',(61.753599325844,-84.24631084398,0.));
#10019 = LINE('',#10020,#10021);
#10020 = CARTESIAN_POINT('',(61.753599325844,-84.24631084398,-2.));
#10021 = VECTOR('',#10022,1.);
#10022 = DIRECTION('',(0.,0.,1.));
#10023 = ORIENTED_EDGE('',*,*,#10024,.T.);
#10024 = EDGE_CURVE('',#10015,#9978,#10025,.T.);
#10025 = B_SPLINE_CURVE_WITH_KNOTS('',3,(#10026,#10027,#10028,#10029),
  .UNSPECIFIED.,.F.,.F.,(4,4),(-1.,0.),.PIECEWISE_BEZIER_KNOTS.);
#10026 = CARTESIAN_POINT('',(61.753599325844,-84.24631084398,-2.));
#10027 = CARTESIAN_POINT('',(62.988179316852,-78.50320804602,-2.));
#10028 = CARTESIAN_POINT('',(62.994757631371,-78.36286509288,-2.));
#10029 = CARTESIAN_POINT('',(62.021126930067,-77.32344790035,-2.));
#10030 = ORIENTED_EDGE('',*,*,#9977,.T.);
#10031 = ORIENTED_EDGE('',*,*,#10032,.T.);
#10032 = EDGE_CURVE('',#9980,#10017,#10033,.T.);
#10033 = B_SPLINE_CURVE_WITH_KNOTS('',3,(#10034,#10035,#10036,#10037),
  .UNSPECIFIED.,.F.,.F.,(4,4),(0.,0.426014199019),
  .PIECEWISE_BEZIER_KNOTS.);
#10034 = CARTESIAN_POINT('',(62.021126930067,-77.32344790035,0.));
#10035 = CARTESIAN_POINT('',(62.994757631371,-78.36286509288,0.));
#10036 = CARTESIAN_POINT('',(62.988179316852,-78.50320804602,0.));
#10037 = CARTESIAN_POINT('',(61.753599325844,-84.24631084398,0.));
#10038 = B_SPLINE_SURFACE_WITH_KNOTS('',3,1,(
    (#10039,#10040)
    ,(#10041,#10042)
    ,(#10043,#10044)
    ,(#10045,#10046
    )),.UNSPECIFIED.,.F.,.F.,.F.,(4,4),(2,2),(-1.,0.),(0.,1.),
  .PIECEWISE_BEZIER_KNOTS.);
#10039 = CARTESIAN_POINT('',(61.753599325844,-84.24631084398,-2.));
#10040 = CARTESIAN_POINT('',(61.753599325844,-84.24631084398,8.));
#10041 = CARTESIAN_POINT('',(62.988179316852,-78.50320804602,-2.));
#10042 = CARTESIAN_POINT('',(62.988179316852,-78.50320804602,8.));
#10043 = CARTESIAN_POINT('',(62.994757631371,-78.36286509288,-2.));
#10044 = CARTESIAN_POINT('',(62.994757631371,-78.36286509288,8.));
#10045 = CARTESIAN_POINT('',(62.021126930067,-77.32344790035,-2.));
#10046 = CARTESIAN_POINT('',(62.021126930067,-77.32344790035,8.));
#10047 = ADVANCED_FACE('',(#10048),#10066,.F.);
#10048 = FACE_BOUND('',#10049,.F.);
#10049 = EDGE_LOOP('',(#10050,#10051,#10058,#10059));
#10050 = ORIENTED_EDGE('',*,*,#9833,.F.);
#10051 = ORIENTED_EDGE('',*,*,#10052,.T.);
#10052 = EDGE_CURVE('',#9825,#10015,#10053,.T.);
#10053 = B_SPLINE_CURVE_WITH_KNOTS('',3,(#10054,#10055,#10056,#10057),
  .UNSPECIFIED.,.F.,.F.,(4,4),(-1.,0.),.PIECEWISE_BEZIER_KNOTS.);
#10054 = CARTESIAN_POINT('',(56.81527601577,-89.97844866907,-2.));
#10055 = CARTESIAN_POINT('',(60.422532927169,-90.10563499317,-2.));
#10056 = CARTESIAN_POINT('',(60.521210990995,-89.99160529811,-2.));
#10057 = CARTESIAN_POINT('',(61.753599325844,-84.24631084398,-2.));
#10058 = ORIENTED_EDGE('',*,*,#10014,.T.);
#10059 = ORIENTED_EDGE('',*,*,#10060,.T.);
#10060 = EDGE_CURVE('',#10017,#9834,#10061,.T.);
#10061 = B_SPLINE_CURVE_WITH_KNOTS('',3,(#10062,#10063,#10064,#10065),
  .UNSPECIFIED.,.F.,.F.,(4,4),(0.,1.783029917742),
  .PIECEWISE_BEZIER_KNOTS.);
#10062 = CARTESIAN_POINT('',(61.753599325844,-84.24631084398,0.));
#10063 = CARTESIAN_POINT('',(60.521210990995,-89.99160529811,0.));
#10064 = CARTESIAN_POINT('',(60.422532927169,-90.10563499317,0.));
#10065 = CARTESIAN_POINT('',(56.81527601577,-89.97844866907,0.));
#10066 = B_SPLINE_SURFACE_WITH_KNOTS('',3,1,(
    (#10067,#10068)
    ,(#10069,#10070)
    ,(#10071,#10072)
    ,(#10073,#10074
    )),.UNSPECIFIED.,.F.,.F.,.F.,(4,4),(2,2),(-1.,0.),(0.,1.),
  .PIECEWISE_BEZIER_KNOTS.);
#10067 = CARTESIAN_POINT('',(56.81527601577,-89.97844866907,-2.));
#10068 = CARTESIAN_POINT('',(56.81527601577,-89.97844866907,8.));
#10069 = CARTESIAN_POINT('',(60.422532927169,-90.10563499317,-2.));
#10070 = CARTESIAN_POINT('',(60.422532927169,-90.10563499317,8.));
#10071 = CARTESIAN_POINT('',(60.521210990995,-89.99160529811,-2.));
#10072 = CARTESIAN_POINT('',(60.521210990995,-89.99160529811,8.));
#10073 = CARTESIAN_POINT('',(61.753599325844,-84.24631084398,-2.));
#10074 = CARTESIAN_POINT('',(61.753599325844,-84.24631084398,8.));
#10075 = ADVANCED_FACE('',(#10076),#10112,.F.);
#10076 = FACE_BOUND('',#10077,.F.);
#10077 = EDGE_LOOP('',(#10078,#10088,#10097,#10105));
#10078 = ORIENTED_EDGE('',*,*,#10079,.F.);
#10079 = EDGE_CURVE('',#10080,#10082,#10084,.T.);
#10080 = VERTEX_POINT('',#10081);
#10081 = CARTESIAN_POINT('',(38.366738948421,-63.72113638047,-2.));
#10082 = VERTEX_POINT('',#10083);
#10083 = CARTESIAN_POINT('',(38.366738948421,-63.72113638047,0.));
#10084 = LINE('',#10085,#10086);
#10085 = CARTESIAN_POINT('',(38.366738948421,-63.72113638047,-2.));
#10086 = VECTOR('',#10087,1.);
#10087 = DIRECTION('',(0.,0.,1.));
#10088 = ORIENTED_EDGE('',*,*,#10089,.T.);
#10089 = EDGE_CURVE('',#10080,#10090,#10092,.T.);
#10090 = VERTEX_POINT('',#10091);
#10091 = CARTESIAN_POINT('',(44.210713034825,-73.80171409675,-2.));
#10092 = B_SPLINE_CURVE_WITH_KNOTS('',3,(#10093,#10094,#10095,#10096),
  .UNSPECIFIED.,.F.,.F.,(4,4),(-1.,0.),.PIECEWISE_BEZIER_KNOTS.);
#10093 = CARTESIAN_POINT('',(38.366738948421,-63.72113638047,-2.));
#10094 = CARTESIAN_POINT('',(38.366738948421,-75.40908141637,-2.));
#10095 = CARTESIAN_POINT('',(38.482960613336,-75.61082420238,-2.));
#10096 = CARTESIAN_POINT('',(44.210713034825,-73.80171409675,-2.));
#10097 = ORIENTED_EDGE('',*,*,#10098,.T.);
#10098 = EDGE_CURVE('',#10090,#10099,#10101,.T.);
#10099 = VERTEX_POINT('',#10100);
#10100 = CARTESIAN_POINT('',(44.210713034825,-73.80171409675,0.));
#10101 = LINE('',#10102,#10103);
#10102 = CARTESIAN_POINT('',(44.210713034825,-73.80171409675,-2.));
#10103 = VECTOR('',#10104,1.);
#10104 = DIRECTION('',(0.,0.,1.));
#10105 = ORIENTED_EDGE('',*,*,#10106,.T.);
#10106 = EDGE_CURVE('',#10099,#10082,#10107,.T.);
#10107 = B_SPLINE_CURVE_WITH_KNOTS('',3,(#10108,#10109,#10110,#10111),
  .UNSPECIFIED.,.F.,.F.,(4,4),(0.,2.020250074342),
  .PIECEWISE_BEZIER_KNOTS.);
#10108 = CARTESIAN_POINT('',(44.210713034825,-73.80171409675,0.));
#10109 = CARTESIAN_POINT('',(38.482960613336,-75.61082420238,0.));
#10110 = CARTESIAN_POINT('',(38.366738948421,-75.40908141637,0.));
#10111 = CARTESIAN_POINT('',(38.366738948421,-63.72113638047,0.));
#10112 = B_SPLINE_SURFACE_WITH_KNOTS('',3,1,(
    (#10113,#10114)
    ,(#10115,#10116)
    ,(#10117,#10118)
    ,(#10119,#10120
    )),.UNSPECIFIED.,.F.,.F.,.F.,(4,4),(2,2),(-1.,0.),(0.,1.),
  .PIECEWISE_BEZIER_KNOTS.);
#10113 = CARTESIAN_POINT('',(38.366738948421,-63.72113638047,-2.));
#10114 = CARTESIAN_POINT('',(38.366738948421,-63.72113638047,8.));
#10115 = CARTESIAN_POINT('',(38.366738948421,-75.40908141637,-2.));
#10116 = CARTESIAN_POINT('',(38.366738948421,-75.40908141637,8.));
#10117 = CARTESIAN_POINT('',(38.482960613336,-75.61082420238,-2.));
#10118 = CARTESIAN_POINT('',(38.482960613336,-75.61082420238,8.));
#10119 = CARTESIAN_POINT('',(44.210713034825,-73.80171409675,-2.));
#10120 = CARTESIAN_POINT('',(44.210713034825,-73.80171409675,8.));
#10121 = ADVANCED_FACE('',(#10122),#10149,.F.);
#10122 = FACE_BOUND('',#10123,.F.);
#10123 = EDGE_LOOP('',(#10124,#10134,#10141,#10142));
#10124 = ORIENTED_EDGE('',*,*,#10125,.F.);
#10125 = EDGE_CURVE('',#10126,#10128,#10130,.T.);
#10126 = VERTEX_POINT('',#10127);
#10127 = CARTESIAN_POINT('',(41.230615263729,-51.00034912052,-2.));
#10128 = VERTEX_POINT('',#10129);
#10129 = CARTESIAN_POINT('',(41.230615263729,-51.00034912052,0.));
#10130 = LINE('',#10131,#10132);
#10131 = CARTESIAN_POINT('',(41.230615263729,-51.00034912052,-2.));
#10132 = VECTOR('',#10133,1.);
#10133 = DIRECTION('',(0.,0.,1.));
#10134 = ORIENTED_EDGE('',*,*,#10135,.T.);
#10135 = EDGE_CURVE('',#10126,#10080,#10136,.T.);
#10136 = B_SPLINE_CURVE_WITH_KNOTS('',3,(#10137,#10138,#10139,#10140),
  .UNSPECIFIED.,.F.,.F.,(4,4),(-1.,0.),.PIECEWISE_BEZIER_KNOTS.);
#10137 = CARTESIAN_POINT('',(41.230615263729,-51.00034912052,-2.));
#10138 = CARTESIAN_POINT('',(38.423753377698,-51.77881200429,-2.));
#10139 = CARTESIAN_POINT('',(38.366738948421,-52.0331846525,-2.));
#10140 = CARTESIAN_POINT('',(38.366738948421,-63.72113638047,-2.));
#10141 = ORIENTED_EDGE('',*,*,#10079,.T.);
#10142 = ORIENTED_EDGE('',*,*,#10143,.T.);
#10143 = EDGE_CURVE('',#10082,#10128,#10144,.T.);
#10144 = B_SPLINE_CURVE_WITH_KNOTS('',3,(#10145,#10146,#10147,#10148),
  .UNSPECIFIED.,.F.,.F.,(4,4),(0.,3.50594792696),
  .PIECEWISE_BEZIER_KNOTS.);
#10145 = CARTESIAN_POINT('',(38.366738948421,-63.72113638047,0.));
#10146 = CARTESIAN_POINT('',(38.366738948421,-52.0331846525,0.));
#10147 = CARTESIAN_POINT('',(38.423753377698,-51.77881200429,0.));
#10148 = CARTESIAN_POINT('',(41.230615263729,-51.00034912052,0.));
#10149 = B_SPLINE_SURFACE_WITH_KNOTS('',3,1,(
    (#10150,#10151)
    ,(#10152,#10153)
    ,(#10154,#10155)
    ,(#10156,#10157
    )),.UNSPECIFIED.,.F.,.F.,.F.,(4,4),(2,2),(-1.,0.),(0.,1.),
  .PIECEWISE_BEZIER_KNOTS.);
#10150 = CARTESIAN_POINT('',(41.230615263729,-51.00034912052,-2.));
#10151 = CARTESIAN_POINT('',(41.230615263729,-51.00034912052,8.));
#10152 = CARTESIAN_POINT('',(38.423753377698,-51.77881200429,-2.));
#10153 = CARTESIAN_POINT('',(38.423753377698,-51.77881200429,8.));
#10154 = CARTESIAN_POINT('',(38.366738948421,-52.0331846525,-2.));
#10155 = CARTESIAN_POINT('',(38.366738948421,-52.0331846525,8.));
#10156 = CARTESIAN_POINT('',(38.366738948421,-63.72113638047,-2.));
#10157 = CARTESIAN_POINT('',(38.366738948421,-63.72113638047,8.));
#10158 = ADVANCED_FACE('',(#10159),#10186,.F.);
#10159 = FACE_BOUND('',#10160,.F.);
#10160 = EDGE_LOOP('',(#10161,#10171,#10178,#10179));
#10161 = ORIENTED_EDGE('',*,*,#10162,.F.);
#10162 = EDGE_CURVE('',#10163,#10165,#10167,.T.);
#10163 = VERTEX_POINT('',#10164);
#10164 = CARTESIAN_POINT('',(47.973661602818,-50.95648922901,-2.));
#10165 = VERTEX_POINT('',#10166);
#10166 = CARTESIAN_POINT('',(47.973661602818,-50.95648922901,0.));
#10167 = LINE('',#10168,#10169);
#10168 = CARTESIAN_POINT('',(47.973661602818,-50.95648922901,-2.));
#10169 = VECTOR('',#10170,1.);
#10170 = DIRECTION('',(0.,0.,1.));
#10171 = ORIENTED_EDGE('',*,*,#10172,.T.);
#10172 = EDGE_CURVE('',#10163,#10126,#10173,.T.);
#10173 = B_SPLINE_CURVE_WITH_KNOTS('',3,(#10174,#10175,#10176,#10177),
  .UNSPECIFIED.,.F.,.F.,(4,4),(-1.,0.),.PIECEWISE_BEZIER_KNOTS.);
#10174 = CARTESIAN_POINT('',(47.973661602818,-50.95648922901,-2.));
#10175 = CARTESIAN_POINT('',(44.171241474691,-50.22187954467,-2.));
#10176 = CARTESIAN_POINT('',(44.03747683607,-50.22407454687,-2.));
#10177 = CARTESIAN_POINT('',(41.230615263729,-51.00034912052,-2.));
#10178 = ORIENTED_EDGE('',*,*,#10125,.T.);
#10179 = ORIENTED_EDGE('',*,*,#10180,.T.);
#10180 = EDGE_CURVE('',#10128,#10165,#10181,.T.);
#10181 = B_SPLINE_CURVE_WITH_KNOTS('',3,(#10182,#10183,#10184,#10185),
  .UNSPECIFIED.,.F.,.F.,(4,4),(0.,0.87382758311),
  .PIECEWISE_BEZIER_KNOTS.);
#10182 = CARTESIAN_POINT('',(41.230615263729,-51.00034912052,0.));
#10183 = CARTESIAN_POINT('',(44.03747683607,-50.22407454687,0.));
#10184 = CARTESIAN_POINT('',(44.171241474691,-50.22187954467,0.));
#10185 = CARTESIAN_POINT('',(47.973661602818,-50.95648922901,0.));
#10186 = B_SPLINE_SURFACE_WITH_KNOTS('',3,1,(
    (#10187,#10188)
    ,(#10189,#10190)
    ,(#10191,#10192)
    ,(#10193,#10194
    )),.UNSPECIFIED.,.F.,.F.,.F.,(4,4),(2,2),(-1.,0.),(0.,1.),
  .PIECEWISE_BEZIER_KNOTS.);
#10187 = CARTESIAN_POINT('',(47.973661602818,-50.95648922901,-2.));
#10188 = CARTESIAN_POINT('',(47.973661602818,-50.95648922901,8.));
#10189 = CARTESIAN_POINT('',(44.171241474691,-50.22187954467,-2.));
#10190 = CARTESIAN_POINT('',(44.171241474691,-50.22187954467,8.));
#10191 = CARTESIAN_POINT('',(44.03747683607,-50.22407454687,-2.));
#10192 = CARTESIAN_POINT('',(44.03747683607,-50.22407454687,8.));
#10193 = CARTESIAN_POINT('',(41.230615263729,-51.00034912052,-2.));
#10194 = CARTESIAN_POINT('',(41.230615263729,-51.00034912052,8.));
#10195 = ADVANCED_FACE('',(#10196),#10223,.F.);
#10196 = FACE_BOUND('',#10197,.F.);
#10197 = EDGE_LOOP('',(#10198,#10208,#10215,#10216));
#10198 = ORIENTED_EDGE('',*,*,#10199,.F.);
#10199 = EDGE_CURVE('',#10200,#10202,#10204,.T.);
#10200 = VERTEX_POINT('',#10201);
#10201 = CARTESIAN_POINT('',(50.953759373914,-61.83088480634,-2.));
#10202 = VERTEX_POINT('',#10203);
#10203 = CARTESIAN_POINT('',(50.953759373914,-61.83088480634,0.));
#10204 = LINE('',#10205,#10206);
#10205 = CARTESIAN_POINT('',(50.953759373914,-61.83088480634,-2.));
#10206 = VECTOR('',#10207,1.);
#10207 = DIRECTION('',(0.,0.,1.));
#10208 = ORIENTED_EDGE('',*,*,#10209,.T.);
#10209 = EDGE_CURVE('',#10200,#10163,#10210,.T.);
#10210 = B_SPLINE_CURVE_WITH_KNOTS('',3,(#10211,#10212,#10213,#10214),
  .UNSPECIFIED.,.F.,.F.,(4,4),(-1.,0.),.PIECEWISE_BEZIER_KNOTS.);
#10211 = CARTESIAN_POINT('',(50.953759373914,-61.83088480634,-2.));
#10212 = CARTESIAN_POINT('',(51.835289489401,-51.90818998456,-2.));
#10213 = CARTESIAN_POINT('',(51.77608298571,-51.69109891335,-2.));
#10214 = CARTESIAN_POINT('',(47.973661602818,-50.95648922901,-2.));
#10215 = ORIENTED_EDGE('',*,*,#10162,.T.);
#10216 = ORIENTED_EDGE('',*,*,#10217,.T.);
#10217 = EDGE_CURVE('',#10165,#10202,#10218,.T.);
#10218 = B_SPLINE_CURVE_WITH_KNOTS('',3,(#10219,#10220,#10221,#10222),
  .UNSPECIFIED.,.F.,.F.,(4,4),(0.,1.128313143827),
  .PIECEWISE_BEZIER_KNOTS.);
#10219 = CARTESIAN_POINT('',(47.973661602818,-50.95648922901,0.));
#10220 = CARTESIAN_POINT('',(51.77608298571,-51.69109891335,0.));
#10221 = CARTESIAN_POINT('',(51.835289489401,-51.90818998456,0.));
#10222 = CARTESIAN_POINT('',(50.953759373914,-61.83088480634,0.));
#10223 = B_SPLINE_SURFACE_WITH_KNOTS('',3,1,(
    (#10224,#10225)
    ,(#10226,#10227)
    ,(#10228,#10229)
    ,(#10230,#10231
    )),.UNSPECIFIED.,.F.,.F.,.F.,(4,4),(2,2),(-1.,0.),(0.,1.),
  .PIECEWISE_BEZIER_KNOTS.);
#10224 = CARTESIAN_POINT('',(50.953759373914,-61.83088480634,-2.));
#10225 = CARTESIAN_POINT('',(50.953759373914,-61.83088480634,8.));
#10226 = CARTESIAN_POINT('',(51.835289489401,-51.90818998456,-2.));
#10227 = CARTESIAN_POINT('',(51.835289489401,-51.90818998456,8.));
#10228 = CARTESIAN_POINT('',(51.77608298571,-51.69109891335,-2.));
#10229 = CARTESIAN_POINT('',(51.77608298571,-51.69109891335,8.));
#10230 = CARTESIAN_POINT('',(47.973661602818,-50.95648922901,-2.));
#10231 = CARTESIAN_POINT('',(47.973661602818,-50.95648922901,8.));
#10232 = ADVANCED_FACE('',(#10233),#10251,.F.);
#10233 = FACE_BOUND('',#10234,.F.);
#10234 = EDGE_LOOP('',(#10235,#10236,#10243,#10244));
#10235 = ORIENTED_EDGE('',*,*,#10098,.F.);
#10236 = ORIENTED_EDGE('',*,*,#10237,.T.);
#10237 = EDGE_CURVE('',#10090,#10200,#10238,.T.);
#10238 = B_SPLINE_CURVE_WITH_KNOTS('',3,(#10239,#10240,#10241,#10242),
  .UNSPECIFIED.,.F.,.F.,(4,4),(-1.,0.),.PIECEWISE_BEZIER_KNOTS.);
#10239 = CARTESIAN_POINT('',(44.210713034825,-73.80171409675,-2.));
#10240 = CARTESIAN_POINT('',(49.940657948985,-71.99260064509,-2.));
#10241 = CARTESIAN_POINT('',(50.074422587606,-71.75357962812,-2.));
#10242 = CARTESIAN_POINT('',(50.953759373914,-61.83088480634,-2.));
#10243 = ORIENTED_EDGE('',*,*,#10199,.T.);
#10244 = ORIENTED_EDGE('',*,*,#10245,.T.);
#10245 = EDGE_CURVE('',#10202,#10099,#10246,.T.);
#10246 = B_SPLINE_CURVE_WITH_KNOTS('',3,(#10247,#10248,#10249,#10250),
  .UNSPECIFIED.,.F.,.F.,(4,4),(0.,3.005744982737),
  .PIECEWISE_BEZIER_KNOTS.);
#10247 = CARTESIAN_POINT('',(50.953759373914,-61.83088480634,0.));
#10248 = CARTESIAN_POINT('',(50.074422587606,-71.75357962812,0.));
#10249 = CARTESIAN_POINT('',(49.940657948985,-71.99260064509,0.));
#10250 = CARTESIAN_POINT('',(44.210713034825,-73.80171409675,0.));
#10251 = B_SPLINE_SURFACE_WITH_KNOTS('',3,1,(
    (#10252,#10253)
    ,(#10254,#10255)
    ,(#10256,#10257)
    ,(#10258,#10259
    )),.UNSPECIFIED.,.F.,.F.,.F.,(4,4),(2,2),(-1.,0.),(0.,1.),
  .PIECEWISE_BEZIER_KNOTS.);
#10252 = CARTESIAN_POINT('',(44.210713034825,-73.80171409675,-2.));
#10253 = CARTESIAN_POINT('',(44.210713034825,-73.80171409675,8.));
#10254 = CARTESIAN_POINT('',(49.940657948985,-71.99260064509,-2.));
#10255 = CARTESIAN_POINT('',(49.940657948985,-71.99260064509,8.));
#10256 = CARTESIAN_POINT('',(50.074422587606,-71.75357962812,-2.));
#10257 = CARTESIAN_POINT('',(50.074422587606,-71.75357962812,8.));
#10258 = CARTESIAN_POINT('',(50.953759373914,-61.83088480634,-2.));
#10259 = CARTESIAN_POINT('',(50.953759373914,-61.83088480634,8.));
#10260 = ADVANCED_FACE('',(#10261),#10297,.F.);
#10261 = FACE_BOUND('',#10262,.F.);
#10262 = EDGE_LOOP('',(#10263,#10273,#10282,#10290));
#10263 = ORIENTED_EDGE('',*,*,#10264,.F.);
#10264 = EDGE_CURVE('',#10265,#10267,#10269,.T.);
#10265 = VERTEX_POINT('',#10266);
#10266 = CARTESIAN_POINT('',(86.728088419595,-79.29921421719,-2.));
#10267 = VERTEX_POINT('',#10268);
#10268 = CARTESIAN_POINT('',(86.728088419595,-79.29921421719,0.));
#10269 = LINE('',#10270,#10271);
#10270 = CARTESIAN_POINT('',(86.728088419595,-79.29921421719,-2.));
#10271 = VECTOR('',#10272,1.);
#10272 = DIRECTION('',(0.,0.,1.));
#10273 = ORIENTED_EDGE('',*,*,#10274,.T.);
#10274 = EDGE_CURVE('',#10265,#10275,#10277,.T.);
#10275 = VERTEX_POINT('',#10276);
#10276 = CARTESIAN_POINT('',(97.828351730894,-78.23787042494,-2.));
#10277 = B_SPLINE_CURVE_WITH_KNOTS('',3,(#10278,#10279,#10280,#10281),
  .UNSPECIFIED.,.F.,.F.,(4,4),(-1.,0.),.PIECEWISE_BEZIER_KNOTS.);
#10278 = CARTESIAN_POINT('',(86.728088419595,-79.29921421719,-2.));
#10279 = CARTESIAN_POINT('',(88.541585183583,-81.28375385076,-2.));
#10280 = CARTESIAN_POINT('',(88.763062913153,-81.26182725104,-2.));
#10281 = CARTESIAN_POINT('',(97.828351730894,-78.23787042494,-2.));
#10282 = ORIENTED_EDGE('',*,*,#10283,.T.);
#10283 = EDGE_CURVE('',#10275,#10284,#10286,.T.);
#10284 = VERTEX_POINT('',#10285);
#10285 = CARTESIAN_POINT('',(97.828351730894,-78.23787042494,0.));
#10286 = LINE('',#10287,#10288);
#10287 = CARTESIAN_POINT('',(97.828351730894,-78.23787042494,-2.));
#10288 = VECTOR('',#10289,1.);
#10289 = DIRECTION('',(0.,0.,1.));
#10290 = ORIENTED_EDGE('',*,*,#10291,.T.);
#10291 = EDGE_CURVE('',#10284,#10267,#10292,.T.);
#10292 = B_SPLINE_CURVE_WITH_KNOTS('',3,(#10293,#10294,#10295,#10296),
  .UNSPECIFIED.,.F.,.F.,(4,4),(0.,2.872637582811),
  .PIECEWISE_BEZIER_KNOTS.);
#10293 = CARTESIAN_POINT('',(97.828351730894,-78.23787042494,0.));
#10294 = CARTESIAN_POINT('',(88.763062913153,-81.26182725104,0.));
#10295 = CARTESIAN_POINT('',(88.541585183583,-81.28375385076,0.));
#10296 = CARTESIAN_POINT('',(86.728088419595,-79.29921421719,0.));
#10297 = B_SPLINE_SURFACE_WITH_KNOTS('',3,1,(
    (#10298,#10299)
    ,(#10300,#10301)
    ,(#10302,#10303)
    ,(#10304,#10305
    )),.UNSPECIFIED.,.F.,.F.,.F.,(4,4),(2,2),(-1.,0.),(0.,1.),
  .PIECEWISE_BEZIER_KNOTS.);
#10298 = CARTESIAN_POINT('',(86.728088419595,-79.29921421719,-2.));
#10299 = CARTESIAN_POINT('',(86.728088419595,-79.29921421719,8.));
#10300 = CARTESIAN_POINT('',(88.541585183583,-81.28375385076,-2.));
#10301 = CARTESIAN_POINT('',(88.541585183583,-81.28375385076,8.));
#10302 = CARTESIAN_POINT('',(88.763062913153,-81.26182725104,-2.));
#10303 = CARTESIAN_POINT('',(88.763062913153,-81.26182725104,8.));
#10304 = CARTESIAN_POINT('',(97.828351730894,-78.23787042494,-2.));
#10305 = CARTESIAN_POINT('',(97.828351730894,-78.23787042494,8.));
#10306 = ADVANCED_FACE('',(#10307),#10334,.F.);
#10307 = FACE_BOUND('',#10308,.F.);
#10308 = EDGE_LOOP('',(#10309,#10319,#10326,#10327));
#10309 = ORIENTED_EDGE('',*,*,#10310,.F.);
#10310 = EDGE_CURVE('',#10311,#10313,#10315,.T.);
#10311 = VERTEX_POINT('',#10312);
#10312 = CARTESIAN_POINT('',(85.427723610376,-73.38726355185,-2.));
#10313 = VERTEX_POINT('',#10314);
#10314 = CARTESIAN_POINT('',(85.427723610376,-73.38726355185,0.));
#10315 = LINE('',#10316,#10317);
#10316 = CARTESIAN_POINT('',(85.427723610376,-73.38726355185,-2.));
#10317 = VECTOR('',#10318,1.);
#10318 = DIRECTION('',(0.,0.,1.));
#10319 = ORIENTED_EDGE('',*,*,#10320,.T.);
#10320 = EDGE_CURVE('',#10311,#10265,#10321,.T.);
#10321 = B_SPLINE_CURVE_WITH_KNOTS('',3,(#10322,#10323,#10324,#10325),
  .UNSPECIFIED.,.F.,.F.,(4,4),(-1.,0.),.PIECEWISE_BEZIER_KNOTS.);
#10322 = CARTESIAN_POINT('',(85.427723610376,-73.38726355185,-2.));
#10323 = CARTESIAN_POINT('',(84.888278397531,-77.19406992008,-2.));
#10324 = CARTESIAN_POINT('',(84.914595001647,-77.31248292747,-2.));
#10325 = CARTESIAN_POINT('',(86.728088419595,-79.29921421719,-2.));
#10326 = ORIENTED_EDGE('',*,*,#10264,.T.);
#10327 = ORIENTED_EDGE('',*,*,#10328,.T.);
#10328 = EDGE_CURVE('',#10267,#10313,#10329,.T.);
#10329 = B_SPLINE_CURVE_WITH_KNOTS('',3,(#10330,#10331,#10332,#10333),
  .UNSPECIFIED.,.F.,.F.,(4,4),(0.,0.806407187387),
  .PIECEWISE_BEZIER_KNOTS.);
#10330 = CARTESIAN_POINT('',(86.728088419595,-79.29921421719,0.));
#10331 = CARTESIAN_POINT('',(84.914595001647,-77.31248292747,0.));
#10332 = CARTESIAN_POINT('',(84.888278397531,-77.19406992008,0.));
#10333 = CARTESIAN_POINT('',(85.427723610376,-73.38726355185,0.));
#10334 = B_SPLINE_SURFACE_WITH_KNOTS('',3,1,(
    (#10335,#10336)
    ,(#10337,#10338)
    ,(#10339,#10340)
    ,(#10341,#10342
    )),.UNSPECIFIED.,.F.,.F.,.F.,(4,4),(2,2),(-1.,0.),(0.,1.),
  .PIECEWISE_BEZIER_KNOTS.);
#10335 = CARTESIAN_POINT('',(85.427723610376,-73.38726355185,-2.));
#10336 = CARTESIAN_POINT('',(85.427723610376,-73.38726355185,8.));
#10337 = CARTESIAN_POINT('',(84.888278397531,-77.19406992008,-2.));
#10338 = CARTESIAN_POINT('',(84.888278397531,-77.19406992008,8.));
#10339 = CARTESIAN_POINT('',(84.914595001647,-77.31248292747,-2.));
#10340 = CARTESIAN_POINT('',(84.914595001647,-77.31248292747,8.));
#10341 = CARTESIAN_POINT('',(86.728088419595,-79.29921421719,-2.));
#10342 = CARTESIAN_POINT('',(86.728088419595,-79.29921421719,8.));
#10343 = ADVANCED_FACE('',(#10344),#10371,.F.);
#10344 = FACE_BOUND('',#10345,.F.);
#10345 = EDGE_LOOP('',(#10346,#10356,#10363,#10364));
#10346 = ORIENTED_EDGE('',*,*,#10347,.F.);
#10347 = EDGE_CURVE('',#10348,#10350,#10352,.T.);
#10348 = VERTEX_POINT('',#10349);
#10349 = CARTESIAN_POINT('',(96.006084996227,-68.36341880699,-2.));
#10350 = VERTEX_POINT('',#10351);
#10351 = CARTESIAN_POINT('',(96.006084996227,-68.36341880699,0.));
#10352 = LINE('',#10353,#10354);
#10353 = CARTESIAN_POINT('',(96.006084996227,-68.36341880699,-2.));
#10354 = VECTOR('',#10355,1.);
#10355 = DIRECTION('',(0.,0.,1.));
#10356 = ORIENTED_EDGE('',*,*,#10357,.T.);
#10357 = EDGE_CURVE('',#10348,#10311,#10358,.T.);
#10358 = B_SPLINE_CURVE_WITH_KNOTS('',3,(#10359,#10360,#10361,#10362),
  .UNSPECIFIED.,.F.,.F.,(4,4),(-1.,0.),.PIECEWISE_BEZIER_KNOTS.);
#10359 = CARTESIAN_POINT('',(96.006084996227,-68.36341880699,-2.));
#10360 = CARTESIAN_POINT('',(86.179873236071,-69.47958411759,-2.));
#10361 = CARTESIAN_POINT('',(85.969360479381,-69.57826552746,-2.));
#10362 = CARTESIAN_POINT('',(85.427723610376,-73.38726355185,-2.));
#10363 = ORIENTED_EDGE('',*,*,#10310,.T.);
#10364 = ORIENTED_EDGE('',*,*,#10365,.T.);
#10365 = EDGE_CURVE('',#10313,#10350,#10366,.T.);
#10366 = B_SPLINE_CURVE_WITH_KNOTS('',3,(#10367,#10368,#10369,#10370),
  .UNSPECIFIED.,.F.,.F.,(4,4),(0.,1.133562601266),
  .PIECEWISE_BEZIER_KNOTS.);
#10367 = CARTESIAN_POINT('',(85.427723610376,-73.38726355185,0.));
#10368 = CARTESIAN_POINT('',(85.969360479381,-69.57826552746,0.));
#10369 = CARTESIAN_POINT('',(86.179873236071,-69.47958411759,0.));
#10370 = CARTESIAN_POINT('',(96.006084996227,-68.36341880699,0.));
#10371 = B_SPLINE_SURFACE_WITH_KNOTS('',3,1,(
    (#10372,#10373)
    ,(#10374,#10375)
    ,(#10376,#10377)
    ,(#10378,#10379
    )),.UNSPECIFIED.,.F.,.F.,.F.,(4,4),(2,2),(-1.,0.),(0.,1.),
  .PIECEWISE_BEZIER_KNOTS.);
#10372 = CARTESIAN_POINT('',(96.006084996227,-68.36341880699,-2.));
#10373 = CARTESIAN_POINT('',(96.006084996227,-68.36341880699,8.));
#10374 = CARTESIAN_POINT('',(86.179873236071,-69.47958411759,-2.));
#10375 = CARTESIAN_POINT('',(86.179873236071,-69.47958411759,8.));
#10376 = CARTESIAN_POINT('',(85.969360479381,-69.57826552746,-2.));
#10377 = CARTESIAN_POINT('',(85.969360479381,-69.57826552746,8.));
#10378 = CARTESIAN_POINT('',(85.427723610376,-73.38726355185,-2.));
#10379 = CARTESIAN_POINT('',(85.427723610376,-73.38726355185,8.));
#10380 = ADVANCED_FACE('',(#10381),#10408,.F.);
#10381 = FACE_BOUND('',#10382,.F.);
#10382 = EDGE_LOOP('',(#10383,#10393,#10400,#10401));
#10383 = ORIENTED_EDGE('',*,*,#10384,.F.);
#10384 = EDGE_CURVE('',#10385,#10387,#10389,.T.);
#10385 = VERTEX_POINT('',#10386);
#10386 = CARTESIAN_POINT('',(106.55593477576,-71.19001950544,-2.));
#10387 = VERTEX_POINT('',#10388);
#10388 = CARTESIAN_POINT('',(106.55593477576,-71.19001950544,0.));
#10389 = LINE('',#10390,#10391);
#10390 = CARTESIAN_POINT('',(106.55593477576,-71.19001950544,-2.));
#10391 = VECTOR('',#10392,1.);
#10392 = DIRECTION('',(0.,0.,1.));
#10393 = ORIENTED_EDGE('',*,*,#10394,.T.);
#10394 = EDGE_CURVE('',#10385,#10348,#10395,.T.);
#10395 = B_SPLINE_CURVE_WITH_KNOTS('',3,(#10396,#10397,#10398,#10399),
  .UNSPECIFIED.,.F.,.F.,(4,4),(-1.,0.),.PIECEWISE_BEZIER_KNOTS.);
#10396 = CARTESIAN_POINT('',(106.55593477576,-71.19001950544,-2.));
#10397 = CARTESIAN_POINT('',(106.04061116483,-67.30427001694,-2.));
#10398 = CARTESIAN_POINT('',(105.83009840814,-67.24944849858,-2.));
#10399 = CARTESIAN_POINT('',(96.006084996227,-68.36341880699,-2.));
#10400 = ORIENTED_EDGE('',*,*,#10347,.T.);
#10401 = ORIENTED_EDGE('',*,*,#10402,.T.);
#10402 = EDGE_CURVE('',#10350,#10387,#10403,.T.);
#10403 = B_SPLINE_CURVE_WITH_KNOTS('',3,(#10404,#10405,#10406,#10407),
  .UNSPECIFIED.,.F.,.F.,(4,4),(0.,3.012660315629),
  .PIECEWISE_BEZIER_KNOTS.);
#10404 = CARTESIAN_POINT('',(96.006084996227,-68.36341880699,0.));
#10405 = CARTESIAN_POINT('',(105.83009840814,-67.24944849858,0.));
#10406 = CARTESIAN_POINT('',(106.04061116483,-67.30427001694,0.));
#10407 = CARTESIAN_POINT('',(106.55593477576,-71.19001950544,0.));
#10408 = B_SPLINE_SURFACE_WITH_KNOTS('',3,1,(
    (#10409,#10410)
    ,(#10411,#10412)
    ,(#10413,#10414)
    ,(#10415,#10416
    )),.UNSPECIFIED.,.F.,.F.,.F.,(4,4),(2,2),(-1.,0.),(0.,1.),
  .PIECEWISE_BEZIER_KNOTS.);
#10409 = CARTESIAN_POINT('',(106.55593477576,-71.19001950544,-2.));
#10410 = CARTESIAN_POINT('',(106.55593477576,-71.19001950544,8.));
#10411 = CARTESIAN_POINT('',(106.04061116483,-67.30427001694,-2.));
#10412 = CARTESIAN_POINT('',(106.04061116483,-67.30427001694,8.));
#10413 = CARTESIAN_POINT('',(105.83009840814,-67.24944849858,-2.));
#10414 = CARTESIAN_POINT('',(105.83009840814,-67.24944849858,8.));
#10415 = CARTESIAN_POINT('',(96.006084996227,-68.36341880699,-2.));
#10416 = CARTESIAN_POINT('',(96.006084996227,-68.36341880699,8.));
#10417 = ADVANCED_FACE('',(#10418),#10436,.F.);
#10418 = FACE_BOUND('',#10419,.F.);
#10419 = EDGE_LOOP('',(#10420,#10421,#10428,#10429));
#10420 = ORIENTED_EDGE('',*,*,#10283,.F.);
#10421 = ORIENTED_EDGE('',*,*,#10422,.T.);
#10422 = EDGE_CURVE('',#10275,#10385,#10423,.T.);
#10423 = B_SPLINE_CURVE_WITH_KNOTS('',3,(#10424,#10425,#10426,#10427),
  .UNSPECIFIED.,.F.,.F.,(4,4),(-1.,0.),.PIECEWISE_BEZIER_KNOTS.);
#10424 = CARTESIAN_POINT('',(97.828351730894,-78.23787042494,-2.));
#10425 = CARTESIAN_POINT('',(106.89363720259,-75.21610860104,-2.));
#10426 = CARTESIAN_POINT('',(107.06906338449,-75.07357399174,-2.));
#10427 = CARTESIAN_POINT('',(106.55593477576,-71.19001950544,-2.));
#10428 = ORIENTED_EDGE('',*,*,#10384,.T.);
#10429 = ORIENTED_EDGE('',*,*,#10430,.T.);
#10430 = EDGE_CURVE('',#10387,#10284,#10431,.T.);
#10431 = B_SPLINE_CURVE_WITH_KNOTS('',3,(#10432,#10433,#10434,#10435),
  .UNSPECIFIED.,.F.,.F.,(4,4),(0.,1.231441175435),
  .PIECEWISE_BEZIER_KNOTS.);
#10432 = CARTESIAN_POINT('',(106.55593477576,-71.19001950544,0.));
#10433 = CARTESIAN_POINT('',(107.06906338449,-75.07357399174,0.));
#10434 = CARTESIAN_POINT('',(106.89363720259,-75.21610860104,0.));
#10435 = CARTESIAN_POINT('',(97.828351730894,-78.23787042494,0.));
#10436 = B_SPLINE_SURFACE_WITH_KNOTS('',3,1,(
    (#10437,#10438)
    ,(#10439,#10440)
    ,(#10441,#10442)
    ,(#10443,#10444
    )),.UNSPECIFIED.,.F.,.F.,.F.,(4,4),(2,2),(-1.,0.),(0.,1.),
  .PIECEWISE_BEZIER_KNOTS.);
#10437 = CARTESIAN_POINT('',(97.828351730894,-78.23787042494,-2.));
#10438 = CARTESIAN_POINT('',(97.828351730894,-78.23787042494,8.));
#10439 = CARTESIAN_POINT('',(106.89363720259,-75.21610860104,-2.));
#10440 = CARTESIAN_POINT('',(106.89363720259,-75.21610860104,8.));
#10441 = CARTESIAN_POINT('',(107.06906338449,-75.07357399174,-2.));
#10442 = CARTESIAN_POINT('',(107.06906338449,-75.07357399174,8.));
#10443 = CARTESIAN_POINT('',(106.55593477576,-71.19001950544,-2.));
#10444 = CARTESIAN_POINT('',(106.55593477576,-71.19001950544,8.));
#10445 = ADVANCED_FACE('',(#10446),#10482,.F.);
#10446 = FACE_BOUND('',#10447,.F.);
#10447 = EDGE_LOOP('',(#10448,#10458,#10467,#10475));
#10448 = ORIENTED_EDGE('',*,*,#10449,.F.);
#10449 = EDGE_CURVE('',#10450,#10452,#10454,.T.);
#10450 = VERTEX_POINT('',#10451);
#10451 = CARTESIAN_POINT('',(66.088884261022,-118.2531938368,-2.));
#10452 = VERTEX_POINT('',#10453);
#10453 = CARTESIAN_POINT('',(66.088884261022,-118.2531938368,0.));
#10454 = LINE('',#10455,#10456);
#10455 = CARTESIAN_POINT('',(66.088884261022,-118.2531938368,-2.));
#10456 = VECTOR('',#10457,1.);
#10457 = DIRECTION('',(0.,0.,1.));
#10458 = ORIENTED_EDGE('',*,*,#10459,.T.);
#10459 = EDGE_CURVE('',#10450,#10460,#10462,.T.);
#10460 = VERTEX_POINT('',#10461);
#10461 = CARTESIAN_POINT('',(74.259482151687,-121.215749157,-2.));
#10462 = B_SPLINE_CURVE_WITH_KNOTS('',3,(#10463,#10464,#10465,#10466),
  .UNSPECIFIED.,.F.,.F.,(4,4),(-1.,0.),.PIECEWISE_BEZIER_KNOTS.);
#10463 = CARTESIAN_POINT('',(66.088884261022,-118.2531938368,-2.));
#10464 = CARTESIAN_POINT('',(72.07758639047,-123.1849375776,-2.));
#10465 = CARTESIAN_POINT('',(72.242050945527,-123.2441449178,-2.));
#10466 = CARTESIAN_POINT('',(74.259482151687,-121.215749157,-2.));
#10467 = ORIENTED_EDGE('',*,*,#10468,.T.);
#10468 = EDGE_CURVE('',#10460,#10469,#10471,.T.);
#10469 = VERTEX_POINT('',#10470);
#10470 = CARTESIAN_POINT('',(74.259482151687,-121.215749157,0.));
#10471 = LINE('',#10472,#10473);
#10472 = CARTESIAN_POINT('',(74.259482151687,-121.215749157,-2.));
#10473 = VECTOR('',#10474,1.);
#10474 = DIRECTION('',(0.,0.,1.));
#10475 = ORIENTED_EDGE('',*,*,#10476,.T.);
#10476 = EDGE_CURVE('',#10469,#10452,#10477,.T.);
#10477 = B_SPLINE_CURVE_WITH_KNOTS('',3,(#10478,#10479,#10480,#10481),
  .UNSPECIFIED.,.F.,.F.,(4,4),(0.,0.827603566464),
  .PIECEWISE_BEZIER_KNOTS.);
#10478 = CARTESIAN_POINT('',(74.259482151687,-121.215749157,0.));
#10479 = CARTESIAN_POINT('',(72.242050945527,-123.2441449178,0.));
#10480 = CARTESIAN_POINT('',(72.07758639047,-123.1849375776,0.));
#10481 = CARTESIAN_POINT('',(66.088884261022,-118.2531938368,0.));
#10482 = B_SPLINE_SURFACE_WITH_KNOTS('',3,1,(
    (#10483,#10484)
    ,(#10485,#10486)
    ,(#10487,#10488)
    ,(#10489,#10490
    )),.UNSPECIFIED.,.F.,.F.,.F.,(4,4),(2,2),(-1.,0.),(0.,1.),
  .PIECEWISE_BEZIER_KNOTS.);
#10483 = CARTESIAN_POINT('',(66.088884261022,-118.2531938368,-2.));
#10484 = CARTESIAN_POINT('',(66.088884261022,-118.2531938368,8.));
#10485 = CARTESIAN_POINT('',(72.07758639047,-123.1849375776,-2.));
#10486 = CARTESIAN_POINT('',(72.07758639047,-123.1849375776,8.));
#10487 = CARTESIAN_POINT('',(72.242050945527,-123.2441449178,-2.));
#10488 = CARTESIAN_POINT('',(72.242050945527,-123.2441449178,8.));
#10489 = CARTESIAN_POINT('',(74.259482151687,-121.215749157,-2.));
#10490 = CARTESIAN_POINT('',(74.259482151687,-121.215749157,8.));
#10491 = ADVANCED_FACE('',(#10492),#10519,.F.);
#10492 = FACE_BOUND('',#10493,.F.);
#10493 = EDGE_LOOP('',(#10494,#10504,#10511,#10512));
#10494 = ORIENTED_EDGE('',*,*,#10495,.F.);
#10495 = EDGE_CURVE('',#10496,#10498,#10500,.T.);
#10496 = VERTEX_POINT('',#10497);
#10497 = CARTESIAN_POINT('',(64.146009516772,-110.8895670902,-2.));
#10498 = VERTEX_POINT('',#10499);
#10499 = CARTESIAN_POINT('',(64.146009516772,-110.8895670902,0.));
#10500 = LINE('',#10501,#10502);
#10501 = CARTESIAN_POINT('',(64.146009516772,-110.8895670902,-2.));
#10502 = VECTOR('',#10503,1.);
#10503 = DIRECTION('',(0.,0.,1.));
#10504 = ORIENTED_EDGE('',*,*,#10505,.T.);
#10505 = EDGE_CURVE('',#10496,#10450,#10506,.T.);
#10506 = B_SPLINE_CURVE_WITH_KNOTS('',3,(#10507,#10508,#10509,#10510),
  .UNSPECIFIED.,.F.,.F.,(4,4),(-1.,0.),.PIECEWISE_BEZIER_KNOTS.);
#10507 = CARTESIAN_POINT('',(64.146009516772,-110.8895670902,-2.));
#10508 = CARTESIAN_POINT('',(60.060710571439,-113.1767209028,-2.));
#10509 = CARTESIAN_POINT('',(60.097988802394,-113.3236421704,-2.));
#10510 = CARTESIAN_POINT('',(66.088884261022,-118.2531938368,-2.));
#10511 = ORIENTED_EDGE('',*,*,#10449,.T.);
#10512 = ORIENTED_EDGE('',*,*,#10513,.T.);
#10513 = EDGE_CURVE('',#10452,#10498,#10514,.T.);
#10514 = B_SPLINE_CURVE_WITH_KNOTS('',3,(#10515,#10516,#10517,#10518),
  .UNSPECIFIED.,.F.,.F.,(4,4),(0.,2.275911793196),
  .PIECEWISE_BEZIER_KNOTS.);
#10515 = CARTESIAN_POINT('',(66.088884261022,-118.2531938368,0.));
#10516 = CARTESIAN_POINT('',(60.097988802394,-113.3236421704,0.));
#10517 = CARTESIAN_POINT('',(60.060710571439,-113.1767209028,0.));
#10518 = CARTESIAN_POINT('',(64.146009516772,-110.8895670902,0.));
#10519 = B_SPLINE_SURFACE_WITH_KNOTS('',3,1,(
    (#10520,#10521)
    ,(#10522,#10523)
    ,(#10524,#10525)
    ,(#10526,#10527
    )),.UNSPECIFIED.,.F.,.F.,.F.,(4,4),(2,2),(-1.,0.),(0.,1.),
  .PIECEWISE_BEZIER_KNOTS.);
#10520 = CARTESIAN_POINT('',(64.146009516772,-110.8895670902,-2.));
#10521 = CARTESIAN_POINT('',(64.146009516772,-110.8895670902,8.));
#10522 = CARTESIAN_POINT('',(60.060710571439,-113.1767209028,-2.));
#10523 = CARTESIAN_POINT('',(60.060710571439,-113.1767209028,8.));
#10524 = CARTESIAN_POINT('',(60.097988802394,-113.3236421704,-2.));
#10525 = CARTESIAN_POINT('',(60.097988802394,-113.3236421704,8.));
#10526 = CARTESIAN_POINT('',(66.088884261022,-118.2531938368,-2.));
#10527 = CARTESIAN_POINT('',(66.088884261022,-118.2531938368,8.));
#10528 = ADVANCED_FACE('',(#10529),#10556,.F.);
#10529 = FACE_BOUND('',#10530,.F.);
#10530 = EDGE_LOOP('',(#10531,#10541,#10548,#10549));
#10531 = ORIENTED_EDGE('',*,*,#10532,.F.);
#10532 = EDGE_CURVE('',#10533,#10535,#10537,.T.);
#10533 = VERTEX_POINT('',#10534);
#10534 = CARTESIAN_POINT('',(72.456950360577,-112.6416640213,-2.));
#10535 = VERTEX_POINT('',#10536);
#10536 = CARTESIAN_POINT('',(72.456950360577,-112.6416640213,0.));
#10537 = LINE('',#10538,#10539);
#10538 = CARTESIAN_POINT('',(72.456950360577,-112.6416640213,-2.));
#10539 = VECTOR('',#10540,1.);
#10540 = DIRECTION('',(0.,0.,1.));
#10541 = ORIENTED_EDGE('',*,*,#10542,.T.);
#10542 = EDGE_CURVE('',#10533,#10496,#10543,.T.);
#10543 = B_SPLINE_CURVE_WITH_KNOTS('',3,(#10544,#10545,#10546,#10547),
  .UNSPECIFIED.,.F.,.F.,(4,4),(-1.,0.),.PIECEWISE_BEZIER_KNOTS.);
#10544 = CARTESIAN_POINT('',(72.456950360577,-112.6416640213,-2.));
#10545 = CARTESIAN_POINT('',(68.400158002501,-108.6396931816,-2.));
#10546 = CARTESIAN_POINT('',(68.233501791284,-108.6046066068,-2.));
#10547 = CARTESIAN_POINT('',(64.146009516772,-110.8895670902,-2.));
#10548 = ORIENTED_EDGE('',*,*,#10495,.T.);
#10549 = ORIENTED_EDGE('',*,*,#10550,.T.);
#10550 = EDGE_CURVE('',#10498,#10535,#10551,.T.);
#10551 = B_SPLINE_CURVE_WITH_KNOTS('',3,(#10552,#10553,#10554,#10555),
  .UNSPECIFIED.,.F.,.F.,(4,4),(0.,1.407039940563),
  .PIECEWISE_BEZIER_KNOTS.);
#10552 = CARTESIAN_POINT('',(64.146009516772,-110.8895670902,0.));
#10553 = CARTESIAN_POINT('',(68.233501791284,-108.6046066068,0.));
#10554 = CARTESIAN_POINT('',(68.400158002501,-108.6396931816,0.));
#10555 = CARTESIAN_POINT('',(72.456950360577,-112.6416640213,0.));
#10556 = B_SPLINE_SURFACE_WITH_KNOTS('',3,1,(
    (#10557,#10558)
    ,(#10559,#10560)
    ,(#10561,#10562)
    ,(#10563,#10564
    )),.UNSPECIFIED.,.F.,.F.,.F.,(4,4),(2,2),(-1.,0.),(0.,1.),
  .PIECEWISE_BEZIER_KNOTS.);
#10557 = CARTESIAN_POINT('',(72.456950360577,-112.6416640213,-2.));
#10558 = CARTESIAN_POINT('',(72.456950360577,-112.6416640213,8.));
#10559 = CARTESIAN_POINT('',(68.400158002501,-108.6396931816,-2.));
#10560 = CARTESIAN_POINT('',(68.400158002501,-108.6396931816,8.));
#10561 = CARTESIAN_POINT('',(68.233501791284,-108.6046066068,-2.));
#10562 = CARTESIAN_POINT('',(68.233501791284,-108.6046066068,8.));
#10563 = CARTESIAN_POINT('',(64.146009516772,-110.8895670902,-2.));
#10564 = CARTESIAN_POINT('',(64.146009516772,-110.8895670902,8.));
#10565 = ADVANCED_FACE('',(#10566),#10593,.F.);
#10566 = FACE_BOUND('',#10567,.F.);
#10567 = EDGE_LOOP('',(#10568,#10578,#10585,#10586));
#10568 = ORIENTED_EDGE('',*,*,#10569,.F.);
#10569 = EDGE_CURVE('',#10570,#10572,#10574,.T.);
#10570 = VERTEX_POINT('',#10571);
#10571 = CARTESIAN_POINT('',(76.456729544142,-117.935228863,-2.));
#10572 = VERTEX_POINT('',#10573);
#10573 = CARTESIAN_POINT('',(76.456729544142,-117.935228863,0.));
#10574 = LINE('',#10575,#10576);
#10575 = CARTESIAN_POINT('',(76.456729544142,-117.935228863,-2.));
#10576 = VECTOR('',#10577,1.);
#10577 = DIRECTION('',(0.,0.,1.));
#10578 = ORIENTED_EDGE('',*,*,#10579,.T.);
#10579 = EDGE_CURVE('',#10570,#10533,#10580,.T.);
#10580 = B_SPLINE_CURVE_WITH_KNOTS('',3,(#10581,#10582,#10583,#10584),
  .UNSPECIFIED.,.F.,.F.,(4,4),(-1.,0.),.PIECEWISE_BEZIER_KNOTS.);
#10581 = CARTESIAN_POINT('',(76.456729544142,-117.935228863,-2.));
#10582 = CARTESIAN_POINT('',(76.592685838923,-116.7510845685,-2.));
#10583 = CARTESIAN_POINT('',(76.511551062494,-116.6436340245,-2.));
#10584 = CARTESIAN_POINT('',(72.456950360577,-112.6416640213,-2.));
#10585 = ORIENTED_EDGE('',*,*,#10532,.T.);
#10586 = ORIENTED_EDGE('',*,*,#10587,.T.);
#10587 = EDGE_CURVE('',#10535,#10572,#10588,.T.);
#10588 = B_SPLINE_CURVE_WITH_KNOTS('',3,(#10589,#10590,#10591,#10592),
  .UNSPECIFIED.,.F.,.F.,(4,4),(0.,1.710587177617),
  .PIECEWISE_BEZIER_KNOTS.);
#10589 = CARTESIAN_POINT('',(72.456950360577,-112.6416640213,0.));
#10590 = CARTESIAN_POINT('',(76.511551062494,-116.6436340245,0.));
#10591 = CARTESIAN_POINT('',(76.592685838923,-116.7510845685,0.));
#10592 = CARTESIAN_POINT('',(76.456729544142,-117.935228863,0.));
#10593 = B_SPLINE_SURFACE_WITH_KNOTS('',3,1,(
    (#10594,#10595)
    ,(#10596,#10597)
    ,(#10598,#10599)
    ,(#10600,#10601
    )),.UNSPECIFIED.,.F.,.F.,.F.,(4,4),(2,2),(-1.,0.),(0.,1.),
  .PIECEWISE_BEZIER_KNOTS.);
#10594 = CARTESIAN_POINT('',(76.456729544142,-117.935228863,-2.));
#10595 = CARTESIAN_POINT('',(76.456729544142,-117.935228863,8.));
#10596 = CARTESIAN_POINT('',(76.592685838923,-116.7510845685,-2.));
#10597 = CARTESIAN_POINT('',(76.592685838923,-116.7510845685,8.));
#10598 = CARTESIAN_POINT('',(76.511551062494,-116.6436340245,-2.));
#10599 = CARTESIAN_POINT('',(76.511551062494,-116.6436340245,8.));
#10600 = CARTESIAN_POINT('',(72.456950360577,-112.6416640213,-2.));
#10601 = CARTESIAN_POINT('',(72.456950360577,-112.6416640213,8.));
#10602 = ADVANCED_FACE('',(#10603),#10621,.F.);
#10603 = FACE_BOUND('',#10604,.F.);
#10604 = EDGE_LOOP('',(#10605,#10606,#10613,#10614));
#10605 = ORIENTED_EDGE('',*,*,#10468,.F.);
#10606 = ORIENTED_EDGE('',*,*,#10607,.T.);
#10607 = EDGE_CURVE('',#10460,#10570,#10608,.T.);
#10608 = B_SPLINE_CURVE_WITH_KNOTS('',3,(#10609,#10610,#10611,#10612),
  .UNSPECIFIED.,.F.,.F.,(4,4),(-1.,0.),.PIECEWISE_BEZIER_KNOTS.);
#10609 = CARTESIAN_POINT('',(74.259482151687,-121.215749157,-2.));
#10610 = CARTESIAN_POINT('',(76.279108360046,-119.187352978,-2.));
#10611 = CARTESIAN_POINT('',(76.32296490552,-119.1215664867,-2.));
#10612 = CARTESIAN_POINT('',(76.456729544142,-117.935228863,-2.));
#10613 = ORIENTED_EDGE('',*,*,#10569,.T.);
#10614 = ORIENTED_EDGE('',*,*,#10615,.T.);
#10615 = EDGE_CURVE('',#10572,#10469,#10616,.T.);
#10616 = B_SPLINE_CURVE_WITH_KNOTS('',3,(#10617,#10618,#10619,#10620),
  .UNSPECIFIED.,.F.,.F.,(4,4),(0.,0.358087123494),
  .PIECEWISE_BEZIER_KNOTS.);
#10617 = CARTESIAN_POINT('',(76.456729544142,-117.935228863,0.));
#10618 = CARTESIAN_POINT('',(76.32296490552,-119.1215664867,0.));
#10619 = CARTESIAN_POINT('',(76.279108360046,-119.187352978,0.));
#10620 = CARTESIAN_POINT('',(74.259482151687,-121.215749157,0.));
#10621 = B_SPLINE_SURFACE_WITH_KNOTS('',3,1,(
    (#10622,#10623)
    ,(#10624,#10625)
    ,(#10626,#10627)
    ,(#10628,#10629
    )),.UNSPECIFIED.,.F.,.F.,.F.,(4,4),(2,2),(-1.,0.),(0.,1.),
  .PIECEWISE_BEZIER_KNOTS.);
#10622 = CARTESIAN_POINT('',(74.259482151687,-121.215749157,-2.));
#10623 = CARTESIAN_POINT('',(74.259482151687,-121.215749157,8.));
#10624 = CARTESIAN_POINT('',(76.279108360046,-119.187352978,-2.));
#10625 = CARTESIAN_POINT('',(76.279108360046,-119.187352978,8.));
#10626 = CARTESIAN_POINT('',(76.32296490552,-119.1215664867,-2.));
#10627 = CARTESIAN_POINT('',(76.32296490552,-119.1215664867,8.));
#10628 = CARTESIAN_POINT('',(76.456729544142,-117.935228863,-2.));
#10629 = CARTESIAN_POINT('',(76.456729544142,-117.935228863,8.));
#10630 = ADVANCED_FACE('',(#10631),#10667,.F.);
#10631 = FACE_BOUND('',#10632,.F.);
#10632 = EDGE_LOOP('',(#10633,#10643,#10652,#10660));
#10633 = ORIENTED_EDGE('',*,*,#10634,.F.);
#10634 = EDGE_CURVE('',#10635,#10637,#10639,.T.);
#10635 = VERTEX_POINT('',#10636);
#10636 = CARTESIAN_POINT('',(107.16774479435,-128.7745397477,-2.));
#10637 = VERTEX_POINT('',#10638);
#10638 = CARTESIAN_POINT('',(107.16774479435,-128.7745397477,0.));
#10639 = LINE('',#10640,#10641);
#10640 = CARTESIAN_POINT('',(107.16774479435,-128.7745397477,-2.));
#10641 = VECTOR('',#10642,1.);
#10642 = DIRECTION('',(0.,0.,1.));
#10643 = ORIENTED_EDGE('',*,*,#10644,.T.);
#10644 = EDGE_CURVE('',#10635,#10645,#10647,.T.);
#10645 = VERTEX_POINT('',#10646);
#10646 = CARTESIAN_POINT('',(118.14520509387,-124.8471259973,-2.));
#10647 = B_SPLINE_CURVE_WITH_KNOTS('',3,(#10648,#10649,#10650,#10651),
  .UNSPECIFIED.,.F.,.F.,(4,4),(-1.,0.),.PIECEWISE_BEZIER_KNOTS.);
#10648 = CARTESIAN_POINT('',(107.16774479435,-128.7745397477,-2.));
#10649 = CARTESIAN_POINT('',(116.77466713506,-128.7745397477,-2.));
#10650 = CARTESIAN_POINT('',(116.99395320847,-128.695596732,-2.));
#10651 = CARTESIAN_POINT('',(118.14520509387,-124.8471259973,-2.));
#10652 = ORIENTED_EDGE('',*,*,#10653,.T.);
#10653 = EDGE_CURVE('',#10645,#10654,#10656,.T.);
#10654 = VERTEX_POINT('',#10655);
#10655 = CARTESIAN_POINT('',(118.14520509387,-124.8471259973,0.));
#10656 = LINE('',#10657,#10658);
#10657 = CARTESIAN_POINT('',(118.14520509387,-124.8471259973,-2.));
#10658 = VECTOR('',#10659,1.);
#10659 = DIRECTION('',(0.,0.,1.));
#10660 = ORIENTED_EDGE('',*,*,#10661,.T.);
#10661 = EDGE_CURVE('',#10654,#10637,#10662,.T.);
#10662 = B_SPLINE_CURVE_WITH_KNOTS('',3,(#10663,#10664,#10665,#10666),
  .UNSPECIFIED.,.F.,.F.,(4,4),(0.,1.171656070442),
  .PIECEWISE_BEZIER_KNOTS.);
#10663 = CARTESIAN_POINT('',(118.14520509387,-124.8471259973,0.));
#10664 = CARTESIAN_POINT('',(116.99395320847,-128.695596732,0.));
#10665 = CARTESIAN_POINT('',(116.77466713506,-128.7745397477,0.));
#10666 = CARTESIAN_POINT('',(107.16774479435,-128.7745397477,0.));
#10667 = B_SPLINE_SURFACE_WITH_KNOTS('',3,1,(
    (#10668,#10669)
    ,(#10670,#10671)
    ,(#10672,#10673)
    ,(#10674,#10675
    )),.UNSPECIFIED.,.F.,.F.,.F.,(4,4),(2,2),(-1.,0.),(0.,1.),
  .PIECEWISE_BEZIER_KNOTS.);
#10668 = CARTESIAN_POINT('',(107.16774479435,-128.7745397477,-2.));
#10669 = CARTESIAN_POINT('',(107.16774479435,-128.7745397477,8.));
#10670 = CARTESIAN_POINT('',(116.77466713506,-128.7745397477,-2.));
#10671 = CARTESIAN_POINT('',(116.77466713506,-128.7745397477,8.));
#10672 = CARTESIAN_POINT('',(116.99395320847,-128.695596732,-2.));
#10673 = CARTESIAN_POINT('',(116.99395320847,-128.695596732,8.));
#10674 = CARTESIAN_POINT('',(118.14520509387,-124.8471259973,-2.));
#10675 = CARTESIAN_POINT('',(118.14520509387,-124.8471259973,8.));
#10676 = ADVANCED_FACE('',(#10677),#10704,.F.);
#10677 = FACE_BOUND('',#10678,.F.);
#10678 = EDGE_LOOP('',(#10679,#10689,#10696,#10697));
#10679 = ORIENTED_EDGE('',*,*,#10680,.F.);
#10680 = EDGE_CURVE('',#10681,#10683,#10685,.T.);
#10681 = VERTEX_POINT('',#10682);
#10682 = CARTESIAN_POINT('',(96.815251142474,-127.2680444485,-2.));
#10683 = VERTEX_POINT('',#10684);
#10684 = CARTESIAN_POINT('',(96.815251142474,-127.2680444485,0.));
#10685 = LINE('',#10686,#10687);
#10686 = CARTESIAN_POINT('',(96.815251142474,-127.2680444485,-2.));
#10687 = VECTOR('',#10688,1.);
#10688 = DIRECTION('',(0.,0.,1.));
#10689 = ORIENTED_EDGE('',*,*,#10690,.T.);
#10690 = EDGE_CURVE('',#10681,#10635,#10691,.T.);
#10691 = B_SPLINE_CURVE_WITH_KNOTS('',3,(#10692,#10693,#10694,#10695),
  .UNSPECIFIED.,.F.,.F.,(4,4),(-1.,0.),.PIECEWISE_BEZIER_KNOTS.);
#10692 = CARTESIAN_POINT('',(96.815251142474,-127.2680444485,-2.));
#10693 = CARTESIAN_POINT('',(97.35249800708,-128.7438396222,-2.));
#10694 = CARTESIAN_POINT('',(97.560822453651,-128.7745397477,-2.));
#10695 = CARTESIAN_POINT('',(107.16774479435,-128.7745397477,-2.));
#10696 = ORIENTED_EDGE('',*,*,#10634,.T.);
#10697 = ORIENTED_EDGE('',*,*,#10698,.T.);
#10698 = EDGE_CURVE('',#10637,#10683,#10699,.T.);
#10699 = B_SPLINE_CURVE_WITH_KNOTS('',3,(#10700,#10701,#10702,#10703),
  .UNSPECIFIED.,.F.,.F.,(4,4),(0.,2.885905336227),
  .PIECEWISE_BEZIER_KNOTS.);
#10700 = CARTESIAN_POINT('',(107.16774479435,-128.7745397477,0.));
#10701 = CARTESIAN_POINT('',(97.560822453651,-128.7745397477,0.));
#10702 = CARTESIAN_POINT('',(97.35249800708,-128.7438396222,0.));
#10703 = CARTESIAN_POINT('',(96.815251142474,-127.2680444485,0.));
#10704 = B_SPLINE_SURFACE_WITH_KNOTS('',3,1,(
    (#10705,#10706)
    ,(#10707,#10708)
    ,(#10709,#10710)
    ,(#10711,#10712
    )),.UNSPECIFIED.,.F.,.F.,.F.,(4,4),(2,2),(-1.,0.),(0.,1.),
  .PIECEWISE_BEZIER_KNOTS.);
#10705 = CARTESIAN_POINT('',(96.815251142474,-127.2680444485,-2.));
#10706 = CARTESIAN_POINT('',(96.815251142474,-127.2680444485,8.));
#10707 = CARTESIAN_POINT('',(97.35249800708,-128.7438396222,-2.));
#10708 = CARTESIAN_POINT('',(97.35249800708,-128.7438396222,8.));
#10709 = CARTESIAN_POINT('',(97.560822453651,-128.7745397477,-2.));
#10710 = CARTESIAN_POINT('',(97.560822453651,-128.7745397477,8.));
#10711 = CARTESIAN_POINT('',(107.16774479435,-128.7745397477,-2.));
#10712 = CARTESIAN_POINT('',(107.16774479435,-128.7745397477,8.));
#10713 = ADVANCED_FACE('',(#10714),#10741,.F.);
#10714 = FACE_BOUND('',#10715,.F.);
#10715 = EDGE_LOOP('',(#10716,#10726,#10733,#10734));
#10716 = ORIENTED_EDGE('',*,*,#10717,.F.);
#10717 = EDGE_CURVE('',#10718,#10720,#10722,.T.);
#10718 = VERTEX_POINT('',#10719);
#10719 = CARTESIAN_POINT('',(96.455618769884,-124.1169033896,-2.));
#10720 = VERTEX_POINT('',#10721);
#10721 = CARTESIAN_POINT('',(96.455618769884,-124.1169033896,0.));
#10722 = LINE('',#10723,#10724);
#10723 = CARTESIAN_POINT('',(96.455618769884,-124.1169033896,-2.));
#10724 = VECTOR('',#10725,1.);
#10725 = DIRECTION('',(0.,0.,1.));
#10726 = ORIENTED_EDGE('',*,*,#10727,.T.);
#10727 = EDGE_CURVE('',#10718,#10681,#10728,.T.);
#10728 = B_SPLINE_CURVE_WITH_KNOTS('',3,(#10729,#10730,#10731,#10732),
  .UNSPECIFIED.,.F.,.F.,(4,4),(-1.,0.),.PIECEWISE_BEZIER_KNOTS.);
#10729 = CARTESIAN_POINT('',(96.455618769884,-124.1169033896,-2.));
#10730 = CARTESIAN_POINT('',(96.27141927127,-125.7308490237,-2.));
#10731 = CARTESIAN_POINT('',(96.277997585789,-125.7922492748,-2.));
#10732 = CARTESIAN_POINT('',(96.815251142474,-127.2680444485,-2.));
#10733 = ORIENTED_EDGE('',*,*,#10680,.T.);
#10734 = ORIENTED_EDGE('',*,*,#10735,.T.);
#10735 = EDGE_CURVE('',#10683,#10720,#10736,.T.);
#10736 = B_SPLINE_CURVE_WITH_KNOTS('',3,(#10737,#10738,#10739,#10740),
  .UNSPECIFIED.,.F.,.F.,(4,4),(0.,0.471258966089),
  .PIECEWISE_BEZIER_KNOTS.);
#10737 = CARTESIAN_POINT('',(96.815251142474,-127.2680444485,0.));
#10738 = CARTESIAN_POINT('',(96.277997585789,-125.7922492748,0.));
#10739 = CARTESIAN_POINT('',(96.27141927127,-125.7308490237,0.));
#10740 = CARTESIAN_POINT('',(96.455618769884,-124.1169033896,0.));
#10741 = B_SPLINE_SURFACE_WITH_KNOTS('',3,1,(
    (#10742,#10743)
    ,(#10744,#10745)
    ,(#10746,#10747)
    ,(#10748,#10749
    )),.UNSPECIFIED.,.F.,.F.,.F.,(4,4),(2,2),(-1.,0.),(0.,1.),
  .PIECEWISE_BEZIER_KNOTS.);
#10742 = CARTESIAN_POINT('',(96.455618769884,-124.1169033896,-2.));
#10743 = CARTESIAN_POINT('',(96.455618769884,-124.1169033896,8.));
#10744 = CARTESIAN_POINT('',(96.27141927127,-125.7308490237,-2.));
#10745 = CARTESIAN_POINT('',(96.27141927127,-125.7308490237,8.));
#10746 = CARTESIAN_POINT('',(96.277997585789,-125.7922492748,-2.));
#10747 = CARTESIAN_POINT('',(96.277997585789,-125.7922492748,8.));
#10748 = CARTESIAN_POINT('',(96.815251142474,-127.2680444485,-2.));
#10749 = CARTESIAN_POINT('',(96.815251142474,-127.2680444485,8.));
#10750 = ADVANCED_FACE('',(#10751),#10778,.F.);
#10751 = FACE_BOUND('',#10752,.F.);
#10752 = EDGE_LOOP('',(#10753,#10763,#10770,#10771));
#10753 = ORIENTED_EDGE('',*,*,#10754,.F.);
#10754 = EDGE_CURVE('',#10755,#10757,#10759,.T.);
#10755 = VERTEX_POINT('',#10756);
#10756 = CARTESIAN_POINT('',(97.92702644868,-119.5447886753,-2.));
#10757 = VERTEX_POINT('',#10758);
#10758 = CARTESIAN_POINT('',(97.92702644868,-119.5447886753,0.));
#10759 = LINE('',#10760,#10761);
#10760 = CARTESIAN_POINT('',(97.92702644868,-119.5447886753,-2.));
#10761 = VECTOR('',#10762,1.);
#10762 = DIRECTION('',(0.,0.,1.));
#10763 = ORIENTED_EDGE('',*,*,#10764,.T.);
#10764 = EDGE_CURVE('',#10755,#10718,#10765,.T.);
#10765 = B_SPLINE_CURVE_WITH_KNOTS('',3,(#10766,#10767,#10768,#10769),
  .UNSPECIFIED.,.F.,.F.,(4,4),(-1.,0.),.PIECEWISE_BEZIER_KNOTS.);
#10766 = CARTESIAN_POINT('',(97.92702644868,-119.5447886753,-2.));
#10767 = CARTESIAN_POINT('',(96.668326528775,-122.4130509171,-2.));
#10768 = CARTESIAN_POINT('',(96.637629958379,-122.5051506664,-2.));
#10769 = CARTESIAN_POINT('',(96.455618769884,-124.1169033896,-2.));
#10770 = ORIENTED_EDGE('',*,*,#10717,.T.);
#10771 = ORIENTED_EDGE('',*,*,#10772,.T.);
#10772 = EDGE_CURVE('',#10720,#10757,#10773,.T.);
#10773 = B_SPLINE_CURVE_WITH_KNOTS('',3,(#10774,#10775,#10776,#10777),
  .UNSPECIFIED.,.F.,.F.,(4,4),(0.,0.486509233341),
  .PIECEWISE_BEZIER_KNOTS.);
#10774 = CARTESIAN_POINT('',(96.455618769884,-124.1169033896,0.));
#10775 = CARTESIAN_POINT('',(96.637629958379,-122.5051506664,0.));
#10776 = CARTESIAN_POINT('',(96.668326528775,-122.4130509171,0.));
#10777 = CARTESIAN_POINT('',(97.92702644868,-119.5447886753,0.));
#10778 = B_SPLINE_SURFACE_WITH_KNOTS('',3,1,(
    (#10779,#10780)
    ,(#10781,#10782)
    ,(#10783,#10784)
    ,(#10785,#10786
    )),.UNSPECIFIED.,.F.,.F.,.F.,(4,4),(2,2),(-1.,0.),(0.,1.),
  .PIECEWISE_BEZIER_KNOTS.);
#10779 = CARTESIAN_POINT('',(97.92702644868,-119.5447886753,-2.));
#10780 = CARTESIAN_POINT('',(97.92702644868,-119.5447886753,8.));
#10781 = CARTESIAN_POINT('',(96.668326528775,-122.4130509171,-2.));
#10782 = CARTESIAN_POINT('',(96.668326528775,-122.4130509171,8.));
#10783 = CARTESIAN_POINT('',(96.637629958379,-122.5051506664,-2.));
#10784 = CARTESIAN_POINT('',(96.637629958379,-122.5051506664,8.));
#10785 = CARTESIAN_POINT('',(96.455618769884,-124.1169033896,-2.));
#10786 = CARTESIAN_POINT('',(96.455618769884,-124.1169033896,8.));
#10787 = ADVANCED_FACE('',(#10788),#10815,.F.);
#10788 = FACE_BOUND('',#10789,.F.);
#10789 = EDGE_LOOP('',(#10790,#10800,#10807,#10808));
#10790 = ORIENTED_EDGE('',*,*,#10791,.F.);
#10791 = EDGE_CURVE('',#10792,#10794,#10796,.T.);
#10792 = VERTEX_POINT('',#10793);
#10793 = CARTESIAN_POINT('',(107.31466940805,-115.7928038255,-2.));
#10794 = VERTEX_POINT('',#10795);
#10795 = CARTESIAN_POINT('',(107.31466940805,-115.7928038255,0.));
#10796 = LINE('',#10797,#10798);
#10797 = CARTESIAN_POINT('',(107.31466940805,-115.7928038255,-2.));
#10798 = VECTOR('',#10799,1.);
#10799 = DIRECTION('',(0.,0.,1.));
#10800 = ORIENTED_EDGE('',*,*,#10801,.T.);
#10801 = EDGE_CURVE('',#10792,#10755,#10802,.T.);
#10802 = B_SPLINE_CURVE_WITH_KNOTS('',3,(#10803,#10804,#10805,#10806),
  .UNSPECIFIED.,.F.,.F.,(4,4),(-1.,0.),.PIECEWISE_BEZIER_KNOTS.);
#10803 = CARTESIAN_POINT('',(107.31466940805,-115.7928038255,-2.));
#10804 = CARTESIAN_POINT('',(99.372127561479,-116.5997766425,-2.));
#10805 = CARTESIAN_POINT('',(99.185733060665,-116.6743339409,-2.));
#10806 = CARTESIAN_POINT('',(97.92702644868,-119.5447886753,-2.));
#10807 = ORIENTED_EDGE('',*,*,#10754,.T.);
#10808 = ORIENTED_EDGE('',*,*,#10809,.T.);
#10809 = EDGE_CURVE('',#10757,#10794,#10810,.T.);
#10810 = B_SPLINE_CURVE_WITH_KNOTS('',3,(#10811,#10812,#10813,#10814),
  .UNSPECIFIED.,.F.,.F.,(4,4),(0.,1.015628397306),
  .PIECEWISE_BEZIER_KNOTS.);
#10811 = CARTESIAN_POINT('',(97.92702644868,-119.5447886753,0.));
#10812 = CARTESIAN_POINT('',(99.185733060665,-116.6743339409,0.));
#10813 = CARTESIAN_POINT('',(99.372127561479,-116.5997766425,0.));
#10814 = CARTESIAN_POINT('',(107.31466940805,-115.7928038255,0.));
#10815 = B_SPLINE_SURFACE_WITH_KNOTS('',3,1,(
    (#10816,#10817)
    ,(#10818,#10819)
    ,(#10820,#10821)
    ,(#10822,#10823
    )),.UNSPECIFIED.,.F.,.F.,.F.,(4,4),(2,2),(-1.,0.),(0.,1.),
  .PIECEWISE_BEZIER_KNOTS.);
#10816 = CARTESIAN_POINT('',(107.31466940805,-115.7928038255,-2.));
#10817 = CARTESIAN_POINT('',(107.31466940805,-115.7928038255,8.));
#10818 = CARTESIAN_POINT('',(99.372127561479,-116.5997766425,-2.));
#10819 = CARTESIAN_POINT('',(99.372127561479,-116.5997766425,8.));
#10820 = CARTESIAN_POINT('',(99.185733060665,-116.6743339409,-2.));
#10821 = CARTESIAN_POINT('',(99.185733060665,-116.6743339409,8.));
#10822 = CARTESIAN_POINT('',(97.92702644868,-119.5447886753,-2.));
#10823 = CARTESIAN_POINT('',(97.92702644868,-119.5447886753,8.));
#10824 = ADVANCED_FACE('',(#10825),#10852,.F.);
#10825 = FACE_BOUND('',#10826,.F.);
#10826 = EDGE_LOOP('',(#10827,#10837,#10844,#10845));
#10827 = ORIENTED_EDGE('',*,*,#10828,.F.);
#10828 = EDGE_CURVE('',#10829,#10831,#10833,.T.);
#10829 = VERTEX_POINT('',#10830);
#10830 = CARTESIAN_POINT('',(117.36893052022,-117.9440005067,-2.));
#10831 = VERTEX_POINT('',#10832);
#10832 = CARTESIAN_POINT('',(117.36893052022,-117.9440005067,0.));
#10833 = LINE('',#10834,#10835);
#10834 = CARTESIAN_POINT('',(117.36893052022,-117.9440005067,-2.));
#10835 = VECTOR('',#10836,1.);
#10836 = DIRECTION('',(0.,0.,1.));
#10837 = ORIENTED_EDGE('',*,*,#10838,.T.);
#10838 = EDGE_CURVE('',#10829,#10792,#10839,.T.);
#10839 = B_SPLINE_CURVE_WITH_KNOTS('',3,(#10840,#10841,#10842,#10843),
  .UNSPECIFIED.,.F.,.F.,(4,4),(-1.,0.),.PIECEWISE_BEZIER_KNOTS.);
#10840 = CARTESIAN_POINT('',(117.36893052022,-117.9440005067,-2.));
#10841 = CARTESIAN_POINT('',(115.4589506946,-115.0274958977,-2.));
#10842 = CARTESIAN_POINT('',(115.25720456255,-114.9858310084,-2.));
#10843 = CARTESIAN_POINT('',(107.31466940805,-115.7928038255,-2.));
#10844 = ORIENTED_EDGE('',*,*,#10791,.T.);
#10845 = ORIENTED_EDGE('',*,*,#10846,.T.);
#10846 = EDGE_CURVE('',#10794,#10831,#10847,.T.);
#10847 = B_SPLINE_CURVE_WITH_KNOTS('',3,(#10848,#10849,#10850,#10851),
  .UNSPECIFIED.,.F.,.F.,(4,4),(0.,2.410284978197),
  .PIECEWISE_BEZIER_KNOTS.);
#10848 = CARTESIAN_POINT('',(107.31466940805,-115.7928038255,0.));
#10849 = CARTESIAN_POINT('',(115.25720456255,-114.9858310084,0.));
#10850 = CARTESIAN_POINT('',(115.4589506946,-115.0274958977,0.));
#10851 = CARTESIAN_POINT('',(117.36893052022,-117.9440005067,0.));
#10852 = B_SPLINE_SURFACE_WITH_KNOTS('',3,1,(
    (#10853,#10854)
    ,(#10855,#10856)
    ,(#10857,#10858)
    ,(#10859,#10860
    )),.UNSPECIFIED.,.F.,.F.,.F.,(4,4),(2,2),(-1.,0.),(0.,1.),
  .PIECEWISE_BEZIER_KNOTS.);
#10853 = CARTESIAN_POINT('',(117.36893052022,-117.9440005067,-2.));
#10854 = CARTESIAN_POINT('',(117.36893052022,-117.9440005067,8.));
#10855 = CARTESIAN_POINT('',(115.4589506946,-115.0274958977,-2.));
#10856 = CARTESIAN_POINT('',(115.4589506946,-115.0274958977,8.));
#10857 = CARTESIAN_POINT('',(115.25720456255,-114.9858310084,-2.));
#10858 = CARTESIAN_POINT('',(115.25720456255,-114.9858310084,8.));
#10859 = CARTESIAN_POINT('',(107.31466940805,-115.7928038255,-2.));
#10860 = CARTESIAN_POINT('',(107.31466940805,-115.7928038255,8.));
#10861 = ADVANCED_FACE('',(#10862),#10880,.F.);
#10862 = FACE_BOUND('',#10863,.F.);
#10863 = EDGE_LOOP('',(#10864,#10865,#10872,#10873));
#10864 = ORIENTED_EDGE('',*,*,#10653,.F.);
#10865 = ORIENTED_EDGE('',*,*,#10866,.T.);
#10866 = EDGE_CURVE('',#10645,#10829,#10867,.T.);
#10867 = B_SPLINE_CURVE_WITH_KNOTS('',3,(#10868,#10869,#10870,#10871),
  .UNSPECIFIED.,.F.,.F.,(4,4),(-1.,0.),.PIECEWISE_BEZIER_KNOTS.);
#10868 = CARTESIAN_POINT('',(118.14520509387,-124.8471259973,-2.));
#10869 = CARTESIAN_POINT('',(119.29645697927,-120.9986555763,-2.));
#10870 = CARTESIAN_POINT('',(119.28110534803,-120.8605051158,-2.));
#10871 = CARTESIAN_POINT('',(117.36893052022,-117.9440005067,-2.));
#10872 = ORIENTED_EDGE('',*,*,#10828,.T.);
#10873 = ORIENTED_EDGE('',*,*,#10874,.T.);
#10874 = EDGE_CURVE('',#10831,#10654,#10875,.T.);
#10875 = B_SPLINE_CURVE_WITH_KNOTS('',3,(#10876,#10877,#10878,#10879),
  .UNSPECIFIED.,.F.,.F.,(4,4),(0.,1.052804355234),
  .PIECEWISE_BEZIER_KNOTS.);
#10876 = CARTESIAN_POINT('',(117.36893052022,-117.9440005067,0.));
#10877 = CARTESIAN_POINT('',(119.28110534803,-120.8605051158,0.));
#10878 = CARTESIAN_POINT('',(119.29645697927,-120.9986555763,0.));
#10879 = CARTESIAN_POINT('',(118.14520509387,-124.8471259973,0.));
#10880 = B_SPLINE_SURFACE_WITH_KNOTS('',3,1,(
    (#10881,#10882)
    ,(#10883,#10884)
    ,(#10885,#10886)
    ,(#10887,#10888
    )),.UNSPECIFIED.,.F.,.F.,.F.,(4,4),(2,2),(-1.,0.),(0.,1.),
  .PIECEWISE_BEZIER_KNOTS.);
#10881 = CARTESIAN_POINT('',(118.14520509387,-124.8471259973,-2.));
#10882 = CARTESIAN_POINT('',(118.14520509387,-124.8471259973,8.));
#10883 = CARTESIAN_POINT('',(119.29645697927,-120.9986555763,-2.));
#10884 = CARTESIAN_POINT('',(119.29645697927,-120.9986555763,8.));
#10885 = CARTESIAN_POINT('',(119.28110534803,-120.8605051158,-2.));
#10886 = CARTESIAN_POINT('',(119.28110534803,-120.8605051158,8.));
#10887 = CARTESIAN_POINT('',(117.36893052022,-117.9440005067,-2.));
#10888 = CARTESIAN_POINT('',(117.36893052022,-117.9440005067,8.));
#10889 = ADVANCED_FACE('',(#10890),#10926,.F.);
#10890 = FACE_BOUND('',#10891,.F.);
#10891 = EDGE_LOOP('',(#10892,#10902,#10911,#10919));
#10892 = ORIENTED_EDGE('',*,*,#10893,.F.);
#10893 = EDGE_CURVE('',#10894,#10896,#10898,.T.);
#10894 = VERTEX_POINT('',#10895);
#10895 = CARTESIAN_POINT('',(180.47945977065,-31.90491410045,-2.));
#10896 = VERTEX_POINT('',#10897);
#10897 = CARTESIAN_POINT('',(180.47945977065,-31.90491410045,0.));
#10898 = LINE('',#10899,#10900);
#10899 = CARTESIAN_POINT('',(180.47945977065,-31.90491410045,-2.));
#10900 = VECTOR('',#10901,1.);
#10901 = DIRECTION('',(0.,0.,1.));
#10902 = ORIENTED_EDGE('',*,*,#10903,.T.);
#10903 = EDGE_CURVE('',#10894,#10904,#10906,.T.);
#10904 = VERTEX_POINT('',#10905);
#10905 = CARTESIAN_POINT('',(165.64256993279,-32.96187458039,-2.));
#10906 = B_SPLINE_CURVE_WITH_KNOTS('',3,(#10907,#10908,#10909,#10910),
  .UNSPECIFIED.,.F.,.F.,(4,4),(-1.,0.),.PIECEWISE_BEZIER_KNOTS.);
#10907 = CARTESIAN_POINT('',(180.47945977065,-31.90491410045,-2.));
#10908 = CARTESIAN_POINT('',(165.5789817898,-31.90491410045,-2.));
#10909 = CARTESIAN_POINT('',(165.2829375602,-31.92684404621,-2.));
#10910 = CARTESIAN_POINT('',(165.64256993279,-32.96187458039,-2.));
#10911 = ORIENTED_EDGE('',*,*,#10912,.T.);
#10912 = EDGE_CURVE('',#10904,#10913,#10915,.T.);
#10913 = VERTEX_POINT('',#10914);
#10914 = CARTESIAN_POINT('',(165.64256993279,-32.96187458039,0.));
#10915 = LINE('',#10916,#10917);
#10916 = CARTESIAN_POINT('',(165.64256993279,-32.96187458039,-2.));
#10917 = VECTOR('',#10918,1.);
#10918 = DIRECTION('',(0.,0.,1.));
#10919 = ORIENTED_EDGE('',*,*,#10920,.T.);
#10920 = EDGE_CURVE('',#10913,#10896,#10921,.T.);
#10921 = B_SPLINE_CURVE_WITH_KNOTS('',3,(#10922,#10923,#10924,#10925),
  .UNSPECIFIED.,.F.,.F.,(4,4),(0.,0.358943061924),
  .PIECEWISE_BEZIER_KNOTS.);
#10922 = CARTESIAN_POINT('',(165.64256993279,-32.96187458039,0.));
#10923 = CARTESIAN_POINT('',(165.2829375602,-31.92684404621,0.));
#10924 = CARTESIAN_POINT('',(165.5789817898,-31.90491410045,0.));
#10925 = CARTESIAN_POINT('',(180.47945977065,-31.90491410045,0.));
#10926 = B_SPLINE_SURFACE_WITH_KNOTS('',3,1,(
    (#10927,#10928)
    ,(#10929,#10930)
    ,(#10931,#10932)
    ,(#10933,#10934
    )),.UNSPECIFIED.,.F.,.F.,.F.,(4,4),(2,2),(-1.,0.),(0.,1.),
  .PIECEWISE_BEZIER_KNOTS.);
#10927 = CARTESIAN_POINT('',(180.47945977065,-31.90491410045,-2.));
#10928 = CARTESIAN_POINT('',(180.47945977065,-31.90491410045,8.));
#10929 = CARTESIAN_POINT('',(165.5789817898,-31.90491410045,-2.));
#10930 = CARTESIAN_POINT('',(165.5789817898,-31.90491410045,8.));
#10931 = CARTESIAN_POINT('',(165.2829375602,-31.92684404621,-2.));
#10932 = CARTESIAN_POINT('',(165.2829375602,-31.92684404621,8.));
#10933 = CARTESIAN_POINT('',(165.64256993279,-32.96187458039,-2.));
#10934 = CARTESIAN_POINT('',(165.64256993279,-32.96187458039,8.));
#10935 = ADVANCED_FACE('',(#10936),#10963,.F.);
#10936 = FACE_BOUND('',#10937,.F.);
#10937 = EDGE_LOOP('',(#10938,#10948,#10955,#10956));
#10938 = ORIENTED_EDGE('',*,*,#10939,.F.);
#10939 = EDGE_CURVE('',#10940,#10942,#10944,.T.);
#10940 = VERTEX_POINT('',#10941);
#10941 = CARTESIAN_POINT('',(192.44590240271,-34.68107659287,-2.));
#10942 = VERTEX_POINT('',#10943);
#10943 = CARTESIAN_POINT('',(192.44590240271,-34.68107659287,0.));
#10944 = LINE('',#10945,#10946);
#10945 = CARTESIAN_POINT('',(192.44590240271,-34.68107659287,-2.));
#10946 = VECTOR('',#10947,1.);
#10947 = DIRECTION('',(0.,0.,1.));
#10948 = ORIENTED_EDGE('',*,*,#10949,.T.);
#10949 = EDGE_CURVE('',#10940,#10894,#10950,.T.);
#10950 = B_SPLINE_CURVE_WITH_KNOTS('',3,(#10951,#10952,#10953,#10954),
  .UNSPECIFIED.,.F.,.F.,(4,4),(-1.,0.),.PIECEWISE_BEZIER_KNOTS.);
#10951 = CARTESIAN_POINT('',(192.44590240271,-34.68107659287,-2.));
#10952 = CARTESIAN_POINT('',(195.61678384251,-31.96193062101,-2.));
#10953 = CARTESIAN_POINT('',(195.37775613346,-31.90491410045,-2.));
#10954 = CARTESIAN_POINT('',(180.47945977065,-31.90491410045,-2.));
#10955 = ORIENTED_EDGE('',*,*,#10893,.T.);
#10956 = ORIENTED_EDGE('',*,*,#10957,.T.);
#10957 = EDGE_CURVE('',#10896,#10942,#10958,.T.);
#10958 = B_SPLINE_CURVE_WITH_KNOTS('',3,(#10959,#10960,#10961,#10962),
  .UNSPECIFIED.,.F.,.F.,(4,4),(0.,4.280843735508),
  .PIECEWISE_BEZIER_KNOTS.);
#10959 = CARTESIAN_POINT('',(180.47945977065,-31.90491410045,0.));
#10960 = CARTESIAN_POINT('',(195.37775613346,-31.90491410045,0.));
#10961 = CARTESIAN_POINT('',(195.61678384251,-31.96193062101,0.));
#10962 = CARTESIAN_POINT('',(192.44590240271,-34.68107659287,0.));
#10963 = B_SPLINE_SURFACE_WITH_KNOTS('',3,1,(
    (#10964,#10965)
    ,(#10966,#10967)
    ,(#10968,#10969)
    ,(#10970,#10971
    )),.UNSPECIFIED.,.F.,.F.,.F.,(4,4),(2,2),(-1.,0.),(0.,1.),
  .PIECEWISE_BEZIER_KNOTS.);
#10964 = CARTESIAN_POINT('',(192.44590240271,-34.68107659287,-2.));
#10965 = CARTESIAN_POINT('',(192.44590240271,-34.68107659287,8.));
#10966 = CARTESIAN_POINT('',(195.61678384251,-31.96193062101,-2.));
#10967 = CARTESIAN_POINT('',(195.61678384251,-31.96193062101,8.));
#10968 = CARTESIAN_POINT('',(195.37775613346,-31.90491410045,-2.));
#10969 = CARTESIAN_POINT('',(195.37775613346,-31.90491410045,8.));
#10970 = CARTESIAN_POINT('',(180.47945977065,-31.90491410045,-2.));
#10971 = CARTESIAN_POINT('',(180.47945977065,-31.90491410045,8.));
#10972 = ADVANCED_FACE('',(#10973),#11000,.F.);
#10973 = FACE_BOUND('',#10974,.F.);
#10974 = EDGE_LOOP('',(#10975,#10985,#10992,#10993));
#10975 = ORIENTED_EDGE('',*,*,#10976,.F.);
#10976 = EDGE_CURVE('',#10977,#10979,#10981,.T.);
#10977 = VERTEX_POINT('',#10978);
#10978 = CARTESIAN_POINT('',(183.98146532276,-41.0995842445,-2.));
#10979 = VERTEX_POINT('',#10980);
#10980 = CARTESIAN_POINT('',(183.98146532276,-41.0995842445,0.));
#10981 = LINE('',#10982,#10983);
#10982 = CARTESIAN_POINT('',(183.98146532276,-41.0995842445,-2.));
#10983 = VECTOR('',#10984,1.);
#10984 = DIRECTION('',(0.,0.,1.));
#10985 = ORIENTED_EDGE('',*,*,#10986,.T.);
#10986 = EDGE_CURVE('',#10977,#10940,#10987,.T.);
#10987 = B_SPLINE_CURVE_WITH_KNOTS('',3,(#10988,#10989,#10990,#10991),
  .UNSPECIFIED.,.F.,.F.,(4,4),(-1.,0.),.PIECEWISE_BEZIER_KNOTS.);
#10988 = CARTESIAN_POINT('',(183.98146532276,-41.0995842445,-2.));
#10989 = CARTESIAN_POINT('',(189.10837478981,-37.52960723707,-2.));
#10990 = CARTESIAN_POINT('',(189.27721596511,-37.40241756693,-2.));
#10991 = CARTESIAN_POINT('',(192.44590240271,-34.68107659287,-2.));
#10992 = ORIENTED_EDGE('',*,*,#10939,.T.);
#10993 = ORIENTED_EDGE('',*,*,#10994,.T.);
#10994 = EDGE_CURVE('',#10942,#10979,#10995,.T.);
#10995 = B_SPLINE_CURVE_WITH_KNOTS('',3,(#10996,#10997,#10998,#10999),
  .UNSPECIFIED.,.F.,.F.,(4,4),(0.,1.28195066552),
  .PIECEWISE_BEZIER_KNOTS.);
#10996 = CARTESIAN_POINT('',(192.44590240271,-34.68107659287,0.));
#10997 = CARTESIAN_POINT('',(189.27721596511,-37.40241756693,0.));
#10998 = CARTESIAN_POINT('',(189.10837478981,-37.52960723707,0.));
#10999 = CARTESIAN_POINT('',(183.98146532276,-41.0995842445,0.));
#11000 = B_SPLINE_SURFACE_WITH_KNOTS('',3,1,(
    (#11001,#11002)
    ,(#11003,#11004)
    ,(#11005,#11006)
    ,(#11007,#11008
    )),.UNSPECIFIED.,.F.,.F.,.F.,(4,4),(2,2),(-1.,0.),(0.,1.),
  .PIECEWISE_BEZIER_KNOTS.);
#11001 = CARTESIAN_POINT('',(183.98146532276,-41.0995842445,-2.));
#11002 = CARTESIAN_POINT('',(183.98146532276,-41.0995842445,8.));
#11003 = CARTESIAN_POINT('',(189.10837478981,-37.52960723707,-2.));
#11004 = CARTESIAN_POINT('',(189.10837478981,-37.52960723707,8.));
#11005 = CARTESIAN_POINT('',(189.27721596511,-37.40241756693,-2.));
#11006 = CARTESIAN_POINT('',(189.27721596511,-37.40241756693,8.));
#11007 = CARTESIAN_POINT('',(192.44590240271,-34.68107659287,-2.));
#11008 = CARTESIAN_POINT('',(192.44590240271,-34.68107659287,8.));
#11009 = ADVANCED_FACE('',(#11010),#11037,.F.);
#11010 = FACE_BOUND('',#11011,.F.);
#11011 = EDGE_LOOP('',(#11012,#11022,#11029,#11030));
#11012 = ORIENTED_EDGE('',*,*,#11013,.F.);
#11013 = EDGE_CURVE('',#11014,#11016,#11018,.T.);
#11014 = VERTEX_POINT('',#11015);
#11015 = CARTESIAN_POINT('',(172.37903168353,-39.38038223202,-2.));
#11016 = VERTEX_POINT('',#11017);
#11017 = CARTESIAN_POINT('',(172.37903168353,-39.38038223202,0.));
#11018 = LINE('',#11019,#11020);
#11019 = CARTESIAN_POINT('',(172.37903168353,-39.38038223202,-2.));
#11020 = VECTOR('',#11021,1.);
#11021 = DIRECTION('',(0.,0.,1.));
#11022 = ORIENTED_EDGE('',*,*,#11023,.T.);
#11023 = EDGE_CURVE('',#11014,#10977,#11024,.T.);
#11024 = B_SPLINE_CURVE_WITH_KNOTS('',3,(#11025,#11026,#11027,#11028),
  .UNSPECIFIED.,.F.,.F.,(4,4),(-1.,0.),.PIECEWISE_BEZIER_KNOTS.);
#11025 = CARTESIAN_POINT('',(172.37903168353,-39.38038223202,-2.));
#11026 = CARTESIAN_POINT('',(178.62211315327,-44.63666298725,-2.));
#11027 = CARTESIAN_POINT('',(178.85455585572,-44.66956125192,-2.));
#11028 = CARTESIAN_POINT('',(183.98146532276,-41.0995842445,-2.));
#11029 = ORIENTED_EDGE('',*,*,#10976,.T.);
#11030 = ORIENTED_EDGE('',*,*,#11031,.T.);
#11031 = EDGE_CURVE('',#10979,#11016,#11032,.T.);
#11032 = B_SPLINE_CURVE_WITH_KNOTS('',3,(#11033,#11034,#11035,#11036),
  .UNSPECIFIED.,.F.,.F.,(4,4),(0.,1.955799958289),
  .PIECEWISE_BEZIER_KNOTS.);
#11033 = CARTESIAN_POINT('',(183.98146532276,-41.0995842445,0.));
#11034 = CARTESIAN_POINT('',(178.85455585572,-44.66956125192,0.));
#11035 = CARTESIAN_POINT('',(178.62211315327,-44.63666298725,0.));
#11036 = CARTESIAN_POINT('',(172.37903168353,-39.38038223202,0.));
#11037 = B_SPLINE_SURFACE_WITH_KNOTS('',3,1,(
    (#11038,#11039)
    ,(#11040,#11041)
    ,(#11042,#11043)
    ,(#11044,#11045
    )),.UNSPECIFIED.,.F.,.F.,.F.,(4,4),(2,2),(-1.,0.),(0.,1.),
  .PIECEWISE_BEZIER_KNOTS.);
#11038 = CARTESIAN_POINT('',(172.37903168353,-39.38038223202,-2.));
#11039 = CARTESIAN_POINT('',(172.37903168353,-39.38038223202,8.));
#11040 = CARTESIAN_POINT('',(178.62211315327,-44.63666298725,-2.));
#11041 = CARTESIAN_POINT('',(178.62211315327,-44.63666298725,8.));
#11042 = CARTESIAN_POINT('',(178.85455585572,-44.66956125192,-2.));
#11043 = CARTESIAN_POINT('',(178.85455585572,-44.66956125192,8.));
#11044 = CARTESIAN_POINT('',(183.98146532276,-41.0995842445,-2.));
#11045 = CARTESIAN_POINT('',(183.98146532276,-41.0995842445,8.));
#11046 = ADVANCED_FACE('',(#11047),#11065,.F.);
#11047 = FACE_BOUND('',#11048,.F.);
#11048 = EDGE_LOOP('',(#11049,#11050,#11057,#11058));
#11049 = ORIENTED_EDGE('',*,*,#10912,.F.);
#11050 = ORIENTED_EDGE('',*,*,#11051,.T.);
#11051 = EDGE_CURVE('',#10904,#11014,#11052,.T.);
#11052 = B_SPLINE_CURVE_WITH_KNOTS('',3,(#11053,#11054,#11055,#11056),
  .UNSPECIFIED.,.F.,.F.,(4,4),(-1.,0.),.PIECEWISE_BEZIER_KNOTS.);
#11053 = CARTESIAN_POINT('',(165.64256993279,-32.96187458039,-2.));
#11054 = CARTESIAN_POINT('',(166.00220230538,-33.99690511456,-2.));
#11055 = CARTESIAN_POINT('',(166.13815860016,-34.12409478471,-2.));
#11056 = CARTESIAN_POINT('',(172.37903168353,-39.38038223202,-2.));
#11057 = ORIENTED_EDGE('',*,*,#11013,.T.);
#11058 = ORIENTED_EDGE('',*,*,#11059,.T.);
#11059 = EDGE_CURVE('',#11016,#10913,#11060,.T.);
#11060 = B_SPLINE_CURVE_WITH_KNOTS('',3,(#11061,#11062,#11063,#11064),
  .UNSPECIFIED.,.F.,.F.,(4,4),(0.,2.45008165587),
  .PIECEWISE_BEZIER_KNOTS.);
#11061 = CARTESIAN_POINT('',(172.37903168353,-39.38038223202,0.));
#11062 = CARTESIAN_POINT('',(166.13815860016,-34.12409478471,0.));
#11063 = CARTESIAN_POINT('',(166.00220230538,-33.99690511456,0.));
#11064 = CARTESIAN_POINT('',(165.64256993279,-32.96187458039,0.));
#11065 = B_SPLINE_SURFACE_WITH_KNOTS('',3,1,(
    (#11066,#11067)
    ,(#11068,#11069)
    ,(#11070,#11071)
    ,(#11072,#11073
    )),.UNSPECIFIED.,.F.,.F.,.F.,(4,4),(2,2),(-1.,0.),(0.,1.),
  .PIECEWISE_BEZIER_KNOTS.);
#11066 = CARTESIAN_POINT('',(165.64256993279,-32.96187458039,-2.));
#11067 = CARTESIAN_POINT('',(165.64256993279,-32.96187458039,8.));
#11068 = CARTESIAN_POINT('',(166.00220230538,-33.99690511456,-2.));
#11069 = CARTESIAN_POINT('',(166.00220230538,-33.99690511456,8.));
#11070 = CARTESIAN_POINT('',(166.13815860016,-34.12409478471,-2.));
#11071 = CARTESIAN_POINT('',(166.13815860016,-34.12409478471,8.));
#11072 = CARTESIAN_POINT('',(172.37903168353,-39.38038223202,-2.));
#11073 = CARTESIAN_POINT('',(172.37903168353,-39.38038223202,8.));
#11074 = ADVANCED_FACE('',(#11075),#11111,.F.);
#11075 = FACE_BOUND('',#11076,.F.);
#11076 = EDGE_LOOP('',(#11077,#11087,#11096,#11104));
#11077 = ORIENTED_EDGE('',*,*,#11078,.F.);
#11078 = EDGE_CURVE('',#11079,#11081,#11083,.T.);
#11079 = VERTEX_POINT('',#11080);
#11080 = CARTESIAN_POINT('',(104.45736544713,-96.76754362804,-2.));
#11081 = VERTEX_POINT('',#11082);
#11082 = CARTESIAN_POINT('',(104.45736544713,-96.76754362804,0.));
#11083 = LINE('',#11084,#11085);
#11084 = CARTESIAN_POINT('',(104.45736544713,-96.76754362804,-2.));
#11085 = VECTOR('',#11086,1.);
#11086 = DIRECTION('',(0.,0.,1.));
#11087 = ORIENTED_EDGE('',*,*,#11088,.T.);
#11088 = EDGE_CURVE('',#11079,#11089,#11091,.T.);
#11089 = VERTEX_POINT('',#11090);
#11090 = CARTESIAN_POINT('',(109.96802554264,-101.4229893756,-2.));
#11091 = B_SPLINE_CURVE_WITH_KNOTS('',3,(#11092,#11093,#11094,#11095),
  .UNSPECIFIED.,.F.,.F.,(4,4),(-1.,0.),.PIECEWISE_BEZIER_KNOTS.);
#11092 = CARTESIAN_POINT('',(104.45736544713,-96.76754362804,-2.));
#11093 = CARTESIAN_POINT('',(106.00771959223,-100.9559089685,-2.));
#11094 = CARTESIAN_POINT('',(106.11955763114,-101.050200374,-2.));
#11095 = CARTESIAN_POINT('',(109.96802554264,-101.4229893756,-2.));
#11096 = ORIENTED_EDGE('',*,*,#11097,.T.);
#11097 = EDGE_CURVE('',#11089,#11098,#11100,.T.);
#11098 = VERTEX_POINT('',#11099);
#11099 = CARTESIAN_POINT('',(109.96802554264,-101.4229893756,0.));
#11100 = LINE('',#11101,#11102);
#11101 = CARTESIAN_POINT('',(109.96802554264,-101.4229893756,-2.));
#11102 = VECTOR('',#11103,1.);
#11103 = DIRECTION('',(0.,0.,1.));
#11104 = ORIENTED_EDGE('',*,*,#11105,.T.);
#11105 = EDGE_CURVE('',#11098,#11081,#11106,.T.);
#11106 = B_SPLINE_CURVE_WITH_KNOTS('',3,(#11107,#11108,#11109,#11110),
  .UNSPECIFIED.,.F.,.F.,(4,4),(0.,1.153542859057),
  .PIECEWISE_BEZIER_KNOTS.);
#11107 = CARTESIAN_POINT('',(109.96802554264,-101.4229893756,0.));
#11108 = CARTESIAN_POINT('',(106.11955763114,-101.050200374,0.));
#11109 = CARTESIAN_POINT('',(106.00771959223,-100.9559089685,0.));
#11110 = CARTESIAN_POINT('',(104.45736544713,-96.76754362804,0.));
#11111 = B_SPLINE_SURFACE_WITH_KNOTS('',3,1,(
    (#11112,#11113)
    ,(#11114,#11115)
    ,(#11116,#11117)
    ,(#11118,#11119
    )),.UNSPECIFIED.,.F.,.F.,.F.,(4,4),(2,2),(-1.,0.),(0.,1.),
  .PIECEWISE_BEZIER_KNOTS.);
#11112 = CARTESIAN_POINT('',(104.45736544713,-96.76754362804,-2.));
#11113 = CARTESIAN_POINT('',(104.45736544713,-96.76754362804,8.));
#11114 = CARTESIAN_POINT('',(106.00771959223,-100.9559089685,-2.));
#11115 = CARTESIAN_POINT('',(106.00771959223,-100.9559089685,8.));
#11116 = CARTESIAN_POINT('',(106.11955763114,-101.050200374,-2.));
#11117 = CARTESIAN_POINT('',(106.11955763114,-101.050200374,8.));
#11118 = CARTESIAN_POINT('',(109.96802554264,-101.4229893756,-2.));
#11119 = CARTESIAN_POINT('',(109.96802554264,-101.4229893756,8.));
#11120 = ADVANCED_FACE('',(#11121),#11154,.F.);
#11121 = FACE_BOUND('',#11122,.F.);
#11122 = EDGE_LOOP('',(#11123,#11133,#11140,#11141));
#11123 = ORIENTED_EDGE('',*,*,#11124,.F.);
#11124 = EDGE_CURVE('',#11125,#11127,#11129,.T.);
#11125 = VERTEX_POINT('',#11126);
#11126 = CARTESIAN_POINT('',(107.39360918228,-87.09922145447,-2.));
#11127 = VERTEX_POINT('',#11128);
#11128 = CARTESIAN_POINT('',(107.39360918228,-87.09922145447,0.));
#11129 = LINE('',#11130,#11131);
#11130 = CARTESIAN_POINT('',(107.39360918228,-87.09922145447,-2.));
#11131 = VECTOR('',#11132,1.);
#11132 = DIRECTION('',(0.,0.,1.));
#11133 = ORIENTED_EDGE('',*,*,#11134,.T.);
#11134 = EDGE_CURVE('',#11125,#11079,#11135,.T.);
#11135 = B_SPLINE_CURVE_WITH_KNOTS('',3,(#11136,#11137,#11138,#11139),
  .UNSPECIFIED.,.F.,.F.,(4,4),(-1.,0.),.PIECEWISE_BEZIER_KNOTS.);
#11136 = CARTESIAN_POINT('',(107.39360918228,-87.09922145447,-2.));
#11137 = CARTESIAN_POINT('',(102.96402782258,-92.38620881821,-2.));
#11138 = CARTESIAN_POINT('',(102.9070179941,-92.57918163355,-2.));
#11139 = CARTESIAN_POINT('',(104.45736544713,-96.76754362804,-2.));
#11140 = ORIENTED_EDGE('',*,*,#11078,.T.);
#11141 = ORIENTED_EDGE('',*,*,#11142,.T.);
#11142 = EDGE_CURVE('',#11081,#11127,#11143,.T.);
#11143 = B_SPLINE_CURVE_WITH_KNOTS('',3,(#11144,#11145,#11146,#11147,
    #11148,#11149,#11150,#11151,#11152,#11153),.UNSPECIFIED.,.F.,.F.,(4,
    2,2,2,4),(0.,0.408526400619,0.655905891943,0.894156229888,
    1.31710760347),.UNSPECIFIED.);
#11144 = CARTESIAN_POINT('',(104.45736544713,-96.76754362804,
    7.060802149117E-17));
#11145 = CARTESIAN_POINT('',(103.98464921783,-95.49047074666,
    7.060802149117E-17));
#11146 = CARTESIAN_POINT('',(103.66126611886,-94.58485959091,0.));
#11147 = CARTESIAN_POINT('',(103.50805904672,-93.31259761715,0.));
#11148 = CARTESIAN_POINT('',(103.53314242795,-92.86776190573,0.));
#11149 = CARTESIAN_POINT('',(103.79463509578,-91.95325828,0.));
#11150 = CARTESIAN_POINT('',(104.02170671679,-91.48861068563,0.));
#11151 = CARTESIAN_POINT('',(104.97769492796,-89.99572033904,0.));
#11152 = CARTESIAN_POINT('',(105.95462270714,-88.81674342615,0.));
#11153 = CARTESIAN_POINT('',(107.39360918228,-87.09922145447,0.));
#11154 = B_SPLINE_SURFACE_WITH_KNOTS('',3,1,(
    (#11155,#11156)
    ,(#11157,#11158)
    ,(#11159,#11160)
    ,(#11161,#11162
    )),.UNSPECIFIED.,.F.,.F.,.F.,(4,4),(2,2),(-1.,0.),(0.,1.),
  .PIECEWISE_BEZIER_KNOTS.);
#11155 = CARTESIAN_POINT('',(107.39360918228,-87.09922145447,-2.));
#11156 = CARTESIAN_POINT('',(107.39360918228,-87.09922145447,8.));
#11157 = CARTESIAN_POINT('',(102.96402782258,-92.38620881821,-2.));
#11158 = CARTESIAN_POINT('',(102.96402782258,-92.38620881821,8.));
#11159 = CARTESIAN_POINT('',(102.9070179941,-92.57918163355,-2.));
#11160 = CARTESIAN_POINT('',(102.9070179941,-92.57918163355,8.));
#11161 = CARTESIAN_POINT('',(104.45736544713,-96.76754362804,-2.));
#11162 = CARTESIAN_POINT('',(104.45736544713,-96.76754362804,8.));
#11163 = ADVANCED_FACE('',(#11164),#11191,.F.);
#11164 = FACE_BOUND('',#11165,.F.);
#11165 = EDGE_LOOP('',(#11166,#11176,#11183,#11184));
#11166 = ORIENTED_EDGE('',*,*,#11167,.F.);
#11167 = EDGE_CURVE('',#11168,#11170,#11172,.T.);
#11168 = VERTEX_POINT('',#11169);
#11169 = CARTESIAN_POINT('',(115.94576604525,-85.69359692086,-2.));
#11170 = VERTEX_POINT('',#11171);
#11171 = CARTESIAN_POINT('',(115.94576604525,-85.69359692086,0.));
#11172 = LINE('',#11173,#11174);
#11173 = CARTESIAN_POINT('',(115.94576604525,-85.69359692086,-2.));
#11174 = VECTOR('',#11175,1.);
#11175 = DIRECTION('',(0.,0.,1.));
#11176 = ORIENTED_EDGE('',*,*,#11177,.T.);
#11177 = EDGE_CURVE('',#11168,#11125,#11178,.T.);
#11178 = B_SPLINE_CURVE_WITH_KNOTS('',3,(#11179,#11180,#11181,#11182),
  .UNSPECIFIED.,.F.,.F.,(4,4),(-1.,0.),.PIECEWISE_BEZIER_KNOTS.);
#11179 = CARTESIAN_POINT('',(115.94576604525,-85.69359692086,-2.));
#11180 = CARTESIAN_POINT('',(111.99423341156,-81.78592083265,-2.));
#11181 = CARTESIAN_POINT('',(111.82319054199,-81.81442574688,-2.));
#11182 = CARTESIAN_POINT('',(107.39360918228,-87.09922145447,-2.));
#11183 = ORIENTED_EDGE('',*,*,#11124,.T.);
#11184 = ORIENTED_EDGE('',*,*,#11185,.T.);
#11185 = EDGE_CURVE('',#11127,#11170,#11186,.T.);
#11186 = B_SPLINE_CURVE_WITH_KNOTS('',3,(#11187,#11188,#11189,#11190),
  .UNSPECIFIED.,.F.,.F.,(4,4),(0.,1.812809609838),
  .PIECEWISE_BEZIER_KNOTS.);
#11187 = CARTESIAN_POINT('',(107.39360918228,-87.09922145447,0.));
#11188 = CARTESIAN_POINT('',(111.82319054199,-81.81442574688,0.));
#11189 = CARTESIAN_POINT('',(111.99423341156,-81.78592083265,0.));
#11190 = CARTESIAN_POINT('',(115.94576604525,-85.69359692086,0.));
#11191 = B_SPLINE_SURFACE_WITH_KNOTS('',3,1,(
    (#11192,#11193)
    ,(#11194,#11195)
    ,(#11196,#11197)
    ,(#11198,#11199
    )),.UNSPECIFIED.,.F.,.F.,.F.,(4,4),(2,2),(-1.,0.),(0.,1.),
  .PIECEWISE_BEZIER_KNOTS.);
#11192 = CARTESIAN_POINT('',(115.94576604525,-85.69359692086,-2.));
#11193 = CARTESIAN_POINT('',(115.94576604525,-85.69359692086,8.));
#11194 = CARTESIAN_POINT('',(111.99423341156,-81.78592083265,-2.));
#11195 = CARTESIAN_POINT('',(111.99423341156,-81.78592083265,8.));
#11196 = CARTESIAN_POINT('',(111.82319054199,-81.81442574688,-2.));
#11197 = CARTESIAN_POINT('',(111.82319054199,-81.81442574688,8.));
#11198 = CARTESIAN_POINT('',(107.39360918228,-87.09922145447,-2.));
#11199 = CARTESIAN_POINT('',(107.39360918228,-87.09922145447,8.));
#11200 = ADVANCED_FACE('',(#11201),#11228,.F.);
#11201 = FACE_BOUND('',#11202,.F.);
#11202 = EDGE_LOOP('',(#11203,#11213,#11220,#11221));
#11203 = ORIENTED_EDGE('',*,*,#11204,.F.);
#11204 = EDGE_CURVE('',#11205,#11207,#11209,.T.);
#11205 = VERTEX_POINT('',#11206);
#11206 = CARTESIAN_POINT('',(116.9347483778,-95.74347806675,-2.));
#11207 = VERTEX_POINT('',#11208);
#11208 = CARTESIAN_POINT('',(116.9347483778,-95.74347806675,0.));
#11209 = LINE('',#11210,#11211);
#11210 = CARTESIAN_POINT('',(116.9347483778,-95.74347806675,-2.));
#11211 = VECTOR('',#11212,1.);
#11212 = DIRECTION('',(0.,0.,1.));
#11213 = ORIENTED_EDGE('',*,*,#11214,.T.);
#11214 = EDGE_CURVE('',#11205,#11168,#11215,.T.);
#11215 = B_SPLINE_CURVE_WITH_KNOTS('',3,(#11216,#11217,#11218,#11219),
  .UNSPECIFIED.,.F.,.F.,(4,4),(-1.,0.),.PIECEWISE_BEZIER_KNOTS.);
#11216 = CARTESIAN_POINT('',(116.9347483778,-95.74347806675,-2.));
#11217 = CARTESIAN_POINT('',(119.91484531238,-89.80082748497,-2.));
#11218 = CARTESIAN_POINT('',(119.89511036882,-89.60127635512,-2.));
#11219 = CARTESIAN_POINT('',(115.94576604525,-85.69359692086,-2.));
#11220 = ORIENTED_EDGE('',*,*,#11167,.T.);
#11221 = ORIENTED_EDGE('',*,*,#11222,.T.);
#11222 = EDGE_CURVE('',#11170,#11207,#11223,.T.);
#11223 = B_SPLINE_CURVE_WITH_KNOTS('',3,(#11224,#11225,#11226,#11227),
  .UNSPECIFIED.,.F.,.F.,(4,4),(0.,1.757931881555),
  .PIECEWISE_BEZIER_KNOTS.);
#11224 = CARTESIAN_POINT('',(115.94576604525,-85.69359692086,0.));
#11225 = CARTESIAN_POINT('',(119.89511036882,-89.60127635512,0.));
#11226 = CARTESIAN_POINT('',(119.91484531238,-89.80082748497,0.));
#11227 = CARTESIAN_POINT('',(116.9347483778,-95.74347806675,0.));
#11228 = B_SPLINE_SURFACE_WITH_KNOTS('',3,1,(
    (#11229,#11230)
    ,(#11231,#11232)
    ,(#11233,#11234)
    ,(#11235,#11236
    )),.UNSPECIFIED.,.F.,.F.,.F.,(4,4),(2,2),(-1.,0.),(0.,1.),
  .PIECEWISE_BEZIER_KNOTS.);
#11229 = CARTESIAN_POINT('',(116.9347483778,-95.74347806675,-2.));
#11230 = CARTESIAN_POINT('',(116.9347483778,-95.74347806675,8.));
#11231 = CARTESIAN_POINT('',(119.91484531238,-89.80082748497,-2.));
#11232 = CARTESIAN_POINT('',(119.91484531238,-89.80082748497,8.));
#11233 = CARTESIAN_POINT('',(119.89511036882,-89.60127635512,-2.));
#11234 = CARTESIAN_POINT('',(119.89511036882,-89.60127635512,8.));
#11235 = CARTESIAN_POINT('',(115.94576604525,-85.69359692086,-2.));
#11236 = CARTESIAN_POINT('',(115.94576604525,-85.69359692086,8.));
#11237 = ADVANCED_FACE('',(#11238),#11256,.F.);
#11238 = FACE_BOUND('',#11239,.F.);
#11239 = EDGE_LOOP('',(#11240,#11241,#11248,#11249));
#11240 = ORIENTED_EDGE('',*,*,#11097,.F.);
#11241 = ORIENTED_EDGE('',*,*,#11242,.T.);
#11242 = EDGE_CURVE('',#11089,#11205,#11243,.T.);
#11243 = B_SPLINE_CURVE_WITH_KNOTS('',3,(#11244,#11245,#11246,#11247),
  .UNSPECIFIED.,.F.,.F.,(4,4),(-1.,0.),.PIECEWISE_BEZIER_KNOTS.);
#11244 = CARTESIAN_POINT('',(109.96802554264,-101.4229893756,-2.));
#11245 = CARTESIAN_POINT('',(113.81430514403,-101.7979666874,-2.));
#11246 = CARTESIAN_POINT('',(113.95465144321,-101.6839369923,-2.));
#11247 = CARTESIAN_POINT('',(116.9347483778,-95.74347806675,-2.));
#11248 = ORIENTED_EDGE('',*,*,#11204,.T.);
#11249 = ORIENTED_EDGE('',*,*,#11250,.T.);
#11250 = EDGE_CURVE('',#11207,#11098,#11251,.T.);
#11251 = B_SPLINE_CURVE_WITH_KNOTS('',3,(#11252,#11253,#11254,#11255),
  .UNSPECIFIED.,.F.,.F.,(4,4),(0.,2.000686052239),
  .PIECEWISE_BEZIER_KNOTS.);
#11252 = CARTESIAN_POINT('',(116.9347483778,-95.74347806675,0.));
#11253 = CARTESIAN_POINT('',(113.95465144321,-101.6839369923,0.));
#11254 = CARTESIAN_POINT('',(113.81430514403,-101.7979666874,0.));
#11255 = CARTESIAN_POINT('',(109.96802554264,-101.4229893756,0.));
#11256 = B_SPLINE_SURFACE_WITH_KNOTS('',3,1,(
    (#11257,#11258)
    ,(#11259,#11260)
    ,(#11261,#11262)
    ,(#11263,#11264
    )),.UNSPECIFIED.,.F.,.F.,.F.,(4,4),(2,2),(-1.,0.),(0.,1.),
  .PIECEWISE_BEZIER_KNOTS.);
#11257 = CARTESIAN_POINT('',(109.96802554264,-101.4229893756,-2.));
#11258 = CARTESIAN_POINT('',(109.96802554264,-101.4229893756,8.));
#11259 = CARTESIAN_POINT('',(113.81430514403,-101.7979666874,-2.));
#11260 = CARTESIAN_POINT('',(113.81430514403,-101.7979666874,8.));
#11261 = CARTESIAN_POINT('',(113.95465144321,-101.6839369923,-2.));
#11262 = CARTESIAN_POINT('',(113.95465144321,-101.6839369923,8.));
#11263 = CARTESIAN_POINT('',(116.9347483778,-95.74347806675,-2.));
#11264 = CARTESIAN_POINT('',(116.9347483778,-95.74347806675,8.));
#11265 = ADVANCED_FACE('',(#11266),#11304,.F.);
#11266 = FACE_BOUND('',#11267,.F.);
#11267 = EDGE_LOOP('',(#11268,#11278,#11287,#11295));
#11268 = ORIENTED_EDGE('',*,*,#11269,.F.);
#11269 = EDGE_CURVE('',#11270,#11272,#11274,.T.);
#11270 = VERTEX_POINT('',#11271);
#11271 = CARTESIAN_POINT('',(80.270114226892,-96.74561702833,-2.));
#11272 = VERTEX_POINT('',#11273);
#11273 = CARTESIAN_POINT('',(80.270114226892,-96.74561702833,0.));
#11274 = LINE('',#11275,#11276);
#11275 = CARTESIAN_POINT('',(80.270114226892,-96.74561702833,-2.));
#11276 = VECTOR('',#11277,1.);
#11277 = DIRECTION('',(0.,0.,1.));
#11278 = ORIENTED_EDGE('',*,*,#11279,.T.);
#11279 = EDGE_CURVE('',#11270,#11280,#11282,.T.);
#11280 = VERTEX_POINT('',#11281);
#11281 = CARTESIAN_POINT('',(84.068150624445,-95.77417798318,-2.));
#11282 = B_SPLINE_CURVE_WITH_KNOTS('',3,(#11283,#11284,#11285,#11286),
  .UNSPECIFIED.,.F.,.F.,(4,4),(-1.,0.),.PIECEWISE_BEZIER_KNOTS.);
#11283 = CARTESIAN_POINT('',(80.270114226892,-96.74561702833,-2.));
#11284 = CARTESIAN_POINT('',(82.846725589454,-96.66667390806,-2.));
#11285 = CARTESIAN_POINT('',(82.923477053564,-96.64693561846,-2.));
#11286 = CARTESIAN_POINT('',(84.068150624445,-95.77417798318,-2.));
#11287 = ORIENTED_EDGE('',*,*,#11288,.T.);
#11288 = EDGE_CURVE('',#11280,#11289,#11291,.T.);
#11289 = VERTEX_POINT('',#11290);
#11290 = CARTESIAN_POINT('',(84.068150624445,-95.77417798318,0.));
#11291 = LINE('',#11292,#11293);
#11292 = CARTESIAN_POINT('',(84.068150624445,-95.77417798318,-2.));
#11293 = VECTOR('',#11294,1.);
#11294 = DIRECTION('',(0.,0.,1.));
#11295 = ORIENTED_EDGE('',*,*,#11296,.T.);
#11296 = EDGE_CURVE('',#11289,#11272,#11297,.T.);
#11297 = B_SPLINE_CURVE_WITH_KNOTS('',3,(#11298,#11299,#11300,#11301,
    #11302,#11303),.UNSPECIFIED.,.F.,.F.,(4,2,4),(0.,0.213180760616,
    0.431578480125),.UNSPECIFIED.);
#11298 = CARTESIAN_POINT('',(84.068150624445,-95.77417798318,0.));
#11299 = CARTESIAN_POINT('',(83.503063691598,-96.20502914266,0.));
#11300 = CARTESIAN_POINT('',(83.19843975473,-96.42800425308,0.));
#11301 = CARTESIAN_POINT('',(82.238175168213,-96.68086344163,0.));
#11302 = CARTESIAN_POINT('',(81.574467954868,-96.70565378252,0.));
#11303 = CARTESIAN_POINT('',(80.270114226892,-96.74561702833,0.));
#11304 = B_SPLINE_SURFACE_WITH_KNOTS('',3,1,(
    (#11305,#11306)
    ,(#11307,#11308)
    ,(#11309,#11310)
    ,(#11311,#11312
    )),.UNSPECIFIED.,.F.,.F.,.F.,(4,4),(2,2),(-1.,0.),(0.,1.),
  .PIECEWISE_BEZIER_KNOTS.);
#11305 = CARTESIAN_POINT('',(80.270114226892,-96.74561702833,-2.));
#11306 = CARTESIAN_POINT('',(80.270114226892,-96.74561702833,8.));
#11307 = CARTESIAN_POINT('',(82.846725589454,-96.66667390806,-2.));
#11308 = CARTESIAN_POINT('',(82.846725589454,-96.66667390806,8.));
#11309 = CARTESIAN_POINT('',(82.923477053564,-96.64693561846,-2.));
#11310 = CARTESIAN_POINT('',(82.923477053564,-96.64693561846,8.));
#11311 = CARTESIAN_POINT('',(84.068150624445,-95.77417798318,-2.));
#11312 = CARTESIAN_POINT('',(84.068150624445,-95.77417798318,8.));
#11313 = ADVANCED_FACE('',(#11314),#11341,.F.);
#11314 = FACE_BOUND('',#11315,.F.);
#11315 = EDGE_LOOP('',(#11316,#11326,#11333,#11334));
#11316 = ORIENTED_EDGE('',*,*,#11317,.F.);
#11317 = EDGE_CURVE('',#11318,#11320,#11322,.T.);
#11318 = VERTEX_POINT('',#11319);
#11319 = CARTESIAN_POINT('',(73.886696496099,-88.40397292205,-2.));
#11320 = VERTEX_POINT('',#11321);
#11321 = CARTESIAN_POINT('',(73.886696496099,-88.40397292205,0.));
#11322 = LINE('',#11323,#11324);
#11323 = CARTESIAN_POINT('',(73.886696496099,-88.40397292205,-2.));
#11324 = VECTOR('',#11325,1.);
#11325 = DIRECTION('',(0.,0.,1.));
#11326 = ORIENTED_EDGE('',*,*,#11327,.T.);
#11327 = EDGE_CURVE('',#11318,#11270,#11328,.T.);
#11328 = B_SPLINE_CURVE_WITH_KNOTS('',3,(#11329,#11330,#11331,#11332),
  .UNSPECIFIED.,.F.,.F.,(4,4),(-1.,0.),.PIECEWISE_BEZIER_KNOTS.);
#11329 = CARTESIAN_POINT('',(73.886696496099,-88.40397292205,-2.));
#11330 = CARTESIAN_POINT('',(77.566316540228,-96.66009559354,-2.));
#11331 = CARTESIAN_POINT('',(77.69350286433,-96.82675180476,-2.));
#11332 = CARTESIAN_POINT('',(80.270114226892,-96.74561702833,-2.));
#11333 = ORIENTED_EDGE('',*,*,#11269,.T.);
#11334 = ORIENTED_EDGE('',*,*,#11335,.T.);
#11335 = EDGE_CURVE('',#11272,#11320,#11336,.T.);
#11336 = B_SPLINE_CURVE_WITH_KNOTS('',3,(#11337,#11338,#11339,#11340),
  .UNSPECIFIED.,.F.,.F.,(4,4),(0.,0.774180901845),
  .PIECEWISE_BEZIER_KNOTS.);
#11337 = CARTESIAN_POINT('',(80.270114226892,-96.74561702833,0.));
#11338 = CARTESIAN_POINT('',(77.69350286433,-96.82675180476,0.));
#11339 = CARTESIAN_POINT('',(77.566316540228,-96.66009559354,0.));
#11340 = CARTESIAN_POINT('',(73.886696496099,-88.40397292205,0.));
#11341 = B_SPLINE_SURFACE_WITH_KNOTS('',3,1,(
    (#11342,#11343)
    ,(#11344,#11345)
    ,(#11346,#11347)
    ,(#11348,#11349
    )),.UNSPECIFIED.,.F.,.F.,.F.,(4,4),(2,2),(-1.,0.),(0.,1.),
  .PIECEWISE_BEZIER_KNOTS.);
#11342 = CARTESIAN_POINT('',(73.886696496099,-88.40397292205,-2.));
#11343 = CARTESIAN_POINT('',(73.886696496099,-88.40397292205,8.));
#11344 = CARTESIAN_POINT('',(77.566316540228,-96.66009559354,-2.));
#11345 = CARTESIAN_POINT('',(77.566316540228,-96.66009559354,8.));
#11346 = CARTESIAN_POINT('',(77.69350286433,-96.82675180476,-2.));
#11347 = CARTESIAN_POINT('',(77.69350286433,-96.82675180476,8.));
#11348 = CARTESIAN_POINT('',(80.270114226892,-96.74561702833,-2.));
#11349 = CARTESIAN_POINT('',(80.270114226892,-96.74561702833,8.));
#11350 = ADVANCED_FACE('',(#11351),#11378,.F.);
#11351 = FACE_BOUND('',#11352,.F.);
#11352 = EDGE_LOOP('',(#11353,#11363,#11370,#11371));
#11353 = ORIENTED_EDGE('',*,*,#11354,.F.);
#11354 = EDGE_CURVE('',#11355,#11357,#11359,.T.);
#11355 = VERTEX_POINT('',#11356);
#11356 = CARTESIAN_POINT('',(76.388751396751,-79.8430460884,-2.));
#11357 = VERTEX_POINT('',#11358);
#11358 = CARTESIAN_POINT('',(76.388751396751,-79.8430460884,0.));
#11359 = LINE('',#11360,#11361);
#11360 = CARTESIAN_POINT('',(76.388751396751,-79.8430460884,-2.));
#11361 = VECTOR('',#11362,1.);
#11362 = DIRECTION('',(0.,0.,1.));
#11363 = ORIENTED_EDGE('',*,*,#11364,.T.);
#11364 = EDGE_CURVE('',#11355,#11318,#11365,.T.);
#11365 = B_SPLINE_CURVE_WITH_KNOTS('',3,(#11366,#11367,#11368,#11369),
  .UNSPECIFIED.,.F.,.F.,(4,4),(-1.,0.),.PIECEWISE_BEZIER_KNOTS.);
#11366 = CARTESIAN_POINT('',(76.388751396751,-79.8430460884,-2.));
#11367 = CARTESIAN_POINT('',(70.255319655803,-79.97900238318,-2.));
#11368 = CARTESIAN_POINT('',(70.20488479581,-80.15004525275,-2.));
#11369 = CARTESIAN_POINT('',(73.886696496099,-88.40397292205,-2.));
#11370 = ORIENTED_EDGE('',*,*,#11317,.T.);
#11371 = ORIENTED_EDGE('',*,*,#11372,.T.);
#11372 = EDGE_CURVE('',#11320,#11357,#11373,.T.);
#11373 = B_SPLINE_CURVE_WITH_KNOTS('',3,(#11374,#11375,#11376,#11377),
  .UNSPECIFIED.,.F.,.F.,(4,4),(0.,2.820875362018),
  .PIECEWISE_BEZIER_KNOTS.);
#11374 = CARTESIAN_POINT('',(73.886696496099,-88.40397292205,0.));
#11375 = CARTESIAN_POINT('',(70.20488479581,-80.15004525275,0.));
#11376 = CARTESIAN_POINT('',(70.255319655803,-79.97900238318,0.));
#11377 = CARTESIAN_POINT('',(76.388751396751,-79.8430460884,0.));
#11378 = B_SPLINE_SURFACE_WITH_KNOTS('',3,1,(
    (#11379,#11380)
    ,(#11381,#11382)
    ,(#11383,#11384)
    ,(#11385,#11386
    )),.UNSPECIFIED.,.F.,.F.,.F.,(4,4),(2,2),(-1.,0.),(0.,1.),
  .PIECEWISE_BEZIER_KNOTS.);
#11379 = CARTESIAN_POINT('',(76.388751396751,-79.8430460884,-2.));
#11380 = CARTESIAN_POINT('',(76.388751396751,-79.8430460884,8.));
#11381 = CARTESIAN_POINT('',(70.255319655803,-79.97900238318,-2.));
#11382 = CARTESIAN_POINT('',(70.255319655803,-79.97900238318,8.));
#11383 = CARTESIAN_POINT('',(70.20488479581,-80.15004525275,-2.));
#11384 = CARTESIAN_POINT('',(70.20488479581,-80.15004525275,8.));
#11385 = CARTESIAN_POINT('',(73.886696496099,-88.40397292205,-2.));
#11386 = CARTESIAN_POINT('',(73.886696496099,-88.40397292205,8.));
#11387 = ADVANCED_FACE('',(#11388),#11419,.F.);
#11388 = FACE_BOUND('',#11389,.F.);
#11389 = EDGE_LOOP('',(#11390,#11400,#11407,#11408));
#11390 = ORIENTED_EDGE('',*,*,#11391,.F.);
#11391 = EDGE_CURVE('',#11392,#11394,#11396,.T.);
#11392 = VERTEX_POINT('',#11393);
#11393 = CARTESIAN_POINT('',(84.500144456745,-81.73109931429,-2.));
#11394 = VERTEX_POINT('',#11395);
#11395 = CARTESIAN_POINT('',(84.500144456745,-81.73109931429,0.));
#11396 = LINE('',#11397,#11398);
#11397 = CARTESIAN_POINT('',(84.500144456745,-81.73109931429,-2.));
#11398 = VECTOR('',#11399,1.);
#11399 = DIRECTION('',(0.,0.,1.));
#11400 = ORIENTED_EDGE('',*,*,#11401,.T.);
#11401 = EDGE_CURVE('',#11392,#11355,#11402,.T.);
#11402 = B_SPLINE_CURVE_WITH_KNOTS('',3,(#11403,#11404,#11405,#11406),
  .UNSPECIFIED.,.F.,.F.,(4,4),(-1.,0.),.PIECEWISE_BEZIER_KNOTS.);
#11403 = CARTESIAN_POINT('',(84.500144456745,-81.73109931429,-2.));
#11404 = CARTESIAN_POINT('',(82.686647692756,-79.74655968073,-2.));
#11405 = CARTESIAN_POINT('',(82.524374793859,-79.70928144977,-2.));
#11406 = CARTESIAN_POINT('',(76.388751396751,-79.8430460884,-2.));
#11407 = ORIENTED_EDGE('',*,*,#11354,.T.);
#11408 = ORIENTED_EDGE('',*,*,#11409,.T.);
#11409 = EDGE_CURVE('',#11357,#11394,#11410,.T.);
#11410 = B_SPLINE_CURVE_WITH_KNOTS('',3,(#11411,#11412,#11413,#11414,
    #11415,#11416,#11417,#11418),.UNSPECIFIED.,.F.,.F.,(4,2,2,4),(0.,
    0.920655528229,1.349496177897,1.841460887712),.UNSPECIFIED.);
#11411 = CARTESIAN_POINT('',(76.388751396751,-79.8430460884,
    6.175231462697E-17));
#11412 = CARTESIAN_POINT('',(79.456874109073,-79.77615698858,
    6.175231462697E-17));
#11413 = CARTESIAN_POINT('',(81.031020916489,-79.75203838504,0.));
#11414 = CARTESIAN_POINT('',(82.546986404026,-80.10481260328,0.));
#11415 = CARTESIAN_POINT('',(82.911471832776,-80.27436126696,0.));
#11416 = CARTESIAN_POINT('',(83.649183438229,-80.80987177161,0.));
#11417 = CARTESIAN_POINT('',(84.015772662934,-81.20104321423,0.));
#11418 = CARTESIAN_POINT('',(84.500144456745,-81.73109931429,0.));
#11419 = B_SPLINE_SURFACE_WITH_KNOTS('',3,1,(
    (#11420,#11421)
    ,(#11422,#11423)
    ,(#11424,#11425)
    ,(#11426,#11427
    )),.UNSPECIFIED.,.F.,.F.,.F.,(4,4),(2,2),(-1.,0.),(0.,1.),
  .PIECEWISE_BEZIER_KNOTS.);
#11420 = CARTESIAN_POINT('',(84.500144456745,-81.73109931429,-2.));
#11421 = CARTESIAN_POINT('',(84.500144456745,-81.73109931429,8.));
#11422 = CARTESIAN_POINT('',(82.686647692756,-79.74655968073,-2.));
#11423 = CARTESIAN_POINT('',(82.686647692756,-79.74655968073,8.));
#11424 = CARTESIAN_POINT('',(82.524374793859,-79.70928144977,-2.));
#11425 = CARTESIAN_POINT('',(82.524374793859,-79.70928144977,8.));
#11426 = CARTESIAN_POINT('',(76.388751396751,-79.8430460884,-2.));
#11427 = CARTESIAN_POINT('',(76.388751396751,-79.8430460884,8.));
#11428 = ADVANCED_FACE('',(#11429),#11456,.F.);
#11429 = FACE_BOUND('',#11430,.F.);
#11430 = EDGE_LOOP('',(#11431,#11441,#11448,#11449));
#11431 = ORIENTED_EDGE('',*,*,#11432,.F.);
#11432 = EDGE_CURVE('',#11433,#11435,#11437,.T.);
#11433 = VERTEX_POINT('',#11434);
#11434 = CARTESIAN_POINT('',(86.241273068943,-88.07065715357,-2.));
#11435 = VERTEX_POINT('',#11436);
#11436 = CARTESIAN_POINT('',(86.241273068943,-88.07065715357,0.));
#11437 = LINE('',#11438,#11439);
#11438 = CARTESIAN_POINT('',(86.241273068943,-88.07065715357,-2.));
#11439 = VECTOR('',#11440,1.);
#11440 = DIRECTION('',(0.,0.,1.));
#11441 = ORIENTED_EDGE('',*,*,#11442,.T.);
#11442 = EDGE_CURVE('',#11433,#11392,#11443,.T.);
#11443 = B_SPLINE_CURVE_WITH_KNOTS('',3,(#11444,#11445,#11446,#11447),
  .UNSPECIFIED.,.F.,.F.,(4,4),(-1.,0.),.PIECEWISE_BEZIER_KNOTS.);
#11444 = CARTESIAN_POINT('',(86.241273068943,-88.07065715357,-2.));
#11445 = CARTESIAN_POINT('',(86.348724449488,-83.84282192592,-2.));
#11446 = CARTESIAN_POINT('',(86.313637874693,-83.71563894786,-2.));
#11447 = CARTESIAN_POINT('',(84.500144456745,-81.73109931429,-2.));
#11448 = ORIENTED_EDGE('',*,*,#11391,.T.);
#11449 = ORIENTED_EDGE('',*,*,#11450,.T.);
#11450 = EDGE_CURVE('',#11394,#11435,#11451,.T.);
#11451 = B_SPLINE_CURVE_WITH_KNOTS('',3,(#11452,#11453,#11454,#11455),
  .UNSPECIFIED.,.F.,.F.,(4,4),(0.,0.846276804016),
  .PIECEWISE_BEZIER_KNOTS.);
#11452 = CARTESIAN_POINT('',(84.500144456745,-81.73109931429,0.));
#11453 = CARTESIAN_POINT('',(86.313637874693,-83.71563894786,0.));
#11454 = CARTESIAN_POINT('',(86.348724449488,-83.84282192592,0.));
#11455 = CARTESIAN_POINT('',(86.241273068943,-88.07065715357,0.));
#11456 = B_SPLINE_SURFACE_WITH_KNOTS('',3,1,(
    (#11457,#11458)
    ,(#11459,#11460)
    ,(#11461,#11462)
    ,(#11463,#11464
    )),.UNSPECIFIED.,.F.,.F.,.F.,(4,4),(2,2),(-1.,0.),(0.,1.),
  .PIECEWISE_BEZIER_KNOTS.);
#11457 = CARTESIAN_POINT('',(86.241273068943,-88.07065715357,-2.));
#11458 = CARTESIAN_POINT('',(86.241273068943,-88.07065715357,8.));
#11459 = CARTESIAN_POINT('',(86.348724449488,-83.84282192592,-2.));
#11460 = CARTESIAN_POINT('',(86.348724449488,-83.84282192592,8.));
#11461 = CARTESIAN_POINT('',(86.313637874693,-83.71563894786,-2.));
#11462 = CARTESIAN_POINT('',(86.313637874693,-83.71563894786,8.));
#11463 = CARTESIAN_POINT('',(84.500144456745,-81.73109931429,-2.));
#11464 = CARTESIAN_POINT('',(84.500144456745,-81.73109931429,8.));
#11465 = ADVANCED_FACE('',(#11466),#11493,.F.);
#11466 = FACE_BOUND('',#11467,.F.);
#11467 = EDGE_LOOP('',(#11468,#11478,#11485,#11486));
#11468 = ORIENTED_EDGE('',*,*,#11469,.F.);
#11469 = EDGE_CURVE('',#11470,#11472,#11474,.T.);
#11470 = VERTEX_POINT('',#11471);
#11471 = CARTESIAN_POINT('',(85.68428791474,-93.63394711128,-2.));
#11472 = VERTEX_POINT('',#11473);
#11473 = CARTESIAN_POINT('',(85.68428791474,-93.63394711128,0.));
#11474 = LINE('',#11475,#11476);
#11475 = CARTESIAN_POINT('',(85.68428791474,-93.63394711128,-2.));
#11476 = VECTOR('',#11477,1.);
#11477 = DIRECTION('',(0.,0.,1.));
#11478 = ORIENTED_EDGE('',*,*,#11479,.T.);
#11479 = EDGE_CURVE('',#11470,#11433,#11480,.T.);
#11480 = B_SPLINE_CURVE_WITH_KNOTS('',3,(#11481,#11482,#11483,#11484),
  .UNSPECIFIED.,.F.,.F.,(4,4),(-1.,0.),.PIECEWISE_BEZIER_KNOTS.);
#11481 = CARTESIAN_POINT('',(85.68428791474,-93.63394711128,-2.));
#11482 = CARTESIAN_POINT('',(86.122860061559,-92.41033042013,-2.));
#11483 = CARTESIAN_POINT('',(86.133825034438,-92.29849572727,-2.));
#11484 = CARTESIAN_POINT('',(86.241273068943,-88.07065715357,-2.));
#11485 = ORIENTED_EDGE('',*,*,#11432,.T.);
#11486 = ORIENTED_EDGE('',*,*,#11487,.T.);
#11487 = EDGE_CURVE('',#11435,#11472,#11488,.T.);
#11488 = B_SPLINE_CURVE_WITH_KNOTS('',3,(#11489,#11490,#11491,#11492),
  .UNSPECIFIED.,.F.,.F.,(4,4),(0.,1.228261030609),
  .PIECEWISE_BEZIER_KNOTS.);
#11489 = CARTESIAN_POINT('',(86.241273068943,-88.07065715357,0.));
#11490 = CARTESIAN_POINT('',(86.133825034438,-92.29849572727,0.));
#11491 = CARTESIAN_POINT('',(86.122860061559,-92.41033042013,0.));
#11492 = CARTESIAN_POINT('',(85.68428791474,-93.63394711128,0.));
#11493 = B_SPLINE_SURFACE_WITH_KNOTS('',3,1,(
    (#11494,#11495)
    ,(#11496,#11497)
    ,(#11498,#11499)
    ,(#11500,#11501
    )),.UNSPECIFIED.,.F.,.F.,.F.,(4,4),(2,2),(-1.,0.),(0.,1.),
  .PIECEWISE_BEZIER_KNOTS.);
#11494 = CARTESIAN_POINT('',(85.68428791474,-93.63394711128,-2.));
#11495 = CARTESIAN_POINT('',(85.68428791474,-93.63394711128,8.));
#11496 = CARTESIAN_POINT('',(86.122860061559,-92.41033042013,-2.));
#11497 = CARTESIAN_POINT('',(86.122860061559,-92.41033042013,8.));
#11498 = CARTESIAN_POINT('',(86.133825034438,-92.29849572727,-2.));
#11499 = CARTESIAN_POINT('',(86.133825034438,-92.29849572727,8.));
#11500 = CARTESIAN_POINT('',(86.241273068943,-88.07065715357,-2.));
#11501 = CARTESIAN_POINT('',(86.241273068943,-88.07065715357,8.));
#11502 = ADVANCED_FACE('',(#11503),#11521,.F.);
#11503 = FACE_BOUND('',#11504,.F.);
#11504 = EDGE_LOOP('',(#11505,#11506,#11513,#11514));
#11505 = ORIENTED_EDGE('',*,*,#11288,.F.);
#11506 = ORIENTED_EDGE('',*,*,#11507,.T.);
#11507 = EDGE_CURVE('',#11280,#11470,#11508,.T.);
#11508 = B_SPLINE_CURVE_WITH_KNOTS('',3,(#11509,#11510,#11511,#11512),
  .UNSPECIFIED.,.F.,.F.,(4,4),(-1.,0.),.PIECEWISE_BEZIER_KNOTS.);
#11509 = CARTESIAN_POINT('',(84.068150624445,-95.77417798318,-2.));
#11510 = CARTESIAN_POINT('',(85.212824195326,-94.89922869174,-2.));
#11511 = CARTESIAN_POINT('',(85.243524111761,-94.85756380243,-2.));
#11512 = CARTESIAN_POINT('',(85.68428791474,-93.63394711128,-2.));
#11513 = ORIENTED_EDGE('',*,*,#11469,.T.);
#11514 = ORIENTED_EDGE('',*,*,#11515,.T.);
#11515 = EDGE_CURVE('',#11472,#11289,#11516,.T.);
#11516 = B_SPLINE_CURVE_WITH_KNOTS('',3,(#11517,#11518,#11519,#11520),
  .UNSPECIFIED.,.F.,.F.,(4,4),(0.,0.390265592785),
  .PIECEWISE_BEZIER_KNOTS.);
#11517 = CARTESIAN_POINT('',(85.68428791474,-93.63394711128,0.));
#11518 = CARTESIAN_POINT('',(85.243524111761,-94.85756380243,0.));
#11519 = CARTESIAN_POINT('',(85.212824195326,-94.89922869174,0.));
#11520 = CARTESIAN_POINT('',(84.068150624445,-95.77417798318,0.));
#11521 = B_SPLINE_SURFACE_WITH_KNOTS('',3,1,(
    (#11522,#11523)
    ,(#11524,#11525)
    ,(#11526,#11527)
    ,(#11528,#11529
    )),.UNSPECIFIED.,.F.,.F.,.F.,(4,4),(2,2),(-1.,0.),(0.,1.),
  .PIECEWISE_BEZIER_KNOTS.);
#11522 = CARTESIAN_POINT('',(84.068150624445,-95.77417798318,-2.));
#11523 = CARTESIAN_POINT('',(84.068150624445,-95.77417798318,8.));
#11524 = CARTESIAN_POINT('',(85.212824195326,-94.89922869174,-2.));
#11525 = CARTESIAN_POINT('',(85.212824195326,-94.89922869174,8.));
#11526 = CARTESIAN_POINT('',(85.243524111761,-94.85756380243,-2.));
#11527 = CARTESIAN_POINT('',(85.243524111761,-94.85756380243,8.));
#11528 = CARTESIAN_POINT('',(85.68428791474,-93.63394711128,-2.));
#11529 = CARTESIAN_POINT('',(85.68428791474,-93.63394711128,8.));
#11530 = ADVANCED_FACE('',(#11531),#11567,.F.);
#11531 = FACE_BOUND('',#11532,.F.);
#11532 = EDGE_LOOP('',(#11533,#11543,#11552,#11560));
#11533 = ORIENTED_EDGE('',*,*,#11534,.F.);
#11534 = EDGE_CURVE('',#11535,#11537,#11539,.T.);
#11535 = VERTEX_POINT('',#11536);
#11536 = CARTESIAN_POINT('',(38.397439073984,-96.03512894591,-2.));
#11537 = VERTEX_POINT('',#11538);
#11538 = CARTESIAN_POINT('',(38.397439073984,-96.03512894591,0.));
#11539 = LINE('',#11540,#11541);
#11540 = CARTESIAN_POINT('',(38.397439073984,-96.03512894591,-2.));
#11541 = VECTOR('',#11542,1.);
#11542 = DIRECTION('',(0.,0.,1.));
#11543 = ORIENTED_EDGE('',*,*,#11544,.T.);
#11544 = EDGE_CURVE('',#11535,#11545,#11547,.T.);
#11545 = VERTEX_POINT('',#11546);
#11546 = CARTESIAN_POINT('',(42.991482165525,-109.0651070263,-2.));
#11547 = B_SPLINE_CURVE_WITH_KNOTS('',3,(#11548,#11549,#11550,#11551),
  .UNSPECIFIED.,.F.,.F.,(4,4),(-1.,0.),.PIECEWISE_BEZIER_KNOTS.);
#11548 = CARTESIAN_POINT('',(38.397439073984,-96.03512894591,-2.));
#11549 = CARTESIAN_POINT('',(38.397439073984,-108.3897055187,-2.));
#11550 = CARTESIAN_POINT('',(38.489539241546,-108.6506564814,-2.));
#11551 = CARTESIAN_POINT('',(42.991482165525,-109.0651070263,-2.));
#11552 = ORIENTED_EDGE('',*,*,#11553,.T.);
#11553 = EDGE_CURVE('',#11545,#11554,#11556,.T.);
#11554 = VERTEX_POINT('',#11555);
#11555 = CARTESIAN_POINT('',(42.991482165525,-109.0651070263,0.));
#11556 = LINE('',#11557,#11558);
#11557 = CARTESIAN_POINT('',(42.991482165525,-109.0651070263,-2.));
#11558 = VECTOR('',#11559,1.);
#11559 = DIRECTION('',(0.,0.,1.));
#11560 = ORIENTED_EDGE('',*,*,#11561,.T.);
#11561 = EDGE_CURVE('',#11554,#11537,#11562,.T.);
#11562 = B_SPLINE_CURVE_WITH_KNOTS('',3,(#11563,#11564,#11565,#11566),
  .UNSPECIFIED.,.F.,.F.,(4,4),(0.,1.309560884786),
  .PIECEWISE_BEZIER_KNOTS.);
#11563 = CARTESIAN_POINT('',(42.991482165525,-109.0651070263,0.));
#11564 = CARTESIAN_POINT('',(38.489539241546,-108.6506564814,0.));
#11565 = CARTESIAN_POINT('',(38.397439073984,-108.3897055187,0.));
#11566 = CARTESIAN_POINT('',(38.397439073984,-96.03512894591,0.));
#11567 = B_SPLINE_SURFACE_WITH_KNOTS('',3,1,(
    (#11568,#11569)
    ,(#11570,#11571)
    ,(#11572,#11573)
    ,(#11574,#11575
    )),.UNSPECIFIED.,.F.,.F.,.F.,(4,4),(2,2),(-1.,0.),(0.,1.),
  .PIECEWISE_BEZIER_KNOTS.);
#11568 = CARTESIAN_POINT('',(38.397439073984,-96.03512894591,-2.));
#11569 = CARTESIAN_POINT('',(38.397439073984,-96.03512894591,8.));
#11570 = CARTESIAN_POINT('',(38.397439073984,-108.3897055187,-2.));
#11571 = CARTESIAN_POINT('',(38.397439073984,-108.3897055187,8.));
#11572 = CARTESIAN_POINT('',(38.489539241546,-108.6506564814,-2.));
#11573 = CARTESIAN_POINT('',(38.489539241546,-108.6506564814,8.));
#11574 = CARTESIAN_POINT('',(42.991482165525,-109.0651070263,-2.));
#11575 = CARTESIAN_POINT('',(42.991482165525,-109.0651070263,8.));
#11576 = ADVANCED_FACE('',(#11577),#11604,.F.);
#11577 = FACE_BOUND('',#11578,.F.);
#11578 = EDGE_LOOP('',(#11579,#11589,#11596,#11597));
#11579 = ORIENTED_EDGE('',*,*,#11580,.F.);
#11580 = EDGE_CURVE('',#11581,#11583,#11585,.T.);
#11581 = VERTEX_POINT('',#11582);
#11582 = CARTESIAN_POINT('',(45.101014375757,-88.0092573207,-2.));
#11583 = VERTEX_POINT('',#11584);
#11584 = CARTESIAN_POINT('',(45.101014375757,-88.0092573207,0.));
#11585 = LINE('',#11586,#11587);
#11586 = CARTESIAN_POINT('',(45.101014375757,-88.0092573207,-2.));
#11587 = VECTOR('',#11588,1.);
#11588 = DIRECTION('',(0.,0.,1.));
#11589 = ORIENTED_EDGE('',*,*,#11590,.T.);
#11590 = EDGE_CURVE('',#11581,#11535,#11591,.T.);
#11591 = B_SPLINE_CURVE_WITH_KNOTS('',3,(#11592,#11593,#11594,#11595),
  .UNSPECIFIED.,.F.,.F.,(4,4),(-1.,0.),.PIECEWISE_BEZIER_KNOTS.);
#11592 = CARTESIAN_POINT('',(45.101014375757,-88.0092573207,-2.));
#11593 = CARTESIAN_POINT('',(38.531203503478,-83.52266613252,-2.));
#11594 = CARTESIAN_POINT('',(38.397439073984,-83.68274402922,-2.));
#11595 = CARTESIAN_POINT('',(38.397439073984,-96.03512894591,-2.));
#11596 = ORIENTED_EDGE('',*,*,#11534,.T.);
#11597 = ORIENTED_EDGE('',*,*,#11598,.T.);
#11598 = EDGE_CURVE('',#11537,#11583,#11599,.T.);
#11599 = B_SPLINE_CURVE_WITH_KNOTS('',3,(#11600,#11601,#11602,#11603),
  .UNSPECIFIED.,.F.,.F.,(4,4),(0.,3.783605792117),
  .PIECEWISE_BEZIER_KNOTS.);
#11600 = CARTESIAN_POINT('',(38.397439073984,-96.03512894591,0.));
#11601 = CARTESIAN_POINT('',(38.397439073984,-83.68274402922,0.));
#11602 = CARTESIAN_POINT('',(38.531203503478,-83.52266613252,0.));
#11603 = CARTESIAN_POINT('',(45.101014375757,-88.0092573207,0.));
#11604 = B_SPLINE_SURFACE_WITH_KNOTS('',3,1,(
    (#11605,#11606)
    ,(#11607,#11608)
    ,(#11609,#11610)
    ,(#11611,#11612
    )),.UNSPECIFIED.,.F.,.F.,.F.,(4,4),(2,2),(-1.,0.),(0.,1.),
  .PIECEWISE_BEZIER_KNOTS.);
#11605 = CARTESIAN_POINT('',(45.101014375757,-88.0092573207,-2.));
#11606 = CARTESIAN_POINT('',(45.101014375757,-88.0092573207,8.));
#11607 = CARTESIAN_POINT('',(38.531203503478,-83.52266613252,-2.));
#11608 = CARTESIAN_POINT('',(38.531203503478,-83.52266613252,8.));
#11609 = CARTESIAN_POINT('',(38.397439073984,-83.68274402922,-2.));
#11610 = CARTESIAN_POINT('',(38.397439073984,-83.68274402922,8.));
#11611 = CARTESIAN_POINT('',(38.397439073984,-96.03512894591,-2.));
#11612 = CARTESIAN_POINT('',(38.397439073984,-96.03512894591,8.));
#11613 = ADVANCED_FACE('',(#11614),#11641,.F.);
#11614 = FACE_BOUND('',#11615,.F.);
#11615 = EDGE_LOOP('',(#11616,#11626,#11633,#11634));
#11616 = ORIENTED_EDGE('',*,*,#11617,.F.);
#11617 = EDGE_CURVE('',#11618,#11620,#11622,.T.);
#11618 = VERTEX_POINT('',#11619);
#11619 = CARTESIAN_POINT('',(49.692864451809,-101.0392387472,-2.));
#11620 = VERTEX_POINT('',#11621);
#11621 = CARTESIAN_POINT('',(49.692864451809,-101.0392387472,0.));
#11622 = LINE('',#11623,#11624);
#11623 = CARTESIAN_POINT('',(49.692864451809,-101.0392387472,-2.));
#11624 = VECTOR('',#11625,1.);
#11625 = DIRECTION('',(0.,0.,1.));
#11626 = ORIENTED_EDGE('',*,*,#11627,.T.);
#11627 = EDGE_CURVE('',#11618,#11581,#11628,.T.);
#11628 = B_SPLINE_CURVE_WITH_KNOTS('',3,(#11629,#11630,#11631,#11632),
  .UNSPECIFIED.,.F.,.F.,(4,4),(-1.,0.),.PIECEWISE_BEZIER_KNOTS.);
#11629 = CARTESIAN_POINT('',(49.692864451809,-101.0392387472,-2.));
#11630 = CARTESIAN_POINT('',(51.760733027492,-92.75680281764,-2.));
#11631 = CARTESIAN_POINT('',(51.668631605165,-92.49585185492,-2.));
#11632 = CARTESIAN_POINT('',(45.101014375757,-88.0092573207,-2.));
#11633 = ORIENTED_EDGE('',*,*,#11580,.T.);
#11634 = ORIENTED_EDGE('',*,*,#11635,.T.);
#11635 = EDGE_CURVE('',#11583,#11620,#11636,.T.);
#11636 = B_SPLINE_CURVE_WITH_KNOTS('',3,(#11637,#11638,#11639,#11640),
  .UNSPECIFIED.,.F.,.F.,(4,4),(0.,2.398723351252),
  .PIECEWISE_BEZIER_KNOTS.);
#11637 = CARTESIAN_POINT('',(45.101014375757,-88.0092573207,0.));
#11638 = CARTESIAN_POINT('',(51.668631605165,-92.49585185492,0.));
#11639 = CARTESIAN_POINT('',(51.760733027492,-92.75680281764,0.));
#11640 = CARTESIAN_POINT('',(49.692864451809,-101.0392387472,0.));
#11641 = B_SPLINE_SURFACE_WITH_KNOTS('',3,1,(
    (#11642,#11643)
    ,(#11644,#11645)
    ,(#11646,#11647)
    ,(#11648,#11649
    )),.UNSPECIFIED.,.F.,.F.,.F.,(4,4),(2,2),(-1.,0.),(0.,1.),
  .PIECEWISE_BEZIER_KNOTS.);
#11642 = CARTESIAN_POINT('',(49.692864451809,-101.0392387472,-2.));
#11643 = CARTESIAN_POINT('',(49.692864451809,-101.0392387472,8.));
#11644 = CARTESIAN_POINT('',(51.760733027492,-92.75680281764,-2.));
#11645 = CARTESIAN_POINT('',(51.760733027492,-92.75680281764,8.));
#11646 = CARTESIAN_POINT('',(51.668631605165,-92.49585185492,-2.));
#11647 = CARTESIAN_POINT('',(51.668631605165,-92.49585185492,8.));
#11648 = CARTESIAN_POINT('',(45.101014375757,-88.0092573207,-2.));
#11649 = CARTESIAN_POINT('',(45.101014375757,-88.0092573207,8.));
#11650 = ADVANCED_FACE('',(#11651),#11669,.F.);
#11651 = FACE_BOUND('',#11652,.F.);
#11652 = EDGE_LOOP('',(#11653,#11654,#11661,#11662));
#11653 = ORIENTED_EDGE('',*,*,#11553,.F.);
#11654 = ORIENTED_EDGE('',*,*,#11655,.T.);
#11655 = EDGE_CURVE('',#11545,#11618,#11656,.T.);
#11656 = B_SPLINE_CURVE_WITH_KNOTS('',3,(#11657,#11658,#11659,#11660),
  .UNSPECIFIED.,.F.,.F.,(4,4),(-1.,0.),.PIECEWISE_BEZIER_KNOTS.);
#11657 = CARTESIAN_POINT('',(42.991482165525,-109.0651070263,-2.));
#11658 = CARTESIAN_POINT('',(47.493425403195,-109.4817509004,-2.));
#11659 = CARTESIAN_POINT('',(47.627190041816,-109.3216713307,-2.));
#11660 = CARTESIAN_POINT('',(49.692864451809,-101.0392387472,-2.));
#11661 = ORIENTED_EDGE('',*,*,#11617,.T.);
#11662 = ORIENTED_EDGE('',*,*,#11663,.T.);
#11663 = EDGE_CURVE('',#11620,#11554,#11664,.T.);
#11664 = B_SPLINE_CURVE_WITH_KNOTS('',3,(#11665,#11666,#11667,#11668),
  .UNSPECIFIED.,.F.,.F.,(4,4),(0.,2.596650843334),
  .PIECEWISE_BEZIER_KNOTS.);
#11665 = CARTESIAN_POINT('',(49.692864451809,-101.0392387472,0.));
#11666 = CARTESIAN_POINT('',(47.627190041816,-109.3216713307,0.));
#11667 = CARTESIAN_POINT('',(47.493425403195,-109.4817509004,0.));
#11668 = CARTESIAN_POINT('',(42.991482165525,-109.0651070263,0.));
#11669 = B_SPLINE_SURFACE_WITH_KNOTS('',3,1,(
    (#11670,#11671)
    ,(#11672,#11673)
    ,(#11674,#11675)
    ,(#11676,#11677
    )),.UNSPECIFIED.,.F.,.F.,.F.,(4,4),(2,2),(-1.,0.),(0.,1.),
  .PIECEWISE_BEZIER_KNOTS.);
#11670 = CARTESIAN_POINT('',(42.991482165525,-109.0651070263,-2.));
#11671 = CARTESIAN_POINT('',(42.991482165525,-109.0651070263,8.));
#11672 = CARTESIAN_POINT('',(47.493425403195,-109.4817509004,-2.));
#11673 = CARTESIAN_POINT('',(47.493425403195,-109.4817509004,8.));
#11674 = CARTESIAN_POINT('',(47.627190041816,-109.3216713307,-2.));
#11675 = CARTESIAN_POINT('',(47.627190041816,-109.3216713307,8.));
#11676 = CARTESIAN_POINT('',(49.692864451809,-101.0392387472,-2.));
#11677 = CARTESIAN_POINT('',(49.692864451809,-101.0392387472,8.));
#11678 = ADVANCED_FACE('',(#11679),#11715,.F.);
#11679 = FACE_BOUND('',#11680,.F.);
#11680 = EDGE_LOOP('',(#11681,#11691,#11700,#11708));
#11681 = ORIENTED_EDGE('',*,*,#11682,.F.);
#11682 = EDGE_CURVE('',#11683,#11685,#11687,.T.);
#11683 = VERTEX_POINT('',#11684);
#11684 = CARTESIAN_POINT('',(129.07222718735,-55.50009693774,-2.));
#11685 = VERTEX_POINT('',#11686);
#11686 = CARTESIAN_POINT('',(129.07222718735,-55.50009693774,0.));
#11687 = LINE('',#11688,#11689);
#11688 = CARTESIAN_POINT('',(129.07222718735,-55.50009693774,-2.));
#11689 = VECTOR('',#11690,1.);
#11690 = DIRECTION('',(0.,0.,1.));
#11691 = ORIENTED_EDGE('',*,*,#11692,.T.);
#11692 = EDGE_CURVE('',#11683,#11693,#11695,.T.);
#11693 = VERTEX_POINT('',#11694);
#11694 = CARTESIAN_POINT('',(133.5917166402,-52.16695263716,-2.));
#11695 = B_SPLINE_CURVE_WITH_KNOTS('',3,(#11696,#11697,#11698,#11699),
  .UNSPECIFIED.,.F.,.F.,(4,4),(-1.,0.),.PIECEWISE_BEZIER_KNOTS.);
#11696 = CARTESIAN_POINT('',(129.07222718735,-55.50009693774,-2.));
#11697 = CARTESIAN_POINT('',(133.69039805007,-54.82469877615,-2.));
#11698 = CARTESIAN_POINT('',(133.78029945114,-54.75672062876,-2.));
#11699 = CARTESIAN_POINT('',(133.5917166402,-52.16695263716,-2.));
#11700 = ORIENTED_EDGE('',*,*,#11701,.T.);
#11701 = EDGE_CURVE('',#11693,#11702,#11704,.T.);
#11702 = VERTEX_POINT('',#11703);
#11703 = CARTESIAN_POINT('',(133.5917166402,-52.16695263716,0.));
#11704 = LINE('',#11705,#11706);
#11705 = CARTESIAN_POINT('',(133.5917166402,-52.16695263716,-2.));
#11706 = VECTOR('',#11707,1.);
#11707 = DIRECTION('',(0.,0.,1.));
#11708 = ORIENTED_EDGE('',*,*,#11709,.T.);
#11709 = EDGE_CURVE('',#11702,#11685,#11710,.T.);
#11710 = B_SPLINE_CURVE_WITH_KNOTS('',3,(#11711,#11712,#11713,#11714),
  .UNSPECIFIED.,.F.,.F.,(4,4),(0.,0.813901974843),
  .PIECEWISE_BEZIER_KNOTS.);
#11711 = CARTESIAN_POINT('',(133.5917166402,-52.16695263716,0.));
#11712 = CARTESIAN_POINT('',(133.78029945114,-54.75672062876,0.));
#11713 = CARTESIAN_POINT('',(133.69039805007,-54.82469877615,0.));
#11714 = CARTESIAN_POINT('',(129.07222718735,-55.50009693774,0.));
#11715 = B_SPLINE_SURFACE_WITH_KNOTS('',3,1,(
    (#11716,#11717)
    ,(#11718,#11719)
    ,(#11720,#11721)
    ,(#11722,#11723
    )),.UNSPECIFIED.,.F.,.F.,.F.,(4,4),(2,2),(-1.,0.),(0.,1.),
  .PIECEWISE_BEZIER_KNOTS.);
#11716 = CARTESIAN_POINT('',(129.07222718735,-55.50009693774,-2.));
#11717 = CARTESIAN_POINT('',(129.07222718735,-55.50009693774,8.));
#11718 = CARTESIAN_POINT('',(133.69039805007,-54.82469877615,-2.));
#11719 = CARTESIAN_POINT('',(133.69039805007,-54.82469877615,8.));
#11720 = CARTESIAN_POINT('',(133.78029945114,-54.75672062876,-2.));
#11721 = CARTESIAN_POINT('',(133.78029945114,-54.75672062876,8.));
#11722 = CARTESIAN_POINT('',(133.5917166402,-52.16695263716,-2.));
#11723 = CARTESIAN_POINT('',(133.5917166402,-52.16695263716,8.));
#11724 = ADVANCED_FACE('',(#11725),#11752,.F.);
#11725 = FACE_BOUND('',#11726,.F.);
#11726 = EDGE_LOOP('',(#11727,#11737,#11744,#11745));
#11727 = ORIENTED_EDGE('',*,*,#11728,.F.);
#11728 = EDGE_CURVE('',#11729,#11731,#11733,.T.);
#11729 = VERTEX_POINT('',#11730);
#11730 = CARTESIAN_POINT('',(119.68678592225,-51.0244673764,-2.));
#11731 = VERTEX_POINT('',#11732);
#11732 = CARTESIAN_POINT('',(119.68678592225,-51.0244673764,0.));
#11733 = LINE('',#11734,#11735);
#11734 = CARTESIAN_POINT('',(119.68678592225,-51.0244673764,-2.));
#11735 = VECTOR('',#11736,1.);
#11736 = DIRECTION('',(0.,0.,1.));
#11737 = ORIENTED_EDGE('',*,*,#11738,.T.);
#11738 = EDGE_CURVE('',#11729,#11683,#11739,.T.);
#11739 = B_SPLINE_CURVE_WITH_KNOTS('',3,(#11740,#11741,#11742,#11743),
  .UNSPECIFIED.,.F.,.F.,(4,4),(-1.,0.),.PIECEWISE_BEZIER_KNOTS.);
#11740 = CARTESIAN_POINT('',(119.68678592225,-51.0244673764,-2.));
#11741 = CARTESIAN_POINT('',(124.26767520798,-56.08559369826,-2.));
#11742 = CARTESIAN_POINT('',(124.45625801891,-56.1755017914,-2.));
#11743 = CARTESIAN_POINT('',(129.07222718735,-55.50009693774,-2.));
#11744 = ORIENTED_EDGE('',*,*,#11682,.T.);
#11745 = ORIENTED_EDGE('',*,*,#11746,.T.);
#11746 = EDGE_CURVE('',#11685,#11731,#11747,.T.);
#11747 = B_SPLINE_CURVE_WITH_KNOTS('',3,(#11748,#11749,#11750,#11751),
  .UNSPECIFIED.,.F.,.F.,(4,4),(0.,1.435294788022),
  .PIECEWISE_BEZIER_KNOTS.);
#11748 = CARTESIAN_POINT('',(129.07222718735,-55.50009693774,0.));
#11749 = CARTESIAN_POINT('',(124.45625801891,-56.1755017914,0.));
#11750 = CARTESIAN_POINT('',(124.26767520798,-56.08559369826,0.));
#11751 = CARTESIAN_POINT('',(119.68678592225,-51.0244673764,0.));
#11752 = B_SPLINE_SURFACE_WITH_KNOTS('',3,1,(
    (#11753,#11754)
    ,(#11755,#11756)
    ,(#11757,#11758)
    ,(#11759,#11760
    )),.UNSPECIFIED.,.F.,.F.,.F.,(4,4),(2,2),(-1.,0.),(0.,1.),
  .PIECEWISE_BEZIER_KNOTS.);
#11753 = CARTESIAN_POINT('',(119.68678592225,-51.0244673764,-2.));
#11754 = CARTESIAN_POINT('',(119.68678592225,-51.0244673764,8.));
#11755 = CARTESIAN_POINT('',(124.26767520798,-56.08559369826,-2.));
#11756 = CARTESIAN_POINT('',(124.26767520798,-56.08559369826,8.));
#11757 = CARTESIAN_POINT('',(124.45625801891,-56.1755017914,-2.));
#11758 = CARTESIAN_POINT('',(124.45625801891,-56.1755017914,8.));
#11759 = CARTESIAN_POINT('',(129.07222718735,-55.50009693774,-2.));
#11760 = CARTESIAN_POINT('',(129.07222718735,-55.50009693774,8.));
#11761 = ADVANCED_FACE('',(#11762),#11789,.F.);
#11762 = FACE_BOUND('',#11763,.F.);
#11763 = EDGE_LOOP('',(#11764,#11774,#11781,#11782));
#11764 = ORIENTED_EDGE('',*,*,#11765,.F.);
#11765 = EDGE_CURVE('',#11766,#11768,#11770,.T.);
#11766 = VERTEX_POINT('',#11767);
#11767 = CARTESIAN_POINT('',(115.08616169297,-39.59527830103,-2.));
#11768 = VERTEX_POINT('',#11769);
#11769 = CARTESIAN_POINT('',(115.08616169297,-39.59527830103,0.));
#11770 = LINE('',#11771,#11772);
#11771 = CARTESIAN_POINT('',(115.08616169297,-39.59527830103,-2.));
#11772 = VECTOR('',#11773,1.);
#11773 = DIRECTION('',(0.,0.,1.));
#11774 = ORIENTED_EDGE('',*,*,#11775,.T.);
#11775 = EDGE_CURVE('',#11766,#11729,#11776,.T.);
#11776 = B_SPLINE_CURVE_WITH_KNOTS('',3,(#11777,#11778,#11779,#11780),
  .UNSPECIFIED.,.F.,.F.,(4,4),(-1.,0.),.PIECEWISE_BEZIER_KNOTS.);
#11777 = CARTESIAN_POINT('',(115.08616169297,-39.59527830103,-2.));
#11778 = CARTESIAN_POINT('',(115.01380023326,-45.73309335429,-2.));
#11779 = CARTESIAN_POINT('',(115.10590332861,-45.96334774662,-2.));
#11780 = CARTESIAN_POINT('',(119.68678592225,-51.0244673764,-2.));
#11781 = ORIENTED_EDGE('',*,*,#11728,.T.);
#11782 = ORIENTED_EDGE('',*,*,#11783,.T.);
#11783 = EDGE_CURVE('',#11731,#11768,#11784,.T.);
#11784 = B_SPLINE_CURVE_WITH_KNOTS('',3,(#11785,#11786,#11787,#11788),
  .UNSPECIFIED.,.F.,.F.,(4,4),(0.,2.047597615737),
  .PIECEWISE_BEZIER_KNOTS.);
#11785 = CARTESIAN_POINT('',(119.68678592225,-51.0244673764,0.));
#11786 = CARTESIAN_POINT('',(115.10590332861,-45.96334774662,0.));
#11787 = CARTESIAN_POINT('',(115.01380023326,-45.73309335429,0.));
#11788 = CARTESIAN_POINT('',(115.08616169297,-39.59527830103,0.));
#11789 = B_SPLINE_SURFACE_WITH_KNOTS('',3,1,(
    (#11790,#11791)
    ,(#11792,#11793)
    ,(#11794,#11795)
    ,(#11796,#11797
    )),.UNSPECIFIED.,.F.,.F.,.F.,(4,4),(2,2),(-1.,0.),(0.,1.),
  .PIECEWISE_BEZIER_KNOTS.);
#11790 = CARTESIAN_POINT('',(115.08616169297,-39.59527830103,-2.));
#11791 = CARTESIAN_POINT('',(115.08616169297,-39.59527830103,8.));
#11792 = CARTESIAN_POINT('',(115.01380023326,-45.73309335429,-2.));
#11793 = CARTESIAN_POINT('',(115.01380023326,-45.73309335429,8.));
#11794 = CARTESIAN_POINT('',(115.10590332861,-45.96334774662,-2.));
#11795 = CARTESIAN_POINT('',(115.10590332861,-45.96334774662,8.));
#11796 = CARTESIAN_POINT('',(119.68678592225,-51.0244673764,-2.));
#11797 = CARTESIAN_POINT('',(119.68678592225,-51.0244673764,8.));
#11798 = ADVANCED_FACE('',(#11799),#11826,.F.);
#11799 = FACE_BOUND('',#11800,.F.);
#11800 = EDGE_LOOP('',(#11801,#11811,#11818,#11819));
#11801 = ORIENTED_EDGE('',*,*,#11802,.F.);
#11802 = EDGE_CURVE('',#11803,#11805,#11807,.T.);
#11803 = VERTEX_POINT('',#11804);
#11804 = CARTESIAN_POINT('',(119.33592686638,-33.33027357762,-2.));
#11805 = VERTEX_POINT('',#11806);
#11806 = CARTESIAN_POINT('',(119.33592686638,-33.33027357762,0.));
#11807 = LINE('',#11808,#11809);
#11808 = CARTESIAN_POINT('',(119.33592686638,-33.33027357762,-2.));
#11809 = VECTOR('',#11810,1.);
#11810 = DIRECTION('',(0.,0.,1.));
#11811 = ORIENTED_EDGE('',*,*,#11812,.T.);
#11812 = EDGE_CURVE('',#11803,#11766,#11813,.T.);
#11813 = B_SPLINE_CURVE_WITH_KNOTS('',3,(#11814,#11815,#11816,#11817),
  .UNSPECIFIED.,.F.,.F.,(4,4),(-1.,0.),.PIECEWISE_BEZIER_KNOTS.);
#11814 = CARTESIAN_POINT('',(119.33592686638,-33.33027357762,-2.));
#11815 = CARTESIAN_POINT('',(115.24404793351,-33.33027357762,-2.));
#11816 = CARTESIAN_POINT('',(115.15852984476,-33.45746324776,-2.));
#11817 = CARTESIAN_POINT('',(115.08616169297,-39.59527830103,-2.));
#11818 = ORIENTED_EDGE('',*,*,#11765,.T.);
#11819 = ORIENTED_EDGE('',*,*,#11820,.T.);
#11820 = EDGE_CURVE('',#11768,#11805,#11821,.T.);
#11821 = B_SPLINE_CURVE_WITH_KNOTS('',3,(#11822,#11823,#11824,#11825),
  .UNSPECIFIED.,.F.,.F.,(4,4),(0.,1.841602947183),
  .PIECEWISE_BEZIER_KNOTS.);
#11822 = CARTESIAN_POINT('',(115.08616169297,-39.59527830103,0.));
#11823 = CARTESIAN_POINT('',(115.15852984476,-33.45746324776,0.));
#11824 = CARTESIAN_POINT('',(115.24404793351,-33.33027357762,0.));
#11825 = CARTESIAN_POINT('',(119.33592686638,-33.33027357762,0.));
#11826 = B_SPLINE_SURFACE_WITH_KNOTS('',3,1,(
    (#11827,#11828)
    ,(#11829,#11830)
    ,(#11831,#11832)
    ,(#11833,#11834
    )),.UNSPECIFIED.,.F.,.F.,.F.,(4,4),(2,2),(-1.,0.),(0.,1.),
  .PIECEWISE_BEZIER_KNOTS.);
#11827 = CARTESIAN_POINT('',(119.33592686638,-33.33027357762,-2.));
#11828 = CARTESIAN_POINT('',(119.33592686638,-33.33027357762,8.));
#11829 = CARTESIAN_POINT('',(115.24404793351,-33.33027357762,-2.));
#11830 = CARTESIAN_POINT('',(115.24404793351,-33.33027357762,8.));
#11831 = CARTESIAN_POINT('',(115.15852984476,-33.45746324776,-2.));
#11832 = CARTESIAN_POINT('',(115.15852984476,-33.45746324776,8.));
#11833 = CARTESIAN_POINT('',(115.08616169297,-39.59527830103,-2.));
#11834 = CARTESIAN_POINT('',(115.08616169297,-39.59527830103,8.));
#11835 = ADVANCED_FACE('',(#11836),#11863,.F.);
#11836 = FACE_BOUND('',#11837,.F.);
#11837 = EDGE_LOOP('',(#11838,#11848,#11855,#11856));
#11838 = ORIENTED_EDGE('',*,*,#11839,.F.);
#11839 = EDGE_CURVE('',#11840,#11842,#11844,.T.);
#11840 = VERTEX_POINT('',#11841);
#11841 = CARTESIAN_POINT('',(128.45603385644,-41.42631835241,-2.));
#11842 = VERTEX_POINT('',#11843);
#11843 = CARTESIAN_POINT('',(128.45603385644,-41.42631835241,0.));
#11844 = LINE('',#11845,#11846);
#11845 = CARTESIAN_POINT('',(128.45603385644,-41.42631835241,-2.));
#11846 = VECTOR('',#11847,1.);
#11847 = DIRECTION('',(0.,0.,1.));
#11848 = ORIENTED_EDGE('',*,*,#11849,.T.);
#11849 = EDGE_CURVE('',#11840,#11803,#11850,.T.);
#11850 = B_SPLINE_CURVE_WITH_KNOTS('',3,(#11851,#11852,#11853,#11854),
  .UNSPECIFIED.,.F.,.F.,(4,4),(-1.,0.),.PIECEWISE_BEZIER_KNOTS.);
#11851 = CARTESIAN_POINT('',(128.45603385644,-41.42631835241,-2.));
#11852 = CARTESIAN_POINT('',(123.61200529787,-33.49254982255,-2.));
#11853 = CARTESIAN_POINT('',(123.43000080145,-33.33027357762,-2.));
#11854 = CARTESIAN_POINT('',(119.33592686638,-33.33027357762,-2.));
#11855 = ORIENTED_EDGE('',*,*,#11802,.T.);
#11856 = ORIENTED_EDGE('',*,*,#11857,.T.);
#11857 = EDGE_CURVE('',#11805,#11842,#11858,.T.);
#11858 = B_SPLINE_CURVE_WITH_KNOTS('',3,(#11859,#11860,#11861,#11862),
  .UNSPECIFIED.,.F.,.F.,(4,4),(0.,1.232474598707),
  .PIECEWISE_BEZIER_KNOTS.);
#11859 = CARTESIAN_POINT('',(119.33592686638,-33.33027357762,0.));
#11860 = CARTESIAN_POINT('',(123.43000080145,-33.33027357762,0.));
#11861 = CARTESIAN_POINT('',(123.61200529787,-33.49254982255,0.));
#11862 = CARTESIAN_POINT('',(128.45603385644,-41.42631835241,0.));
#11863 = B_SPLINE_SURFACE_WITH_KNOTS('',3,1,(
    (#11864,#11865)
    ,(#11866,#11867)
    ,(#11868,#11869)
    ,(#11870,#11871
    )),.UNSPECIFIED.,.F.,.F.,.F.,(4,4),(2,2),(-1.,0.),(0.,1.),
  .PIECEWISE_BEZIER_KNOTS.);
#11864 = CARTESIAN_POINT('',(128.45603385644,-41.42631835241,-2.));
#11865 = CARTESIAN_POINT('',(128.45603385644,-41.42631835241,8.));
#11866 = CARTESIAN_POINT('',(123.61200529787,-33.49254982255,-2.));
#11867 = CARTESIAN_POINT('',(123.61200529787,-33.49254982255,8.));
#11868 = CARTESIAN_POINT('',(123.43000080145,-33.33027357762,-2.));
#11869 = CARTESIAN_POINT('',(123.43000080145,-33.33027357762,8.));
#11870 = CARTESIAN_POINT('',(119.33592686638,-33.33027357762,-2.));
#11871 = CARTESIAN_POINT('',(119.33592686638,-33.33027357762,8.));
#11872 = ADVANCED_FACE('',(#11873),#11891,.F.);
#11873 = FACE_BOUND('',#11874,.F.);
#11874 = EDGE_LOOP('',(#11875,#11876,#11883,#11884));
#11875 = ORIENTED_EDGE('',*,*,#11701,.F.);
#11876 = ORIENTED_EDGE('',*,*,#11877,.T.);
#11877 = EDGE_CURVE('',#11693,#11840,#11878,.T.);
#11878 = B_SPLINE_CURVE_WITH_KNOTS('',3,(#11879,#11880,#11881,#11882),
  .UNSPECIFIED.,.F.,.F.,(4,4),(-1.,0.),.PIECEWISE_BEZIER_KNOTS.);
#11879 = CARTESIAN_POINT('',(133.5917166402,-52.16695263716,-2.));
#11880 = CARTESIAN_POINT('',(133.40312713719,-49.57498964336,-2.));
#11881 = CARTESIAN_POINT('',(133.30006910708,-49.36008688227,-2.));
#11882 = CARTESIAN_POINT('',(128.45603385644,-41.42631835241,-2.));
#11883 = ORIENTED_EDGE('',*,*,#11839,.T.);
#11884 = ORIENTED_EDGE('',*,*,#11885,.T.);
#11885 = EDGE_CURVE('',#11842,#11702,#11886,.T.);
#11886 = B_SPLINE_CURVE_WITH_KNOTS('',3,(#11887,#11888,#11889,#11890),
  .UNSPECIFIED.,.F.,.F.,(4,4),(0.,2.789452813601),
  .PIECEWISE_BEZIER_KNOTS.);
#11887 = CARTESIAN_POINT('',(128.45603385644,-41.42631835241,0.));
#11888 = CARTESIAN_POINT('',(133.30006910708,-49.36008688227,0.));
#11889 = CARTESIAN_POINT('',(133.40312713719,-49.57498964336,0.));
#11890 = CARTESIAN_POINT('',(133.5917166402,-52.16695263716,0.));
#11891 = B_SPLINE_SURFACE_WITH_KNOTS('',3,1,(
    (#11892,#11893)
    ,(#11894,#11895)
    ,(#11896,#11897)
    ,(#11898,#11899
    )),.UNSPECIFIED.,.F.,.F.,.F.,(4,4),(2,2),(-1.,0.),(0.,1.),
  .PIECEWISE_BEZIER_KNOTS.);
#11892 = CARTESIAN_POINT('',(133.5917166402,-52.16695263716,-2.));
#11893 = CARTESIAN_POINT('',(133.5917166402,-52.16695263716,8.));
#11894 = CARTESIAN_POINT('',(133.40312713719,-49.57498964336,-2.));
#11895 = CARTESIAN_POINT('',(133.40312713719,-49.57498964336,8.));
#11896 = CARTESIAN_POINT('',(133.30006910708,-49.36008688227,-2.));
#11897 = CARTESIAN_POINT('',(133.30006910708,-49.36008688227,8.));
#11898 = CARTESIAN_POINT('',(128.45603385644,-41.42631835241,-2.));
#11899 = CARTESIAN_POINT('',(128.45603385644,-41.42631835241,8.));
#11900 = ADVANCED_FACE('',(#11901),#11937,.F.);
#11901 = FACE_BOUND('',#11902,.F.);
#11902 = EDGE_LOOP('',(#11903,#11913,#11922,#11930));
#11903 = ORIENTED_EDGE('',*,*,#11904,.F.);
#11904 = EDGE_CURVE('',#11905,#11907,#11909,.T.);
#11905 = VERTEX_POINT('',#11906);
#11906 = CARTESIAN_POINT('',(193.68487407114,-107.9555200302,-2.));
#11907 = VERTEX_POINT('',#11908);
#11908 = CARTESIAN_POINT('',(193.68487407114,-107.9555200302,0.));
#11909 = LINE('',#11910,#11911);
#11910 = CARTESIAN_POINT('',(193.68487407114,-107.9555200302,-2.));
#11911 = VECTOR('',#11912,1.);
#11912 = DIRECTION('',(0.,0.,1.));
#11913 = ORIENTED_EDGE('',*,*,#11914,.T.);
#11914 = EDGE_CURVE('',#11905,#11915,#11917,.T.);
#11915 = VERTEX_POINT('',#11916);
#11916 = CARTESIAN_POINT('',(202.76550448199,-108.5059285429,-2.));
#11917 = B_SPLINE_CURVE_WITH_KNOTS('',3,(#11918,#11919,#11920,#11921),
  .UNSPECIFIED.,.F.,.F.,(4,4),(-1.,0.),.PIECEWISE_BEZIER_KNOTS.);
#11918 = CARTESIAN_POINT('',(193.68487407114,-107.9555200302,-2.));
#11919 = CARTESIAN_POINT('',(200.39064594356,-110.6286178005,-2.));
#11920 = CARTESIAN_POINT('',(200.5726437479,-110.6395811003,-2.));
#11921 = CARTESIAN_POINT('',(202.76550448199,-108.5059285429,-2.));
#11922 = ORIENTED_EDGE('',*,*,#11923,.T.);
#11923 = EDGE_CURVE('',#11915,#11924,#11926,.T.);
#11924 = VERTEX_POINT('',#11925);
#11925 = CARTESIAN_POINT('',(202.76550448199,-108.5059285429,0.));
#11926 = LINE('',#11927,#11928);
#11927 = CARTESIAN_POINT('',(202.76550448199,-108.5059285429,-2.));
#11928 = VECTOR('',#11929,1.);
#11929 = DIRECTION('',(0.,0.,1.));
#11930 = ORIENTED_EDGE('',*,*,#11931,.T.);
#11931 = EDGE_CURVE('',#11924,#11907,#11932,.T.);
#11932 = B_SPLINE_CURVE_WITH_KNOTS('',3,(#11933,#11934,#11935,#11936),
  .UNSPECIFIED.,.F.,.F.,(4,4),(0.,0.914069836058),
  .PIECEWISE_BEZIER_KNOTS.);
#11933 = CARTESIAN_POINT('',(202.76550448199,-108.5059285429,0.));
#11934 = CARTESIAN_POINT('',(200.5726437479,-110.6395811003,0.));
#11935 = CARTESIAN_POINT('',(200.39064594356,-110.6286178005,0.));
#11936 = CARTESIAN_POINT('',(193.68487407114,-107.9555200302,0.));
#11937 = B_SPLINE_SURFACE_WITH_KNOTS('',3,1,(
    (#11938,#11939)
    ,(#11940,#11941)
    ,(#11942,#11943)
    ,(#11944,#11945
    )),.UNSPECIFIED.,.F.,.F.,.F.,(4,4),(2,2),(-1.,0.),(0.,1.),
  .PIECEWISE_BEZIER_KNOTS.);
#11938 = CARTESIAN_POINT('',(193.68487407114,-107.9555200302,-2.));
#11939 = CARTESIAN_POINT('',(193.68487407114,-107.9555200302,8.));
#11940 = CARTESIAN_POINT('',(200.39064594356,-110.6286178005,-2.));
#11941 = CARTESIAN_POINT('',(200.39064594356,-110.6286178005,8.));
#11942 = CARTESIAN_POINT('',(200.5726437479,-110.6395811003,-2.));
#11943 = CARTESIAN_POINT('',(200.5726437479,-110.6395811003,8.));
#11944 = CARTESIAN_POINT('',(202.76550448199,-108.5059285429,-2.));
#11945 = CARTESIAN_POINT('',(202.76550448199,-108.5059285429,8.));
#11946 = ADVANCED_FACE('',(#11947),#11974,.F.);
#11947 = FACE_BOUND('',#11948,.F.);
#11948 = EDGE_LOOP('',(#11949,#11959,#11966,#11967));
#11949 = ORIENTED_EDGE('',*,*,#11950,.F.);
#11950 = EDGE_CURVE('',#11951,#11953,#11955,.T.);
#11951 = VERTEX_POINT('',#11952);
#11952 = CARTESIAN_POINT('',(184.20951802081,-102.7715973887,-2.));
#11953 = VERTEX_POINT('',#11954);
#11954 = CARTESIAN_POINT('',(184.20951802081,-102.7715973887,0.));
#11955 = LINE('',#11956,#11957);
#11956 = CARTESIAN_POINT('',(184.20951802081,-102.7715973887,-2.));
#11957 = VECTOR('',#11958,1.);
#11958 = DIRECTION('',(0.,0.,1.));
#11959 = ORIENTED_EDGE('',*,*,#11960,.T.);
#11960 = EDGE_CURVE('',#11951,#11905,#11961,.T.);
#11961 = B_SPLINE_CURVE_WITH_KNOTS('',3,(#11962,#11963,#11964,#11965),
  .UNSPECIFIED.,.F.,.F.,(4,4),(-1.,0.),.PIECEWISE_BEZIER_KNOTS.);
#11962 = CARTESIAN_POINT('',(184.20951802081,-102.7715973887,-2.));
#11963 = CARTESIAN_POINT('',(186.79051938777,-105.1793575378,-2.));
#11964 = CARTESIAN_POINT('',(186.98129720091,-105.28242226,-2.));
#11965 = CARTESIAN_POINT('',(193.68487407114,-107.9555200302,-2.));
#11966 = ORIENTED_EDGE('',*,*,#11904,.T.);
#11967 = ORIENTED_EDGE('',*,*,#11968,.T.);
#11968 = EDGE_CURVE('',#11907,#11953,#11969,.T.);
#11969 = B_SPLINE_CURVE_WITH_KNOTS('',3,(#11970,#11971,#11972,#11973),
  .UNSPECIFIED.,.F.,.F.,(4,4),(0.,2.157739064716),
  .PIECEWISE_BEZIER_KNOTS.);
#11970 = CARTESIAN_POINT('',(193.68487407114,-107.9555200302,0.));
#11971 = CARTESIAN_POINT('',(186.98129720091,-105.28242226,0.));
#11972 = CARTESIAN_POINT('',(186.79051938777,-105.1793575378,0.));
#11973 = CARTESIAN_POINT('',(184.20951802081,-102.7715973887,0.));
#11974 = B_SPLINE_SURFACE_WITH_KNOTS('',3,1,(
    (#11975,#11976)
    ,(#11977,#11978)
    ,(#11979,#11980)
    ,(#11981,#11982
    )),.UNSPECIFIED.,.F.,.F.,.F.,(4,4),(2,2),(-1.,0.),(0.,1.),
  .PIECEWISE_BEZIER_KNOTS.);
#11975 = CARTESIAN_POINT('',(184.20951802081,-102.7715973887,-2.));
#11976 = CARTESIAN_POINT('',(184.20951802081,-102.7715973887,8.));
#11977 = CARTESIAN_POINT('',(186.79051938777,-105.1793575378,-2.));
#11978 = CARTESIAN_POINT('',(186.79051938777,-105.1793575378,8.));
#11979 = CARTESIAN_POINT('',(186.98129720091,-105.28242226,-2.));
#11980 = CARTESIAN_POINT('',(186.98129720091,-105.28242226,8.));
#11981 = CARTESIAN_POINT('',(193.68487407114,-107.9555200302,-2.));
#11982 = CARTESIAN_POINT('',(193.68487407114,-107.9555200302,8.));
#11983 = ADVANCED_FACE('',(#11984),#12011,.F.);
#11984 = FACE_BOUND('',#11985,.F.);
#11985 = EDGE_LOOP('',(#11986,#11996,#12003,#12004));
#11986 = ORIENTED_EDGE('',*,*,#11987,.F.);
#11987 = EDGE_CURVE('',#11988,#11990,#11992,.T.);
#11988 = VERTEX_POINT('',#11989);
#11989 = CARTESIAN_POINT('',(183.84988564822,-97.93633880084,-2.));
#11990 = VERTEX_POINT('',#11991);
#11991 = CARTESIAN_POINT('',(183.84988564822,-97.93633880084,0.));
#11992 = LINE('',#11993,#11994);
#11993 = CARTESIAN_POINT('',(183.84988564822,-97.93633880084,-2.));
#11994 = VECTOR('',#11995,1.);
#11995 = DIRECTION('',(0.,0.,1.));
#11996 = ORIENTED_EDGE('',*,*,#11997,.T.);
#11997 = EDGE_CURVE('',#11988,#11951,#11998,.T.);
#11998 = B_SPLINE_CURVE_WITH_KNOTS('',3,(#11999,#12000,#12001,#12002),
  .UNSPECIFIED.,.F.,.F.,(4,4),(-1.,0.),.PIECEWISE_BEZIER_KNOTS.);
#11999 = CARTESIAN_POINT('',(183.84988564822,-97.93633880084,-2.));
#12000 = CARTESIAN_POINT('',(181.62194503141,-100.269542488,-2.));
#12001 = CARTESIAN_POINT('',(181.62853003801,-100.3660288957,-2.));
#12002 = CARTESIAN_POINT('',(184.20951802081,-102.7715973887,-2.));
#12003 = ORIENTED_EDGE('',*,*,#11950,.T.);
#12004 = ORIENTED_EDGE('',*,*,#12005,.T.);
#12005 = EDGE_CURVE('',#11953,#11990,#12006,.T.);
#12006 = B_SPLINE_CURVE_WITH_KNOTS('',3,(#12007,#12008,#12009,#12010),
  .UNSPECIFIED.,.F.,.F.,(4,4),(0.,1.065516498969),
  .PIECEWISE_BEZIER_KNOTS.);
#12007 = CARTESIAN_POINT('',(184.20951802081,-102.7715973887,0.));
#12008 = CARTESIAN_POINT('',(181.62853003801,-100.3660288957,0.));
#12009 = CARTESIAN_POINT('',(181.62194503141,-100.269542488,0.));
#12010 = CARTESIAN_POINT('',(183.84988564822,-97.93633880084,0.));
#12011 = B_SPLINE_SURFACE_WITH_KNOTS('',3,1,(
    (#12012,#12013)
    ,(#12014,#12015)
    ,(#12016,#12017)
    ,(#12018,#12019
    )),.UNSPECIFIED.,.F.,.F.,.F.,(4,4),(2,2),(-1.,0.),(0.,1.),
  .PIECEWISE_BEZIER_KNOTS.);
#12012 = CARTESIAN_POINT('',(183.84988564822,-97.93633880084,-2.));
#12013 = CARTESIAN_POINT('',(183.84988564822,-97.93633880084,8.));
#12014 = CARTESIAN_POINT('',(181.62194503141,-100.269542488,-2.));
#12015 = CARTESIAN_POINT('',(181.62194503141,-100.269542488,8.));
#12016 = CARTESIAN_POINT('',(181.62853003801,-100.3660288957,-2.));
#12017 = CARTESIAN_POINT('',(181.62853003801,-100.3660288957,8.));
#12018 = CARTESIAN_POINT('',(184.20951802081,-102.7715973887,-2.));
#12019 = CARTESIAN_POINT('',(184.20951802081,-102.7715973887,8.));
#12020 = ADVANCED_FACE('',(#12021),#12048,.F.);
#12021 = FACE_BOUND('',#12022,.F.);
#12022 = EDGE_LOOP('',(#12023,#12033,#12040,#12041));
#12023 = ORIENTED_EDGE('',*,*,#12024,.F.);
#12024 = EDGE_CURVE('',#12025,#12027,#12029,.T.);
#12025 = VERTEX_POINT('',#12026);
#12026 = CARTESIAN_POINT('',(192.30994610793,-97.46925839375,-2.));
#12027 = VERTEX_POINT('',#12028);
#12028 = CARTESIAN_POINT('',(192.30994610793,-97.46925839375,0.));
#12029 = LINE('',#12030,#12031);
#12030 = CARTESIAN_POINT('',(192.30994610793,-97.46925839375,-2.));
#12031 = VECTOR('',#12032,1.);
#12032 = DIRECTION('',(0.,0.,1.));
#12033 = ORIENTED_EDGE('',*,*,#12034,.T.);
#12034 = EDGE_CURVE('',#12025,#11988,#12035,.T.);
#12035 = B_SPLINE_CURVE_WITH_KNOTS('',3,(#12036,#12037,#12038,#12039),
  .UNSPECIFIED.,.F.,.F.,(4,4),(-1.,0.),.PIECEWISE_BEZIER_KNOTS.);
#12036 = CARTESIAN_POINT('',(192.30994610793,-97.46925839375,-2.));
#12037 = CARTESIAN_POINT('',(186.24669420865,-95.59436514293,-2.));
#12038 = CARTESIAN_POINT('',(186.07783964919,-95.60313511361,-2.));
#12039 = CARTESIAN_POINT('',(183.84988564822,-97.93633880084,-2.));
#12040 = ORIENTED_EDGE('',*,*,#11987,.T.);
#12041 = ORIENTED_EDGE('',*,*,#12042,.T.);
#12042 = EDGE_CURVE('',#11990,#12027,#12043,.T.);
#12043 = B_SPLINE_CURVE_WITH_KNOTS('',3,(#12044,#12045,#12046,#12047),
  .UNSPECIFIED.,.F.,.F.,(4,4),(0.,0.945231453991),
  .PIECEWISE_BEZIER_KNOTS.);
#12044 = CARTESIAN_POINT('',(183.84988564822,-97.93633880084,0.));
#12045 = CARTESIAN_POINT('',(186.07783964919,-95.60313511361,0.));
#12046 = CARTESIAN_POINT('',(186.24669420865,-95.59436514293,0.));
#12047 = CARTESIAN_POINT('',(192.30994610793,-97.46925839375,0.));
#12048 = B_SPLINE_SURFACE_WITH_KNOTS('',3,1,(
    (#12049,#12050)
    ,(#12051,#12052)
    ,(#12053,#12054)
    ,(#12055,#12056
    )),.UNSPECIFIED.,.F.,.F.,.F.,(4,4),(2,2),(-1.,0.),(0.,1.),
  .PIECEWISE_BEZIER_KNOTS.);
#12049 = CARTESIAN_POINT('',(192.30994610793,-97.46925839375,-2.));
#12050 = CARTESIAN_POINT('',(192.30994610793,-97.46925839375,8.));
#12051 = CARTESIAN_POINT('',(186.24669420865,-95.59436514293,-2.));
#12052 = CARTESIAN_POINT('',(186.24669420865,-95.59436514293,8.));
#12053 = CARTESIAN_POINT('',(186.07783964919,-95.60313511361,-2.));
#12054 = CARTESIAN_POINT('',(186.07783964919,-95.60313511361,8.));
#12055 = CARTESIAN_POINT('',(183.84988564822,-97.93633880084,-2.));
#12056 = CARTESIAN_POINT('',(183.84988564822,-97.93633880084,8.));
#12057 = ADVANCED_FACE('',(#12058),#12085,.F.);
#12058 = FACE_BOUND('',#12059,.F.);
#12059 = EDGE_LOOP('',(#12060,#12070,#12077,#12078));
#12060 = ORIENTED_EDGE('',*,*,#12061,.F.);
#12061 = EDGE_CURVE('',#12062,#12064,#12066,.T.);
#12062 = VERTEX_POINT('',#12063);
#12063 = CARTESIAN_POINT('',(201.75020889138,-102.8571188235,-2.));
#12064 = VERTEX_POINT('',#12065);
#12065 = CARTESIAN_POINT('',(201.75020889138,-102.8571188235,0.));
#12066 = LINE('',#12067,#12068);
#12067 = CARTESIAN_POINT('',(201.75020889138,-102.8571188235,-2.));
#12068 = VECTOR('',#12069,1.);
#12069 = DIRECTION('',(0.,0.,1.));
#12070 = ORIENTED_EDGE('',*,*,#12071,.T.);
#12071 = EDGE_CURVE('',#12062,#12025,#12072,.T.);
#12072 = B_SPLINE_CURVE_WITH_KNOTS('',3,(#12073,#12074,#12075,#12076),
  .UNSPECIFIED.,.F.,.F.,(4,4),(-1.,0.),.PIECEWISE_BEZIER_KNOTS.);
#12073 = CARTESIAN_POINT('',(201.75020889138,-102.8571188235,-2.));
#12074 = CARTESIAN_POINT('',(198.5595992001,-99.45160637115,-2.));
#12075 = CARTESIAN_POINT('',(198.37101638916,-99.34415499061,-2.));
#12076 = CARTESIAN_POINT('',(192.30994610793,-97.46925839375,-2.));
#12077 = ORIENTED_EDGE('',*,*,#12024,.T.);
#12078 = ORIENTED_EDGE('',*,*,#12079,.T.);
#12079 = EDGE_CURVE('',#12027,#12064,#12080,.T.);
#12080 = B_SPLINE_CURVE_WITH_KNOTS('',3,(#12081,#12082,#12083,#12084),
  .UNSPECIFIED.,.F.,.F.,(4,4),(0.,1.904485553318),
  .PIECEWISE_BEZIER_KNOTS.);
#12081 = CARTESIAN_POINT('',(192.30994610793,-97.46925839375,0.));
#12082 = CARTESIAN_POINT('',(198.37101638916,-99.34415499061,0.));
#12083 = CARTESIAN_POINT('',(198.5595992001,-99.45160637115,0.));
#12084 = CARTESIAN_POINT('',(201.75020889138,-102.8571188235,0.));
#12085 = B_SPLINE_SURFACE_WITH_KNOTS('',3,1,(
    (#12086,#12087)
    ,(#12088,#12089)
    ,(#12090,#12091)
    ,(#12092,#12093
    )),.UNSPECIFIED.,.F.,.F.,.F.,(4,4),(2,2),(-1.,0.),(0.,1.),
  .PIECEWISE_BEZIER_KNOTS.);
#12086 = CARTESIAN_POINT('',(201.75020889138,-102.8571188235,-2.));
#12087 = CARTESIAN_POINT('',(201.75020889138,-102.8571188235,8.));
#12088 = CARTESIAN_POINT('',(198.5595992001,-99.45160637115,-2.));
#12089 = CARTESIAN_POINT('',(198.5595992001,-99.45160637115,8.));
#12090 = CARTESIAN_POINT('',(198.37101638916,-99.34415499061,-2.));
#12091 = CARTESIAN_POINT('',(198.37101638916,-99.34415499061,8.));
#12092 = CARTESIAN_POINT('',(192.30994610793,-97.46925839375,-2.));
#12093 = CARTESIAN_POINT('',(192.30994610793,-97.46925839375,8.));
#12094 = ADVANCED_FACE('',(#12095),#12113,.F.);
#12095 = FACE_BOUND('',#12096,.F.);
#12096 = EDGE_LOOP('',(#12097,#12098,#12105,#12106));
#12097 = ORIENTED_EDGE('',*,*,#11923,.F.);
#12098 = ORIENTED_EDGE('',*,*,#12099,.T.);
#12099 = EDGE_CURVE('',#11915,#12062,#12100,.T.);
#12100 = B_SPLINE_CURVE_WITH_KNOTS('',3,(#12101,#12102,#12103,#12104),
  .UNSPECIFIED.,.F.,.F.,(4,4),(-1.,0.),.PIECEWISE_BEZIER_KNOTS.);
#12101 = CARTESIAN_POINT('',(202.76550448199,-108.5059285429,-2.));
#12102 = CARTESIAN_POINT('',(204.96056021829,-106.3744676417,-2.));
#12103 = CARTESIAN_POINT('',(204.94083196681,-106.2604379467,-2.));
#12104 = CARTESIAN_POINT('',(201.75020889138,-102.8571188235,-2.));
#12105 = ORIENTED_EDGE('',*,*,#12061,.T.);
#12106 = ORIENTED_EDGE('',*,*,#12107,.T.);
#12107 = EDGE_CURVE('',#12064,#11924,#12108,.T.);
#12108 = B_SPLINE_CURVE_WITH_KNOTS('',3,(#12109,#12110,#12111,#12112),
  .UNSPECIFIED.,.F.,.F.,(4,4),(0.,1.405661796166),
  .PIECEWISE_BEZIER_KNOTS.);
#12109 = CARTESIAN_POINT('',(201.75020889138,-102.8571188235,0.));
#12110 = CARTESIAN_POINT('',(204.94083196681,-106.2604379467,0.));
#12111 = CARTESIAN_POINT('',(204.96056021829,-106.3744676417,0.));
#12112 = CARTESIAN_POINT('',(202.76550448199,-108.5059285429,0.));
#12113 = B_SPLINE_SURFACE_WITH_KNOTS('',3,1,(
    (#12114,#12115)
    ,(#12116,#12117)
    ,(#12118,#12119)
    ,(#12120,#12121
    )),.UNSPECIFIED.,.F.,.F.,.F.,(4,4),(2,2),(-1.,0.),(0.,1.),
  .PIECEWISE_BEZIER_KNOTS.);
#12114 = CARTESIAN_POINT('',(202.76550448199,-108.5059285429,-2.));
#12115 = CARTESIAN_POINT('',(202.76550448199,-108.5059285429,8.));
#12116 = CARTESIAN_POINT('',(204.96056021829,-106.3744676417,-2.));
#12117 = CARTESIAN_POINT('',(204.96056021829,-106.3744676417,8.));
#12118 = CARTESIAN_POINT('',(204.94083196681,-106.2604379467,-2.));
#12119 = CARTESIAN_POINT('',(204.94083196681,-106.2604379467,8.));
#12120 = CARTESIAN_POINT('',(201.75020889138,-102.8571188235,-2.));
#12121 = CARTESIAN_POINT('',(201.75020889138,-102.8571188235,8.));
#12122 = ADVANCED_FACE('',(#12123),#12159,.F.);
#12123 = FACE_BOUND('',#12124,.F.);
#12124 = EDGE_LOOP('',(#12125,#12135,#12144,#12152));
#12125 = ORIENTED_EDGE('',*,*,#12126,.F.);
#12126 = EDGE_CURVE('',#12127,#12129,#12131,.T.);
#12127 = VERTEX_POINT('',#12128);
#12128 = CARTESIAN_POINT('',(203.75229181234,-127.919323936,-2.));
#12129 = VERTEX_POINT('',#12130);
#12130 = CARTESIAN_POINT('',(203.75229181234,-127.919323936,0.));
#12131 = LINE('',#12132,#12133);
#12132 = CARTESIAN_POINT('',(203.75229181234,-127.919323936,-2.));
#12133 = VECTOR('',#12134,1.);
#12134 = DIRECTION('',(0.,0.,1.));
#12135 = ORIENTED_EDGE('',*,*,#12136,.T.);
#12136 = EDGE_CURVE('',#12127,#12137,#12139,.T.);
#12137 = VERTEX_POINT('',#12138);
#12138 = CARTESIAN_POINT('',(211.65317546168,-117.7203286115,-2.));
#12139 = B_SPLINE_CURVE_WITH_KNOTS('',3,(#12140,#12141,#12142,#12143),
  .UNSPECIFIED.,.F.,.F.,(4,4),(-1.,0.),.PIECEWISE_BEZIER_KNOTS.);
#12140 = CARTESIAN_POINT('',(203.75229181234,-127.919323936,-2.));
#12141 = CARTESIAN_POINT('',(211.49528252906,-127.919323936,-2.));
#12142 = CARTESIAN_POINT('',(211.65317546168,-127.7153880299,-2.));
#12143 = CARTESIAN_POINT('',(211.65317546168,-117.7203286115,-2.));
#12144 = ORIENTED_EDGE('',*,*,#12145,.T.);
#12145 = EDGE_CURVE('',#12137,#12146,#12148,.T.);
#12146 = VERTEX_POINT('',#12147);
#12147 = CARTESIAN_POINT('',(211.65317546168,-117.7203286115,0.));
#12148 = LINE('',#12149,#12150);
#12149 = CARTESIAN_POINT('',(211.65317546168,-117.7203286115,-2.));
#12150 = VECTOR('',#12151,1.);
#12151 = DIRECTION('',(0.,0.,1.));
#12152 = ORIENTED_EDGE('',*,*,#12153,.T.);
#12153 = EDGE_CURVE('',#12146,#12129,#12154,.T.);
#12154 = B_SPLINE_CURVE_WITH_KNOTS('',3,(#12155,#12156,#12157,#12158),
  .UNSPECIFIED.,.F.,.F.,(4,4),(0.,2.983912226904),
  .PIECEWISE_BEZIER_KNOTS.);
#12155 = CARTESIAN_POINT('',(211.65317546168,-117.7203286115,0.));
#12156 = CARTESIAN_POINT('',(211.65317546168,-127.7153880299,0.));
#12157 = CARTESIAN_POINT('',(211.49528252906,-127.919323936,0.));
#12158 = CARTESIAN_POINT('',(203.75229181234,-127.919323936,0.));
#12159 = B_SPLINE_SURFACE_WITH_KNOTS('',3,1,(
    (#12160,#12161)
    ,(#12162,#12163)
    ,(#12164,#12165)
    ,(#12166,#12167
    )),.UNSPECIFIED.,.F.,.F.,.F.,(4,4),(2,2),(-1.,0.),(0.,1.),
  .PIECEWISE_BEZIER_KNOTS.);
#12160 = CARTESIAN_POINT('',(203.75229181234,-127.919323936,-2.));
#12161 = CARTESIAN_POINT('',(203.75229181234,-127.919323936,8.));
#12162 = CARTESIAN_POINT('',(211.49528252906,-127.919323936,-2.));
#12163 = CARTESIAN_POINT('',(211.49528252906,-127.919323936,8.));
#12164 = CARTESIAN_POINT('',(211.65317546168,-127.7153880299,-2.));
#12165 = CARTESIAN_POINT('',(211.65317546168,-127.7153880299,8.));
#12166 = CARTESIAN_POINT('',(211.65317546168,-117.7203286115,-2.));
#12167 = CARTESIAN_POINT('',(211.65317546168,-117.7203286115,8.));
#12168 = ADVANCED_FACE('',(#12169),#12208,.F.);
#12169 = FACE_BOUND('',#12170,.F.);
#12170 = EDGE_LOOP('',(#12171,#12181,#12188,#12189));
#12171 = ORIENTED_EDGE('',*,*,#12172,.F.);
#12172 = EDGE_CURVE('',#12173,#12175,#12177,.T.);
#12173 = VERTEX_POINT('',#12174);
#12174 = CARTESIAN_POINT('',(199.1341276417,-120.3495689997,-2.));
#12175 = VERTEX_POINT('',#12176);
#12176 = CARTESIAN_POINT('',(199.1341276417,-120.3495689997,0.));
#12177 = LINE('',#12178,#12179);
#12178 = CARTESIAN_POINT('',(199.1341276417,-120.3495689997,-2.));
#12179 = VECTOR('',#12180,1.);
#12180 = DIRECTION('',(0.,0.,1.));
#12181 = ORIENTED_EDGE('',*,*,#12182,.T.);
#12182 = EDGE_CURVE('',#12173,#12127,#12183,.T.);
#12183 = B_SPLINE_CURVE_WITH_KNOTS('',3,(#12184,#12185,#12186,#12187),
  .UNSPECIFIED.,.F.,.F.,(4,4),(-1.,0.),.PIECEWISE_BEZIER_KNOTS.);
#12184 = CARTESIAN_POINT('',(199.1341276417,-120.3495689997,-2.));
#12185 = CARTESIAN_POINT('',(195.91500969015,-127.7680166373,-2.));
#12186 = CARTESIAN_POINT('',(196.00710609341,-127.919323936,-2.));
#12187 = CARTESIAN_POINT('',(203.75229181234,-127.919323936,-2.));
#12188 = ORIENTED_EDGE('',*,*,#12126,.T.);
#12189 = ORIENTED_EDGE('',*,*,#12190,.T.);
#12190 = EDGE_CURVE('',#12129,#12175,#12191,.T.);
#12191 = B_SPLINE_CURVE_WITH_KNOTS('',3,(#12192,#12193,#12194,#12195,
    #12196,#12197,#12198,#12199,#12200,#12201,#12202,#12203,#12204,
    #12205,#12206,#12207),.UNSPECIFIED.,.F.,.F.,(4,2,2,2,2,2,2,4),(0.,
    0.580719607723,0.931253847973,1.093940762213,1.231934338396,
    1.402418998213,1.701519358534,2.387532762737),.UNSPECIFIED.);
#12192 = CARTESIAN_POINT('',(203.75229181234,-127.919323936,0.));
#12193 = CARTESIAN_POINT('',(201.81655978659,-127.919323936,0.));
#12194 = CARTESIAN_POINT('',(200.35865714894,-127.909946731,0.));
#12195 = CARTESIAN_POINT('',(198.6778349052,-127.701190939,0.));
#12196 = CARTESIAN_POINT('',(198.19563429624,-127.5787159997,0.));
#12197 = CARTESIAN_POINT('',(197.68639837747,-127.2996187836,0.));
#12198 = CARTESIAN_POINT('',(197.53986946116,-127.1887507808,0.));
#12199 = CARTESIAN_POINT('',(197.32425601585,-126.9244152407,0.));
#12200 = CARTESIAN_POINT('',(197.25392383622,-126.7888397163,0.));
#12201 = CARTESIAN_POINT('',(197.15040719771,-126.4547418121,0.));
#12202 = CARTESIAN_POINT('',(197.13285062837,-126.2578597368,0.));
#12203 = CARTESIAN_POINT('',(197.14324662889,-125.7276319179,0.));
#12204 = CARTESIAN_POINT('',(197.2166457363,-125.3302488692,0.));
#12205 = CARTESIAN_POINT('',(197.6565775433,-123.7799873745,0.));
#12206 = CARTESIAN_POINT('',(198.27840712474,-122.3215743574,0.));
#12207 = CARTESIAN_POINT('',(199.1341276417,-120.3495689997,0.));
#12208 = B_SPLINE_SURFACE_WITH_KNOTS('',3,1,(
    (#12209,#12210)
    ,(#12211,#12212)
    ,(#12213,#12214)
    ,(#12215,#12216
    )),.UNSPECIFIED.,.F.,.F.,.F.,(4,4),(2,2),(-1.,0.),(0.,1.),
  .PIECEWISE_BEZIER_KNOTS.);
#12209 = CARTESIAN_POINT('',(199.1341276417,-120.3495689997,-2.));
#12210 = CARTESIAN_POINT('',(199.1341276417,-120.3495689997,8.));
#12211 = CARTESIAN_POINT('',(195.91500969015,-127.7680166373,-2.));
#12212 = CARTESIAN_POINT('',(195.91500969015,-127.7680166373,8.));
#12213 = CARTESIAN_POINT('',(196.00710609341,-127.919323936,-2.));
#12214 = CARTESIAN_POINT('',(196.00710609341,-127.919323936,8.));
#12215 = CARTESIAN_POINT('',(203.75229181234,-127.919323936,-2.));
#12216 = CARTESIAN_POINT('',(203.75229181234,-127.919323936,8.));
#12217 = ADVANCED_FACE('',(#12218),#12245,.F.);
#12218 = FACE_BOUND('',#12219,.F.);
#12219 = EDGE_LOOP('',(#12220,#12230,#12237,#12238));
#12220 = ORIENTED_EDGE('',*,*,#12221,.F.);
#12221 = EDGE_CURVE('',#12222,#12224,#12226,.T.);
#12222 = VERTEX_POINT('',#12223);
#12223 = CARTESIAN_POINT('',(204.65574936405,-110.6066878547,-2.));
#12224 = VERTEX_POINT('',#12225);
#12225 = CARTESIAN_POINT('',(204.65574936405,-110.6066878547,0.));
#12226 = LINE('',#12227,#12228);
#12227 = CARTESIAN_POINT('',(204.65574936405,-110.6066878547,-2.));
#12228 = VECTOR('',#12229,1.);
#12229 = DIRECTION('',(0.,0.,1.));
#12230 = ORIENTED_EDGE('',*,*,#12231,.T.);
#12231 = EDGE_CURVE('',#12222,#12173,#12232,.T.);
#12232 = B_SPLINE_CURVE_WITH_KNOTS('',3,(#12233,#12234,#12235,#12236),
  .UNSPECIFIED.,.F.,.F.,(4,4),(-1.,0.),.PIECEWISE_BEZIER_KNOTS.);
#12233 = CARTESIAN_POINT('',(204.65574936405,-110.6066878547,-2.));
#12234 = CARTESIAN_POINT('',(202.46288862996,-112.7381487559,-2.));
#12235 = CARTESIAN_POINT('',(202.35106397521,-112.9333132274,-2.));
#12236 = CARTESIAN_POINT('',(199.1341276417,-120.3495689997,-2.));
#12237 = ORIENTED_EDGE('',*,*,#12172,.T.);
#12238 = ORIENTED_EDGE('',*,*,#12239,.T.);
#12239 = EDGE_CURVE('',#12175,#12224,#12240,.T.);
#12240 = B_SPLINE_CURVE_WITH_KNOTS('',3,(#12241,#12242,#12243,#12244),
  .UNSPECIFIED.,.F.,.F.,(4,4),(0.,2.425316612347),
  .PIECEWISE_BEZIER_KNOTS.);
#12241 = CARTESIAN_POINT('',(199.1341276417,-120.3495689997,0.));
#12242 = CARTESIAN_POINT('',(202.35106397521,-112.9333132274,0.));
#12243 = CARTESIAN_POINT('',(202.46288862996,-112.7381487559,0.));
#12244 = CARTESIAN_POINT('',(204.65574936405,-110.6066878547,0.));
#12245 = B_SPLINE_SURFACE_WITH_KNOTS('',3,1,(
    (#12246,#12247)
    ,(#12248,#12249)
    ,(#12250,#12251)
    ,(#12252,#12253
    )),.UNSPECIFIED.,.F.,.F.,.F.,(4,4),(2,2),(-1.,0.),(0.,1.),
  .PIECEWISE_BEZIER_KNOTS.);
#12246 = CARTESIAN_POINT('',(204.65574936405,-110.6066878547,-2.));
#12247 = CARTESIAN_POINT('',(204.65574936405,-110.6066878547,8.));
#12248 = CARTESIAN_POINT('',(202.46288862996,-112.7381487559,-2.));
#12249 = CARTESIAN_POINT('',(202.46288862996,-112.7381487559,8.));
#12250 = CARTESIAN_POINT('',(202.35106397521,-112.9333132274,-2.));
#12251 = CARTESIAN_POINT('',(202.35106397521,-112.9333132274,8.));
#12252 = CARTESIAN_POINT('',(199.1341276417,-120.3495689997,-2.));
#12253 = CARTESIAN_POINT('',(199.1341276417,-120.3495689997,8.));
#12254 = ADVANCED_FACE('',(#12255),#12282,.F.);
#12255 = FACE_BOUND('',#12256,.F.);
#12256 = EDGE_LOOP('',(#12257,#12267,#12274,#12275));
#12257 = ORIENTED_EDGE('',*,*,#12258,.F.);
#12258 = EDGE_CURVE('',#12259,#12261,#12263,.T.);
#12259 = VERTEX_POINT('',#12260);
#12260 = CARTESIAN_POINT('',(209.27391353469,-107.9752549738,-2.));
#12261 = VERTEX_POINT('',#12262);
#12262 = CARTESIAN_POINT('',(209.27391353469,-107.9752549738,0.));
#12263 = LINE('',#12264,#12265);
#12264 = CARTESIAN_POINT('',(209.27391353469,-107.9752549738,-2.));
#12265 = VECTOR('',#12266,1.);
#12266 = DIRECTION('',(0.,0.,1.));
#12267 = ORIENTED_EDGE('',*,*,#12268,.T.);
#12268 = EDGE_CURVE('',#12259,#12222,#12269,.T.);
#12269 = B_SPLINE_CURVE_WITH_KNOTS('',3,(#12270,#12271,#12272,#12273),
  .UNSPECIFIED.,.F.,.F.,(4,4),(-1.,0.),.PIECEWISE_BEZIER_KNOTS.);
#12270 = CARTESIAN_POINT('',(209.27391353469,-107.9752549738,-2.));
#12271 = CARTESIAN_POINT('',(206.94290150361,-108.4204071082,-2.));
#12272 = CARTESIAN_POINT('',(206.85080510035,-108.4730352973,-2.));
#12273 = CARTESIAN_POINT('',(204.65574936405,-110.6066878547,-2.));
#12274 = ORIENTED_EDGE('',*,*,#12221,.T.);
#12275 = ORIENTED_EDGE('',*,*,#12276,.T.);
#12276 = EDGE_CURVE('',#12224,#12261,#12277,.T.);
#12277 = B_SPLINE_CURVE_WITH_KNOTS('',3,(#12278,#12279,#12280,#12281),
  .UNSPECIFIED.,.F.,.F.,(4,4),(0.,0.918882808243),
  .PIECEWISE_BEZIER_KNOTS.);
#12278 = CARTESIAN_POINT('',(204.65574936405,-110.6066878547,0.));
#12279 = CARTESIAN_POINT('',(206.85080510035,-108.4730352973,0.));
#12280 = CARTESIAN_POINT('',(206.94290150361,-108.4204071082,0.));
#12281 = CARTESIAN_POINT('',(209.27391353469,-107.9752549738,0.));
#12282 = B_SPLINE_SURFACE_WITH_KNOTS('',3,1,(
    (#12283,#12284)
    ,(#12285,#12286)
    ,(#12287,#12288)
    ,(#12289,#12290
    )),.UNSPECIFIED.,.F.,.F.,.F.,(4,4),(2,2),(-1.,0.),(0.,1.),
  .PIECEWISE_BEZIER_KNOTS.);
#12283 = CARTESIAN_POINT('',(209.27391353469,-107.9752549738,-2.));
#12284 = CARTESIAN_POINT('',(209.27391353469,-107.9752549738,8.));
#12285 = CARTESIAN_POINT('',(206.94290150361,-108.4204071082,-2.));
#12286 = CARTESIAN_POINT('',(206.94290150361,-108.4204071082,8.));
#12287 = CARTESIAN_POINT('',(206.85080510035,-108.4730352973,-2.));
#12288 = CARTESIAN_POINT('',(206.85080510035,-108.4730352973,8.));
#12289 = CARTESIAN_POINT('',(204.65574936405,-110.6066878547,-2.));
#12290 = CARTESIAN_POINT('',(204.65574936405,-110.6066878547,8.));
#12291 = ADVANCED_FACE('',(#12292),#12310,.F.);
#12292 = FACE_BOUND('',#12293,.F.);
#12293 = EDGE_LOOP('',(#12294,#12295,#12302,#12303));
#12294 = ORIENTED_EDGE('',*,*,#12145,.F.);
#12295 = ORIENTED_EDGE('',*,*,#12296,.T.);
#12296 = EDGE_CURVE('',#12137,#12259,#12297,.T.);
#12297 = B_SPLINE_CURVE_WITH_KNOTS('',3,(#12298,#12299,#12300,#12301),
  .UNSPECIFIED.,.F.,.F.,(4,4),(-1.,0.),.PIECEWISE_BEZIER_KNOTS.);
#12298 = CARTESIAN_POINT('',(211.65317546168,-117.7203286115,-2.));
#12299 = CARTESIAN_POINT('',(211.65317546168,-107.725268984,-2.));
#12300 = CARTESIAN_POINT('',(211.60492556577,-107.5301045125,-2.));
#12301 = CARTESIAN_POINT('',(209.27391353469,-107.9752549738,-2.));
#12302 = ORIENTED_EDGE('',*,*,#12258,.T.);
#12303 = ORIENTED_EDGE('',*,*,#12304,.T.);
#12304 = EDGE_CURVE('',#12261,#12146,#12305,.T.);
#12305 = B_SPLINE_CURVE_WITH_KNOTS('',3,(#12306,#12307,#12308,#12309),
  .UNSPECIFIED.,.F.,.F.,(4,4),(0.,0.856730933906),
  .PIECEWISE_BEZIER_KNOTS.);
#12306 = CARTESIAN_POINT('',(209.27391353469,-107.9752549738,0.));
#12307 = CARTESIAN_POINT('',(211.60492556577,-107.5301045125,0.));
#12308 = CARTESIAN_POINT('',(211.65317546168,-107.725268984,0.));
#12309 = CARTESIAN_POINT('',(211.65317546168,-117.7203286115,0.));
#12310 = B_SPLINE_SURFACE_WITH_KNOTS('',3,1,(
    (#12311,#12312)
    ,(#12313,#12314)
    ,(#12315,#12316)
    ,(#12317,#12318
    )),.UNSPECIFIED.,.F.,.F.,.F.,(4,4),(2,2),(-1.,0.),(0.,1.),
  .PIECEWISE_BEZIER_KNOTS.);
#12311 = CARTESIAN_POINT('',(211.65317546168,-117.7203286115,-2.));
#12312 = CARTESIAN_POINT('',(211.65317546168,-117.7203286115,8.));
#12313 = CARTESIAN_POINT('',(211.65317546168,-107.725268984,-2.));
#12314 = CARTESIAN_POINT('',(211.65317546168,-107.725268984,8.));
#12315 = CARTESIAN_POINT('',(211.60492556577,-107.5301045125,-2.));
#12316 = CARTESIAN_POINT('',(211.60492556577,-107.5301045125,8.));
#12317 = CARTESIAN_POINT('',(209.27391353469,-107.9752549738,-2.));
#12318 = CARTESIAN_POINT('',(209.27391353469,-107.9752549738,8.));
#12319 = ADVANCED_FACE('',(#12320),#12356,.F.);
#12320 = FACE_BOUND('',#12321,.F.);
#12321 = EDGE_LOOP('',(#12322,#12332,#12341,#12349));
#12322 = ORIENTED_EDGE('',*,*,#12323,.F.);
#12323 = EDGE_CURVE('',#12324,#12326,#12328,.T.);
#12324 = VERTEX_POINT('',#12325);
#12325 = CARTESIAN_POINT('',(143.93544366745,-84.36911050973,-2.));
#12326 = VERTEX_POINT('',#12327);
#12327 = CARTESIAN_POINT('',(143.93544366745,-84.36911050973,0.));
#12328 = LINE('',#12329,#12330);
#12329 = CARTESIAN_POINT('',(143.93544366745,-84.36911050973,-2.));
#12330 = VECTOR('',#12331,1.);
#12331 = DIRECTION('',(0.,0.,1.));
#12332 = ORIENTED_EDGE('',*,*,#12333,.T.);
#12333 = EDGE_CURVE('',#12324,#12334,#12336,.T.);
#12334 = VERTEX_POINT('',#12335);
#12335 = CARTESIAN_POINT('',(151.56879134746,-74.8981444638,-2.));
#12336 = B_SPLINE_CURVE_WITH_KNOTS('',3,(#12337,#12338,#12339,#12340),
  .UNSPECIFIED.,.F.,.F.,(4,4),(-1.,0.),.PIECEWISE_BEZIER_KNOTS.);
#12337 = CARTESIAN_POINT('',(143.93544366745,-84.36911050973,-2.));
#12338 = CARTESIAN_POINT('',(149.26628757666,-84.49629683383,-2.));
#12339 = CARTESIAN_POINT('',(149.4197838128,-84.30551567466,-2.));
#12340 = CARTESIAN_POINT('',(151.56879134746,-74.8981444638,-2.));
#12341 = ORIENTED_EDGE('',*,*,#12342,.T.);
#12342 = EDGE_CURVE('',#12334,#12343,#12345,.T.);
#12343 = VERTEX_POINT('',#12344);
#12344 = CARTESIAN_POINT('',(151.56879134746,-74.8981444638,0.));
#12345 = LINE('',#12346,#12347);
#12346 = CARTESIAN_POINT('',(151.56879134746,-74.8981444638,-2.));
#12347 = VECTOR('',#12348,1.);
#12348 = DIRECTION('',(0.,0.,1.));
#12349 = ORIENTED_EDGE('',*,*,#12350,.T.);
#12350 = EDGE_CURVE('',#12343,#12326,#12351,.T.);
#12351 = B_SPLINE_CURVE_WITH_KNOTS('',3,(#12352,#12353,#12354,#12355),
  .UNSPECIFIED.,.F.,.F.,(4,4),(0.,2.962608399265),
  .PIECEWISE_BEZIER_KNOTS.);
#12352 = CARTESIAN_POINT('',(151.56879134746,-74.8981444638,0.));
#12353 = CARTESIAN_POINT('',(149.4197838128,-84.30551567466,0.));
#12354 = CARTESIAN_POINT('',(149.26628757666,-84.49629683383,0.));
#12355 = CARTESIAN_POINT('',(143.93544366745,-84.36911050973,0.));
#12356 = B_SPLINE_SURFACE_WITH_KNOTS('',3,1,(
    (#12357,#12358)
    ,(#12359,#12360)
    ,(#12361,#12362)
    ,(#12363,#12364
    )),.UNSPECIFIED.,.F.,.F.,.F.,(4,4),(2,2),(-1.,0.),(0.,1.),
  .PIECEWISE_BEZIER_KNOTS.);
#12357 = CARTESIAN_POINT('',(143.93544366745,-84.36911050973,-2.));
#12358 = CARTESIAN_POINT('',(143.93544366745,-84.36911050973,8.));
#12359 = CARTESIAN_POINT('',(149.26628757666,-84.49629683383,-2.));
#12360 = CARTESIAN_POINT('',(149.26628757666,-84.49629683383,8.));
#12361 = CARTESIAN_POINT('',(149.4197838128,-84.30551567466,-2.));
#12362 = CARTESIAN_POINT('',(149.4197838128,-84.30551567466,8.));
#12363 = CARTESIAN_POINT('',(151.56879134746,-74.8981444638,-2.));
#12364 = CARTESIAN_POINT('',(151.56879134746,-74.8981444638,8.));
#12365 = ADVANCED_FACE('',(#12366),#12393,.F.);
#12366 = FACE_BOUND('',#12367,.F.);
#12367 = EDGE_LOOP('',(#12368,#12378,#12385,#12386));
#12368 = ORIENTED_EDGE('',*,*,#12369,.F.);
#12369 = EDGE_CURVE('',#12370,#12372,#12374,.T.);
#12370 = VERTEX_POINT('',#12371);
#12371 = CARTESIAN_POINT('',(142.77322346313,-74.31265104932,-2.));
#12372 = VERTEX_POINT('',#12373);
#12373 = CARTESIAN_POINT('',(142.77322346313,-74.31265104932,0.));
#12374 = LINE('',#12375,#12376);
#12375 = CARTESIAN_POINT('',(142.77322346313,-74.31265104932,-2.));
#12376 = VECTOR('',#12377,1.);
#12377 = DIRECTION('',(0.,0.,1.));
#12378 = ORIENTED_EDGE('',*,*,#12379,.T.);
#12379 = EDGE_CURVE('',#12370,#12324,#12380,.T.);
#12380 = B_SPLINE_CURVE_WITH_KNOTS('',3,(#12381,#12382,#12383,#12384),
  .UNSPECIFIED.,.F.,.F.,(4,4),(-1.,0.),.PIECEWISE_BEZIER_KNOTS.);
#12381 = CARTESIAN_POINT('',(142.77322346313,-74.31265104932,-2.));
#12382 = CARTESIAN_POINT('',(138.58047481027,-84.04018139961,-2.));
#12383 = CARTESIAN_POINT('',(138.60459306615,-84.24192418562,-2.));
#12384 = CARTESIAN_POINT('',(143.93544366745,-84.36911050973,-2.));
#12385 = ORIENTED_EDGE('',*,*,#12323,.T.);
#12386 = ORIENTED_EDGE('',*,*,#12387,.T.);
#12387 = EDGE_CURVE('',#12326,#12372,#12388,.T.);
#12388 = B_SPLINE_CURVE_WITH_KNOTS('',3,(#12389,#12390,#12391,#12392),
  .UNSPECIFIED.,.F.,.F.,(4,4),(0.,1.662130668134),
  .PIECEWISE_BEZIER_KNOTS.);
#12389 = CARTESIAN_POINT('',(143.93544366745,-84.36911050973,0.));
#12390 = CARTESIAN_POINT('',(138.60459306615,-84.24192418562,0.));
#12391 = CARTESIAN_POINT('',(138.58047481027,-84.04018139961,0.));
#12392 = CARTESIAN_POINT('',(142.77322346313,-74.31265104932,0.));
#12393 = B_SPLINE_SURFACE_WITH_KNOTS('',3,1,(
    (#12394,#12395)
    ,(#12396,#12397)
    ,(#12398,#12399)
    ,(#12400,#12401
    )),.UNSPECIFIED.,.F.,.F.,.F.,(4,4),(2,2),(-1.,0.),(0.,1.),
  .PIECEWISE_BEZIER_KNOTS.);
#12394 = CARTESIAN_POINT('',(142.77322346313,-74.31265104932,-2.));
#12395 = CARTESIAN_POINT('',(142.77322346313,-74.31265104932,8.));
#12396 = CARTESIAN_POINT('',(138.58047481027,-84.04018139961,-2.));
#12397 = CARTESIAN_POINT('',(138.58047481027,-84.04018139961,8.));
#12398 = CARTESIAN_POINT('',(138.60459306615,-84.24192418562,-2.));
#12399 = CARTESIAN_POINT('',(138.60459306615,-84.24192418562,8.));
#12400 = CARTESIAN_POINT('',(143.93544366745,-84.36911050973,-2.));
#12401 = CARTESIAN_POINT('',(143.93544366745,-84.36911050973,8.));
#12402 = ADVANCED_FACE('',(#12403),#12430,.F.);
#12403 = FACE_BOUND('',#12404,.F.);
#12404 = EDGE_LOOP('',(#12405,#12415,#12422,#12423));
#12405 = ORIENTED_EDGE('',*,*,#12406,.F.);
#12406 = EDGE_CURVE('',#12407,#12409,#12411,.T.);
#12407 = VERTEX_POINT('',#12408);
#12408 = CARTESIAN_POINT('',(150.40657783523,-64.8416850034,-2.));
#12409 = VERTEX_POINT('',#12410);
#12410 = CARTESIAN_POINT('',(150.40657783523,-64.8416850034,0.));
#12411 = LINE('',#12412,#12413);
#12412 = CARTESIAN_POINT('',(150.40657783523,-64.8416850034,-2.));
#12413 = VECTOR('',#12414,1.);
#12414 = DIRECTION('',(0.,0.,1.));
#12415 = ORIENTED_EDGE('',*,*,#12416,.T.);
#12416 = EDGE_CURVE('',#12407,#12370,#12417,.T.);
#12417 = B_SPLINE_CURVE_WITH_KNOTS('',3,(#12418,#12419,#12420,#12421),
  .UNSPECIFIED.,.F.,.F.,(4,4),(-1.,0.),.PIECEWISE_BEZIER_KNOTS.);
#12418 = CARTESIAN_POINT('',(150.40657783523,-64.8416850034,-2.));
#12419 = CARTESIAN_POINT('',(147.117280042,-64.39653454206,-2.));
#12420 = CARTESIAN_POINT('',(146.96378380586,-64.58511735299,-2.));
#12421 = CARTESIAN_POINT('',(142.77322346313,-74.31265104932,-2.));
#12422 = ORIENTED_EDGE('',*,*,#12369,.T.);
#12423 = ORIENTED_EDGE('',*,*,#12424,.T.);
#12424 = EDGE_CURVE('',#12372,#12409,#12425,.T.);
#12425 = B_SPLINE_CURVE_WITH_KNOTS('',3,(#12426,#12427,#12428,#12429),
  .UNSPECIFIED.,.F.,.F.,(4,4),(0.,3.176361785477),
  .PIECEWISE_BEZIER_KNOTS.);
#12426 = CARTESIAN_POINT('',(142.77322346313,-74.31265104932,0.));
#12427 = CARTESIAN_POINT('',(146.96378380586,-64.58511735299,0.));
#12428 = CARTESIAN_POINT('',(147.117280042,-64.39653454206,0.));
#12429 = CARTESIAN_POINT('',(150.40657783523,-64.8416850034,0.));
#12430 = B_SPLINE_SURFACE_WITH_KNOTS('',3,1,(
    (#12431,#12432)
    ,(#12433,#12434)
    ,(#12435,#12436)
    ,(#12437,#12438
    )),.UNSPECIFIED.,.F.,.F.,.F.,(4,4),(2,2),(-1.,0.),(0.,1.),
  .PIECEWISE_BEZIER_KNOTS.);
#12431 = CARTESIAN_POINT('',(150.40657783523,-64.8416850034,-2.));
#12432 = CARTESIAN_POINT('',(150.40657783523,-64.8416850034,8.));
#12433 = CARTESIAN_POINT('',(147.117280042,-64.39653454206,-2.));
#12434 = CARTESIAN_POINT('',(147.117280042,-64.39653454206,8.));
#12435 = CARTESIAN_POINT('',(146.96378380586,-64.58511735299,-2.));
#12436 = CARTESIAN_POINT('',(146.96378380586,-64.58511735299,8.));
#12437 = CARTESIAN_POINT('',(142.77322346313,-74.31265104932,-2.));
#12438 = CARTESIAN_POINT('',(142.77322346313,-74.31265104932,8.));
#12439 = ADVANCED_FACE('',(#12440),#12458,.F.);
#12440 = FACE_BOUND('',#12441,.F.);
#12441 = EDGE_LOOP('',(#12442,#12443,#12450,#12451));
#12442 = ORIENTED_EDGE('',*,*,#12342,.F.);
#12443 = ORIENTED_EDGE('',*,*,#12444,.T.);
#12444 = EDGE_CURVE('',#12334,#12407,#12445,.T.);
#12445 = B_SPLINE_CURVE_WITH_KNOTS('',3,(#12446,#12447,#12448,#12449),
  .UNSPECIFIED.,.F.,.F.,(4,4),(-1.,0.),.PIECEWISE_BEZIER_KNOTS.);
#12446 = CARTESIAN_POINT('',(151.56879134746,-74.8981444638,-2.));
#12447 = CARTESIAN_POINT('',(153.71998719225,-65.49076990691,-2.));
#12448 = CARTESIAN_POINT('',(153.69586893637,-65.28903046694,-2.));
#12449 = CARTESIAN_POINT('',(150.40657783523,-64.8416850034,-2.));
#12450 = ORIENTED_EDGE('',*,*,#12406,.T.);
#12451 = ORIENTED_EDGE('',*,*,#12452,.T.);
#12452 = EDGE_CURVE('',#12409,#12343,#12453,.T.);
#12453 = B_SPLINE_CURVE_WITH_KNOTS('',3,(#12454,#12455,#12456,#12457),
  .UNSPECIFIED.,.F.,.F.,(4,4),(0.,1.031525813937),
  .PIECEWISE_BEZIER_KNOTS.);
#12454 = CARTESIAN_POINT('',(150.40657783523,-64.8416850034,0.));
#12455 = CARTESIAN_POINT('',(153.69586893637,-65.28903046694,0.));
#12456 = CARTESIAN_POINT('',(153.71998719225,-65.49076990691,0.));
#12457 = CARTESIAN_POINT('',(151.56879134746,-74.8981444638,0.));
#12458 = B_SPLINE_SURFACE_WITH_KNOTS('',3,1,(
    (#12459,#12460)
    ,(#12461,#12462)
    ,(#12463,#12464)
    ,(#12465,#12466
    )),.UNSPECIFIED.,.F.,.F.,.F.,(4,4),(2,2),(-1.,0.),(0.,1.),
  .PIECEWISE_BEZIER_KNOTS.);
#12459 = CARTESIAN_POINT('',(151.56879134746,-74.8981444638,-2.));
#12460 = CARTESIAN_POINT('',(151.56879134746,-74.8981444638,8.));
#12461 = CARTESIAN_POINT('',(153.71998719225,-65.49076990691,-2.));
#12462 = CARTESIAN_POINT('',(153.71998719225,-65.49076990691,8.));
#12463 = CARTESIAN_POINT('',(153.69586893637,-65.28903046694,-2.));
#12464 = CARTESIAN_POINT('',(153.69586893637,-65.28903046694,8.));
#12465 = CARTESIAN_POINT('',(150.40657783523,-64.8416850034,-2.));
#12466 = CARTESIAN_POINT('',(150.40657783523,-64.8416850034,8.));
#12467 = ADVANCED_FACE('',(#12468),#12504,.F.);
#12468 = FACE_BOUND('',#12469,.F.);
#12469 = EDGE_LOOP('',(#12470,#12480,#12489,#12497));
#12470 = ORIENTED_EDGE('',*,*,#12471,.F.);
#12471 = EDGE_CURVE('',#12472,#12474,#12476,.T.);
#12472 = VERTEX_POINT('',#12473);
#12473 = CARTESIAN_POINT('',(133.86801923416,-85.04889532967,-2.));
#12474 = VERTEX_POINT('',#12475);
#12475 = CARTESIAN_POINT('',(133.86801923416,-85.04889532967,0.));
#12476 = LINE('',#12477,#12478);
#12477 = CARTESIAN_POINT('',(133.86801923416,-85.04889532967,-2.));
#12478 = VECTOR('',#12479,1.);
#12479 = DIRECTION('',(0.,0.,1.));
#12480 = ORIENTED_EDGE('',*,*,#12481,.T.);
#12481 = EDGE_CURVE('',#12472,#12482,#12484,.T.);
#12482 = VERTEX_POINT('',#12483);
#12483 = CARTESIAN_POINT('',(141.20094606434,-73.94863536441,-2.));
#12484 = B_SPLINE_CURVE_WITH_KNOTS('',3,(#12485,#12486,#12487,#12488),
  .UNSPECIFIED.,.F.,.F.,(4,4),(-1.,0.),.PIECEWISE_BEZIER_KNOTS.);
#12485 = CARTESIAN_POINT('',(133.86801923416,-85.04889532967,-2.));
#12486 = CARTESIAN_POINT('',(136.86127279779,-83.89764344427,-2.));
#12487 = CARTESIAN_POINT('',(137.00819071941,-83.6761657147,-2.));
#12488 = CARTESIAN_POINT('',(141.20094606434,-73.94863536441,-2.));
#12489 = ORIENTED_EDGE('',*,*,#12490,.T.);
#12490 = EDGE_CURVE('',#12482,#12491,#12493,.T.);
#12491 = VERTEX_POINT('',#12492);
#12492 = CARTESIAN_POINT('',(141.20094606434,-73.94863536441,0.));
#12493 = LINE('',#12494,#12495);
#12494 = CARTESIAN_POINT('',(141.20094606434,-73.94863536441,-2.));
#12495 = VECTOR('',#12496,1.);
#12496 = DIRECTION('',(0.,0.,1.));
#12497 = ORIENTED_EDGE('',*,*,#12498,.T.);
#12498 = EDGE_CURVE('',#12491,#12474,#12499,.T.);
#12499 = B_SPLINE_CURVE_WITH_KNOTS('',3,(#12500,#12501,#12502,#12503),
  .UNSPECIFIED.,.F.,.F.,(4,4),(0.,3.180337293293),
  .PIECEWISE_BEZIER_KNOTS.);
#12500 = CARTESIAN_POINT('',(141.20094606434,-73.94863536441,0.));
#12501 = CARTESIAN_POINT('',(137.00819071941,-83.6761657147,0.));
#12502 = CARTESIAN_POINT('',(136.86127279779,-83.89764344427,0.));
#12503 = CARTESIAN_POINT('',(133.86801923416,-85.04889532967,0.));
#12504 = B_SPLINE_SURFACE_WITH_KNOTS('',3,1,(
    (#12505,#12506)
    ,(#12507,#12508)
    ,(#12509,#12510)
    ,(#12511,#12512
    )),.UNSPECIFIED.,.F.,.F.,.F.,(4,4),(2,2),(-1.,0.),(0.,1.),
  .PIECEWISE_BEZIER_KNOTS.);
#12505 = CARTESIAN_POINT('',(133.86801923416,-85.04889532967,-2.));
#12506 = CARTESIAN_POINT('',(133.86801923416,-85.04889532967,8.));
#12507 = CARTESIAN_POINT('',(136.86127279779,-83.89764344427,-2.));
#12508 = CARTESIAN_POINT('',(136.86127279779,-83.89764344427,8.));
#12509 = CARTESIAN_POINT('',(137.00819071941,-83.6761657147,-2.));
#12510 = CARTESIAN_POINT('',(137.00819071941,-83.6761657147,8.));
#12511 = CARTESIAN_POINT('',(141.20094606434,-73.94863536441,-2.));
#12512 = CARTESIAN_POINT('',(141.20094606434,-73.94863536441,8.));
#12513 = ADVANCED_FACE('',(#12514),#12541,.F.);
#12514 = FACE_BOUND('',#12515,.F.);
#12515 = EDGE_LOOP('',(#12516,#12526,#12533,#12534));
#12516 = ORIENTED_EDGE('',*,*,#12517,.F.);
#12517 = EDGE_CURVE('',#12518,#12520,#12522,.T.);
#12518 = VERTEX_POINT('',#12519);
#12519 = CARTESIAN_POINT('',(132.1553955362,-76.41121703191,-2.));
#12520 = VERTEX_POINT('',#12521);
#12521 = CARTESIAN_POINT('',(132.1553955362,-76.41121703191,0.));
#12522 = LINE('',#12523,#12524);
#12523 = CARTESIAN_POINT('',(132.1553955362,-76.41121703191,-2.));
#12524 = VECTOR('',#12525,1.);
#12525 = DIRECTION('',(0.,0.,1.));
#12526 = ORIENTED_EDGE('',*,*,#12527,.T.);
#12527 = EDGE_CURVE('',#12518,#12472,#12528,.T.);
#12528 = B_SPLINE_CURVE_WITH_KNOTS('',3,(#12529,#12530,#12531,#12532),
  .UNSPECIFIED.,.F.,.F.,(4,4),(-1.,0.),.PIECEWISE_BEZIER_KNOTS.);
#12529 = CARTESIAN_POINT('',(132.1553955362,-76.41121703191,-2.));
#12530 = CARTESIAN_POINT('',(130.83748409354,-86.02691268934,-2.));
#12531 = CARTESIAN_POINT('',(130.87257066834,-86.20014721507,-2.));
#12532 = CARTESIAN_POINT('',(133.86801923416,-85.04889532967,-2.));
#12533 = ORIENTED_EDGE('',*,*,#12471,.T.);
#12534 = ORIENTED_EDGE('',*,*,#12535,.T.);
#12535 = EDGE_CURVE('',#12474,#12520,#12536,.T.);
#12536 = B_SPLINE_CURVE_WITH_KNOTS('',3,(#12537,#12538,#12539,#12540),
  .UNSPECIFIED.,.F.,.F.,(4,4),(0.,1.063967550544),
  .PIECEWISE_BEZIER_KNOTS.);
#12537 = CARTESIAN_POINT('',(133.86801923416,-85.04889532967,0.));
#12538 = CARTESIAN_POINT('',(130.87257066834,-86.20014721507,0.));
#12539 = CARTESIAN_POINT('',(130.83748409354,-86.02691268934,0.));
#12540 = CARTESIAN_POINT('',(132.1553955362,-76.41121703191,0.));
#12541 = B_SPLINE_SURFACE_WITH_KNOTS('',3,1,(
    (#12542,#12543)
    ,(#12544,#12545)
    ,(#12546,#12547)
    ,(#12548,#12549
    )),.UNSPECIFIED.,.F.,.F.,.F.,(4,4),(2,2),(-1.,0.),(0.,1.),
  .PIECEWISE_BEZIER_KNOTS.);
#12542 = CARTESIAN_POINT('',(132.1553955362,-76.41121703191,-2.));
#12543 = CARTESIAN_POINT('',(132.1553955362,-76.41121703191,8.));
#12544 = CARTESIAN_POINT('',(130.83748409354,-86.02691268934,-2.));
#12545 = CARTESIAN_POINT('',(130.83748409354,-86.02691268934,8.));
#12546 = CARTESIAN_POINT('',(130.87257066834,-86.20014721507,-2.));
#12547 = CARTESIAN_POINT('',(130.87257066834,-86.20014721507,8.));
#12548 = CARTESIAN_POINT('',(133.86801923416,-85.04889532967,-2.));
#12549 = CARTESIAN_POINT('',(133.86801923416,-85.04889532967,8.));
#12550 = ADVANCED_FACE('',(#12551),#12578,.F.);
#12551 = FACE_BOUND('',#12552,.F.);
#12552 = EDGE_LOOP('',(#12553,#12563,#12570,#12571));
#12553 = ORIENTED_EDGE('',*,*,#12554,.F.);
#12554 = EDGE_CURVE('',#12555,#12557,#12559,.T.);
#12555 = VERTEX_POINT('',#12556);
#12556 = CARTESIAN_POINT('',(135.11136752283,-63.38562226376,-2.));
#12557 = VERTEX_POINT('',#12558);
#12558 = CARTESIAN_POINT('',(135.11136752283,-63.38562226376,0.));
#12559 = LINE('',#12560,#12561);
#12560 = CARTESIAN_POINT('',(135.11136752283,-63.38562226376,-2.));
#12561 = VECTOR('',#12562,1.);
#12562 = DIRECTION('',(0.,0.,1.));
#12563 = ORIENTED_EDGE('',*,*,#12564,.T.);
#12564 = EDGE_CURVE('',#12555,#12518,#12565,.T.);
#12565 = B_SPLINE_CURVE_WITH_KNOTS('',3,(#12566,#12567,#12568,#12569),
  .UNSPECIFIED.,.F.,.F.,(4,4),(-1.,0.),.PIECEWISE_BEZIER_KNOTS.);
#12566 = CARTESIAN_POINT('',(135.11136752283,-63.38562226376,-2.));
#12567 = CARTESIAN_POINT('',(133.53031680733,-66.53676876,-2.));
#12568 = CARTESIAN_POINT('',(133.47111197666,-66.79771972273,-2.));
#12569 = CARTESIAN_POINT('',(132.1553955362,-76.41121703191,-2.));
#12570 = ORIENTED_EDGE('',*,*,#12517,.T.);
#12571 = ORIENTED_EDGE('',*,*,#12572,.T.);
#12572 = EDGE_CURVE('',#12520,#12557,#12573,.T.);
#12573 = B_SPLINE_CURVE_WITH_KNOTS('',3,(#12574,#12575,#12576,#12577),
  .UNSPECIFIED.,.F.,.F.,(4,4),(0.,2.84351615711),
  .PIECEWISE_BEZIER_KNOTS.);
#12574 = CARTESIAN_POINT('',(132.1553955362,-76.41121703191,0.));
#12575 = CARTESIAN_POINT('',(133.47111197666,-66.79771972273,0.));
#12576 = CARTESIAN_POINT('',(133.53031680733,-66.53676876,0.));
#12577 = CARTESIAN_POINT('',(135.11136752283,-63.38562226376,0.));
#12578 = B_SPLINE_SURFACE_WITH_KNOTS('',3,1,(
    (#12579,#12580)
    ,(#12581,#12582)
    ,(#12583,#12584)
    ,(#12585,#12586
    )),.UNSPECIFIED.,.F.,.F.,.F.,(4,4),(2,2),(-1.,0.),(0.,1.),
  .PIECEWISE_BEZIER_KNOTS.);
#12579 = CARTESIAN_POINT('',(135.11136752283,-63.38562226376,-2.));
#12580 = CARTESIAN_POINT('',(135.11136752283,-63.38562226376,8.));
#12581 = CARTESIAN_POINT('',(133.53031680733,-66.53676876,-2.));
#12582 = CARTESIAN_POINT('',(133.53031680733,-66.53676876,8.));
#12583 = CARTESIAN_POINT('',(133.47111197666,-66.79771972273,-2.));
#12584 = CARTESIAN_POINT('',(133.47111197666,-66.79771972273,8.));
#12585 = CARTESIAN_POINT('',(132.1553955362,-76.41121703191,-2.));
#12586 = CARTESIAN_POINT('',(132.1553955362,-76.41121703191,8.));
#12587 = ADVANCED_FACE('',(#12588),#12615,.F.);
#12588 = FACE_BOUND('',#12589,.F.);
#12589 = EDGE_LOOP('',(#12590,#12600,#12607,#12608));
#12590 = ORIENTED_EDGE('',*,*,#12591,.F.);
#12591 = EDGE_CURVE('',#12592,#12594,#12596,.T.);
#12592 = VERTEX_POINT('',#12593);
#12593 = CARTESIAN_POINT('',(141.10006965228,-62.09622577346,-2.));
#12594 = VERTEX_POINT('',#12595);
#12595 = CARTESIAN_POINT('',(141.10006965228,-62.09622577346,0.));
#12596 = LINE('',#12597,#12598);
#12597 = CARTESIAN_POINT('',(141.10006965228,-62.09622577346,-2.));
#12598 = VECTOR('',#12599,1.);
#12599 = DIRECTION('',(0.,0.,1.));
#12600 = ORIENTED_EDGE('',*,*,#12601,.T.);
#12601 = EDGE_CURVE('',#12592,#12555,#12602,.T.);
#12602 = B_SPLINE_CURVE_WITH_KNOTS('',3,(#12603,#12604,#12605,#12606),
  .UNSPECIFIED.,.F.,.F.,(4,4),(-1.,0.),.PIECEWISE_BEZIER_KNOTS.);
#12603 = CARTESIAN_POINT('',(141.10006965228,-62.09622577346,-2.));
#12604 = CARTESIAN_POINT('',(136.81083459175,-60.20816920152,-2.));
#12605 = CARTESIAN_POINT('',(136.69241823833,-60.2344824596,-2.));
#12606 = CARTESIAN_POINT('',(135.11136752283,-63.38562226376,-2.));
#12607 = ORIENTED_EDGE('',*,*,#12554,.T.);
#12608 = ORIENTED_EDGE('',*,*,#12609,.T.);
#12609 = EDGE_CURVE('',#12557,#12594,#12610,.T.);
#12610 = B_SPLINE_CURVE_WITH_KNOTS('',3,(#12611,#12612,#12613,#12614),
  .UNSPECIFIED.,.F.,.F.,(4,4),(0.,1.066275155561),
  .PIECEWISE_BEZIER_KNOTS.);
#12611 = CARTESIAN_POINT('',(135.11136752283,-63.38562226376,0.));
#12612 = CARTESIAN_POINT('',(136.69241823833,-60.2344824596,0.));
#12613 = CARTESIAN_POINT('',(136.81083459175,-60.20816920152,0.));
#12614 = CARTESIAN_POINT('',(141.10006965228,-62.09622577346,0.));
#12615 = B_SPLINE_SURFACE_WITH_KNOTS('',3,1,(
    (#12616,#12617)
    ,(#12618,#12619)
    ,(#12620,#12621)
    ,(#12622,#12623
    )),.UNSPECIFIED.,.F.,.F.,.F.,(4,4),(2,2),(-1.,0.),(0.,1.),
  .PIECEWISE_BEZIER_KNOTS.);
#12616 = CARTESIAN_POINT('',(141.10006965228,-62.09622577346,-2.));
#12617 = CARTESIAN_POINT('',(141.10006965228,-62.09622577346,8.));
#12618 = CARTESIAN_POINT('',(136.81083459175,-60.20816920152,-2.));
#12619 = CARTESIAN_POINT('',(136.81083459175,-60.20816920152,8.));
#12620 = CARTESIAN_POINT('',(136.69241823833,-60.2344824596,-2.));
#12621 = CARTESIAN_POINT('',(136.69241823833,-60.2344824596,8.));
#12622 = CARTESIAN_POINT('',(135.11136752283,-63.38562226376,-2.));
#12623 = CARTESIAN_POINT('',(135.11136752283,-63.38562226376,8.));
#12624 = ADVANCED_FACE('',(#12625),#12643,.F.);
#12625 = FACE_BOUND('',#12626,.F.);
#12626 = EDGE_LOOP('',(#12627,#12628,#12635,#12636));
#12627 = ORIENTED_EDGE('',*,*,#12490,.F.);
#12628 = ORIENTED_EDGE('',*,*,#12629,.T.);
#12629 = EDGE_CURVE('',#12482,#12592,#12630,.T.);
#12630 = B_SPLINE_CURVE_WITH_KNOTS('',3,(#12631,#12632,#12633,#12634),
  .UNSPECIFIED.,.F.,.F.,(4,4),(-1.,0.),.PIECEWISE_BEZIER_KNOTS.);
#12631 = CARTESIAN_POINT('',(141.20094606434,-73.94863536441,-2.));
#12632 = CARTESIAN_POINT('',(145.391499715,-64.22110836016,-2.));
#12633 = CARTESIAN_POINT('',(145.3893047128,-63.98427565332,-2.));
#12634 = CARTESIAN_POINT('',(141.10006965228,-62.09622577346,-2.));
#12635 = ORIENTED_EDGE('',*,*,#12591,.T.);
#12636 = ORIENTED_EDGE('',*,*,#12637,.T.);
#12637 = EDGE_CURVE('',#12594,#12491,#12638,.T.);
#12638 = B_SPLINE_CURVE_WITH_KNOTS('',3,(#12639,#12640,#12641,#12642),
  .UNSPECIFIED.,.F.,.F.,(4,4),(0.,1.488937052063),
  .PIECEWISE_BEZIER_KNOTS.);
#12639 = CARTESIAN_POINT('',(141.10006965228,-62.09622577346,0.));
#12640 = CARTESIAN_POINT('',(145.3893047128,-63.98427565332,0.));
#12641 = CARTESIAN_POINT('',(145.391499715,-64.22110836016,0.));
#12642 = CARTESIAN_POINT('',(141.20094606434,-73.94863536441,0.));
#12643 = B_SPLINE_SURFACE_WITH_KNOTS('',3,1,(
    (#12644,#12645)
    ,(#12646,#12647)
    ,(#12648,#12649)
    ,(#12650,#12651
    )),.UNSPECIFIED.,.F.,.F.,.F.,(4,4),(2,2),(-1.,0.),(0.,1.),
  .PIECEWISE_BEZIER_KNOTS.);
#12644 = CARTESIAN_POINT('',(141.20094606434,-73.94863536441,-2.));
#12645 = CARTESIAN_POINT('',(141.20094606434,-73.94863536441,8.));
#12646 = CARTESIAN_POINT('',(145.391499715,-64.22110836016,-2.));
#12647 = CARTESIAN_POINT('',(145.391499715,-64.22110836016,8.));
#12648 = CARTESIAN_POINT('',(145.3893047128,-63.98427565332,-2.));
#12649 = CARTESIAN_POINT('',(145.3893047128,-63.98427565332,8.));
#12650 = CARTESIAN_POINT('',(141.10006965228,-62.09622577346,-2.));
#12651 = CARTESIAN_POINT('',(141.10006965228,-62.09622577346,8.));
#12652 = ADVANCED_FACE('',(#12653),#12689,.F.);
#12653 = FACE_BOUND('',#12654,.F.);
#12654 = EDGE_LOOP('',(#12655,#12665,#12674,#12682));
#12655 = ORIENTED_EDGE('',*,*,#12656,.F.);
#12656 = EDGE_CURVE('',#12657,#12659,#12661,.T.);
#12657 = VERTEX_POINT('',#12658);
#12658 = CARTESIAN_POINT('',(188.53822296845,-117.9900503814,-2.));
#12659 = VERTEX_POINT('',#12660);
#12660 = CARTESIAN_POINT('',(188.53822296845,-117.9900503814,0.));
#12661 = LINE('',#12662,#12663);
#12662 = CARTESIAN_POINT('',(188.53822296845,-117.9900503814,-2.));
#12663 = VECTOR('',#12664,1.);
#12664 = DIRECTION('',(0.,0.,1.));
#12665 = ORIENTED_EDGE('',*,*,#12666,.T.);
#12666 = EDGE_CURVE('',#12657,#12667,#12669,.T.);
#12667 = VERTEX_POINT('',#12668);
#12668 = CARTESIAN_POINT('',(192.09505003892,-128.2855317998,-2.));
#12669 = B_SPLINE_CURVE_WITH_KNOTS('',3,(#12670,#12671,#12672,#12673),
  .UNSPECIFIED.,.F.,.F.,(4,4),(-1.,0.),.PIECEWISE_BEZIER_KNOTS.);
#12670 = CARTESIAN_POINT('',(188.53822296845,-117.9900503814,-2.));
#12671 = CARTESIAN_POINT('',(190.23111841494,-128.0794028783,-2.));
#12672 = CARTESIAN_POINT('',(190.30129156453,-128.2855317998,-2.));
#12673 = CARTESIAN_POINT('',(192.09505003892,-128.2855317998,-2.));
#12674 = ORIENTED_EDGE('',*,*,#12675,.T.);
#12675 = EDGE_CURVE('',#12667,#12676,#12678,.T.);
#12676 = VERTEX_POINT('',#12677);
#12677 = CARTESIAN_POINT('',(192.09505003892,-128.2855317998,0.));
#12678 = LINE('',#12679,#12680);
#12679 = CARTESIAN_POINT('',(192.09505003892,-128.2855317998,-2.));
#12680 = VECTOR('',#12681,1.);
#12681 = DIRECTION('',(0.,0.,1.));
#12682 = ORIENTED_EDGE('',*,*,#12683,.T.);
#12683 = EDGE_CURVE('',#12676,#12659,#12684,.T.);
#12684 = B_SPLINE_CURVE_WITH_KNOTS('',3,(#12685,#12686,#12687,#12688),
  .UNSPECIFIED.,.F.,.F.,(4,4),(0.,0.650053396275),
  .PIECEWISE_BEZIER_KNOTS.);
#12685 = CARTESIAN_POINT('',(192.09505003892,-128.2855317998,0.));
#12686 = CARTESIAN_POINT('',(190.30129156453,-128.2855317998,0.));
#12687 = CARTESIAN_POINT('',(190.23111841494,-128.0794028783,0.));
#12688 = CARTESIAN_POINT('',(188.53822296845,-117.9900503814,0.));
#12689 = B_SPLINE_SURFACE_WITH_KNOTS('',3,1,(
    (#12690,#12691)
    ,(#12692,#12693)
    ,(#12694,#12695)
    ,(#12696,#12697
    )),.UNSPECIFIED.,.F.,.F.,.F.,(4,4),(2,2),(-1.,0.),(0.,1.),
  .PIECEWISE_BEZIER_KNOTS.);
#12690 = CARTESIAN_POINT('',(188.53822296845,-117.9900503814,-2.));
#12691 = CARTESIAN_POINT('',(188.53822296845,-117.9900503814,8.));
#12692 = CARTESIAN_POINT('',(190.23111841494,-128.0794028783,-2.));
#12693 = CARTESIAN_POINT('',(190.23111841494,-128.0794028783,8.));
#12694 = CARTESIAN_POINT('',(190.30129156453,-128.2855317998,-2.));
#12695 = CARTESIAN_POINT('',(190.30129156453,-128.2855317998,8.));
#12696 = CARTESIAN_POINT('',(192.09505003892,-128.2855317998,-2.));
#12697 = CARTESIAN_POINT('',(192.09505003892,-128.2855317998,8.));
#12698 = ADVANCED_FACE('',(#12699),#12726,.F.);
#12699 = FACE_BOUND('',#12700,.F.);
#12700 = EDGE_LOOP('',(#12701,#12711,#12718,#12719));
#12701 = ORIENTED_EDGE('',*,*,#12702,.F.);
#12702 = EDGE_CURVE('',#12703,#12705,#12707,.T.);
#12703 = VERTEX_POINT('',#12704);
#12704 = CARTESIAN_POINT('',(193.65197580646,-110.4202950269,-2.));
#12705 = VERTEX_POINT('',#12706);
#12706 = CARTESIAN_POINT('',(193.65197580646,-110.4202950269,0.));
#12707 = LINE('',#12708,#12709);
#12708 = CARTESIAN_POINT('',(193.65197580646,-110.4202950269,-2.));
#12709 = VECTOR('',#12710,1.);
#12710 = DIRECTION('',(0.,0.,1.));
#12711 = ORIENTED_EDGE('',*,*,#12712,.T.);
#12712 = EDGE_CURVE('',#12703,#12657,#12713,.T.);
#12713 = B_SPLINE_CURVE_WITH_KNOTS('',3,(#12714,#12715,#12716,#12717),
  .UNSPECIFIED.,.F.,.F.,(4,4),(-1.,0.),.PIECEWISE_BEZIER_KNOTS.);
#12714 = CARTESIAN_POINT('',(193.65197580646,-110.4202950269,-2.));
#12715 = CARTESIAN_POINT('',(186.94839893623,-107.7493905859,-2.));
#12716 = CARTESIAN_POINT('',(186.84534090613,-107.9006985119,-2.));
#12717 = CARTESIAN_POINT('',(188.53822296845,-117.9900503814,-2.));
#12718 = ORIENTED_EDGE('',*,*,#12656,.T.);
#12719 = ORIENTED_EDGE('',*,*,#12720,.T.);
#12720 = EDGE_CURVE('',#12659,#12705,#12721,.T.);
#12721 = B_SPLINE_CURVE_WITH_KNOTS('',3,(#12722,#12723,#12724,#12725),
  .UNSPECIFIED.,.F.,.F.,(4,4),(0.,3.204978793441),
  .PIECEWISE_BEZIER_KNOTS.);
#12722 = CARTESIAN_POINT('',(188.53822296845,-117.9900503814,0.));
#12723 = CARTESIAN_POINT('',(186.84534090613,-107.9006985119,0.));
#12724 = CARTESIAN_POINT('',(186.94839893623,-107.7493905859,0.));
#12725 = CARTESIAN_POINT('',(193.65197580646,-110.4202950269,0.));
#12726 = B_SPLINE_SURFACE_WITH_KNOTS('',3,1,(
    (#12727,#12728)
    ,(#12729,#12730)
    ,(#12731,#12732)
    ,(#12733,#12734
    )),.UNSPECIFIED.,.F.,.F.,.F.,(4,4),(2,2),(-1.,0.),(0.,1.),
  .PIECEWISE_BEZIER_KNOTS.);
#12727 = CARTESIAN_POINT('',(193.65197580646,-110.4202950269,-2.));
#12728 = CARTESIAN_POINT('',(193.65197580646,-110.4202950269,8.));
#12729 = CARTESIAN_POINT('',(186.94839893623,-107.7493905859,-2.));
#12730 = CARTESIAN_POINT('',(186.94839893623,-107.7493905859,8.));
#12731 = CARTESIAN_POINT('',(186.84534090613,-107.9006985119,-2.));
#12732 = CARTESIAN_POINT('',(186.84534090613,-107.9006985119,8.));
#12733 = CARTESIAN_POINT('',(188.53822296845,-117.9900503814,-2.));
#12734 = CARTESIAN_POINT('',(188.53822296845,-117.9900503814,8.));
#12735 = ADVANCED_FACE('',(#12736),#12763,.F.);
#12736 = FACE_BOUND('',#12737,.F.);
#12737 = EDGE_LOOP('',(#12738,#12748,#12755,#12756));
#12738 = ORIENTED_EDGE('',*,*,#12739,.F.);
#12739 = EDGE_CURVE('',#12740,#12742,#12744,.T.);
#12740 = VERTEX_POINT('',#12741);
#12741 = CARTESIAN_POINT('',(197.21099787913,-120.7157763408,-2.));
#12742 = VERTEX_POINT('',#12743);
#12743 = CARTESIAN_POINT('',(197.21099787913,-120.7157763408,0.));
#12744 = LINE('',#12745,#12746);
#12745 = CARTESIAN_POINT('',(197.21099787913,-120.7157763408,-2.));
#12746 = VECTOR('',#12747,1.);
#12747 = DIRECTION('',(0.,0.,1.));
#12748 = ORIENTED_EDGE('',*,*,#12749,.T.);
#12749 = EDGE_CURVE('',#12740,#12703,#12750,.T.);
#12750 = B_SPLINE_CURVE_WITH_KNOTS('',3,(#12751,#12752,#12753,#12754),
  .UNSPECIFIED.,.F.,.F.,(4,4),(-1.,0.),.PIECEWISE_BEZIER_KNOTS.);
#12751 = CARTESIAN_POINT('',(197.21099787913,-120.7157763408,-2.));
#12752 = CARTESIAN_POINT('',(200.42792082848,-113.2995222415,-2.));
#12753 = CARTESIAN_POINT('',(200.35774767889,-113.0933927972,-2.));
#12754 = CARTESIAN_POINT('',(193.65197580646,-110.4202950269,-2.));
#12755 = ORIENTED_EDGE('',*,*,#12702,.T.);
#12756 = ORIENTED_EDGE('',*,*,#12757,.T.);
#12757 = EDGE_CURVE('',#12705,#12742,#12758,.T.);
#12758 = B_SPLINE_CURVE_WITH_KNOTS('',3,(#12759,#12760,#12761,#12762),
  .UNSPECIFIED.,.F.,.F.,(4,4),(0.,2.205936791888),
  .PIECEWISE_BEZIER_KNOTS.);
#12759 = CARTESIAN_POINT('',(193.65197580646,-110.4202950269,0.));
#12760 = CARTESIAN_POINT('',(200.35774767889,-113.0933927972,0.));
#12761 = CARTESIAN_POINT('',(200.42792082848,-113.2995222415,0.));
#12762 = CARTESIAN_POINT('',(197.21099787913,-120.7157763408,0.));
#12763 = B_SPLINE_SURFACE_WITH_KNOTS('',3,1,(
    (#12764,#12765)
    ,(#12766,#12767)
    ,(#12768,#12769)
    ,(#12770,#12771
    )),.UNSPECIFIED.,.F.,.F.,.F.,(4,4),(2,2),(-1.,0.),(0.,1.),
  .PIECEWISE_BEZIER_KNOTS.);
#12764 = CARTESIAN_POINT('',(197.21099787913,-120.7157763408,-2.));
#12765 = CARTESIAN_POINT('',(197.21099787913,-120.7157763408,8.));
#12766 = CARTESIAN_POINT('',(200.42792082848,-113.2995222415,-2.));
#12767 = CARTESIAN_POINT('',(200.42792082848,-113.2995222415,8.));
#12768 = CARTESIAN_POINT('',(200.35774767889,-113.0933927972,-2.));
#12769 = CARTESIAN_POINT('',(200.35774767889,-113.0933927972,8.));
#12770 = CARTESIAN_POINT('',(193.65197580646,-110.4202950269,-2.));
#12771 = CARTESIAN_POINT('',(193.65197580646,-110.4202950269,8.));
#12772 = ADVANCED_FACE('',(#12773),#12791,.F.);
#12773 = FACE_BOUND('',#12774,.F.);
#12774 = EDGE_LOOP('',(#12775,#12776,#12783,#12784));
#12775 = ORIENTED_EDGE('',*,*,#12675,.F.);
#12776 = ORIENTED_EDGE('',*,*,#12777,.T.);
#12777 = EDGE_CURVE('',#12667,#12740,#12778,.T.);
#12778 = B_SPLINE_CURVE_WITH_KNOTS('',3,(#12779,#12780,#12781,#12782),
  .UNSPECIFIED.,.F.,.F.,(4,4),(-1.,0.),.PIECEWISE_BEZIER_KNOTS.);
#12779 = CARTESIAN_POINT('',(192.09505003892,-128.2855317998,-2.));
#12780 = CARTESIAN_POINT('',(193.89100351551,-128.2855317998,-2.));
#12781 = CARTESIAN_POINT('',(193.99186654341,-128.1342243966,-2.));
#12782 = CARTESIAN_POINT('',(197.21099787913,-120.7157763408,-2.));
#12783 = ORIENTED_EDGE('',*,*,#12739,.T.);
#12784 = ORIENTED_EDGE('',*,*,#12785,.T.);
#12785 = EDGE_CURVE('',#12742,#12676,#12786,.T.);
#12786 = B_SPLINE_CURVE_WITH_KNOTS('',3,(#12787,#12788,#12789,#12790),
  .UNSPECIFIED.,.F.,.F.,(4,4),(0.,2.431734442776),
  .PIECEWISE_BEZIER_KNOTS.);
#12787 = CARTESIAN_POINT('',(197.21099787913,-120.7157763408,0.));
#12788 = CARTESIAN_POINT('',(193.99186654341,-128.1342243966,0.));
#12789 = CARTESIAN_POINT('',(193.89100351551,-128.2855317998,0.));
#12790 = CARTESIAN_POINT('',(192.09505003892,-128.2855317998,0.));
#12791 = B_SPLINE_SURFACE_WITH_KNOTS('',3,1,(
    (#12792,#12793)
    ,(#12794,#12795)
    ,(#12796,#12797)
    ,(#12798,#12799
    )),.UNSPECIFIED.,.F.,.F.,.F.,(4,4),(2,2),(-1.,0.),(0.,1.),
  .PIECEWISE_BEZIER_KNOTS.);
#12792 = CARTESIAN_POINT('',(192.09505003892,-128.2855317998,-2.));
#12793 = CARTESIAN_POINT('',(192.09505003892,-128.2855317998,8.));
#12794 = CARTESIAN_POINT('',(193.89100351551,-128.2855317998,-2.));
#12795 = CARTESIAN_POINT('',(193.89100351551,-128.2855317998,8.));
#12796 = CARTESIAN_POINT('',(193.99186654341,-128.1342243966,-2.));
#12797 = CARTESIAN_POINT('',(193.99186654341,-128.1342243966,8.));
#12798 = CARTESIAN_POINT('',(197.21099787913,-120.7157763408,-2.));
#12799 = CARTESIAN_POINT('',(197.21099787913,-120.7157763408,8.));
#12800 = ADVANCED_FACE('',(#12801),#12855,.T.);
#12801 = FACE_BOUND('',#12802,.T.);
#12802 = EDGE_LOOP('',(#12803,#12813,#12822,#12831,#12839,#12848));
#12803 = ORIENTED_EDGE('',*,*,#12804,.T.);
#12804 = EDGE_CURVE('',#12805,#12807,#12809,.T.);
#12805 = VERTEX_POINT('',#12806);
#12806 = CARTESIAN_POINT('',(217.03431457505,-19.41568542494,
    14.884314575051));
#12807 = VERTEX_POINT('',#12808);
#12808 = CARTESIAN_POINT('',(217.03431457505,-126.7235615568,
    14.884314575051));
#12809 = LINE('',#12810,#12811);
#12810 = CARTESIAN_POINT('',(217.03431457505,-60.36673577134,
    14.884314575051));
#12811 = VECTOR('',#12812,1.);
#12812 = DIRECTION('',(0.,-1.,0.));
#12813 = ORIENTED_EDGE('',*,*,#12814,.T.);
#12814 = EDGE_CURVE('',#12807,#12815,#12817,.T.);
#12815 = VERTEX_POINT('',#12816);
#12816 = CARTESIAN_POINT('',(217.6,-126.4292669015,15.118629150101));
#12817 = ELLIPSE('',#12818,0.901786387304,0.8);
#12818 = AXIS2_PLACEMENT_3D('',#12819,#12820,#12821);
#12819 = CARTESIAN_POINT('',(217.6,-126.4292669015,14.318629150102));
#12820 = DIRECTION('',(-0.461523370478,0.887128050792,7.019469115257E-14
    ));
#12821 = DIRECTION('',(0.887128050792,0.461523370478,-1.349263840608E-13
    ));
#12822 = ORIENTED_EDGE('',*,*,#12823,.T.);
#12823 = EDGE_CURVE('',#12815,#12824,#12826,.T.);
#12824 = VERTEX_POINT('',#12825);
#12825 = CARTESIAN_POINT('',(218.16568542494,-126.1349722462,
    14.884314575051));
#12826 = ELLIPSE('',#12827,0.901786387304,0.8);
#12827 = AXIS2_PLACEMENT_3D('',#12828,#12829,#12830);
#12828 = CARTESIAN_POINT('',(217.6,-126.4292669015,14.318629150102));
#12829 = DIRECTION('',(-0.461523370478,0.887128050792,7.019469115257E-14
    ));
#12830 = DIRECTION('',(0.887128050792,0.461523370478,-1.349263840608E-13
    ));
#12831 = ORIENTED_EDGE('',*,*,#12832,.T.);
#12832 = EDGE_CURVE('',#12824,#12833,#12835,.T.);
#12833 = VERTEX_POINT('',#12834);
#12834 = CARTESIAN_POINT('',(218.16568542494,-18.28431457505,
    14.884314575051));
#12835 = LINE('',#12836,#12837);
#12836 = CARTESIAN_POINT('',(218.16568542494,-60.36673577134,
    14.884314575051));
#12837 = VECTOR('',#12838,1.);
#12838 = DIRECTION('',(0.,1.,0.));
#12839 = ORIENTED_EDGE('',*,*,#12840,.F.);
#12840 = EDGE_CURVE('',#12841,#12833,#12843,.T.);
#12841 = VERTEX_POINT('',#12842);
#12842 = CARTESIAN_POINT('',(217.6,-18.85,15.118629150101));
#12843 = ELLIPSE('',#12844,1.131370849898,0.8);
#12844 = AXIS2_PLACEMENT_3D('',#12845,#12846,#12847);
#12845 = CARTESIAN_POINT('',(217.6,-18.85,14.318629150102));
#12846 = DIRECTION('',(-0.707106781187,0.707106781187,2.502334856027E-14
    ));
#12847 = DIRECTION('',(-0.707106781187,-0.707106781187,
    -2.502334856027E-14));
#12848 = ORIENTED_EDGE('',*,*,#12849,.F.);
#12849 = EDGE_CURVE('',#12805,#12841,#12850,.T.);
#12850 = ELLIPSE('',#12851,1.131370849898,0.8);
#12851 = AXIS2_PLACEMENT_3D('',#12852,#12853,#12854);
#12852 = CARTESIAN_POINT('',(217.6,-18.85,14.318629150102));
#12853 = DIRECTION('',(-0.707106781187,0.707106781187,2.502334856027E-14
    ));
#12854 = DIRECTION('',(-0.707106781187,-0.707106781187,
    -2.502334856027E-14));
#12855 = CYLINDRICAL_SURFACE('',#12856,0.8);
#12856 = AXIS2_PLACEMENT_3D('',#12857,#12858,#12859);
#12857 = CARTESIAN_POINT('',(217.6,-60.36673577134,14.318629150102));
#12858 = DIRECTION('',(0.,-1.,0.));
#12859 = DIRECTION('',(0.,0.,1.));
#12860 = ADVANCED_FACE('',(#12861),#12915,.T.);
#12861 = FACE_BOUND('',#12862,.T.);
#12862 = EDGE_LOOP('',(#12863,#12873,#12882,#12891,#12899,#12908));
#12863 = ORIENTED_EDGE('',*,*,#12864,.T.);
#12864 = EDGE_CURVE('',#12865,#12867,#12869,.T.);
#12865 = VERTEX_POINT('',#12866);
#12866 = CARTESIAN_POINT('',(98.335685424949,-24.02568542494,
    14.884314575051));
#12867 = VERTEX_POINT('',#12868);
#12868 = CARTESIAN_POINT('',(98.335685424949,-19.41568542494,
    14.884314575051));
#12869 = LINE('',#12870,#12871);
#12870 = CARTESIAN_POINT('',(98.335685424949,-62.67173577134,
    14.884314575051));
#12871 = VECTOR('',#12872,1.);
#12872 = DIRECTION('',(0.,1.,0.));
#12873 = ORIENTED_EDGE('',*,*,#12874,.T.);
#12874 = EDGE_CURVE('',#12867,#12875,#12877,.T.);
#12875 = VERTEX_POINT('',#12876);
#12876 = CARTESIAN_POINT('',(97.77,-18.85,15.118629150101));
#12877 = ELLIPSE('',#12878,1.131370849898,0.8);
#12878 = AXIS2_PLACEMENT_3D('',#12879,#12880,#12881);
#12879 = CARTESIAN_POINT('',(97.77,-18.85,14.318629150102));
#12880 = DIRECTION('',(-0.707106781187,-0.707106781187,
    -1.248223504654E-14));
#12881 = DIRECTION('',(0.707106781187,-0.707106781187,1.248223504654E-14
    ));
#12882 = ORIENTED_EDGE('',*,*,#12883,.T.);
#12883 = EDGE_CURVE('',#12875,#12884,#12886,.T.);
#12884 = VERTEX_POINT('',#12885);
#12885 = CARTESIAN_POINT('',(97.204314575051,-18.28431457505,
    14.884314575051));
#12886 = ELLIPSE('',#12887,1.131370849898,0.8);
#12887 = AXIS2_PLACEMENT_3D('',#12888,#12889,#12890);
#12888 = CARTESIAN_POINT('',(97.77,-18.85,14.318629150102));
#12889 = DIRECTION('',(-0.707106781187,-0.707106781187,
    -1.248223504654E-14));
#12890 = DIRECTION('',(0.707106781187,-0.707106781187,1.248223504654E-14
    ));
#12891 = ORIENTED_EDGE('',*,*,#12892,.T.);
#12892 = EDGE_CURVE('',#12884,#12893,#12895,.T.);
#12893 = VERTEX_POINT('',#12894);
#12894 = CARTESIAN_POINT('',(97.204314575051,-22.89431457505,
    14.884314575051));
#12895 = LINE('',#12896,#12897);
#12896 = CARTESIAN_POINT('',(97.204314575051,-62.67173577134,
    14.884314575051));
#12897 = VECTOR('',#12898,1.);
#12898 = DIRECTION('',(0.,-1.,0.));
#12899 = ORIENTED_EDGE('',*,*,#12900,.T.);
#12900 = EDGE_CURVE('',#12893,#12901,#12903,.T.);
#12901 = VERTEX_POINT('',#12902);
#12902 = CARTESIAN_POINT('',(97.77,-23.46,15.118629150101));
#12903 = ELLIPSE('',#12904,1.131370849898,0.8);
#12904 = AXIS2_PLACEMENT_3D('',#12905,#12906,#12907);
#12905 = CARTESIAN_POINT('',(97.77,-23.46,14.318629150102));
#12906 = DIRECTION('',(0.707106781187,0.707106781187,1.106915183372E-14)
  );
#12907 = DIRECTION('',(0.707106781187,-0.707106781187,1.106915183372E-14
    ));
#12908 = ORIENTED_EDGE('',*,*,#12909,.T.);
#12909 = EDGE_CURVE('',#12901,#12865,#12910,.T.);
#12910 = ELLIPSE('',#12911,1.131370849898,0.8);
#12911 = AXIS2_PLACEMENT_3D('',#12912,#12913,#12914);
#12912 = CARTESIAN_POINT('',(97.77,-23.46,14.318629150102));
#12913 = DIRECTION('',(0.707106781187,0.707106781187,1.106915183372E-14)
  );
#12914 = DIRECTION('',(0.707106781187,-0.707106781187,1.106915183372E-14
    ));
#12915 = CYLINDRICAL_SURFACE('',#12916,0.8);
#12916 = AXIS2_PLACEMENT_3D('',#12917,#12918,#12919);
#12917 = CARTESIAN_POINT('',(97.77,-62.67173577134,14.318629150102));
#12918 = DIRECTION('',(0.,1.,0.));
#12919 = DIRECTION('',(0.,-0.,1.));
#12920 = ADVANCED_FACE('',(#12921),#12957,.T.);
#12921 = FACE_BOUND('',#12922,.T.);
#12922 = EDGE_LOOP('',(#12923,#12931,#12940,#12949,#12955,#12956));
#12923 = ORIENTED_EDGE('',*,*,#12924,.T.);
#12924 = EDGE_CURVE('',#12807,#12925,#12927,.T.);
#12925 = VERTEX_POINT('',#12926);
#12926 = CARTESIAN_POINT('',(221.10149156347,-129.5745087706,
    14.884314575051));
#12927 = LINE('',#12928,#12929);
#12928 = CARTESIAN_POINT('',(181.06618569333,-101.5111753954,
    14.884314575051));
#12929 = VECTOR('',#12930,1.);
#12930 = DIRECTION('',(0.818860656095,-0.573992357005,
    -1.358797633375E-15));
#12931 = ORIENTED_EDGE('',*,*,#12932,.T.);
#12932 = EDGE_CURVE('',#12925,#12933,#12935,.T.);
#12933 = VERTEX_POINT('',#12934);
#12934 = CARTESIAN_POINT('',(221.88960554264,-129.4361286645,
    15.118629150101));
#12935 = ELLIPSE('',#12936,1.131611857416,0.8);
#12936 = AXIS2_PLACEMENT_3D('',#12937,#12938,#12939);
#12937 = CARTESIAN_POINT('',(221.88960554264,-129.4361286645,
    14.318629150102));
#12938 = DIRECTION('',(-0.172938292845,0.984932661083,4.179196006035E-14
    ));
#12939 = DIRECTION('',(-0.984932661083,-0.172938292845,
    -3.992969838275E-14));
#12940 = ORIENTED_EDGE('',*,*,#12941,.T.);
#12941 = EDGE_CURVE('',#12933,#12942,#12944,.T.);
#12942 = VERTEX_POINT('',#12943);
#12943 = CARTESIAN_POINT('',(222.67771952181,-129.2977485584,
    14.884314575051));
#12944 = ELLIPSE('',#12945,1.131611857416,0.8);
#12945 = AXIS2_PLACEMENT_3D('',#12946,#12947,#12948);
#12946 = CARTESIAN_POINT('',(221.88960554264,-129.4361286645,
    14.318629150102));
#12947 = DIRECTION('',(-0.172938292845,0.984932661083,4.179196006035E-14
    ));
#12948 = DIRECTION('',(-0.984932661083,-0.172938292845,
    -3.992969838275E-14));
#12949 = ORIENTED_EDGE('',*,*,#12950,.T.);
#12950 = EDGE_CURVE('',#12942,#12824,#12951,.T.);
#12951 = LINE('',#12952,#12953);
#12952 = CARTESIAN_POINT('',(181.71558391411,-100.584740319,
    14.884314575051));
#12953 = VECTOR('',#12954,1.);
#12954 = DIRECTION('',(-0.818860656095,0.573992357005,1.280293010441E-15
    ));
#12955 = ORIENTED_EDGE('',*,*,#12823,.F.);
#12956 = ORIENTED_EDGE('',*,*,#12814,.F.);
#12957 = CYLINDRICAL_SURFACE('',#12958,0.8);
#12958 = AXIS2_PLACEMENT_3D('',#12959,#12960,#12961);
#12959 = CARTESIAN_POINT('',(181.39088480372,-101.0479578572,
    14.318629150102));
#12960 = DIRECTION('',(0.818860656095,-0.573992357005,
    -1.304512053935E-15));
#12961 = DIRECTION('',(1.068213596368E-15,-7.487799485796E-16,1.));
#12962 = ADVANCED_FACE('',(#12963),#12999,.T.);
#12963 = FACE_BOUND('',#12964,.T.);
#12964 = EDGE_LOOP('',(#12965,#12973,#12982,#12991,#12997,#12998));
#12965 = ORIENTED_EDGE('',*,*,#12966,.T.);
#12966 = EDGE_CURVE('',#12925,#12967,#12969,.T.);
#12967 = VERTEX_POINT('',#12968);
#12968 = CARTESIAN_POINT('',(183.23275081453,-183.5493388004,
    14.884314575051));
#12969 = LINE('',#12970,#12971);
#12970 = CARTESIAN_POINT('',(212.22095488031,-142.232058205,
    14.884314575051));
#12971 = VECTOR('',#12972,1.);
#12972 = DIRECTION('',(-0.57434106509,-0.818616113298,
    -1.756491375889E-16));
#12973 = ORIENTED_EDGE('',*,*,#12974,.T.);
#12974 = EDGE_CURVE('',#12967,#12975,#12977,.T.);
#12975 = VERTEX_POINT('',#12976);
#12976 = CARTESIAN_POINT('',(183.37281790123,-184.3346287235,
    15.118629150101));
#12977 = ELLIPSE('',#12978,1.12809490033,0.8);
#12978 = AXIS2_PLACEMENT_3D('',#12979,#12980,#12981);
#12979 = CARTESIAN_POINT('',(183.37281790123,-184.3346287235,
    14.318629150102));
#12980 = DIRECTION('',(0.98446297319,0.175592296007,3.641069640546E-14)
  );
#12981 = DIRECTION('',(-0.175592296007,0.98446297319,-3.634752506149E-14
    ));
#12982 = ORIENTED_EDGE('',*,*,#12983,.T.);
#12983 = EDGE_CURVE('',#12975,#12984,#12986,.T.);
#12984 = VERTEX_POINT('',#12985);
#12985 = CARTESIAN_POINT('',(183.51288498794,-185.1199186466,
    14.884314575051));
#12986 = ELLIPSE('',#12987,1.12809490033,0.8);
#12987 = AXIS2_PLACEMENT_3D('',#12988,#12989,#12990);
#12988 = CARTESIAN_POINT('',(183.37281790123,-184.3346287235,
    14.318629150102));
#12989 = DIRECTION('',(0.98446297319,0.175592296007,3.641069640546E-14)
  );
#12990 = DIRECTION('',(-0.175592296007,0.98446297319,-3.634752506149E-14
    ));
#12991 = ORIENTED_EDGE('',*,*,#12992,.T.);
#12992 = EDGE_CURVE('',#12984,#12942,#12993,.T.);
#12993 = LINE('',#12994,#12995);
#12994 = CARTESIAN_POINT('',(213.14711328815,-142.8818509439,
    14.884314575051));
#12995 = VECTOR('',#12996,1.);
#12996 = DIRECTION('',(0.57434106509,0.818616113298,1.756491375889E-16)
  );
#12997 = ORIENTED_EDGE('',*,*,#12941,.F.);
#12998 = ORIENTED_EDGE('',*,*,#12932,.F.);
#12999 = CYLINDRICAL_SURFACE('',#13000,0.8);
#13000 = AXIS2_PLACEMENT_3D('',#13001,#13002,#13003);
#13001 = CARTESIAN_POINT('',(212.68403408423,-142.5569545744,
    14.318629150102));
#13002 = DIRECTION('',(-0.57434106509,-0.818616113298,
    -1.942890293094E-16));
#13003 = DIRECTION('',(-1.115881680289E-16,-1.590481300297E-16,1.));
#13004 = ADVANCED_FACE('',(#13005),#13041,.T.);
#13005 = FACE_BOUND('',#13006,.T.);
#13006 = EDGE_LOOP('',(#13007,#13015,#13024,#13033,#13039,#13040));
#13007 = ORIENTED_EDGE('',*,*,#13008,.T.);
#13008 = EDGE_CURVE('',#12967,#13009,#13011,.T.);
#13009 = VERTEX_POINT('',#13010);
#13010 = CARTESIAN_POINT('',(113.0189923169,-134.894314575,
    14.884314575051));
#13011 = LINE('',#13012,#13013);
#13012 = CARTESIAN_POINT('',(145.28667003709,-157.2543858027,
    14.884314575051));
#13013 = VECTOR('',#13014,1.);
#13014 = DIRECTION('',(-0.821942843865,0.569569979387,
    -2.775557561563E-17));
#13015 = ORIENTED_EDGE('',*,*,#13016,.T.);
#13016 = EDGE_CURVE('',#13009,#13017,#13019,.T.);
#13017 = VERTEX_POINT('',#13018);
#13018 = CARTESIAN_POINT('',(112.84214953783,-135.46,15.118629150101));
#13019 = ELLIPSE('',#13020,0.838180611219,0.8);
#13020 = AXIS2_PLACEMENT_3D('',#13021,#13022,#13023);
#13021 = CARTESIAN_POINT('',(112.84214953783,-135.46,14.318629150102));
#13022 = DIRECTION('',(0.954448229048,-0.298376570909,1.964452230193E-14
    ));
#13023 = DIRECTION('',(-0.298376570909,-0.954448229048,
    -6.26529365673E-14));
#13024 = ORIENTED_EDGE('',*,*,#13025,.T.);
#13025 = EDGE_CURVE('',#13017,#13026,#13028,.T.);
#13026 = VERTEX_POINT('',#13027);
#13027 = CARTESIAN_POINT('',(112.66530675875,-136.0256854249,
    14.884314575051));
#13028 = ELLIPSE('',#13029,0.838180611219,0.8);
#13029 = AXIS2_PLACEMENT_3D('',#13030,#13031,#13032);
#13030 = CARTESIAN_POINT('',(112.84214953783,-135.46,14.318629150102));
#13031 = DIRECTION('',(0.954448229048,-0.298376570909,1.964452230193E-14
    ));
#13032 = DIRECTION('',(-0.298376570909,-0.954448229048,
    -6.26529365673E-14));
#13033 = ORIENTED_EDGE('',*,*,#13034,.T.);
#13034 = EDGE_CURVE('',#13026,#12984,#13035,.T.);
#13035 = LINE('',#13036,#13037);
#13036 = CARTESIAN_POINT('',(144.64227516544,-158.1843079766,
    14.884314575051));
#13037 = VECTOR('',#13038,1.);
#13038 = DIRECTION('',(0.821942843865,-0.569569979387,6.700788708272E-17
    ));
#13039 = ORIENTED_EDGE('',*,*,#12983,.F.);
#13040 = ORIENTED_EDGE('',*,*,#12974,.F.);
#13041 = CYLINDRICAL_SURFACE('',#13042,0.8);
#13042 = AXIS2_PLACEMENT_3D('',#13043,#13044,#13045);
#13043 = CARTESIAN_POINT('',(144.96447260127,-157.7193468897,
    14.318629150102));
#13044 = DIRECTION('',(-0.821942843865,0.569569979387,
    -5.551115123126E-17));
#13045 = DIRECTION('',(-4.562699350924E-17,3.161748526254E-17,1.));
#13046 = ADVANCED_FACE('',(#13047),#13083,.T.);
#13047 = FACE_BOUND('',#13048,.T.);
#13048 = EDGE_LOOP('',(#13049,#13057,#13066,#13075,#13081,#13082));
#13049 = ORIENTED_EDGE('',*,*,#13050,.T.);
#13050 = EDGE_CURVE('',#13009,#13051,#13053,.T.);
#13051 = VERTEX_POINT('',#13052);
#13052 = CARTESIAN_POINT('',(31.695685424949,-134.894314575,
    14.884314575051));
#13053 = LINE('',#13054,#13055);
#13054 = CARTESIAN_POINT('',(119.8234268474,-134.894314575,
    14.884314575051));
#13055 = VECTOR('',#13056,1.);
#13056 = DIRECTION('',(-1.,0.,0.));
#13057 = ORIENTED_EDGE('',*,*,#13058,.T.);
#13058 = EDGE_CURVE('',#13051,#13059,#13061,.T.);
#13059 = VERTEX_POINT('',#13060);
#13060 = CARTESIAN_POINT('',(31.13,-135.46,15.118629150101));
#13061 = ELLIPSE('',#13062,1.131370849898,0.8);
#13062 = AXIS2_PLACEMENT_3D('',#13063,#13064,#13065);
#13063 = CARTESIAN_POINT('',(31.13,-135.46,14.318629150102));
#13064 = DIRECTION('',(0.707106781187,-0.707106781187,2.490559162587E-14
    ));
#13065 = DIRECTION('',(0.707106781187,0.707106781187,-2.490559162587E-14
    ));
#13066 = ORIENTED_EDGE('',*,*,#13067,.T.);
#13067 = EDGE_CURVE('',#13059,#13068,#13070,.T.);
#13068 = VERTEX_POINT('',#13069);
#13069 = CARTESIAN_POINT('',(30.564314575051,-136.0256854249,
    14.884314575051));
#13070 = ELLIPSE('',#13071,1.131370849898,0.8);
#13071 = AXIS2_PLACEMENT_3D('',#13072,#13073,#13074);
#13072 = CARTESIAN_POINT('',(31.13,-135.46,14.318629150102));
#13073 = DIRECTION('',(0.707106781187,-0.707106781187,2.490559162587E-14
    ));
#13074 = DIRECTION('',(0.707106781187,0.707106781187,-2.490559162587E-14
    ));
#13075 = ORIENTED_EDGE('',*,*,#13076,.T.);
#13076 = EDGE_CURVE('',#13068,#13026,#13077,.T.);
#13077 = LINE('',#13078,#13079);
#13078 = CARTESIAN_POINT('',(119.8234268474,-136.0256854249,
    14.884314575051));
#13079 = VECTOR('',#13080,1.);
#13080 = DIRECTION('',(1.,0.,0.));
#13081 = ORIENTED_EDGE('',*,*,#13025,.F.);
#13082 = ORIENTED_EDGE('',*,*,#13016,.F.);
#13083 = CYLINDRICAL_SURFACE('',#13084,0.8);
#13084 = AXIS2_PLACEMENT_3D('',#13085,#13086,#13087);
#13085 = CARTESIAN_POINT('',(119.8234268474,-135.46,14.318629150102));
#13086 = DIRECTION('',(-1.,0.,0.));
#13087 = DIRECTION('',(0.,0.,1.));
#13088 = ADVANCED_FACE('',(#13089),#13125,.T.);
#13089 = FACE_BOUND('',#13090,.T.);
#13090 = EDGE_LOOP('',(#13091,#13099,#13108,#13117,#13123,#13124));
#13091 = ORIENTED_EDGE('',*,*,#13092,.T.);
#13092 = EDGE_CURVE('',#13051,#13093,#13095,.T.);
#13093 = VERTEX_POINT('',#13094);
#13094 = CARTESIAN_POINT('',(31.695685424949,-28.46568542494,
    14.884314575051));
#13095 = LINE('',#13096,#13097);
#13096 = CARTESIAN_POINT('',(31.695685424949,-118.6717357713,
    14.884314575051));
#13097 = VECTOR('',#13098,1.);
#13098 = DIRECTION('',(-1.893116390894E-17,1.,6.140335306828E-17));
#13099 = ORIENTED_EDGE('',*,*,#13100,.T.);
#13100 = EDGE_CURVE('',#13093,#13101,#13103,.T.);
#13101 = VERTEX_POINT('',#13102);
#13102 = CARTESIAN_POINT('',(31.13,-27.9,15.118629150101));
#13103 = ELLIPSE('',#13104,1.131370849898,0.8);
#13104 = AXIS2_PLACEMENT_3D('',#13105,#13106,#13107);
#13105 = CARTESIAN_POINT('',(31.13,-27.9,14.318629150102));
#13106 = DIRECTION('',(-0.707106781187,-0.707106781187,
    -1.383643979215E-14));
#13107 = DIRECTION('',(0.707106781187,-0.707106781187,1.374960233747E-14
    ));
#13108 = ORIENTED_EDGE('',*,*,#13109,.T.);
#13109 = EDGE_CURVE('',#13101,#13110,#13112,.T.);
#13110 = VERTEX_POINT('',#13111);
#13111 = CARTESIAN_POINT('',(30.564314575051,-27.33431457505,
    14.884314575051));
#13112 = ELLIPSE('',#13113,1.131370849898,0.8);
#13113 = AXIS2_PLACEMENT_3D('',#13114,#13115,#13116);
#13114 = CARTESIAN_POINT('',(31.13,-27.9,14.318629150102));
#13115 = DIRECTION('',(-0.707106781187,-0.707106781187,
    -1.383643979215E-14));
#13116 = DIRECTION('',(0.707106781187,-0.707106781187,1.374960233747E-14
    ));
#13117 = ORIENTED_EDGE('',*,*,#13118,.T.);
#13118 = EDGE_CURVE('',#13110,#13068,#13119,.T.);
#13119 = LINE('',#13120,#13121);
#13120 = CARTESIAN_POINT('',(30.564314575051,-118.6717357713,
    14.884314575051));
#13121 = VECTOR('',#13122,1.);
#13122 = DIRECTION('',(1.893116390894E-17,-1.,-6.140335306828E-17));
#13123 = ORIENTED_EDGE('',*,*,#13067,.F.);
#13124 = ORIENTED_EDGE('',*,*,#13058,.F.);
#13125 = CYLINDRICAL_SURFACE('',#13126,0.8);
#13126 = AXIS2_PLACEMENT_3D('',#13127,#13128,#13129);
#13127 = CARTESIAN_POINT('',(31.13,-118.6717357713,14.318629150102));
#13128 = DIRECTION('',(-1.893116390894E-17,1.,6.140335306828E-17));
#13129 = DIRECTION('',(1.162436941494E-33,-6.140335306828E-17,1.));
#13130 = ADVANCED_FACE('',(#13131),#13167,.T.);
#13131 = FACE_BOUND('',#13132,.T.);
#13132 = EDGE_LOOP('',(#13133,#13141,#13150,#13159,#13165,#13166));
#13133 = ORIENTED_EDGE('',*,*,#13134,.T.);
#13134 = EDGE_CURVE('',#13093,#13135,#13137,.T.);
#13135 = VERTEX_POINT('',#13136);
#13136 = CARTESIAN_POINT('',(79.215685424949,-28.46568542494,
    14.884314575051));
#13137 = LINE('',#13138,#13139);
#13138 = CARTESIAN_POINT('',(78.96735207849,-28.46568542494,
    14.884314575051));
#13139 = VECTOR('',#13140,1.);
#13140 = DIRECTION('',(1.,-3.783815164182E-17,1.5870766301E-15));
#13141 = ORIENTED_EDGE('',*,*,#13142,.T.);
#13142 = EDGE_CURVE('',#13135,#13143,#13145,.T.);
#13143 = VERTEX_POINT('',#13144);
#13144 = CARTESIAN_POINT('',(78.65,-27.9,15.118629150102));
#13145 = ELLIPSE('',#13146,1.131370849898,0.8);
#13146 = AXIS2_PLACEMENT_3D('',#13147,#13148,#13149);
#13147 = CARTESIAN_POINT('',(78.65,-27.9,14.318629150102));
#13148 = DIRECTION('',(-0.707106781187,-0.707106781187,0.));
#13149 = DIRECTION('',(-0.707106781187,0.707106781187,
    -2.244465294813E-15));
#13150 = ORIENTED_EDGE('',*,*,#13151,.T.);
#13151 = EDGE_CURVE('',#13143,#13152,#13154,.T.);
#13152 = VERTEX_POINT('',#13153);
#13153 = CARTESIAN_POINT('',(78.084314575051,-27.33431457505,
    14.884314575051));
#13154 = ELLIPSE('',#13155,1.131370849898,0.8);
#13155 = AXIS2_PLACEMENT_3D('',#13156,#13157,#13158);
#13156 = CARTESIAN_POINT('',(78.65,-27.9,14.318629150102));
#13157 = DIRECTION('',(-0.707106781187,-0.707106781187,0.));
#13158 = DIRECTION('',(-0.707106781187,0.707106781187,
    -2.244465294813E-15));
#13159 = ORIENTED_EDGE('',*,*,#13160,.T.);
#13160 = EDGE_CURVE('',#13152,#13110,#13161,.T.);
#13161 = LINE('',#13162,#13163);
#13162 = CARTESIAN_POINT('',(78.96735207849,-27.33431457505,
    14.884314575051));
#13163 = VECTOR('',#13164,1.);
#13164 = DIRECTION('',(-1.,3.783815164182E-17,-1.5870766301E-15));
#13165 = ORIENTED_EDGE('',*,*,#13109,.F.);
#13166 = ORIENTED_EDGE('',*,*,#13100,.F.);
#13167 = CYLINDRICAL_SURFACE('',#13168,0.8);
#13168 = AXIS2_PLACEMENT_3D('',#13169,#13170,#13171);
#13169 = CARTESIAN_POINT('',(78.96735207849,-27.9,14.318629150102));
#13170 = DIRECTION('',(1.,-3.783815164182E-17,1.5870766301E-15));
#13171 = DIRECTION('',(-1.5870766301E-15,6.005204619691E-32,1.));
#13172 = ADVANCED_FACE('',(#13173),#13209,.T.);
#13173 = FACE_BOUND('',#13174,.T.);
#13174 = EDGE_LOOP('',(#13175,#13183,#13192,#13201,#13207,#13208));
#13175 = ORIENTED_EDGE('',*,*,#13176,.T.);
#13176 = EDGE_CURVE('',#13135,#13177,#13179,.T.);
#13177 = VERTEX_POINT('',#13178);
#13178 = CARTESIAN_POINT('',(79.215685424949,-24.02568542494,
    14.884314575051));
#13179 = LINE('',#13180,#13181);
#13180 = CARTESIAN_POINT('',(79.215685424949,-64.89173577134,
    14.884314575051));
#13181 = VECTOR('',#13182,1.);
#13182 = DIRECTION('',(-1.000200923086E-15,1.,1.000200923086E-15));
#13183 = ORIENTED_EDGE('',*,*,#13184,.T.);
#13184 = EDGE_CURVE('',#13177,#13185,#13187,.T.);
#13185 = VERTEX_POINT('',#13186);
#13186 = CARTESIAN_POINT('',(78.65,-23.46,15.118629150101));
#13187 = ELLIPSE('',#13188,1.131370849898,0.8);
#13188 = AXIS2_PLACEMENT_3D('',#13189,#13190,#13191);
#13189 = CARTESIAN_POINT('',(78.65,-23.46,14.318629150102));
#13190 = DIRECTION('',(-0.707106781187,-0.707106781187,
    5.593454384061E-15));
#13191 = DIRECTION('',(0.707106781187,-0.707106781187,
    -7.007952094587E-15));
#13192 = ORIENTED_EDGE('',*,*,#13193,.T.);
#13193 = EDGE_CURVE('',#13185,#13194,#13196,.T.);
#13194 = VERTEX_POINT('',#13195);
#13195 = CARTESIAN_POINT('',(78.084314575051,-22.89431457505,
    14.884314575051));
#13196 = ELLIPSE('',#13197,1.131370849898,0.8);
#13197 = AXIS2_PLACEMENT_3D('',#13198,#13199,#13200);
#13198 = CARTESIAN_POINT('',(78.65,-23.46,14.318629150102));
#13199 = DIRECTION('',(-0.707106781187,-0.707106781187,
    5.593454384061E-15));
#13200 = DIRECTION('',(0.707106781187,-0.707106781187,
    -7.007952094587E-15));
#13201 = ORIENTED_EDGE('',*,*,#13202,.T.);
#13202 = EDGE_CURVE('',#13194,#13152,#13203,.T.);
#13203 = LINE('',#13204,#13205);
#13204 = CARTESIAN_POINT('',(78.084314575051,-64.89173577134,
    14.884314575051));
#13205 = VECTOR('',#13206,1.);
#13206 = DIRECTION('',(1.000200923086E-15,-1.,-1.000200923086E-15));
#13207 = ORIENTED_EDGE('',*,*,#13151,.F.);
#13208 = ORIENTED_EDGE('',*,*,#13142,.F.);
#13209 = CYLINDRICAL_SURFACE('',#13210,0.8);
#13210 = AXIS2_PLACEMENT_3D('',#13211,#13212,#13213);
#13211 = CARTESIAN_POINT('',(78.65,-64.89173577134,14.318629150102));
#13212 = DIRECTION('',(-1.000200923086E-15,1.,1.000200923086E-15));
#13213 = DIRECTION('',(1.000401886542E-30,-1.000200923086E-15,1.));
#13214 = ADVANCED_FACE('',(#13215),#13233,.T.);
#13215 = FACE_BOUND('',#13216,.T.);
#13216 = EDGE_LOOP('',(#13217,#13223,#13224,#13225,#13231,#13232));
#13217 = ORIENTED_EDGE('',*,*,#13218,.T.);
#13218 = EDGE_CURVE('',#13177,#12865,#13219,.T.);
#13219 = LINE('',#13220,#13221);
#13220 = CARTESIAN_POINT('',(102.72735207849,-24.02568542494,
    14.884314575051));
#13221 = VECTOR('',#13222,1.);
#13222 = DIRECTION('',(1.,0.,0.));
#13223 = ORIENTED_EDGE('',*,*,#12909,.F.);
#13224 = ORIENTED_EDGE('',*,*,#12900,.F.);
#13225 = ORIENTED_EDGE('',*,*,#13226,.T.);
#13226 = EDGE_CURVE('',#12893,#13194,#13227,.T.);
#13227 = LINE('',#13228,#13229);
#13228 = CARTESIAN_POINT('',(102.72735207849,-22.89431457505,
    14.884314575051));
#13229 = VECTOR('',#13230,1.);
#13230 = DIRECTION('',(-1.,0.,0.));
#13231 = ORIENTED_EDGE('',*,*,#13193,.F.);
#13232 = ORIENTED_EDGE('',*,*,#13184,.F.);
#13233 = CYLINDRICAL_SURFACE('',#13234,0.8);
#13234 = AXIS2_PLACEMENT_3D('',#13235,#13236,#13237);
#13235 = CARTESIAN_POINT('',(102.72735207849,-23.46,14.318629150102));
#13236 = DIRECTION('',(1.,0.,0.));
#13237 = DIRECTION('',(0.,0.,1.));
#13238 = ADVANCED_FACE('',(#13239),#13257,.T.);
#13239 = FACE_BOUND('',#13240,.T.);
#13240 = EDGE_LOOP('',(#13241,#13247,#13248,#13249,#13255,#13256));
#13241 = ORIENTED_EDGE('',*,*,#13242,.T.);
#13242 = EDGE_CURVE('',#12867,#12805,#13243,.T.);
#13243 = LINE('',#13244,#13245);
#13244 = CARTESIAN_POINT('',(112.28735207849,-19.41568542494,
    14.884314575051));
#13245 = VECTOR('',#13246,1.);
#13246 = DIRECTION('',(1.,0.,0.));
#13247 = ORIENTED_EDGE('',*,*,#12849,.T.);
#13248 = ORIENTED_EDGE('',*,*,#12840,.T.);
#13249 = ORIENTED_EDGE('',*,*,#13250,.T.);
#13250 = EDGE_CURVE('',#12833,#12884,#13251,.T.);
#13251 = LINE('',#13252,#13253);
#13252 = CARTESIAN_POINT('',(112.28735207849,-18.28431457505,
    14.884314575051));
#13253 = VECTOR('',#13254,1.);
#13254 = DIRECTION('',(-1.,0.,0.));
#13255 = ORIENTED_EDGE('',*,*,#12883,.F.);
#13256 = ORIENTED_EDGE('',*,*,#12874,.F.);
#13257 = CYLINDRICAL_SURFACE('',#13258,0.8);
#13258 = AXIS2_PLACEMENT_3D('',#13259,#13260,#13261);
#13259 = CARTESIAN_POINT('',(112.28735207849,-18.85,14.318629150102));
#13260 = DIRECTION('',(1.,0.,0.));
#13261 = DIRECTION('',(-0.,3.925231146709E-15,1.));
#13262 = ADVANCED_FACE('',(#13263),#13288,.T.);
#13263 = FACE_BOUND('',#13264,.T.);
#13264 = EDGE_LOOP('',(#13265,#13266,#13274,#13282));
#13265 = ORIENTED_EDGE('',*,*,#13008,.F.);
#13266 = ORIENTED_EDGE('',*,*,#13267,.T.);
#13267 = EDGE_CURVE('',#12967,#13268,#13270,.T.);
#13268 = VERTEX_POINT('',#13269);
#13269 = CARTESIAN_POINT('',(183.00140895061,-182.2523143617,13.95));
#13270 = LINE('',#13271,#13272);
#13271 = CARTESIAN_POINT('',(183.37281790123,-184.3346287235,15.45));
#13272 = VECTOR('',#13273,1.);
#13273 = DIRECTION('',(-0.143231728545,0.803032573435,-0.578466384451));
#13274 = ORIENTED_EDGE('',*,*,#13275,.T.);
#13275 = EDGE_CURVE('',#13268,#13276,#13278,.T.);
#13276 = VERTEX_POINT('',#13277);
#13277 = CARTESIAN_POINT('',(113.31107476891,-133.96,13.95));
#13278 = LINE('',#13279,#13280);
#13279 = CARTESIAN_POINT('',(145.2059456105,-156.0617325759,13.95));
#13280 = VECTOR('',#13281,1.);
#13281 = DIRECTION('',(-0.821942843865,0.569569979387,0.));
#13282 = ORIENTED_EDGE('',*,*,#13283,.F.);
#13283 = EDGE_CURVE('',#13009,#13276,#13284,.T.);
#13284 = LINE('',#13285,#13286);
#13285 = CARTESIAN_POINT('',(112.84214953783,-135.46,15.45));
#13286 = VECTOR('',#13287,1.);
#13287 = DIRECTION('',(0.2158428279,0.690438945036,-0.690438945036));
#13288 = PLANE('',#13289);
#13289 = AXIS2_PLACEMENT_3D('',#13290,#13291,#13292);
#13290 = CARTESIAN_POINT('',(144.77876812596,-156.6781897088,14.7));
#13291 = DIRECTION('',(0.402746794785,0.581201358645,0.707106781187));
#13292 = DIRECTION('',(0.868937981385,-3.053113317719E-16,
    -0.494920988146));
#13293 = ADVANCED_FACE('',(#13294),#13312,.T.);
#13294 = FACE_BOUND('',#13295,.T.);
#13295 = EDGE_LOOP('',(#13296,#13297,#13305,#13311));
#13296 = ORIENTED_EDGE('',*,*,#12966,.F.);
#13297 = ORIENTED_EDGE('',*,*,#13298,.T.);
#13298 = EDGE_CURVE('',#12925,#13299,#13301,.T.);
#13299 = VERTEX_POINT('',#13300);
#13300 = CARTESIAN_POINT('',(219.79980277132,-129.8030643322,13.95));
#13301 = LINE('',#13302,#13303);
#13302 = CARTESIAN_POINT('',(221.88960554264,-129.4361286645,15.45));
#13303 = VECTOR('',#13304,1.);
#13304 = DIRECTION('',(-0.804251241889,-0.141213549196,-0.5772682855));
#13305 = ORIENTED_EDGE('',*,*,#13306,.T.);
#13306 = EDGE_CURVE('',#13299,#13268,#13307,.T.);
#13307 = LINE('',#13308,#13309);
#13308 = CARTESIAN_POINT('',(211.02517061359,-142.3096666095,13.95));
#13309 = VECTOR('',#13310,1.);
#13310 = DIRECTION('',(-0.57434106509,-0.818616113298,0.));
#13311 = ORIENTED_EDGE('',*,*,#13267,.F.);
#13312 = PLANE('',#13313);
#13313 = AXIS2_PLACEMENT_3D('',#13314,#13315,#13316);
#13314 = CARTESIAN_POINT('',(211.63913269857,-142.7404224083,14.7));
#13315 = DIRECTION('',(-0.578849004902,0.406120461839,0.707106781187));
#13316 = DIRECTION('',(0.773792573128,0.,0.633439068713));
#13317 = ADVANCED_FACE('',(#13318),#13336,.T.);
#13318 = FACE_BOUND('',#13319,.T.);
#13319 = EDGE_LOOP('',(#13320,#13321,#13329,#13335));
#13320 = ORIENTED_EDGE('',*,*,#12924,.F.);
#13321 = ORIENTED_EDGE('',*,*,#13322,.T.);
#13322 = EDGE_CURVE('',#12807,#13323,#13325,.T.);
#13323 = VERTEX_POINT('',#13324);
#13324 = CARTESIAN_POINT('',(216.1,-127.2096334507,13.95));
#13325 = LINE('',#13326,#13327);
#13326 = CARTESIAN_POINT('',(217.6,-126.4292669015,15.45));
#13327 = VECTOR('',#13328,1.);
#13328 = DIRECTION('',(-0.66362769171,-0.345248567833,-0.66362769171));
#13329 = ORIENTED_EDGE('',*,*,#13330,.T.);
#13330 = EDGE_CURVE('',#13323,#13299,#13331,.T.);
#13331 = LINE('',#13332,#13333);
#13332 = CARTESIAN_POINT('',(180.21039053597,-102.0522866239,13.95));
#13333 = VECTOR('',#13334,1.);
#13334 = DIRECTION('',(0.818860656095,-0.573992357005,0.));
#13335 = ORIENTED_EDGE('',*,*,#13298,.F.);
#13336 = PLANE('',#13337);
#13337 = AXIS2_PLACEMENT_3D('',#13338,#13339,#13340);
#13338 = CARTESIAN_POINT('',(180.64088480372,-101.4381411318,14.7));
#13339 = DIRECTION('',(-0.405873887988,-0.579021922771,0.707106781187));
#13340 = DIRECTION('',(0.867283696055,-5.551115123126E-17,0.497814212891
    ));
#13341 = ADVANCED_FACE('',(#13342),#13360,.T.);
#13342 = FACE_BOUND('',#13343,.T.);
#13343 = EDGE_LOOP('',(#13344,#13345,#13353,#13359));
#13344 = ORIENTED_EDGE('',*,*,#12804,.F.);
#13345 = ORIENTED_EDGE('',*,*,#13346,.T.);
#13346 = EDGE_CURVE('',#12805,#13347,#13349,.T.);
#13347 = VERTEX_POINT('',#13348);
#13348 = CARTESIAN_POINT('',(216.1,-20.35,13.95));
#13349 = LINE('',#13350,#13351);
#13350 = CARTESIAN_POINT('',(217.6,-18.85,15.45));
#13351 = VECTOR('',#13352,1.);
#13352 = DIRECTION('',(-0.57735026919,-0.57735026919,-0.57735026919));
#13353 = ORIENTED_EDGE('',*,*,#13354,.T.);
#13354 = EDGE_CURVE('',#13347,#13323,#13355,.T.);
#13355 = LINE('',#13356,#13357);
#13356 = CARTESIAN_POINT('',(216.1,-61.11673577134,13.95));
#13357 = VECTOR('',#13358,1.);
#13358 = DIRECTION('',(0.,-1.,0.));
#13359 = ORIENTED_EDGE('',*,*,#13322,.F.);
#13360 = PLANE('',#13361);
#13361 = AXIS2_PLACEMENT_3D('',#13362,#13363,#13364);
#13362 = CARTESIAN_POINT('',(216.85,-61.11673577134,14.7));
#13363 = DIRECTION('',(-0.707106781187,0.,0.707106781187));
#13364 = DIRECTION('',(0.707106781187,0.,0.707106781187));
#13365 = ADVANCED_FACE('',(#13366),#13384,.T.);
#13366 = FACE_BOUND('',#13367,.T.);
#13367 = EDGE_LOOP('',(#13368,#13369,#13377,#13383));
#13368 = ORIENTED_EDGE('',*,*,#13242,.F.);
#13369 = ORIENTED_EDGE('',*,*,#13370,.T.);
#13370 = EDGE_CURVE('',#12867,#13371,#13373,.T.);
#13371 = VERTEX_POINT('',#13372);
#13372 = CARTESIAN_POINT('',(99.27,-20.35,13.95));
#13373 = LINE('',#13374,#13375);
#13374 = CARTESIAN_POINT('',(97.77,-18.85,15.45));
#13375 = VECTOR('',#13376,1.);
#13376 = DIRECTION('',(0.57735026919,-0.57735026919,-0.57735026919));
#13377 = ORIENTED_EDGE('',*,*,#13378,.T.);
#13378 = EDGE_CURVE('',#13371,#13347,#13379,.T.);
#13379 = LINE('',#13380,#13381);
#13380 = CARTESIAN_POINT('',(113.03735207849,-20.35,13.95));
#13381 = VECTOR('',#13382,1.);
#13382 = DIRECTION('',(1.,0.,0.));
#13383 = ORIENTED_EDGE('',*,*,#13346,.F.);
#13384 = PLANE('',#13385);
#13385 = AXIS2_PLACEMENT_3D('',#13386,#13387,#13388);
#13386 = CARTESIAN_POINT('',(113.03735207849,-19.6,14.7));
#13387 = DIRECTION('',(0.,-0.707106781187,0.707106781187));
#13388 = DIRECTION('',(1.,0.,0.));
#13389 = ADVANCED_FACE('',(#13390),#13408,.T.);
#13390 = FACE_BOUND('',#13391,.T.);
#13391 = EDGE_LOOP('',(#13392,#13393,#13401,#13407));
#13392 = ORIENTED_EDGE('',*,*,#12864,.F.);
#13393 = ORIENTED_EDGE('',*,*,#13394,.T.);
#13394 = EDGE_CURVE('',#12865,#13395,#13397,.T.);
#13395 = VERTEX_POINT('',#13396);
#13396 = CARTESIAN_POINT('',(99.27,-24.96,13.95));
#13397 = LINE('',#13398,#13399);
#13398 = CARTESIAN_POINT('',(97.77,-23.46,15.45));
#13399 = VECTOR('',#13400,1.);
#13400 = DIRECTION('',(0.57735026919,-0.57735026919,-0.57735026919));
#13401 = ORIENTED_EDGE('',*,*,#13402,.T.);
#13402 = EDGE_CURVE('',#13395,#13371,#13403,.T.);
#13403 = LINE('',#13404,#13405);
#13404 = CARTESIAN_POINT('',(99.27,-63.42173577134,13.95));
#13405 = VECTOR('',#13406,1.);
#13406 = DIRECTION('',(0.,1.,0.));
#13407 = ORIENTED_EDGE('',*,*,#13370,.F.);
#13408 = PLANE('',#13409);
#13409 = AXIS2_PLACEMENT_3D('',#13410,#13411,#13412);
#13410 = CARTESIAN_POINT('',(98.52,-63.42173577134,14.7));
#13411 = DIRECTION('',(0.707106781187,0.,0.707106781187));
#13412 = DIRECTION('',(0.707106781187,0.,-0.707106781187));
#13413 = ADVANCED_FACE('',(#13414),#13439,.T.);
#13414 = FACE_BOUND('',#13415,.T.);
#13415 = EDGE_LOOP('',(#13416,#13417,#13425,#13433));
#13416 = ORIENTED_EDGE('',*,*,#13076,.F.);
#13417 = ORIENTED_EDGE('',*,*,#13418,.T.);
#13418 = EDGE_CURVE('',#13068,#13419,#13421,.T.);
#13419 = VERTEX_POINT('',#13420);
#13420 = CARTESIAN_POINT('',(29.63,-136.96,13.95));
#13421 = LINE('',#13422,#13423);
#13422 = CARTESIAN_POINT('',(31.13,-135.46,15.45));
#13423 = VECTOR('',#13424,1.);
#13424 = DIRECTION('',(-0.57735026919,-0.57735026919,-0.57735026919));
#13425 = ORIENTED_EDGE('',*,*,#13426,.T.);
#13426 = EDGE_CURVE('',#13419,#13427,#13429,.T.);
#13427 = VERTEX_POINT('',#13428);
#13428 = CARTESIAN_POINT('',(112.37322430674,-136.96,13.95));
#13429 = LINE('',#13430,#13431);
#13430 = CARTESIAN_POINT('',(119.58896423186,-136.96,13.95));
#13431 = VECTOR('',#13432,1.);
#13432 = DIRECTION('',(1.,0.,0.));
#13433 = ORIENTED_EDGE('',*,*,#13434,.F.);
#13434 = EDGE_CURVE('',#13026,#13427,#13435,.T.);
#13435 = LINE('',#13436,#13437);
#13436 = CARTESIAN_POINT('',(112.84214953783,-135.46,15.45));
#13437 = VECTOR('',#13438,1.);
#13438 = DIRECTION('',(-0.2158428279,-0.690438945036,-0.690438945036));
#13439 = PLANE('',#13440);
#13440 = AXIS2_PLACEMENT_3D('',#13441,#13442,#13443);
#13441 = CARTESIAN_POINT('',(119.58896423186,-136.21,14.7));
#13442 = DIRECTION('',(0.,-0.707106781187,0.707106781187));
#13443 = DIRECTION('',(1.,0.,0.));
#13444 = ADVANCED_FACE('',(#13445),#13463,.T.);
#13445 = FACE_BOUND('',#13446,.T.);
#13446 = EDGE_LOOP('',(#13447,#13448,#13456,#13462));
#13447 = ORIENTED_EDGE('',*,*,#13118,.F.);
#13448 = ORIENTED_EDGE('',*,*,#13449,.T.);
#13449 = EDGE_CURVE('',#13110,#13450,#13452,.T.);
#13450 = VERTEX_POINT('',#13451);
#13451 = CARTESIAN_POINT('',(29.63,-26.4,13.95));
#13452 = LINE('',#13453,#13454);
#13453 = CARTESIAN_POINT('',(31.13,-27.9,15.45));
#13454 = VECTOR('',#13455,1.);
#13455 = DIRECTION('',(-0.57735026919,0.57735026919,-0.57735026919));
#13456 = ORIENTED_EDGE('',*,*,#13457,.T.);
#13457 = EDGE_CURVE('',#13450,#13419,#13458,.T.);
#13458 = LINE('',#13459,#13460);
#13459 = CARTESIAN_POINT('',(29.63,-119.4217357713,13.95));
#13460 = VECTOR('',#13461,1.);
#13461 = DIRECTION('',(8.033451697722E-17,-1.,0.));
#13462 = ORIENTED_EDGE('',*,*,#13418,.F.);
#13463 = PLANE('',#13464);
#13464 = AXIS2_PLACEMENT_3D('',#13465,#13466,#13467);
#13465 = CARTESIAN_POINT('',(30.38,-119.4217357713,14.7));
#13466 = DIRECTION('',(-0.707106781187,-5.680508171794E-17,
    0.707106781187));
#13467 = DIRECTION('',(0.707106781187,-6.162975822039E-33,0.707106781187
    ));
#13468 = ADVANCED_FACE('',(#13469),#13487,.T.);
#13469 = FACE_BOUND('',#13470,.T.);
#13470 = EDGE_LOOP('',(#13471,#13472,#13480,#13486));
#13471 = ORIENTED_EDGE('',*,*,#13160,.F.);
#13472 = ORIENTED_EDGE('',*,*,#13473,.T.);
#13473 = EDGE_CURVE('',#13152,#13474,#13476,.T.);
#13474 = VERTEX_POINT('',#13475);
#13475 = CARTESIAN_POINT('',(77.15,-26.4,13.95));
#13476 = LINE('',#13477,#13478);
#13477 = CARTESIAN_POINT('',(78.65,-27.9,15.45));
#13478 = VECTOR('',#13479,1.);
#13479 = DIRECTION('',(-0.57735026919,0.57735026919,-0.57735026919));
#13480 = ORIENTED_EDGE('',*,*,#13481,.T.);
#13481 = EDGE_CURVE('',#13474,#13450,#13482,.T.);
#13482 = LINE('',#13483,#13484);
#13483 = CARTESIAN_POINT('',(78.21735207849,-26.4,13.95));
#13484 = VECTOR('',#13485,1.);
#13485 = DIRECTION('',(-1.,-1.549238478458E-15,0.));
#13486 = ORIENTED_EDGE('',*,*,#13449,.F.);
#13487 = PLANE('',#13488);
#13488 = AXIS2_PLACEMENT_3D('',#13489,#13490,#13491);
#13489 = CARTESIAN_POINT('',(78.21735207849,-27.15,14.7));
#13490 = DIRECTION('',(-1.095477033793E-15,0.707106781187,0.707106781187
    ));
#13491 = DIRECTION('',(1.,-1.577721810442E-30,1.549238478458E-15));
#13492 = ADVANCED_FACE('',(#13493),#13511,.T.);
#13493 = FACE_BOUND('',#13494,.T.);
#13494 = EDGE_LOOP('',(#13495,#13496,#13504,#13510));
#13495 = ORIENTED_EDGE('',*,*,#13202,.F.);
#13496 = ORIENTED_EDGE('',*,*,#13497,.T.);
#13497 = EDGE_CURVE('',#13194,#13498,#13500,.T.);
#13498 = VERTEX_POINT('',#13499);
#13499 = CARTESIAN_POINT('',(77.15,-21.96,13.95));
#13500 = LINE('',#13501,#13502);
#13501 = CARTESIAN_POINT('',(78.65,-23.46,15.45));
#13502 = VECTOR('',#13503,1.);
#13503 = DIRECTION('',(-0.57735026919,0.57735026919,-0.57735026919));
#13504 = ORIENTED_EDGE('',*,*,#13505,.T.);
#13505 = EDGE_CURVE('',#13498,#13474,#13506,.T.);
#13506 = LINE('',#13507,#13508);
#13507 = CARTESIAN_POINT('',(77.15,-64.14173577134,13.95));
#13508 = VECTOR('',#13509,1.);
#13509 = DIRECTION('',(2.000401846171E-15,-1.,0.));
#13510 = ORIENTED_EDGE('',*,*,#13473,.F.);
#13511 = PLANE('',#13512);
#13512 = AXIS2_PLACEMENT_3D('',#13513,#13514,#13515);
#13513 = CARTESIAN_POINT('',(77.9,-64.14173577134,14.7));
#13514 = DIRECTION('',(-0.707106781187,-1.414497710526E-15,
    0.707106781187));
#13515 = DIRECTION('',(0.707106781187,-9.860761315263E-32,0.707106781187
    ));
#13516 = ADVANCED_FACE('',(#13517),#13535,.T.);
#13517 = FACE_BOUND('',#13518,.T.);
#13518 = EDGE_LOOP('',(#13519,#13520,#13528,#13534));
#13519 = ORIENTED_EDGE('',*,*,#13226,.F.);
#13520 = ORIENTED_EDGE('',*,*,#13521,.T.);
#13521 = EDGE_CURVE('',#12893,#13522,#13524,.T.);
#13522 = VERTEX_POINT('',#13523);
#13523 = CARTESIAN_POINT('',(96.27,-21.96,13.95));
#13524 = LINE('',#13525,#13526);
#13525 = CARTESIAN_POINT('',(97.77,-23.46,15.45));
#13526 = VECTOR('',#13527,1.);
#13527 = DIRECTION('',(-0.57735026919,0.57735026919,-0.57735026919));
#13528 = ORIENTED_EDGE('',*,*,#13529,.T.);
#13529 = EDGE_CURVE('',#13522,#13498,#13530,.T.);
#13530 = LINE('',#13531,#13532);
#13531 = CARTESIAN_POINT('',(101.97735207849,-21.96,13.95));
#13532 = VECTOR('',#13533,1.);
#13533 = DIRECTION('',(-1.,0.,0.));
#13534 = ORIENTED_EDGE('',*,*,#13497,.F.);
#13535 = PLANE('',#13536);
#13536 = AXIS2_PLACEMENT_3D('',#13537,#13538,#13539);
#13537 = CARTESIAN_POINT('',(101.97735207849,-22.71,14.7));
#13538 = DIRECTION('',(0.,0.707106781187,0.707106781187));
#13539 = DIRECTION('',(1.,0.,-0.));
#13540 = ADVANCED_FACE('',(#13541),#13559,.T.);
#13541 = FACE_BOUND('',#13542,.T.);
#13542 = EDGE_LOOP('',(#13543,#13544,#13552,#13558));
#13543 = ORIENTED_EDGE('',*,*,#12892,.F.);
#13544 = ORIENTED_EDGE('',*,*,#13545,.T.);
#13545 = EDGE_CURVE('',#12884,#13546,#13548,.T.);
#13546 = VERTEX_POINT('',#13547);
#13547 = CARTESIAN_POINT('',(96.27,-17.35,13.95));
#13548 = LINE('',#13549,#13550);
#13549 = CARTESIAN_POINT('',(97.77,-18.85,15.45));
#13550 = VECTOR('',#13551,1.);
#13551 = DIRECTION('',(-0.57735026919,0.57735026919,-0.57735026919));
#13552 = ORIENTED_EDGE('',*,*,#13553,.T.);
#13553 = EDGE_CURVE('',#13546,#13522,#13554,.T.);
#13554 = LINE('',#13555,#13556);
#13555 = CARTESIAN_POINT('',(96.27,-61.92173577134,13.95));
#13556 = VECTOR('',#13557,1.);
#13557 = DIRECTION('',(0.,-1.,0.));
#13558 = ORIENTED_EDGE('',*,*,#13521,.F.);
#13559 = PLANE('',#13560);
#13560 = AXIS2_PLACEMENT_3D('',#13561,#13562,#13563);
#13561 = CARTESIAN_POINT('',(97.02,-61.92173577134,14.7));
#13562 = DIRECTION('',(-0.707106781187,0.,0.707106781187));
#13563 = DIRECTION('',(0.707106781187,0.,0.707106781187));
#13564 = ADVANCED_FACE('',(#13565),#13583,.T.);
#13565 = FACE_BOUND('',#13566,.T.);
#13566 = EDGE_LOOP('',(#13567,#13568,#13576,#13582));
#13567 = ORIENTED_EDGE('',*,*,#13218,.F.);
#13568 = ORIENTED_EDGE('',*,*,#13569,.T.);
#13569 = EDGE_CURVE('',#13177,#13570,#13572,.T.);
#13570 = VERTEX_POINT('',#13571);
#13571 = CARTESIAN_POINT('',(80.15,-24.96,13.95));
#13572 = LINE('',#13573,#13574);
#13573 = CARTESIAN_POINT('',(78.65,-23.46,15.45));
#13574 = VECTOR('',#13575,1.);
#13575 = DIRECTION('',(0.57735026919,-0.57735026919,-0.57735026919));
#13576 = ORIENTED_EDGE('',*,*,#13577,.T.);
#13577 = EDGE_CURVE('',#13570,#13395,#13578,.T.);
#13578 = LINE('',#13579,#13580);
#13579 = CARTESIAN_POINT('',(103.47735207849,-24.96,13.95));
#13580 = VECTOR('',#13581,1.);
#13581 = DIRECTION('',(1.,0.,0.));
#13582 = ORIENTED_EDGE('',*,*,#13394,.F.);
#13583 = PLANE('',#13584);
#13584 = AXIS2_PLACEMENT_3D('',#13585,#13586,#13587);
#13585 = CARTESIAN_POINT('',(103.47735207849,-24.21,14.7));
#13586 = DIRECTION('',(0.,-0.707106781187,0.707106781187));
#13587 = DIRECTION('',(1.,0.,0.));
#13588 = ADVANCED_FACE('',(#13589),#13607,.T.);
#13589 = FACE_BOUND('',#13590,.T.);
#13590 = EDGE_LOOP('',(#13591,#13592,#13600,#13606));
#13591 = ORIENTED_EDGE('',*,*,#13176,.F.);
#13592 = ORIENTED_EDGE('',*,*,#13593,.T.);
#13593 = EDGE_CURVE('',#13135,#13594,#13596,.T.);
#13594 = VERTEX_POINT('',#13595);
#13595 = CARTESIAN_POINT('',(80.15,-29.4,13.95));
#13596 = LINE('',#13597,#13598);
#13597 = CARTESIAN_POINT('',(78.65,-27.9,15.45));
#13598 = VECTOR('',#13599,1.);
#13599 = DIRECTION('',(0.57735026919,-0.57735026919,-0.57735026919));
#13600 = ORIENTED_EDGE('',*,*,#13601,.T.);
#13601 = EDGE_CURVE('',#13594,#13570,#13602,.T.);
#13602 = LINE('',#13603,#13604);
#13603 = CARTESIAN_POINT('',(80.15,-65.64173577134,13.95));
#13604 = VECTOR('',#13605,1.);
#13605 = DIRECTION('',(0.,1.,0.));
#13606 = ORIENTED_EDGE('',*,*,#13569,.F.);
#13607 = PLANE('',#13608);
#13608 = AXIS2_PLACEMENT_3D('',#13609,#13610,#13611);
#13609 = CARTESIAN_POINT('',(79.4,-65.64173577134,14.7));
#13610 = DIRECTION('',(0.707106781187,0.,0.707106781187));
#13611 = DIRECTION('',(0.707106781187,0.,-0.707106781187));
#13612 = ADVANCED_FACE('',(#13613),#13631,.T.);
#13613 = FACE_BOUND('',#13614,.T.);
#13614 = EDGE_LOOP('',(#13615,#13616,#13624,#13630));
#13615 = ORIENTED_EDGE('',*,*,#13134,.F.);
#13616 = ORIENTED_EDGE('',*,*,#13617,.T.);
#13617 = EDGE_CURVE('',#13093,#13618,#13620,.T.);
#13618 = VERTEX_POINT('',#13619);
#13619 = CARTESIAN_POINT('',(32.63,-29.4,13.95));
#13620 = LINE('',#13621,#13622);
#13621 = CARTESIAN_POINT('',(31.13,-27.9,15.45));
#13622 = VECTOR('',#13623,1.);
#13623 = DIRECTION('',(0.57735026919,-0.57735026919,-0.57735026919));
#13624 = ORIENTED_EDGE('',*,*,#13625,.T.);
#13625 = EDGE_CURVE('',#13618,#13594,#13626,.T.);
#13626 = LINE('',#13627,#13628);
#13627 = CARTESIAN_POINT('',(79.71735207849,-29.4,13.95));
#13628 = VECTOR('',#13629,1.);
#13629 = DIRECTION('',(1.,-1.624914781742E-15,0.));
#13630 = ORIENTED_EDGE('',*,*,#13593,.F.);
#13631 = PLANE('',#13632);
#13632 = AXIS2_PLACEMENT_3D('',#13633,#13634,#13635);
#13633 = CARTESIAN_POINT('',(79.71735207849,-28.65,14.7));
#13634 = DIRECTION('',(-1.14898826102E-15,-0.707106781187,0.707106781187
    ));
#13635 = DIRECTION('',(1.,2.859620781426E-30,1.624914781742E-15));
#13636 = ADVANCED_FACE('',(#13637),#13655,.T.);
#13637 = FACE_BOUND('',#13638,.T.);
#13638 = EDGE_LOOP('',(#13639,#13640,#13648,#13654));
#13639 = ORIENTED_EDGE('',*,*,#13092,.F.);
#13640 = ORIENTED_EDGE('',*,*,#13641,.T.);
#13641 = EDGE_CURVE('',#13051,#13642,#13644,.T.);
#13642 = VERTEX_POINT('',#13643);
#13643 = CARTESIAN_POINT('',(32.63,-133.96,13.95));
#13644 = LINE('',#13645,#13646);
#13645 = CARTESIAN_POINT('',(31.13,-135.46,15.45));
#13646 = VECTOR('',#13647,1.);
#13647 = DIRECTION('',(0.57735026919,0.57735026919,-0.57735026919));
#13648 = ORIENTED_EDGE('',*,*,#13649,.T.);
#13649 = EDGE_CURVE('',#13642,#13618,#13650,.T.);
#13650 = LINE('',#13651,#13652);
#13651 = CARTESIAN_POINT('',(32.63,-117.9217357713,13.95));
#13652 = VECTOR('',#13653,1.);
#13653 = DIRECTION('',(4.247218915934E-17,1.,0.));
#13654 = ORIENTED_EDGE('',*,*,#13617,.F.);
#13655 = PLANE('',#13656);
#13656 = AXIS2_PLACEMENT_3D('',#13657,#13658,#13659);
#13657 = CARTESIAN_POINT('',(31.88,-117.9217357713,14.7));
#13658 = DIRECTION('',(0.707106781187,-3.003237296641E-17,0.707106781187
    ));
#13659 = DIRECTION('',(0.707106781187,0.,-0.707106781187));
#13660 = ADVANCED_FACE('',(#13661),#13672,.T.);
#13661 = FACE_BOUND('',#13662,.T.);
#13662 = EDGE_LOOP('',(#13663,#13664,#13665,#13671));
#13663 = ORIENTED_EDGE('',*,*,#13050,.F.);
#13664 = ORIENTED_EDGE('',*,*,#13283,.T.);
#13665 = ORIENTED_EDGE('',*,*,#13666,.T.);
#13666 = EDGE_CURVE('',#13276,#13642,#13667,.T.);
#13667 = LINE('',#13668,#13669);
#13668 = CARTESIAN_POINT('',(120.05788946294,-133.96,13.95));
#13669 = VECTOR('',#13670,1.);
#13670 = DIRECTION('',(-1.,0.,0.));
#13671 = ORIENTED_EDGE('',*,*,#13641,.F.);
#13672 = PLANE('',#13673);
#13673 = AXIS2_PLACEMENT_3D('',#13674,#13675,#13676);
#13674 = CARTESIAN_POINT('',(120.05788946294,-134.71,14.7));
#13675 = DIRECTION('',(0.,0.707106781187,0.707106781187));
#13676 = DIRECTION('',(1.,0.,-0.));
#13677 = ADVANCED_FACE('',(#13678),#13703,.T.);
#13678 = FACE_BOUND('',#13679,.T.);
#13679 = EDGE_LOOP('',(#13680,#13681,#13689,#13697));
#13680 = ORIENTED_EDGE('',*,*,#13666,.F.);
#13681 = ORIENTED_EDGE('',*,*,#13682,.F.);
#13682 = EDGE_CURVE('',#13683,#13276,#13685,.T.);
#13683 = VERTEX_POINT('',#13684);
#13684 = CARTESIAN_POINT('',(113.31107476891,-133.96,0.));
#13685 = LINE('',#13686,#13687);
#13686 = CARTESIAN_POINT('',(113.31107476891,-133.96,0.));
#13687 = VECTOR('',#13688,1.);
#13688 = DIRECTION('',(0.,0.,1.));
#13689 = ORIENTED_EDGE('',*,*,#13690,.F.);
#13690 = EDGE_CURVE('',#13691,#13683,#13693,.T.);
#13691 = VERTEX_POINT('',#13692);
#13692 = CARTESIAN_POINT('',(32.63,-133.96,0.));
#13693 = LINE('',#13694,#13695);
#13694 = CARTESIAN_POINT('',(120.05788946294,-133.96,0.));
#13695 = VECTOR('',#13696,1.);
#13696 = DIRECTION('',(1.,0.,0.));
#13697 = ORIENTED_EDGE('',*,*,#13698,.T.);
#13698 = EDGE_CURVE('',#13691,#13642,#13699,.T.);
#13699 = LINE('',#13700,#13701);
#13700 = CARTESIAN_POINT('',(32.63,-133.96,0.));
#13701 = VECTOR('',#13702,1.);
#13702 = DIRECTION('',(0.,0.,1.));
#13703 = PLANE('',#13704);
#13704 = AXIS2_PLACEMENT_3D('',#13705,#13706,#13707);
#13705 = CARTESIAN_POINT('',(113.31107476891,-133.96,0.));
#13706 = DIRECTION('',(0.,1.,0.));
#13707 = DIRECTION('',(-1.,0.,0.));
#13708 = ADVANCED_FACE('',(#13709),#13727,.T.);
#13709 = FACE_BOUND('',#13710,.T.);
#13710 = EDGE_LOOP('',(#13711,#13712,#13720,#13726));
#13711 = ORIENTED_EDGE('',*,*,#13275,.F.);
#13712 = ORIENTED_EDGE('',*,*,#13713,.F.);
#13713 = EDGE_CURVE('',#13714,#13268,#13716,.T.);
#13714 = VERTEX_POINT('',#13715);
#13715 = CARTESIAN_POINT('',(183.00140895061,-182.2523143617,0.));
#13716 = LINE('',#13717,#13718);
#13717 = CARTESIAN_POINT('',(183.00140895061,-182.2523143617,0.));
#13718 = VECTOR('',#13719,1.);
#13719 = DIRECTION('',(0.,0.,1.));
#13720 = ORIENTED_EDGE('',*,*,#13721,.F.);
#13721 = EDGE_CURVE('',#13683,#13714,#13722,.T.);
#13722 = LINE('',#13723,#13724);
#13723 = CARTESIAN_POINT('',(145.2059456105,-156.0617325759,0.));
#13724 = VECTOR('',#13725,1.);
#13725 = DIRECTION('',(0.821942843865,-0.569569979387,0.));
#13726 = ORIENTED_EDGE('',*,*,#13682,.T.);
#13727 = PLANE('',#13728);
#13728 = AXIS2_PLACEMENT_3D('',#13729,#13730,#13731);
#13729 = CARTESIAN_POINT('',(183.00140895061,-182.2523143617,0.));
#13730 = DIRECTION('',(0.569569979387,0.821942843865,0.));
#13731 = DIRECTION('',(-0.821942843865,0.569569979387,0.));
#13732 = ADVANCED_FACE('',(#13733),#13751,.T.);
#13733 = FACE_BOUND('',#13734,.T.);
#13734 = EDGE_LOOP('',(#13735,#13736,#13744,#13750));
#13735 = ORIENTED_EDGE('',*,*,#13306,.F.);
#13736 = ORIENTED_EDGE('',*,*,#13737,.F.);
#13737 = EDGE_CURVE('',#13738,#13299,#13740,.T.);
#13738 = VERTEX_POINT('',#13739);
#13739 = CARTESIAN_POINT('',(219.79980277132,-129.8030643322,0.));
#13740 = LINE('',#13741,#13742);
#13741 = CARTESIAN_POINT('',(219.79980277132,-129.8030643322,0.));
#13742 = VECTOR('',#13743,1.);
#13743 = DIRECTION('',(0.,0.,1.));
#13744 = ORIENTED_EDGE('',*,*,#13745,.F.);
#13745 = EDGE_CURVE('',#13714,#13738,#13746,.T.);
#13746 = LINE('',#13747,#13748);
#13747 = CARTESIAN_POINT('',(211.02517061359,-142.3096666095,0.));
#13748 = VECTOR('',#13749,1.);
#13749 = DIRECTION('',(0.57434106509,0.818616113298,0.));
#13750 = ORIENTED_EDGE('',*,*,#13713,.T.);
#13751 = PLANE('',#13752);
#13752 = AXIS2_PLACEMENT_3D('',#13753,#13754,#13755);
#13753 = CARTESIAN_POINT('',(219.79980277132,-129.8030643322,0.));
#13754 = DIRECTION('',(-0.818616113298,0.57434106509,0.));
#13755 = DIRECTION('',(-0.57434106509,-0.818616113298,0.));
#13756 = ADVANCED_FACE('',(#13757),#13775,.T.);
#13757 = FACE_BOUND('',#13758,.T.);
#13758 = EDGE_LOOP('',(#13759,#13760,#13768,#13774));
#13759 = ORIENTED_EDGE('',*,*,#13330,.F.);
#13760 = ORIENTED_EDGE('',*,*,#13761,.F.);
#13761 = EDGE_CURVE('',#13762,#13323,#13764,.T.);
#13762 = VERTEX_POINT('',#13763);
#13763 = CARTESIAN_POINT('',(216.1,-127.2096334507,0.));
#13764 = LINE('',#13765,#13766);
#13765 = CARTESIAN_POINT('',(216.1,-127.2096334507,0.));
#13766 = VECTOR('',#13767,1.);
#13767 = DIRECTION('',(0.,0.,1.));
#13768 = ORIENTED_EDGE('',*,*,#13769,.F.);
#13769 = EDGE_CURVE('',#13738,#13762,#13770,.T.);
#13770 = LINE('',#13771,#13772);
#13771 = CARTESIAN_POINT('',(180.21039053597,-102.0522866239,0.));
#13772 = VECTOR('',#13773,1.);
#13773 = DIRECTION('',(-0.818860656095,0.573992357005,0.));
#13774 = ORIENTED_EDGE('',*,*,#13737,.T.);
#13775 = PLANE('',#13776);
#13776 = AXIS2_PLACEMENT_3D('',#13777,#13778,#13779);
#13777 = CARTESIAN_POINT('',(216.1,-127.2096334507,0.));
#13778 = DIRECTION('',(-0.573992357005,-0.818860656095,0.));
#13779 = DIRECTION('',(0.818860656095,-0.573992357005,0.));
#13780 = ADVANCED_FACE('',(#13781),#13799,.T.);
#13781 = FACE_BOUND('',#13782,.T.);
#13782 = EDGE_LOOP('',(#13783,#13784,#13792,#13798));
#13783 = ORIENTED_EDGE('',*,*,#13354,.F.);
#13784 = ORIENTED_EDGE('',*,*,#13785,.F.);
#13785 = EDGE_CURVE('',#13786,#13347,#13788,.T.);
#13786 = VERTEX_POINT('',#13787);
#13787 = CARTESIAN_POINT('',(216.1,-20.35,0.));
#13788 = LINE('',#13789,#13790);
#13789 = CARTESIAN_POINT('',(216.1,-20.35,0.));
#13790 = VECTOR('',#13791,1.);
#13791 = DIRECTION('',(0.,0.,1.));
#13792 = ORIENTED_EDGE('',*,*,#13793,.F.);
#13793 = EDGE_CURVE('',#13762,#13786,#13794,.T.);
#13794 = LINE('',#13795,#13796);
#13795 = CARTESIAN_POINT('',(216.1,-61.11673577134,0.));
#13796 = VECTOR('',#13797,1.);
#13797 = DIRECTION('',(0.,1.,0.));
#13798 = ORIENTED_EDGE('',*,*,#13761,.T.);
#13799 = PLANE('',#13800);
#13800 = AXIS2_PLACEMENT_3D('',#13801,#13802,#13803);
#13801 = CARTESIAN_POINT('',(216.1,-20.35,0.));
#13802 = DIRECTION('',(-1.,0.,0.));
#13803 = DIRECTION('',(0.,-1.,0.));
#13804 = ADVANCED_FACE('',(#13805),#13823,.T.);
#13805 = FACE_BOUND('',#13806,.T.);
#13806 = EDGE_LOOP('',(#13807,#13808,#13816,#13822));
#13807 = ORIENTED_EDGE('',*,*,#13378,.F.);
#13808 = ORIENTED_EDGE('',*,*,#13809,.F.);
#13809 = EDGE_CURVE('',#13810,#13371,#13812,.T.);
#13810 = VERTEX_POINT('',#13811);
#13811 = CARTESIAN_POINT('',(99.27,-20.35,0.));
#13812 = LINE('',#13813,#13814);
#13813 = CARTESIAN_POINT('',(99.27,-20.35,0.));
#13814 = VECTOR('',#13815,1.);
#13815 = DIRECTION('',(0.,0.,1.));
#13816 = ORIENTED_EDGE('',*,*,#13817,.F.);
#13817 = EDGE_CURVE('',#13786,#13810,#13818,.T.);
#13818 = LINE('',#13819,#13820);
#13819 = CARTESIAN_POINT('',(113.03735207849,-20.35,0.));
#13820 = VECTOR('',#13821,1.);
#13821 = DIRECTION('',(-1.,0.,0.));
#13822 = ORIENTED_EDGE('',*,*,#13785,.T.);
#13823 = PLANE('',#13824);
#13824 = AXIS2_PLACEMENT_3D('',#13825,#13826,#13827);
#13825 = CARTESIAN_POINT('',(99.27,-20.35,0.));
#13826 = DIRECTION('',(0.,-1.,0.));
#13827 = DIRECTION('',(1.,0.,0.));
#13828 = ADVANCED_FACE('',(#13829),#13847,.T.);
#13829 = FACE_BOUND('',#13830,.T.);
#13830 = EDGE_LOOP('',(#13831,#13832,#13840,#13846));
#13831 = ORIENTED_EDGE('',*,*,#13250,.F.);
#13832 = ORIENTED_EDGE('',*,*,#13833,.T.);
#13833 = EDGE_CURVE('',#12833,#13834,#13836,.T.);
#13834 = VERTEX_POINT('',#13835);
#13835 = CARTESIAN_POINT('',(219.1,-17.35,13.95));
#13836 = LINE('',#13837,#13838);
#13837 = CARTESIAN_POINT('',(217.6,-18.85,15.45));
#13838 = VECTOR('',#13839,1.);
#13839 = DIRECTION('',(0.57735026919,0.57735026919,-0.57735026919));
#13840 = ORIENTED_EDGE('',*,*,#13841,.T.);
#13841 = EDGE_CURVE('',#13834,#13546,#13842,.T.);
#13842 = LINE('',#13843,#13844);
#13843 = CARTESIAN_POINT('',(111.53735207849,-17.35,13.95));
#13844 = VECTOR('',#13845,1.);
#13845 = DIRECTION('',(-1.,0.,0.));
#13846 = ORIENTED_EDGE('',*,*,#13545,.F.);
#13847 = PLANE('',#13848);
#13848 = AXIS2_PLACEMENT_3D('',#13849,#13850,#13851);
#13849 = CARTESIAN_POINT('',(111.53735207849,-18.1,14.7));
#13850 = DIRECTION('',(0.,0.707106781187,0.707106781187));
#13851 = DIRECTION('',(1.,0.,-0.));
#13852 = ADVANCED_FACE('',(#13853),#13871,.T.);
#13853 = FACE_BOUND('',#13854,.T.);
#13854 = EDGE_LOOP('',(#13855,#13856,#13864,#13870));
#13855 = ORIENTED_EDGE('',*,*,#12832,.F.);
#13856 = ORIENTED_EDGE('',*,*,#13857,.T.);
#13857 = EDGE_CURVE('',#12824,#13858,#13860,.T.);
#13858 = VERTEX_POINT('',#13859);
#13859 = CARTESIAN_POINT('',(219.1,-125.6489003523,13.95));
#13860 = LINE('',#13861,#13862);
#13861 = CARTESIAN_POINT('',(217.6,-126.4292669015,15.45));
#13862 = VECTOR('',#13863,1.);
#13863 = DIRECTION('',(0.66362769171,0.345248567833,-0.66362769171));
#13864 = ORIENTED_EDGE('',*,*,#13865,.T.);
#13865 = EDGE_CURVE('',#13858,#13834,#13866,.T.);
#13866 = LINE('',#13867,#13868);
#13867 = CARTESIAN_POINT('',(219.1,-59.61673577134,13.95));
#13868 = VECTOR('',#13869,1.);
#13869 = DIRECTION('',(0.,1.,0.));
#13870 = ORIENTED_EDGE('',*,*,#13833,.F.);
#13871 = PLANE('',#13872);
#13872 = AXIS2_PLACEMENT_3D('',#13873,#13874,#13875);
#13873 = CARTESIAN_POINT('',(218.35,-59.61673577134,14.7));
#13874 = DIRECTION('',(0.707106781187,0.,0.707106781187));
#13875 = DIRECTION('',(0.707106781187,0.,-0.707106781187));
#13876 = ADVANCED_FACE('',(#13877),#13895,.T.);
#13877 = FACE_BOUND('',#13878,.T.);
#13878 = EDGE_LOOP('',(#13879,#13880,#13888,#13894));
#13879 = ORIENTED_EDGE('',*,*,#12950,.F.);
#13880 = ORIENTED_EDGE('',*,*,#13881,.T.);
#13881 = EDGE_CURVE('',#12942,#13882,#13884,.T.);
#13882 = VERTEX_POINT('',#13883);
#13883 = CARTESIAN_POINT('',(223.97940831396,-129.0691929968,13.95));
#13884 = LINE('',#13885,#13886);
#13885 = CARTESIAN_POINT('',(221.88960554264,-129.4361286645,15.45));
#13886 = VECTOR('',#13887,1.);
#13887 = DIRECTION('',(0.804251241889,0.141213549196,-0.5772682855));
#13888 = ORIENTED_EDGE('',*,*,#13889,.T.);
#13889 = EDGE_CURVE('',#13882,#13858,#13890,.T.);
#13890 = LINE('',#13891,#13892);
#13891 = CARTESIAN_POINT('',(182.57137907147,-100.0436290905,13.95));
#13892 = VECTOR('',#13893,1.);
#13893 = DIRECTION('',(-0.818860656095,0.573992357005,0.));
#13894 = ORIENTED_EDGE('',*,*,#13857,.F.);
#13895 = PLANE('',#13896);
#13896 = AXIS2_PLACEMENT_3D('',#13897,#13898,#13899);
#13897 = CARTESIAN_POINT('',(182.14088480372,-100.6577745826,14.7));
#13898 = DIRECTION('',(0.405873887988,0.579021922771,0.707106781187));
#13899 = DIRECTION('',(0.867283696055,-4.996003610813E-16,
    -0.497814212891));
#13900 = ADVANCED_FACE('',(#13901),#13919,.T.);
#13901 = FACE_BOUND('',#13902,.T.);
#13902 = EDGE_LOOP('',(#13903,#13904,#13912,#13918));
#13903 = ORIENTED_EDGE('',*,*,#12992,.F.);
#13904 = ORIENTED_EDGE('',*,*,#13905,.T.);
#13905 = EDGE_CURVE('',#12984,#13906,#13908,.T.);
#13906 = VERTEX_POINT('',#13907);
#13907 = CARTESIAN_POINT('',(183.74422685185,-186.4169430853,13.95));
#13908 = LINE('',#13909,#13910);
#13909 = CARTESIAN_POINT('',(183.37281790123,-184.3346287235,15.45));
#13910 = VECTOR('',#13911,1.);
#13911 = DIRECTION('',(0.143231728545,-0.803032573435,-0.578466384451));
#13912 = ORIENTED_EDGE('',*,*,#13913,.T.);
#13913 = EDGE_CURVE('',#13906,#13882,#13914,.T.);
#13914 = LINE('',#13915,#13916);
#13915 = CARTESIAN_POINT('',(214.34289755486,-142.8042425394,13.95));
#13916 = VECTOR('',#13917,1.);
#13917 = DIRECTION('',(0.57434106509,0.818616113298,0.));
#13918 = ORIENTED_EDGE('',*,*,#13881,.F.);
#13919 = PLANE('',#13920);
#13920 = AXIS2_PLACEMENT_3D('',#13921,#13922,#13923);
#13921 = CARTESIAN_POINT('',(213.72893546989,-142.3734867406,14.7));
#13922 = DIRECTION('',(0.578849004902,-0.406120461839,0.707106781187));
#13923 = DIRECTION('',(0.773792573128,-8.326672684689E-17,
    -0.633439068713));
#13924 = ADVANCED_FACE('',(#13925),#13936,.T.);
#13925 = FACE_BOUND('',#13926,.T.);
#13926 = EDGE_LOOP('',(#13927,#13928,#13929,#13935));
#13927 = ORIENTED_EDGE('',*,*,#13034,.F.);
#13928 = ORIENTED_EDGE('',*,*,#13434,.T.);
#13929 = ORIENTED_EDGE('',*,*,#13930,.T.);
#13930 = EDGE_CURVE('',#13427,#13906,#13931,.T.);
#13931 = LINE('',#13932,#13933);
#13932 = CARTESIAN_POINT('',(144.72299959203,-159.3769612035,13.95));
#13933 = VECTOR('',#13934,1.);
#13934 = DIRECTION('',(0.821942843865,-0.569569979387,0.));
#13935 = ORIENTED_EDGE('',*,*,#13905,.F.);
#13936 = PLANE('',#13937);
#13937 = AXIS2_PLACEMENT_3D('',#13938,#13939,#13940);
#13938 = CARTESIAN_POINT('',(145.15017707658,-158.7605040706,14.7));
#13939 = DIRECTION('',(-0.402746794785,-0.581201358645,0.707106781187));
#13940 = DIRECTION('',(0.868937981385,-3.053113317719E-16,0.494920988146
    ));
#13941 = ADVANCED_FACE('',(#13942),#13967,.T.);
#13942 = FACE_BOUND('',#13943,.T.);
#13943 = EDGE_LOOP('',(#13944,#13945,#13953,#13961));
#13944 = ORIENTED_EDGE('',*,*,#13426,.F.);
#13945 = ORIENTED_EDGE('',*,*,#13946,.T.);
#13946 = EDGE_CURVE('',#13419,#13947,#13949,.T.);
#13947 = VERTEX_POINT('',#13948);
#13948 = CARTESIAN_POINT('',(29.63,-136.96,-2.));
#13949 = LINE('',#13950,#13951);
#13950 = CARTESIAN_POINT('',(29.63,-136.96,0.));
#13951 = VECTOR('',#13952,1.);
#13952 = DIRECTION('',(0.,0.,-1.));
#13953 = ORIENTED_EDGE('',*,*,#13954,.F.);
#13954 = EDGE_CURVE('',#13955,#13947,#13957,.T.);
#13955 = VERTEX_POINT('',#13956);
#13956 = CARTESIAN_POINT('',(112.37322430674,-136.96,-2.));
#13957 = LINE('',#13958,#13959);
#13958 = CARTESIAN_POINT('',(112.37322430674,-136.96,-2.));
#13959 = VECTOR('',#13960,1.);
#13960 = DIRECTION('',(-1.,0.,0.));
#13961 = ORIENTED_EDGE('',*,*,#13962,.F.);
#13962 = EDGE_CURVE('',#13427,#13955,#13963,.T.);
#13963 = LINE('',#13964,#13965);
#13964 = CARTESIAN_POINT('',(112.37322430674,-136.96,0.));
#13965 = VECTOR('',#13966,1.);
#13966 = DIRECTION('',(0.,0.,-1.));
#13967 = PLANE('',#13968);
#13968 = AXIS2_PLACEMENT_3D('',#13969,#13970,#13971);
#13969 = CARTESIAN_POINT('',(112.37322430674,-136.96,0.));
#13970 = DIRECTION('',(0.,-1.,0.));
#13971 = DIRECTION('',(-1.,0.,0.));
#13972 = ADVANCED_FACE('',(#13973),#13991,.T.);
#13973 = FACE_BOUND('',#13974,.T.);
#13974 = EDGE_LOOP('',(#13975,#13976,#13984,#13990));
#13975 = ORIENTED_EDGE('',*,*,#13457,.F.);
#13976 = ORIENTED_EDGE('',*,*,#13977,.T.);
#13977 = EDGE_CURVE('',#13450,#13978,#13980,.T.);
#13978 = VERTEX_POINT('',#13979);
#13979 = CARTESIAN_POINT('',(29.63,-26.4,-2.));
#13980 = LINE('',#13981,#13982);
#13981 = CARTESIAN_POINT('',(29.63,-26.4,0.));
#13982 = VECTOR('',#13983,1.);
#13983 = DIRECTION('',(0.,0.,-1.));
#13984 = ORIENTED_EDGE('',*,*,#13985,.F.);
#13985 = EDGE_CURVE('',#13947,#13978,#13986,.T.);
#13986 = LINE('',#13987,#13988);
#13987 = CARTESIAN_POINT('',(29.63,-136.96,-2.));
#13988 = VECTOR('',#13989,1.);
#13989 = DIRECTION('',(-8.033451697722E-17,1.,0.));
#13990 = ORIENTED_EDGE('',*,*,#13946,.F.);
#13991 = PLANE('',#13992);
#13992 = AXIS2_PLACEMENT_3D('',#13993,#13994,#13995);
#13993 = CARTESIAN_POINT('',(29.63,-136.96,0.));
#13994 = DIRECTION('',(-1.,-8.033451697722E-17,0.));
#13995 = DIRECTION('',(-8.033451697722E-17,1.,0.));
#13996 = ADVANCED_FACE('',(#13997),#14015,.T.);
#13997 = FACE_BOUND('',#13998,.T.);
#13998 = EDGE_LOOP('',(#13999,#14000,#14008,#14014));
#13999 = ORIENTED_EDGE('',*,*,#13481,.F.);
#14000 = ORIENTED_EDGE('',*,*,#14001,.T.);
#14001 = EDGE_CURVE('',#13474,#14002,#14004,.T.);
#14002 = VERTEX_POINT('',#14003);
#14003 = CARTESIAN_POINT('',(77.15,-26.4,-2.));
#14004 = LINE('',#14005,#14006);
#14005 = CARTESIAN_POINT('',(77.15,-26.4,0.));
#14006 = VECTOR('',#14007,1.);
#14007 = DIRECTION('',(0.,0.,-1.));
#14008 = ORIENTED_EDGE('',*,*,#14009,.F.);
#14009 = EDGE_CURVE('',#13978,#14002,#14010,.T.);
#14010 = LINE('',#14011,#14012);
#14011 = CARTESIAN_POINT('',(29.63,-26.4,-2.));
#14012 = VECTOR('',#14013,1.);
#14013 = DIRECTION('',(1.,1.549238478458E-15,0.));
#14014 = ORIENTED_EDGE('',*,*,#13977,.F.);
#14015 = PLANE('',#14016);
#14016 = AXIS2_PLACEMENT_3D('',#14017,#14018,#14019);
#14017 = CARTESIAN_POINT('',(29.63,-26.4,0.));
#14018 = DIRECTION('',(-1.549238478458E-15,1.,0.));
#14019 = DIRECTION('',(1.,1.549238478458E-15,0.));
#14020 = ADVANCED_FACE('',(#14021),#14039,.T.);
#14021 = FACE_BOUND('',#14022,.T.);
#14022 = EDGE_LOOP('',(#14023,#14024,#14032,#14038));
#14023 = ORIENTED_EDGE('',*,*,#13505,.F.);
#14024 = ORIENTED_EDGE('',*,*,#14025,.T.);
#14025 = EDGE_CURVE('',#13498,#14026,#14028,.T.);
#14026 = VERTEX_POINT('',#14027);
#14027 = CARTESIAN_POINT('',(77.15,-21.96,-2.));
#14028 = LINE('',#14029,#14030);
#14029 = CARTESIAN_POINT('',(77.15,-21.96,0.));
#14030 = VECTOR('',#14031,1.);
#14031 = DIRECTION('',(0.,0.,-1.));
#14032 = ORIENTED_EDGE('',*,*,#14033,.F.);
#14033 = EDGE_CURVE('',#14002,#14026,#14034,.T.);
#14034 = LINE('',#14035,#14036);
#14035 = CARTESIAN_POINT('',(77.15,-26.4,-2.));
#14036 = VECTOR('',#14037,1.);
#14037 = DIRECTION('',(-2.000401846171E-15,1.,0.));
#14038 = ORIENTED_EDGE('',*,*,#14001,.F.);
#14039 = PLANE('',#14040);
#14040 = AXIS2_PLACEMENT_3D('',#14041,#14042,#14043);
#14041 = CARTESIAN_POINT('',(77.15,-26.4,0.));
#14042 = DIRECTION('',(-1.,-2.000401846171E-15,0.));
#14043 = DIRECTION('',(-2.000401846171E-15,1.,0.));
#14044 = ADVANCED_FACE('',(#14045),#14063,.T.);
#14045 = FACE_BOUND('',#14046,.T.);
#14046 = EDGE_LOOP('',(#14047,#14048,#14056,#14062));
#14047 = ORIENTED_EDGE('',*,*,#13529,.F.);
#14048 = ORIENTED_EDGE('',*,*,#14049,.T.);
#14049 = EDGE_CURVE('',#13522,#14050,#14052,.T.);
#14050 = VERTEX_POINT('',#14051);
#14051 = CARTESIAN_POINT('',(96.27,-21.96,-2.));
#14052 = LINE('',#14053,#14054);
#14053 = CARTESIAN_POINT('',(96.27,-21.96,0.));
#14054 = VECTOR('',#14055,1.);
#14055 = DIRECTION('',(0.,0.,-1.));
#14056 = ORIENTED_EDGE('',*,*,#14057,.F.);
#14057 = EDGE_CURVE('',#14026,#14050,#14058,.T.);
#14058 = LINE('',#14059,#14060);
#14059 = CARTESIAN_POINT('',(77.15,-21.96,-2.));
#14060 = VECTOR('',#14061,1.);
#14061 = DIRECTION('',(1.,0.,0.));
#14062 = ORIENTED_EDGE('',*,*,#14025,.F.);
#14063 = PLANE('',#14064);
#14064 = AXIS2_PLACEMENT_3D('',#14065,#14066,#14067);
#14065 = CARTESIAN_POINT('',(77.15,-21.96,0.));
#14066 = DIRECTION('',(0.,1.,0.));
#14067 = DIRECTION('',(1.,0.,0.));
#14068 = ADVANCED_FACE('',(#14069),#14087,.T.);
#14069 = FACE_BOUND('',#14070,.T.);
#14070 = EDGE_LOOP('',(#14071,#14072,#14080,#14086));
#14071 = ORIENTED_EDGE('',*,*,#13553,.F.);
#14072 = ORIENTED_EDGE('',*,*,#14073,.T.);
#14073 = EDGE_CURVE('',#13546,#14074,#14076,.T.);
#14074 = VERTEX_POINT('',#14075);
#14075 = CARTESIAN_POINT('',(96.27,-17.35,-2.));
#14076 = LINE('',#14077,#14078);
#14077 = CARTESIAN_POINT('',(96.27,-17.35,0.));
#14078 = VECTOR('',#14079,1.);
#14079 = DIRECTION('',(0.,0.,-1.));
#14080 = ORIENTED_EDGE('',*,*,#14081,.F.);
#14081 = EDGE_CURVE('',#14050,#14074,#14082,.T.);
#14082 = LINE('',#14083,#14084);
#14083 = CARTESIAN_POINT('',(96.27,-21.96,-2.));
#14084 = VECTOR('',#14085,1.);
#14085 = DIRECTION('',(0.,1.,0.));
#14086 = ORIENTED_EDGE('',*,*,#14049,.F.);
#14087 = PLANE('',#14088);
#14088 = AXIS2_PLACEMENT_3D('',#14089,#14090,#14091);
#14089 = CARTESIAN_POINT('',(96.27,-21.96,0.));
#14090 = DIRECTION('',(-1.,0.,0.));
#14091 = DIRECTION('',(0.,1.,0.));
#14092 = ADVANCED_FACE('',(#14093),#14111,.T.);
#14093 = FACE_BOUND('',#14094,.T.);
#14094 = EDGE_LOOP('',(#14095,#14096,#14104,#14110));
#14095 = ORIENTED_EDGE('',*,*,#13402,.F.);
#14096 = ORIENTED_EDGE('',*,*,#14097,.F.);
#14097 = EDGE_CURVE('',#14098,#13395,#14100,.T.);
#14098 = VERTEX_POINT('',#14099);
#14099 = CARTESIAN_POINT('',(99.27,-24.96,0.));
#14100 = LINE('',#14101,#14102);
#14101 = CARTESIAN_POINT('',(99.27,-24.96,0.));
#14102 = VECTOR('',#14103,1.);
#14103 = DIRECTION('',(0.,0.,1.));
#14104 = ORIENTED_EDGE('',*,*,#14105,.F.);
#14105 = EDGE_CURVE('',#13810,#14098,#14106,.T.);
#14106 = LINE('',#14107,#14108);
#14107 = CARTESIAN_POINT('',(99.27,-63.42173577134,0.));
#14108 = VECTOR('',#14109,1.);
#14109 = DIRECTION('',(0.,-1.,0.));
#14110 = ORIENTED_EDGE('',*,*,#13809,.T.);
#14111 = PLANE('',#14112);
#14112 = AXIS2_PLACEMENT_3D('',#14113,#14114,#14115);
#14113 = CARTESIAN_POINT('',(99.27,-24.96,0.));
#14114 = DIRECTION('',(1.,0.,0.));
#14115 = DIRECTION('',(-0.,1.,0.));
#14116 = ADVANCED_FACE('',(#14117),#14135,.T.);
#14117 = FACE_BOUND('',#14118,.T.);
#14118 = EDGE_LOOP('',(#14119,#14120,#14128,#14134));
#14119 = ORIENTED_EDGE('',*,*,#13577,.F.);
#14120 = ORIENTED_EDGE('',*,*,#14121,.F.);
#14121 = EDGE_CURVE('',#14122,#13570,#14124,.T.);
#14122 = VERTEX_POINT('',#14123);
#14123 = CARTESIAN_POINT('',(80.15,-24.96,0.));
#14124 = LINE('',#14125,#14126);
#14125 = CARTESIAN_POINT('',(80.15,-24.96,0.));
#14126 = VECTOR('',#14127,1.);
#14127 = DIRECTION('',(0.,0.,1.));
#14128 = ORIENTED_EDGE('',*,*,#14129,.F.);
#14129 = EDGE_CURVE('',#14098,#14122,#14130,.T.);
#14130 = LINE('',#14131,#14132);
#14131 = CARTESIAN_POINT('',(103.47735207849,-24.96,0.));
#14132 = VECTOR('',#14133,1.);
#14133 = DIRECTION('',(-1.,0.,0.));
#14134 = ORIENTED_EDGE('',*,*,#14097,.T.);
#14135 = PLANE('',#14136);
#14136 = AXIS2_PLACEMENT_3D('',#14137,#14138,#14139);
#14137 = CARTESIAN_POINT('',(80.15,-24.96,0.));
#14138 = DIRECTION('',(0.,-1.,0.));
#14139 = DIRECTION('',(1.,0.,0.));
#14140 = ADVANCED_FACE('',(#14141),#14159,.T.);
#14141 = FACE_BOUND('',#14142,.T.);
#14142 = EDGE_LOOP('',(#14143,#14144,#14152,#14158));
#14143 = ORIENTED_EDGE('',*,*,#13601,.F.);
#14144 = ORIENTED_EDGE('',*,*,#14145,.F.);
#14145 = EDGE_CURVE('',#14146,#13594,#14148,.T.);
#14146 = VERTEX_POINT('',#14147);
#14147 = CARTESIAN_POINT('',(80.15,-29.4,0.));
#14148 = LINE('',#14149,#14150);
#14149 = CARTESIAN_POINT('',(80.15,-29.4,0.));
#14150 = VECTOR('',#14151,1.);
#14151 = DIRECTION('',(0.,0.,1.));
#14152 = ORIENTED_EDGE('',*,*,#14153,.F.);
#14153 = EDGE_CURVE('',#14122,#14146,#14154,.T.);
#14154 = LINE('',#14155,#14156);
#14155 = CARTESIAN_POINT('',(80.15,-65.64173577134,0.));
#14156 = VECTOR('',#14157,1.);
#14157 = DIRECTION('',(0.,-1.,0.));
#14158 = ORIENTED_EDGE('',*,*,#14121,.T.);
#14159 = PLANE('',#14160);
#14160 = AXIS2_PLACEMENT_3D('',#14161,#14162,#14163);
#14161 = CARTESIAN_POINT('',(80.15,-29.4,0.));
#14162 = DIRECTION('',(1.,0.,0.));
#14163 = DIRECTION('',(-0.,1.,0.));
#14164 = ADVANCED_FACE('',(#14165),#14183,.T.);
#14165 = FACE_BOUND('',#14166,.T.);
#14166 = EDGE_LOOP('',(#14167,#14168,#14176,#14182));
#14167 = ORIENTED_EDGE('',*,*,#13625,.F.);
#14168 = ORIENTED_EDGE('',*,*,#14169,.F.);
#14169 = EDGE_CURVE('',#14170,#13618,#14172,.T.);
#14170 = VERTEX_POINT('',#14171);
#14171 = CARTESIAN_POINT('',(32.63,-29.4,0.));
#14172 = LINE('',#14173,#14174);
#14173 = CARTESIAN_POINT('',(32.63,-29.4,0.));
#14174 = VECTOR('',#14175,1.);
#14175 = DIRECTION('',(0.,0.,1.));
#14176 = ORIENTED_EDGE('',*,*,#14177,.F.);
#14177 = EDGE_CURVE('',#14146,#14170,#14178,.T.);
#14178 = LINE('',#14179,#14180);
#14179 = CARTESIAN_POINT('',(79.71735207849,-29.4,0.));
#14180 = VECTOR('',#14181,1.);
#14181 = DIRECTION('',(-1.,1.624914781742E-15,0.));
#14182 = ORIENTED_EDGE('',*,*,#14145,.T.);
#14183 = PLANE('',#14184);
#14184 = AXIS2_PLACEMENT_3D('',#14185,#14186,#14187);
#14185 = CARTESIAN_POINT('',(32.63,-29.4,0.));
#14186 = DIRECTION('',(-1.624914781742E-15,-1.,0.));
#14187 = DIRECTION('',(1.,-1.624914781742E-15,0.));
#14188 = ADVANCED_FACE('',(#14189),#14200,.T.);
#14189 = FACE_BOUND('',#14190,.T.);
#14190 = EDGE_LOOP('',(#14191,#14192,#14193,#14199));
#14191 = ORIENTED_EDGE('',*,*,#13649,.F.);
#14192 = ORIENTED_EDGE('',*,*,#13698,.F.);
#14193 = ORIENTED_EDGE('',*,*,#14194,.F.);
#14194 = EDGE_CURVE('',#14170,#13691,#14195,.T.);
#14195 = LINE('',#14196,#14197);
#14196 = CARTESIAN_POINT('',(32.63,-117.9217357713,0.));
#14197 = VECTOR('',#14198,1.);
#14198 = DIRECTION('',(-4.247218915934E-17,-1.,0.));
#14199 = ORIENTED_EDGE('',*,*,#14169,.T.);
#14200 = PLANE('',#14201);
#14201 = AXIS2_PLACEMENT_3D('',#14202,#14203,#14204);
#14202 = CARTESIAN_POINT('',(32.63,-133.96,0.));
#14203 = DIRECTION('',(1.,-4.247218915934E-17,0.));
#14204 = DIRECTION('',(4.247218915934E-17,1.,0.));
#14205 = ADVANCED_FACE('',(#14206),#14231,.T.);
#14206 = FACE_BOUND('',#14207,.T.);
#14207 = EDGE_LOOP('',(#14208,#14209,#14217,#14225));
#14208 = ORIENTED_EDGE('',*,*,#13865,.F.);
#14209 = ORIENTED_EDGE('',*,*,#14210,.F.);
#14210 = EDGE_CURVE('',#14211,#13858,#14213,.T.);
#14211 = VERTEX_POINT('',#14212);
#14212 = CARTESIAN_POINT('',(219.1,-125.6489003523,-2.));
#14213 = LINE('',#14214,#14215);
#14214 = CARTESIAN_POINT('',(219.1,-125.6489003523,0.));
#14215 = VECTOR('',#14216,1.);
#14216 = DIRECTION('',(0.,0.,1.));
#14217 = ORIENTED_EDGE('',*,*,#14218,.F.);
#14218 = EDGE_CURVE('',#14219,#14211,#14221,.T.);
#14219 = VERTEX_POINT('',#14220);
#14220 = CARTESIAN_POINT('',(219.1,-17.35,-2.));
#14221 = LINE('',#14222,#14223);
#14222 = CARTESIAN_POINT('',(219.1,-17.35,-2.));
#14223 = VECTOR('',#14224,1.);
#14224 = DIRECTION('',(0.,-1.,0.));
#14225 = ORIENTED_EDGE('',*,*,#14226,.F.);
#14226 = EDGE_CURVE('',#13834,#14219,#14227,.T.);
#14227 = LINE('',#14228,#14229);
#14228 = CARTESIAN_POINT('',(219.1,-17.35,0.));
#14229 = VECTOR('',#14230,1.);
#14230 = DIRECTION('',(0.,0.,-1.));
#14231 = PLANE('',#14232);
#14232 = AXIS2_PLACEMENT_3D('',#14233,#14234,#14235);
#14233 = CARTESIAN_POINT('',(219.1,-17.35,0.));
#14234 = DIRECTION('',(1.,0.,0.));
#14235 = DIRECTION('',(0.,-1.,0.));
#14236 = ADVANCED_FACE('',(#14237),#14248,.T.);
#14237 = FACE_BOUND('',#14238,.T.);
#14238 = EDGE_LOOP('',(#14239,#14240,#14241,#14247));
#14239 = ORIENTED_EDGE('',*,*,#13841,.F.);
#14240 = ORIENTED_EDGE('',*,*,#14226,.T.);
#14241 = ORIENTED_EDGE('',*,*,#14242,.F.);
#14242 = EDGE_CURVE('',#14074,#14219,#14243,.T.);
#14243 = LINE('',#14244,#14245);
#14244 = CARTESIAN_POINT('',(96.27,-17.35,-2.));
#14245 = VECTOR('',#14246,1.);
#14246 = DIRECTION('',(1.,0.,0.));
#14247 = ORIENTED_EDGE('',*,*,#14073,.F.);
#14248 = PLANE('',#14249);
#14249 = AXIS2_PLACEMENT_3D('',#14250,#14251,#14252);
#14250 = CARTESIAN_POINT('',(96.27,-17.35,0.));
#14251 = DIRECTION('',(0.,1.,0.));
#14252 = DIRECTION('',(1.,0.,0.));
#14253 = ADVANCED_FACE('',(#14254),#14272,.T.);
#14254 = FACE_BOUND('',#14255,.T.);
#14255 = EDGE_LOOP('',(#14256,#14257,#14258,#14266));
#14256 = ORIENTED_EDGE('',*,*,#13930,.F.);
#14257 = ORIENTED_EDGE('',*,*,#13962,.T.);
#14258 = ORIENTED_EDGE('',*,*,#14259,.F.);
#14259 = EDGE_CURVE('',#14260,#13955,#14262,.T.);
#14260 = VERTEX_POINT('',#14261);
#14261 = CARTESIAN_POINT('',(183.74422685185,-186.4169430853,-2.));
#14262 = LINE('',#14263,#14264);
#14263 = CARTESIAN_POINT('',(183.74422685185,-186.4169430853,-2.));
#14264 = VECTOR('',#14265,1.);
#14265 = DIRECTION('',(-0.821942843865,0.569569979387,0.));
#14266 = ORIENTED_EDGE('',*,*,#14267,.F.);
#14267 = EDGE_CURVE('',#13906,#14260,#14268,.T.);
#14268 = LINE('',#14269,#14270);
#14269 = CARTESIAN_POINT('',(183.74422685185,-186.4169430853,0.));
#14270 = VECTOR('',#14271,1.);
#14271 = DIRECTION('',(0.,0.,-1.));
#14272 = PLANE('',#14273);
#14273 = AXIS2_PLACEMENT_3D('',#14274,#14275,#14276);
#14274 = CARTESIAN_POINT('',(183.74422685185,-186.4169430853,0.));
#14275 = DIRECTION('',(-0.569569979387,-0.821942843865,0.));
#14276 = DIRECTION('',(-0.821942843865,0.569569979387,0.));
#14277 = ADVANCED_FACE('',(#14278),#14296,.T.);
#14278 = FACE_BOUND('',#14279,.T.);
#14279 = EDGE_LOOP('',(#14280,#14281,#14282,#14290));
#14280 = ORIENTED_EDGE('',*,*,#13913,.F.);
#14281 = ORIENTED_EDGE('',*,*,#14267,.T.);
#14282 = ORIENTED_EDGE('',*,*,#14283,.F.);
#14283 = EDGE_CURVE('',#14284,#14260,#14286,.T.);
#14284 = VERTEX_POINT('',#14285);
#14285 = CARTESIAN_POINT('',(223.97940831396,-129.0691929968,-2.));
#14286 = LINE('',#14287,#14288);
#14287 = CARTESIAN_POINT('',(223.97940831396,-129.0691929968,-2.));
#14288 = VECTOR('',#14289,1.);
#14289 = DIRECTION('',(-0.57434106509,-0.818616113298,0.));
#14290 = ORIENTED_EDGE('',*,*,#14291,.F.);
#14291 = EDGE_CURVE('',#13882,#14284,#14292,.T.);
#14292 = LINE('',#14293,#14294);
#14293 = CARTESIAN_POINT('',(223.97940831396,-129.0691929968,0.));
#14294 = VECTOR('',#14295,1.);
#14295 = DIRECTION('',(0.,0.,-1.));
#14296 = PLANE('',#14297);
#14297 = AXIS2_PLACEMENT_3D('',#14298,#14299,#14300);
#14298 = CARTESIAN_POINT('',(223.97940831396,-129.0691929968,0.));
#14299 = DIRECTION('',(0.818616113298,-0.57434106509,0.));
#14300 = DIRECTION('',(-0.57434106509,-0.818616113298,0.));
#14301 = ADVANCED_FACE('',(#14302),#14313,.T.);
#14302 = FACE_BOUND('',#14303,.T.);
#14303 = EDGE_LOOP('',(#14304,#14305,#14306,#14312));
#14304 = ORIENTED_EDGE('',*,*,#13889,.F.);
#14305 = ORIENTED_EDGE('',*,*,#14291,.T.);
#14306 = ORIENTED_EDGE('',*,*,#14307,.F.);
#14307 = EDGE_CURVE('',#14211,#14284,#14308,.T.);
#14308 = LINE('',#14309,#14310);
#14309 = CARTESIAN_POINT('',(219.1,-125.6489003523,-2.));
#14310 = VECTOR('',#14311,1.);
#14311 = DIRECTION('',(0.818860656095,-0.573992357005,0.));
#14312 = ORIENTED_EDGE('',*,*,#14210,.T.);
#14313 = PLANE('',#14314);
#14314 = AXIS2_PLACEMENT_3D('',#14315,#14316,#14317);
#14315 = CARTESIAN_POINT('',(219.1,-125.6489003523,0.));
#14316 = DIRECTION('',(0.573992357005,0.818860656095,0.));
#14317 = DIRECTION('',(0.818860656095,-0.573992357005,0.));
#14318 = ADVANCED_FACE('',(#14319,#14332,#14338,#14344,#14350,#14357,
    #14367,#14374,#14383,#14388,#14394,#14401,#14408,#14414,#14421,
    #14428,#14435,#14442,#14449,#14459,#14465,#14472,#14479,#14486,
    #14492,#14500,#14510,#14517,#14526,#14533,#14540,#14549,#14555,
    #14562,#14569,#14576,#14585,#14591,#14597,#14606,#14612,#14618,
    #14624,#14633,#14640,#14647,#14654,#14661,#14670,#14676,#14684,
    #14691,#14697,#14706,#14713,#14720,#14727,#14736,#14743,#14750,
    #14759,#14765,#14773,#14781,#14788,#14794,#14801),#14807,.T.);
#14319 = FACE_BOUND('',#14320,.T.);
#14320 = EDGE_LOOP('',(#14321,#14322,#14323,#14324,#14325,#14326,#14327,
    #14328,#14329,#14330,#14331));
#14321 = ORIENTED_EDGE('',*,*,#14307,.T.);
#14322 = ORIENTED_EDGE('',*,*,#14283,.T.);
#14323 = ORIENTED_EDGE('',*,*,#14259,.T.);
#14324 = ORIENTED_EDGE('',*,*,#13954,.T.);
#14325 = ORIENTED_EDGE('',*,*,#13985,.T.);
#14326 = ORIENTED_EDGE('',*,*,#14009,.T.);
#14327 = ORIENTED_EDGE('',*,*,#14033,.T.);
#14328 = ORIENTED_EDGE('',*,*,#14057,.T.);
#14329 = ORIENTED_EDGE('',*,*,#14081,.T.);
#14330 = ORIENTED_EDGE('',*,*,#14242,.T.);
#14331 = ORIENTED_EDGE('',*,*,#14218,.T.);
#14332 = FACE_BOUND('',#14333,.T.);
#14333 = EDGE_LOOP('',(#14334,#14335,#14336,#14337));
#14334 = ORIENTED_EDGE('',*,*,#114,.T.);
#14335 = ORIENTED_EDGE('',*,*,#77,.T.);
#14336 = ORIENTED_EDGE('',*,*,#31,.T.);
#14337 = ORIENTED_EDGE('',*,*,#142,.T.);
#14338 = FACE_BOUND('',#14339,.T.);
#14339 = EDGE_LOOP('',(#14340,#14341,#14342,#14343));
#14340 = ORIENTED_EDGE('',*,*,#262,.T.);
#14341 = ORIENTED_EDGE('',*,*,#225,.T.);
#14342 = ORIENTED_EDGE('',*,*,#179,.T.);
#14343 = ORIENTED_EDGE('',*,*,#290,.T.);
#14344 = FACE_BOUND('',#14345,.T.);
#14345 = EDGE_LOOP('',(#14346,#14347,#14348,#14349));
#14346 = ORIENTED_EDGE('',*,*,#410,.T.);
#14347 = ORIENTED_EDGE('',*,*,#373,.T.);
#14348 = ORIENTED_EDGE('',*,*,#327,.T.);
#14349 = ORIENTED_EDGE('',*,*,#438,.T.);
#14350 = FACE_BOUND('',#14351,.T.);
#14351 = EDGE_LOOP('',(#14352,#14353,#14354,#14355,#14356));
#14352 = ORIENTED_EDGE('',*,*,#558,.T.);
#14353 = ORIENTED_EDGE('',*,*,#521,.T.);
#14354 = ORIENTED_EDGE('',*,*,#475,.T.);
#14355 = ORIENTED_EDGE('',*,*,#623,.T.);
#14356 = ORIENTED_EDGE('',*,*,#595,.T.);
#14357 = FACE_BOUND('',#14358,.T.);
#14358 = EDGE_LOOP('',(#14359,#14360,#14361,#14362,#14363,#14364,#14365,
    #14366));
#14359 = ORIENTED_EDGE('',*,*,#819,.T.);
#14360 = ORIENTED_EDGE('',*,*,#782,.T.);
#14361 = ORIENTED_EDGE('',*,*,#745,.T.);
#14362 = ORIENTED_EDGE('',*,*,#708,.T.);
#14363 = ORIENTED_EDGE('',*,*,#660,.T.);
#14364 = ORIENTED_EDGE('',*,*,#921,.T.);
#14365 = ORIENTED_EDGE('',*,*,#893,.T.);
#14366 = ORIENTED_EDGE('',*,*,#856,.T.);
#14367 = FACE_BOUND('',#14368,.T.);
#14368 = EDGE_LOOP('',(#14369,#14370,#14371,#14372,#14373));
#14369 = ORIENTED_EDGE('',*,*,#1041,.T.);
#14370 = ORIENTED_EDGE('',*,*,#1004,.T.);
#14371 = ORIENTED_EDGE('',*,*,#958,.T.);
#14372 = ORIENTED_EDGE('',*,*,#1106,.T.);
#14373 = ORIENTED_EDGE('',*,*,#1078,.T.);
#14374 = FACE_BOUND('',#14375,.T.);
#14375 = EDGE_LOOP('',(#14376,#14377,#14378,#14379,#14380,#14381,#14382)
  );
#14376 = ORIENTED_EDGE('',*,*,#1263,.T.);
#14377 = ORIENTED_EDGE('',*,*,#1226,.T.);
#14378 = ORIENTED_EDGE('',*,*,#1189,.T.);
#14379 = ORIENTED_EDGE('',*,*,#1143,.T.);
#14380 = ORIENTED_EDGE('',*,*,#1365,.T.);
#14381 = ORIENTED_EDGE('',*,*,#1337,.T.);
#14382 = ORIENTED_EDGE('',*,*,#1300,.T.);
#14383 = FACE_BOUND('',#14384,.T.);
#14384 = EDGE_LOOP('',(#14385,#14386,#14387));
#14385 = ORIENTED_EDGE('',*,*,#1448,.T.);
#14386 = ORIENTED_EDGE('',*,*,#1402,.T.);
#14387 = ORIENTED_EDGE('',*,*,#1476,.T.);
#14388 = FACE_BOUND('',#14389,.T.);
#14389 = EDGE_LOOP('',(#14390,#14391,#14392,#14393));
#14390 = ORIENTED_EDGE('',*,*,#1596,.T.);
#14391 = ORIENTED_EDGE('',*,*,#1559,.T.);
#14392 = ORIENTED_EDGE('',*,*,#1513,.T.);
#14393 = ORIENTED_EDGE('',*,*,#1624,.T.);
#14394 = FACE_BOUND('',#14395,.T.);
#14395 = EDGE_LOOP('',(#14396,#14397,#14398,#14399,#14400));
#14396 = ORIENTED_EDGE('',*,*,#1744,.T.);
#14397 = ORIENTED_EDGE('',*,*,#1707,.T.);
#14398 = ORIENTED_EDGE('',*,*,#1661,.T.);
#14399 = ORIENTED_EDGE('',*,*,#1809,.T.);
#14400 = ORIENTED_EDGE('',*,*,#1781,.T.);
#14401 = FACE_BOUND('',#14402,.T.);
#14402 = EDGE_LOOP('',(#14403,#14404,#14405,#14406,#14407));
#14403 = ORIENTED_EDGE('',*,*,#1929,.T.);
#14404 = ORIENTED_EDGE('',*,*,#1892,.T.);
#14405 = ORIENTED_EDGE('',*,*,#1846,.T.);
#14406 = ORIENTED_EDGE('',*,*,#1994,.T.);
#14407 = ORIENTED_EDGE('',*,*,#1966,.T.);
#14408 = FACE_BOUND('',#14409,.T.);
#14409 = EDGE_LOOP('',(#14410,#14411,#14412,#14413));
#14410 = ORIENTED_EDGE('',*,*,#2114,.T.);
#14411 = ORIENTED_EDGE('',*,*,#2077,.T.);
#14412 = ORIENTED_EDGE('',*,*,#2031,.T.);
#14413 = ORIENTED_EDGE('',*,*,#2142,.T.);
#14414 = FACE_BOUND('',#14415,.T.);
#14415 = EDGE_LOOP('',(#14416,#14417,#14418,#14419,#14420));
#14416 = ORIENTED_EDGE('',*,*,#2262,.T.);
#14417 = ORIENTED_EDGE('',*,*,#2225,.T.);
#14418 = ORIENTED_EDGE('',*,*,#2179,.T.);
#14419 = ORIENTED_EDGE('',*,*,#2327,.T.);
#14420 = ORIENTED_EDGE('',*,*,#2299,.T.);
#14421 = FACE_BOUND('',#14422,.T.);
#14422 = EDGE_LOOP('',(#14423,#14424,#14425,#14426,#14427));
#14423 = ORIENTED_EDGE('',*,*,#2459,.T.);
#14424 = ORIENTED_EDGE('',*,*,#2422,.T.);
#14425 = ORIENTED_EDGE('',*,*,#2376,.T.);
#14426 = ORIENTED_EDGE('',*,*,#2524,.T.);
#14427 = ORIENTED_EDGE('',*,*,#2496,.T.);
#14428 = FACE_BOUND('',#14429,.T.);
#14429 = EDGE_LOOP('',(#14430,#14431,#14432,#14433,#14434));
#14430 = ORIENTED_EDGE('',*,*,#2644,.T.);
#14431 = ORIENTED_EDGE('',*,*,#2607,.T.);
#14432 = ORIENTED_EDGE('',*,*,#2561,.T.);
#14433 = ORIENTED_EDGE('',*,*,#2709,.T.);
#14434 = ORIENTED_EDGE('',*,*,#2681,.T.);
#14435 = FACE_BOUND('',#14436,.T.);
#14436 = EDGE_LOOP('',(#14437,#14438,#14439,#14440,#14441));
#14437 = ORIENTED_EDGE('',*,*,#2829,.T.);
#14438 = ORIENTED_EDGE('',*,*,#2792,.T.);
#14439 = ORIENTED_EDGE('',*,*,#2746,.T.);
#14440 = ORIENTED_EDGE('',*,*,#2894,.T.);
#14441 = ORIENTED_EDGE('',*,*,#2866,.T.);
#14442 = FACE_BOUND('',#14443,.T.);
#14443 = EDGE_LOOP('',(#14444,#14445,#14446,#14447,#14448));
#14444 = ORIENTED_EDGE('',*,*,#3014,.T.);
#14445 = ORIENTED_EDGE('',*,*,#2977,.T.);
#14446 = ORIENTED_EDGE('',*,*,#2931,.T.);
#14447 = ORIENTED_EDGE('',*,*,#3079,.T.);
#14448 = ORIENTED_EDGE('',*,*,#3051,.T.);
#14449 = FACE_BOUND('',#14450,.T.);
#14450 = EDGE_LOOP('',(#14451,#14452,#14453,#14454,#14455,#14456,#14457,
    #14458));
#14451 = ORIENTED_EDGE('',*,*,#3273,.T.);
#14452 = ORIENTED_EDGE('',*,*,#3236,.T.);
#14453 = ORIENTED_EDGE('',*,*,#3199,.T.);
#14454 = ORIENTED_EDGE('',*,*,#3162,.T.);
#14455 = ORIENTED_EDGE('',*,*,#3116,.T.);
#14456 = ORIENTED_EDGE('',*,*,#3377,.T.);
#14457 = ORIENTED_EDGE('',*,*,#3347,.T.);
#14458 = ORIENTED_EDGE('',*,*,#3310,.T.);
#14459 = FACE_BOUND('',#14460,.T.);
#14460 = EDGE_LOOP('',(#14461,#14462,#14463,#14464));
#14461 = ORIENTED_EDGE('',*,*,#3497,.T.);
#14462 = ORIENTED_EDGE('',*,*,#3460,.T.);
#14463 = ORIENTED_EDGE('',*,*,#3414,.T.);
#14464 = ORIENTED_EDGE('',*,*,#3525,.T.);
#14465 = FACE_BOUND('',#14466,.T.);
#14466 = EDGE_LOOP('',(#14467,#14468,#14469,#14470,#14471));
#14467 = ORIENTED_EDGE('',*,*,#3653,.T.);
#14468 = ORIENTED_EDGE('',*,*,#3616,.T.);
#14469 = ORIENTED_EDGE('',*,*,#3570,.T.);
#14470 = ORIENTED_EDGE('',*,*,#3718,.T.);
#14471 = ORIENTED_EDGE('',*,*,#3690,.T.);
#14472 = FACE_BOUND('',#14473,.T.);
#14473 = EDGE_LOOP('',(#14474,#14475,#14476,#14477,#14478));
#14474 = ORIENTED_EDGE('',*,*,#3838,.T.);
#14475 = ORIENTED_EDGE('',*,*,#3801,.T.);
#14476 = ORIENTED_EDGE('',*,*,#3755,.T.);
#14477 = ORIENTED_EDGE('',*,*,#3903,.T.);
#14478 = ORIENTED_EDGE('',*,*,#3875,.T.);
#14479 = FACE_BOUND('',#14480,.T.);
#14480 = EDGE_LOOP('',(#14481,#14482,#14483,#14484,#14485));
#14481 = ORIENTED_EDGE('',*,*,#4023,.T.);
#14482 = ORIENTED_EDGE('',*,*,#3986,.T.);
#14483 = ORIENTED_EDGE('',*,*,#3940,.T.);
#14484 = ORIENTED_EDGE('',*,*,#4088,.T.);
#14485 = ORIENTED_EDGE('',*,*,#4060,.T.);
#14486 = FACE_BOUND('',#14487,.T.);
#14487 = EDGE_LOOP('',(#14488,#14489,#14490,#14491));
#14488 = ORIENTED_EDGE('',*,*,#4208,.T.);
#14489 = ORIENTED_EDGE('',*,*,#4171,.T.);
#14490 = ORIENTED_EDGE('',*,*,#4125,.T.);
#14491 = ORIENTED_EDGE('',*,*,#4236,.T.);
#14492 = FACE_BOUND('',#14493,.T.);
#14493 = EDGE_LOOP('',(#14494,#14495,#14496,#14497,#14498,#14499));
#14494 = ORIENTED_EDGE('',*,*,#4395,.T.);
#14495 = ORIENTED_EDGE('',*,*,#4358,.T.);
#14496 = ORIENTED_EDGE('',*,*,#4321,.T.);
#14497 = ORIENTED_EDGE('',*,*,#4275,.T.);
#14498 = ORIENTED_EDGE('',*,*,#4460,.T.);
#14499 = ORIENTED_EDGE('',*,*,#4432,.T.);
#14500 = FACE_BOUND('',#14501,.T.);
#14501 = EDGE_LOOP('',(#14502,#14503,#14504,#14505,#14506,#14507,#14508,
    #14509));
#14502 = ORIENTED_EDGE('',*,*,#4662,.T.);
#14503 = ORIENTED_EDGE('',*,*,#4625,.T.);
#14504 = ORIENTED_EDGE('',*,*,#4588,.T.);
#14505 = ORIENTED_EDGE('',*,*,#4551,.T.);
#14506 = ORIENTED_EDGE('',*,*,#4505,.T.);
#14507 = ORIENTED_EDGE('',*,*,#4764,.T.);
#14508 = ORIENTED_EDGE('',*,*,#4736,.T.);
#14509 = ORIENTED_EDGE('',*,*,#4699,.T.);
#14510 = FACE_BOUND('',#14511,.T.);
#14511 = EDGE_LOOP('',(#14512,#14513,#14514,#14515,#14516));
#14512 = ORIENTED_EDGE('',*,*,#4884,.T.);
#14513 = ORIENTED_EDGE('',*,*,#4847,.T.);
#14514 = ORIENTED_EDGE('',*,*,#4801,.T.);
#14515 = ORIENTED_EDGE('',*,*,#4949,.T.);
#14516 = ORIENTED_EDGE('',*,*,#4921,.T.);
#14517 = FACE_BOUND('',#14518,.T.);
#14518 = EDGE_LOOP('',(#14519,#14520,#14521,#14522,#14523,#14524,#14525)
  );
#14519 = ORIENTED_EDGE('',*,*,#5106,.T.);
#14520 = ORIENTED_EDGE('',*,*,#5069,.T.);
#14521 = ORIENTED_EDGE('',*,*,#5032,.T.);
#14522 = ORIENTED_EDGE('',*,*,#4986,.T.);
#14523 = ORIENTED_EDGE('',*,*,#5208,.T.);
#14524 = ORIENTED_EDGE('',*,*,#5180,.T.);
#14525 = ORIENTED_EDGE('',*,*,#5143,.T.);
#14526 = FACE_BOUND('',#14527,.T.);
#14527 = EDGE_LOOP('',(#14528,#14529,#14530,#14531,#14532));
#14528 = ORIENTED_EDGE('',*,*,#5328,.T.);
#14529 = ORIENTED_EDGE('',*,*,#5291,.T.);
#14530 = ORIENTED_EDGE('',*,*,#5245,.T.);
#14531 = ORIENTED_EDGE('',*,*,#5393,.T.);
#14532 = ORIENTED_EDGE('',*,*,#5365,.T.);
#14533 = FACE_BOUND('',#14534,.T.);
#14534 = EDGE_LOOP('',(#14535,#14536,#14537,#14538,#14539));
#14535 = ORIENTED_EDGE('',*,*,#5513,.T.);
#14536 = ORIENTED_EDGE('',*,*,#5476,.T.);
#14537 = ORIENTED_EDGE('',*,*,#5430,.T.);
#14538 = ORIENTED_EDGE('',*,*,#5578,.T.);
#14539 = ORIENTED_EDGE('',*,*,#5550,.T.);
#14540 = FACE_BOUND('',#14541,.T.);
#14541 = EDGE_LOOP('',(#14542,#14543,#14544,#14545,#14546,#14547,#14548)
  );
#14542 = ORIENTED_EDGE('',*,*,#5735,.T.);
#14543 = ORIENTED_EDGE('',*,*,#5698,.T.);
#14544 = ORIENTED_EDGE('',*,*,#5661,.T.);
#14545 = ORIENTED_EDGE('',*,*,#5615,.T.);
#14546 = ORIENTED_EDGE('',*,*,#5837,.T.);
#14547 = ORIENTED_EDGE('',*,*,#5809,.T.);
#14548 = ORIENTED_EDGE('',*,*,#5772,.T.);
#14549 = FACE_BOUND('',#14550,.T.);
#14550 = EDGE_LOOP('',(#14551,#14552,#14553,#14554));
#14551 = ORIENTED_EDGE('',*,*,#5957,.T.);
#14552 = ORIENTED_EDGE('',*,*,#5920,.T.);
#14553 = ORIENTED_EDGE('',*,*,#5874,.T.);
#14554 = ORIENTED_EDGE('',*,*,#5985,.T.);
#14555 = FACE_BOUND('',#14556,.T.);
#14556 = EDGE_LOOP('',(#14557,#14558,#14559,#14560,#14561));
#14557 = ORIENTED_EDGE('',*,*,#6105,.T.);
#14558 = ORIENTED_EDGE('',*,*,#6068,.T.);
#14559 = ORIENTED_EDGE('',*,*,#6022,.T.);
#14560 = ORIENTED_EDGE('',*,*,#6170,.T.);
#14561 = ORIENTED_EDGE('',*,*,#6142,.T.);
#14562 = FACE_BOUND('',#14563,.T.);
#14563 = EDGE_LOOP('',(#14564,#14565,#14566,#14567,#14568));
#14564 = ORIENTED_EDGE('',*,*,#6290,.T.);
#14565 = ORIENTED_EDGE('',*,*,#6253,.T.);
#14566 = ORIENTED_EDGE('',*,*,#6207,.T.);
#14567 = ORIENTED_EDGE('',*,*,#6355,.T.);
#14568 = ORIENTED_EDGE('',*,*,#6327,.T.);
#14569 = FACE_BOUND('',#14570,.T.);
#14570 = EDGE_LOOP('',(#14571,#14572,#14573,#14574,#14575));
#14571 = ORIENTED_EDGE('',*,*,#6475,.T.);
#14572 = ORIENTED_EDGE('',*,*,#6438,.T.);
#14573 = ORIENTED_EDGE('',*,*,#6392,.T.);
#14574 = ORIENTED_EDGE('',*,*,#6540,.T.);
#14575 = ORIENTED_EDGE('',*,*,#6512,.T.);
#14576 = FACE_BOUND('',#14577,.T.);
#14577 = EDGE_LOOP('',(#14578,#14579,#14580,#14581,#14582,#14583,#14584)
  );
#14578 = ORIENTED_EDGE('',*,*,#6697,.T.);
#14579 = ORIENTED_EDGE('',*,*,#6660,.T.);
#14580 = ORIENTED_EDGE('',*,*,#6623,.T.);
#14581 = ORIENTED_EDGE('',*,*,#6577,.T.);
#14582 = ORIENTED_EDGE('',*,*,#6799,.T.);
#14583 = ORIENTED_EDGE('',*,*,#6771,.T.);
#14584 = ORIENTED_EDGE('',*,*,#6734,.T.);
#14585 = FACE_BOUND('',#14586,.T.);
#14586 = EDGE_LOOP('',(#14587,#14588,#14589,#14590));
#14587 = ORIENTED_EDGE('',*,*,#6931,.T.);
#14588 = ORIENTED_EDGE('',*,*,#6882,.T.);
#14589 = ORIENTED_EDGE('',*,*,#6836,.T.);
#14590 = ORIENTED_EDGE('',*,*,#6959,.T.);
#14591 = FACE_BOUND('',#14592,.T.);
#14592 = EDGE_LOOP('',(#14593,#14594,#14595,#14596));
#14593 = ORIENTED_EDGE('',*,*,#7079,.T.);
#14594 = ORIENTED_EDGE('',*,*,#7042,.T.);
#14595 = ORIENTED_EDGE('',*,*,#6996,.T.);
#14596 = ORIENTED_EDGE('',*,*,#7107,.T.);
#14597 = FACE_BOUND('',#14598,.T.);
#14598 = EDGE_LOOP('',(#14599,#14600,#14601,#14602,#14603,#14604,#14605)
  );
#14599 = ORIENTED_EDGE('',*,*,#7264,.T.);
#14600 = ORIENTED_EDGE('',*,*,#7227,.T.);
#14601 = ORIENTED_EDGE('',*,*,#7190,.T.);
#14602 = ORIENTED_EDGE('',*,*,#7144,.T.);
#14603 = ORIENTED_EDGE('',*,*,#7366,.T.);
#14604 = ORIENTED_EDGE('',*,*,#7338,.T.);
#14605 = ORIENTED_EDGE('',*,*,#7301,.T.);
#14606 = FACE_BOUND('',#14607,.T.);
#14607 = EDGE_LOOP('',(#14608,#14609,#14610,#14611));
#14608 = ORIENTED_EDGE('',*,*,#7486,.T.);
#14609 = ORIENTED_EDGE('',*,*,#7449,.T.);
#14610 = ORIENTED_EDGE('',*,*,#7403,.T.);
#14611 = ORIENTED_EDGE('',*,*,#7514,.T.);
#14612 = FACE_BOUND('',#14613,.T.);
#14613 = EDGE_LOOP('',(#14614,#14615,#14616,#14617));
#14614 = ORIENTED_EDGE('',*,*,#7634,.T.);
#14615 = ORIENTED_EDGE('',*,*,#7597,.T.);
#14616 = ORIENTED_EDGE('',*,*,#7551,.T.);
#14617 = ORIENTED_EDGE('',*,*,#7662,.T.);
#14618 = FACE_BOUND('',#14619,.T.);
#14619 = EDGE_LOOP('',(#14620,#14621,#14622,#14623));
#14620 = ORIENTED_EDGE('',*,*,#7782,.T.);
#14621 = ORIENTED_EDGE('',*,*,#7745,.T.);
#14622 = ORIENTED_EDGE('',*,*,#7699,.T.);
#14623 = ORIENTED_EDGE('',*,*,#7810,.T.);
#14624 = FACE_BOUND('',#14625,.T.);
#14625 = EDGE_LOOP('',(#14626,#14627,#14628,#14629,#14630,#14631,#14632)
  );
#14626 = ORIENTED_EDGE('',*,*,#7967,.T.);
#14627 = ORIENTED_EDGE('',*,*,#7930,.T.);
#14628 = ORIENTED_EDGE('',*,*,#7893,.T.);
#14629 = ORIENTED_EDGE('',*,*,#7847,.T.);
#14630 = ORIENTED_EDGE('',*,*,#8069,.T.);
#14631 = ORIENTED_EDGE('',*,*,#8041,.T.);
#14632 = ORIENTED_EDGE('',*,*,#8004,.T.);
#14633 = FACE_BOUND('',#14634,.T.);
#14634 = EDGE_LOOP('',(#14635,#14636,#14637,#14638,#14639));
#14635 = ORIENTED_EDGE('',*,*,#8189,.T.);
#14636 = ORIENTED_EDGE('',*,*,#8152,.T.);
#14637 = ORIENTED_EDGE('',*,*,#8106,.T.);
#14638 = ORIENTED_EDGE('',*,*,#8254,.T.);
#14639 = ORIENTED_EDGE('',*,*,#8226,.T.);
#14640 = FACE_BOUND('',#14641,.T.);
#14641 = EDGE_LOOP('',(#14642,#14643,#14644,#14645,#14646));
#14642 = ORIENTED_EDGE('',*,*,#8374,.T.);
#14643 = ORIENTED_EDGE('',*,*,#8337,.T.);
#14644 = ORIENTED_EDGE('',*,*,#8291,.T.);
#14645 = ORIENTED_EDGE('',*,*,#8439,.T.);
#14646 = ORIENTED_EDGE('',*,*,#8411,.T.);
#14647 = FACE_BOUND('',#14648,.T.);
#14648 = EDGE_LOOP('',(#14649,#14650,#14651,#14652,#14653));
#14649 = ORIENTED_EDGE('',*,*,#8559,.T.);
#14650 = ORIENTED_EDGE('',*,*,#8522,.T.);
#14651 = ORIENTED_EDGE('',*,*,#8476,.T.);
#14652 = ORIENTED_EDGE('',*,*,#8624,.T.);
#14653 = ORIENTED_EDGE('',*,*,#8596,.T.);
#14654 = FACE_BOUND('',#14655,.T.);
#14655 = EDGE_LOOP('',(#14656,#14657,#14658,#14659,#14660));
#14656 = ORIENTED_EDGE('',*,*,#8744,.T.);
#14657 = ORIENTED_EDGE('',*,*,#8707,.T.);
#14658 = ORIENTED_EDGE('',*,*,#8661,.T.);
#14659 = ORIENTED_EDGE('',*,*,#8809,.T.);
#14660 = ORIENTED_EDGE('',*,*,#8781,.T.);
#14661 = FACE_BOUND('',#14662,.T.);
#14662 = EDGE_LOOP('',(#14663,#14664,#14665,#14666,#14667,#14668,#14669)
  );
#14663 = ORIENTED_EDGE('',*,*,#8970,.T.);
#14664 = ORIENTED_EDGE('',*,*,#8933,.T.);
#14665 = ORIENTED_EDGE('',*,*,#8896,.T.);
#14666 = ORIENTED_EDGE('',*,*,#8850,.T.);
#14667 = ORIENTED_EDGE('',*,*,#9072,.T.);
#14668 = ORIENTED_EDGE('',*,*,#9044,.T.);
#14669 = ORIENTED_EDGE('',*,*,#9007,.T.);
#14670 = FACE_BOUND('',#14671,.T.);
#14671 = EDGE_LOOP('',(#14672,#14673,#14674,#14675));
#14672 = ORIENTED_EDGE('',*,*,#9192,.T.);
#14673 = ORIENTED_EDGE('',*,*,#9155,.T.);
#14674 = ORIENTED_EDGE('',*,*,#9109,.T.);
#14675 = ORIENTED_EDGE('',*,*,#9220,.T.);
#14676 = FACE_BOUND('',#14677,.T.);
#14677 = EDGE_LOOP('',(#14678,#14679,#14680,#14681,#14682,#14683));
#14678 = ORIENTED_EDGE('',*,*,#9377,.T.);
#14679 = ORIENTED_EDGE('',*,*,#9340,.T.);
#14680 = ORIENTED_EDGE('',*,*,#9303,.T.);
#14681 = ORIENTED_EDGE('',*,*,#9257,.T.);
#14682 = ORIENTED_EDGE('',*,*,#9442,.T.);
#14683 = ORIENTED_EDGE('',*,*,#9414,.T.);
#14684 = FACE_BOUND('',#14685,.T.);
#14685 = EDGE_LOOP('',(#14686,#14687,#14688,#14689,#14690));
#14686 = ORIENTED_EDGE('',*,*,#9562,.T.);
#14687 = ORIENTED_EDGE('',*,*,#9525,.T.);
#14688 = ORIENTED_EDGE('',*,*,#9479,.T.);
#14689 = ORIENTED_EDGE('',*,*,#9627,.T.);
#14690 = ORIENTED_EDGE('',*,*,#9599,.T.);
#14691 = FACE_BOUND('',#14692,.T.);
#14692 = EDGE_LOOP('',(#14693,#14694,#14695,#14696));
#14693 = ORIENTED_EDGE('',*,*,#9747,.T.);
#14694 = ORIENTED_EDGE('',*,*,#9710,.T.);
#14695 = ORIENTED_EDGE('',*,*,#9664,.T.);
#14696 = ORIENTED_EDGE('',*,*,#9775,.T.);
#14697 = FACE_BOUND('',#14698,.T.);
#14698 = EDGE_LOOP('',(#14699,#14700,#14701,#14702,#14703,#14704,#14705)
  );
#14699 = ORIENTED_EDGE('',*,*,#9950,.T.);
#14700 = ORIENTED_EDGE('',*,*,#9913,.T.);
#14701 = ORIENTED_EDGE('',*,*,#9870,.T.);
#14702 = ORIENTED_EDGE('',*,*,#9824,.T.);
#14703 = ORIENTED_EDGE('',*,*,#10052,.T.);
#14704 = ORIENTED_EDGE('',*,*,#10024,.T.);
#14705 = ORIENTED_EDGE('',*,*,#9987,.T.);
#14706 = FACE_BOUND('',#14707,.T.);
#14707 = EDGE_LOOP('',(#14708,#14709,#14710,#14711,#14712));
#14708 = ORIENTED_EDGE('',*,*,#10172,.T.);
#14709 = ORIENTED_EDGE('',*,*,#10135,.T.);
#14710 = ORIENTED_EDGE('',*,*,#10089,.T.);
#14711 = ORIENTED_EDGE('',*,*,#10237,.T.);
#14712 = ORIENTED_EDGE('',*,*,#10209,.T.);
#14713 = FACE_BOUND('',#14714,.T.);
#14714 = EDGE_LOOP('',(#14715,#14716,#14717,#14718,#14719));
#14715 = ORIENTED_EDGE('',*,*,#10357,.T.);
#14716 = ORIENTED_EDGE('',*,*,#10320,.T.);
#14717 = ORIENTED_EDGE('',*,*,#10274,.T.);
#14718 = ORIENTED_EDGE('',*,*,#10422,.T.);
#14719 = ORIENTED_EDGE('',*,*,#10394,.T.);
#14720 = FACE_BOUND('',#14721,.T.);
#14721 = EDGE_LOOP('',(#14722,#14723,#14724,#14725,#14726));
#14722 = ORIENTED_EDGE('',*,*,#10542,.T.);
#14723 = ORIENTED_EDGE('',*,*,#10505,.T.);
#14724 = ORIENTED_EDGE('',*,*,#10459,.T.);
#14725 = ORIENTED_EDGE('',*,*,#10607,.T.);
#14726 = ORIENTED_EDGE('',*,*,#10579,.T.);
#14727 = FACE_BOUND('',#14728,.T.);
#14728 = EDGE_LOOP('',(#14729,#14730,#14731,#14732,#14733,#14734,#14735)
  );
#14729 = ORIENTED_EDGE('',*,*,#10764,.T.);
#14730 = ORIENTED_EDGE('',*,*,#10727,.T.);
#14731 = ORIENTED_EDGE('',*,*,#10690,.T.);
#14732 = ORIENTED_EDGE('',*,*,#10644,.T.);
#14733 = ORIENTED_EDGE('',*,*,#10866,.T.);
#14734 = ORIENTED_EDGE('',*,*,#10838,.T.);
#14735 = ORIENTED_EDGE('',*,*,#10801,.T.);
#14736 = FACE_BOUND('',#14737,.T.);
#14737 = EDGE_LOOP('',(#14738,#14739,#14740,#14741,#14742));
#14738 = ORIENTED_EDGE('',*,*,#10986,.T.);
#14739 = ORIENTED_EDGE('',*,*,#10949,.T.);
#14740 = ORIENTED_EDGE('',*,*,#10903,.T.);
#14741 = ORIENTED_EDGE('',*,*,#11051,.T.);
#14742 = ORIENTED_EDGE('',*,*,#11023,.T.);
#14743 = FACE_BOUND('',#14744,.T.);
#14744 = EDGE_LOOP('',(#14745,#14746,#14747,#14748,#14749));
#14745 = ORIENTED_EDGE('',*,*,#11177,.T.);
#14746 = ORIENTED_EDGE('',*,*,#11134,.T.);
#14747 = ORIENTED_EDGE('',*,*,#11088,.T.);
#14748 = ORIENTED_EDGE('',*,*,#11242,.T.);
#14749 = ORIENTED_EDGE('',*,*,#11214,.T.);
#14750 = FACE_BOUND('',#14751,.T.);
#14751 = EDGE_LOOP('',(#14752,#14753,#14754,#14755,#14756,#14757,#14758)
  );
#14752 = ORIENTED_EDGE('',*,*,#11401,.T.);
#14753 = ORIENTED_EDGE('',*,*,#11364,.T.);
#14754 = ORIENTED_EDGE('',*,*,#11327,.T.);
#14755 = ORIENTED_EDGE('',*,*,#11279,.T.);
#14756 = ORIENTED_EDGE('',*,*,#11507,.T.);
#14757 = ORIENTED_EDGE('',*,*,#11479,.T.);
#14758 = ORIENTED_EDGE('',*,*,#11442,.T.);
#14759 = FACE_BOUND('',#14760,.T.);
#14760 = EDGE_LOOP('',(#14761,#14762,#14763,#14764));
#14761 = ORIENTED_EDGE('',*,*,#11627,.T.);
#14762 = ORIENTED_EDGE('',*,*,#11590,.T.);
#14763 = ORIENTED_EDGE('',*,*,#11544,.T.);
#14764 = ORIENTED_EDGE('',*,*,#11655,.T.);
#14765 = FACE_BOUND('',#14766,.T.);
#14766 = EDGE_LOOP('',(#14767,#14768,#14769,#14770,#14771,#14772));
#14767 = ORIENTED_EDGE('',*,*,#11812,.T.);
#14768 = ORIENTED_EDGE('',*,*,#11775,.T.);
#14769 = ORIENTED_EDGE('',*,*,#11738,.T.);
#14770 = ORIENTED_EDGE('',*,*,#11692,.T.);
#14771 = ORIENTED_EDGE('',*,*,#11877,.T.);
#14772 = ORIENTED_EDGE('',*,*,#11849,.T.);
#14773 = FACE_BOUND('',#14774,.T.);
#14774 = EDGE_LOOP('',(#14775,#14776,#14777,#14778,#14779,#14780));
#14775 = ORIENTED_EDGE('',*,*,#12034,.T.);
#14776 = ORIENTED_EDGE('',*,*,#11997,.T.);
#14777 = ORIENTED_EDGE('',*,*,#11960,.T.);
#14778 = ORIENTED_EDGE('',*,*,#11914,.T.);
#14779 = ORIENTED_EDGE('',*,*,#12099,.T.);
#14780 = ORIENTED_EDGE('',*,*,#12071,.T.);
#14781 = FACE_BOUND('',#14782,.T.);
#14782 = EDGE_LOOP('',(#14783,#14784,#14785,#14786,#14787));
#14783 = ORIENTED_EDGE('',*,*,#12231,.T.);
#14784 = ORIENTED_EDGE('',*,*,#12182,.T.);
#14785 = ORIENTED_EDGE('',*,*,#12136,.T.);
#14786 = ORIENTED_EDGE('',*,*,#12296,.T.);
#14787 = ORIENTED_EDGE('',*,*,#12268,.T.);
#14788 = FACE_BOUND('',#14789,.T.);
#14789 = EDGE_LOOP('',(#14790,#14791,#14792,#14793));
#14790 = ORIENTED_EDGE('',*,*,#12416,.T.);
#14791 = ORIENTED_EDGE('',*,*,#12379,.T.);
#14792 = ORIENTED_EDGE('',*,*,#12333,.T.);
#14793 = ORIENTED_EDGE('',*,*,#12444,.T.);
#14794 = FACE_BOUND('',#14795,.T.);
#14795 = EDGE_LOOP('',(#14796,#14797,#14798,#14799,#14800));
#14796 = ORIENTED_EDGE('',*,*,#12564,.T.);
#14797 = ORIENTED_EDGE('',*,*,#12527,.T.);
#14798 = ORIENTED_EDGE('',*,*,#12481,.T.);
#14799 = ORIENTED_EDGE('',*,*,#12629,.T.);
#14800 = ORIENTED_EDGE('',*,*,#12601,.T.);
#14801 = FACE_BOUND('',#14802,.T.);
#14802 = EDGE_LOOP('',(#14803,#14804,#14805,#14806));
#14803 = ORIENTED_EDGE('',*,*,#12749,.T.);
#14804 = ORIENTED_EDGE('',*,*,#12712,.T.);
#14805 = ORIENTED_EDGE('',*,*,#12666,.T.);
#14806 = ORIENTED_EDGE('',*,*,#12777,.T.);
#14807 = PLANE('',#14808);
#14808 = AXIS2_PLACEMENT_3D('',#14809,#14810,#14811);
#14809 = CARTESIAN_POINT('',(126.80470415698,-101.8834715426,-2.));
#14810 = DIRECTION('',(0.,0.,-1.));
#14811 = DIRECTION('',(-1.,0.,0.));
#14812 = ADVANCED_FACE('',(#14813,#14826,#14832,#14838,#14844,#14851,
    #14861,#14868,#14877,#14882,#14888,#14895,#14902,#14908,#14915,
    #14922,#14929,#14936,#14943,#14953,#14959,#14966,#14973,#14980,
    #14986,#14994,#15004,#15011,#15020,#15027,#15034,#15043,#15049,
    #15056,#15063,#15070,#15079,#15085,#15091,#15100,#15106,#15112,
    #15118,#15127,#15134,#15141,#15148,#15155,#15164,#15170,#15178,
    #15185,#15191,#15200,#15207,#15214,#15221,#15230,#15237,#15244,
    #15253,#15259,#15267,#15275,#15282,#15288,#15295),#15301,.F.);
#14813 = FACE_BOUND('',#14814,.T.);
#14814 = EDGE_LOOP('',(#14815,#14816,#14817,#14818,#14819,#14820,#14821,
    #14822,#14823,#14824,#14825));
#14815 = ORIENTED_EDGE('',*,*,#13793,.T.);
#14816 = ORIENTED_EDGE('',*,*,#13817,.T.);
#14817 = ORIENTED_EDGE('',*,*,#14105,.T.);
#14818 = ORIENTED_EDGE('',*,*,#14129,.T.);
#14819 = ORIENTED_EDGE('',*,*,#14153,.T.);
#14820 = ORIENTED_EDGE('',*,*,#14177,.T.);
#14821 = ORIENTED_EDGE('',*,*,#14194,.T.);
#14822 = ORIENTED_EDGE('',*,*,#13690,.T.);
#14823 = ORIENTED_EDGE('',*,*,#13721,.T.);
#14824 = ORIENTED_EDGE('',*,*,#13745,.T.);
#14825 = ORIENTED_EDGE('',*,*,#13769,.T.);
#14826 = FACE_BOUND('',#14827,.T.);
#14827 = EDGE_LOOP('',(#14828,#14829,#14830,#14831));
#14828 = ORIENTED_EDGE('',*,*,#122,.T.);
#14829 = ORIENTED_EDGE('',*,*,#150,.T.);
#14830 = ORIENTED_EDGE('',*,*,#48,.T.);
#14831 = ORIENTED_EDGE('',*,*,#85,.T.);
#14832 = FACE_BOUND('',#14833,.T.);
#14833 = EDGE_LOOP('',(#14834,#14835,#14836,#14837));
#14834 = ORIENTED_EDGE('',*,*,#270,.T.);
#14835 = ORIENTED_EDGE('',*,*,#298,.T.);
#14836 = ORIENTED_EDGE('',*,*,#196,.T.);
#14837 = ORIENTED_EDGE('',*,*,#233,.T.);
#14838 = FACE_BOUND('',#14839,.T.);
#14839 = EDGE_LOOP('',(#14840,#14841,#14842,#14843));
#14840 = ORIENTED_EDGE('',*,*,#418,.T.);
#14841 = ORIENTED_EDGE('',*,*,#446,.T.);
#14842 = ORIENTED_EDGE('',*,*,#344,.T.);
#14843 = ORIENTED_EDGE('',*,*,#381,.T.);
#14844 = FACE_BOUND('',#14845,.T.);
#14845 = EDGE_LOOP('',(#14846,#14847,#14848,#14849,#14850));
#14846 = ORIENTED_EDGE('',*,*,#566,.T.);
#14847 = ORIENTED_EDGE('',*,*,#603,.T.);
#14848 = ORIENTED_EDGE('',*,*,#631,.T.);
#14849 = ORIENTED_EDGE('',*,*,#492,.T.);
#14850 = ORIENTED_EDGE('',*,*,#529,.T.);
#14851 = FACE_BOUND('',#14852,.T.);
#14852 = EDGE_LOOP('',(#14853,#14854,#14855,#14856,#14857,#14858,#14859,
    #14860));
#14853 = ORIENTED_EDGE('',*,*,#827,.T.);
#14854 = ORIENTED_EDGE('',*,*,#864,.T.);
#14855 = ORIENTED_EDGE('',*,*,#901,.T.);
#14856 = ORIENTED_EDGE('',*,*,#929,.T.);
#14857 = ORIENTED_EDGE('',*,*,#677,.T.);
#14858 = ORIENTED_EDGE('',*,*,#716,.T.);
#14859 = ORIENTED_EDGE('',*,*,#753,.T.);
#14860 = ORIENTED_EDGE('',*,*,#790,.T.);
#14861 = FACE_BOUND('',#14862,.T.);
#14862 = EDGE_LOOP('',(#14863,#14864,#14865,#14866,#14867));
#14863 = ORIENTED_EDGE('',*,*,#1049,.T.);
#14864 = ORIENTED_EDGE('',*,*,#1086,.T.);
#14865 = ORIENTED_EDGE('',*,*,#1114,.T.);
#14866 = ORIENTED_EDGE('',*,*,#975,.T.);
#14867 = ORIENTED_EDGE('',*,*,#1012,.T.);
#14868 = FACE_BOUND('',#14869,.T.);
#14869 = EDGE_LOOP('',(#14870,#14871,#14872,#14873,#14874,#14875,#14876)
  );
#14870 = ORIENTED_EDGE('',*,*,#1271,.T.);
#14871 = ORIENTED_EDGE('',*,*,#1308,.T.);
#14872 = ORIENTED_EDGE('',*,*,#1345,.T.);
#14873 = ORIENTED_EDGE('',*,*,#1373,.T.);
#14874 = ORIENTED_EDGE('',*,*,#1160,.T.);
#14875 = ORIENTED_EDGE('',*,*,#1197,.T.);
#14876 = ORIENTED_EDGE('',*,*,#1234,.T.);
#14877 = FACE_BOUND('',#14878,.T.);
#14878 = EDGE_LOOP('',(#14879,#14880,#14881));
#14879 = ORIENTED_EDGE('',*,*,#1456,.T.);
#14880 = ORIENTED_EDGE('',*,*,#1484,.T.);
#14881 = ORIENTED_EDGE('',*,*,#1419,.T.);
#14882 = FACE_BOUND('',#14883,.T.);
#14883 = EDGE_LOOP('',(#14884,#14885,#14886,#14887));
#14884 = ORIENTED_EDGE('',*,*,#1604,.T.);
#14885 = ORIENTED_EDGE('',*,*,#1632,.T.);
#14886 = ORIENTED_EDGE('',*,*,#1530,.T.);
#14887 = ORIENTED_EDGE('',*,*,#1567,.T.);
#14888 = FACE_BOUND('',#14889,.T.);
#14889 = EDGE_LOOP('',(#14890,#14891,#14892,#14893,#14894));
#14890 = ORIENTED_EDGE('',*,*,#1752,.T.);
#14891 = ORIENTED_EDGE('',*,*,#1789,.T.);
#14892 = ORIENTED_EDGE('',*,*,#1817,.T.);
#14893 = ORIENTED_EDGE('',*,*,#1678,.T.);
#14894 = ORIENTED_EDGE('',*,*,#1715,.T.);
#14895 = FACE_BOUND('',#14896,.T.);
#14896 = EDGE_LOOP('',(#14897,#14898,#14899,#14900,#14901));
#14897 = ORIENTED_EDGE('',*,*,#1937,.T.);
#14898 = ORIENTED_EDGE('',*,*,#1974,.T.);
#14899 = ORIENTED_EDGE('',*,*,#2002,.T.);
#14900 = ORIENTED_EDGE('',*,*,#1863,.T.);
#14901 = ORIENTED_EDGE('',*,*,#1900,.T.);
#14902 = FACE_BOUND('',#14903,.T.);
#14903 = EDGE_LOOP('',(#14904,#14905,#14906,#14907));
#14904 = ORIENTED_EDGE('',*,*,#2122,.T.);
#14905 = ORIENTED_EDGE('',*,*,#2150,.T.);
#14906 = ORIENTED_EDGE('',*,*,#2048,.T.);
#14907 = ORIENTED_EDGE('',*,*,#2085,.T.);
#14908 = FACE_BOUND('',#14909,.T.);
#14909 = EDGE_LOOP('',(#14910,#14911,#14912,#14913,#14914));
#14910 = ORIENTED_EDGE('',*,*,#2270,.T.);
#14911 = ORIENTED_EDGE('',*,*,#2307,.T.);
#14912 = ORIENTED_EDGE('',*,*,#2335,.T.);
#14913 = ORIENTED_EDGE('',*,*,#2196,.T.);
#14914 = ORIENTED_EDGE('',*,*,#2233,.T.);
#14915 = FACE_BOUND('',#14916,.T.);
#14916 = EDGE_LOOP('',(#14917,#14918,#14919,#14920,#14921));
#14917 = ORIENTED_EDGE('',*,*,#2467,.T.);
#14918 = ORIENTED_EDGE('',*,*,#2504,.T.);
#14919 = ORIENTED_EDGE('',*,*,#2532,.T.);
#14920 = ORIENTED_EDGE('',*,*,#2393,.T.);
#14921 = ORIENTED_EDGE('',*,*,#2430,.T.);
#14922 = FACE_BOUND('',#14923,.T.);
#14923 = EDGE_LOOP('',(#14924,#14925,#14926,#14927,#14928));
#14924 = ORIENTED_EDGE('',*,*,#2652,.T.);
#14925 = ORIENTED_EDGE('',*,*,#2689,.T.);
#14926 = ORIENTED_EDGE('',*,*,#2717,.T.);
#14927 = ORIENTED_EDGE('',*,*,#2578,.T.);
#14928 = ORIENTED_EDGE('',*,*,#2615,.T.);
#14929 = FACE_BOUND('',#14930,.T.);
#14930 = EDGE_LOOP('',(#14931,#14932,#14933,#14934,#14935));
#14931 = ORIENTED_EDGE('',*,*,#2837,.T.);
#14932 = ORIENTED_EDGE('',*,*,#2874,.T.);
#14933 = ORIENTED_EDGE('',*,*,#2902,.T.);
#14934 = ORIENTED_EDGE('',*,*,#2763,.T.);
#14935 = ORIENTED_EDGE('',*,*,#2800,.T.);
#14936 = FACE_BOUND('',#14937,.T.);
#14937 = EDGE_LOOP('',(#14938,#14939,#14940,#14941,#14942));
#14938 = ORIENTED_EDGE('',*,*,#3022,.T.);
#14939 = ORIENTED_EDGE('',*,*,#3059,.T.);
#14940 = ORIENTED_EDGE('',*,*,#3087,.T.);
#14941 = ORIENTED_EDGE('',*,*,#2948,.T.);
#14942 = ORIENTED_EDGE('',*,*,#2985,.T.);
#14943 = FACE_BOUND('',#14944,.T.);
#14944 = EDGE_LOOP('',(#14945,#14946,#14947,#14948,#14949,#14950,#14951,
    #14952));
#14945 = ORIENTED_EDGE('',*,*,#3281,.T.);
#14946 = ORIENTED_EDGE('',*,*,#3318,.T.);
#14947 = ORIENTED_EDGE('',*,*,#3355,.T.);
#14948 = ORIENTED_EDGE('',*,*,#3385,.T.);
#14949 = ORIENTED_EDGE('',*,*,#3133,.T.);
#14950 = ORIENTED_EDGE('',*,*,#3170,.T.);
#14951 = ORIENTED_EDGE('',*,*,#3207,.T.);
#14952 = ORIENTED_EDGE('',*,*,#3244,.T.);
#14953 = FACE_BOUND('',#14954,.T.);
#14954 = EDGE_LOOP('',(#14955,#14956,#14957,#14958));
#14955 = ORIENTED_EDGE('',*,*,#3505,.T.);
#14956 = ORIENTED_EDGE('',*,*,#3533,.T.);
#14957 = ORIENTED_EDGE('',*,*,#3431,.T.);
#14958 = ORIENTED_EDGE('',*,*,#3468,.T.);
#14959 = FACE_BOUND('',#14960,.T.);
#14960 = EDGE_LOOP('',(#14961,#14962,#14963,#14964,#14965));
#14961 = ORIENTED_EDGE('',*,*,#3661,.T.);
#14962 = ORIENTED_EDGE('',*,*,#3698,.T.);
#14963 = ORIENTED_EDGE('',*,*,#3726,.T.);
#14964 = ORIENTED_EDGE('',*,*,#3587,.T.);
#14965 = ORIENTED_EDGE('',*,*,#3624,.T.);
#14966 = FACE_BOUND('',#14967,.T.);
#14967 = EDGE_LOOP('',(#14968,#14969,#14970,#14971,#14972));
#14968 = ORIENTED_EDGE('',*,*,#3846,.T.);
#14969 = ORIENTED_EDGE('',*,*,#3883,.T.);
#14970 = ORIENTED_EDGE('',*,*,#3911,.T.);
#14971 = ORIENTED_EDGE('',*,*,#3772,.T.);
#14972 = ORIENTED_EDGE('',*,*,#3809,.T.);
#14973 = FACE_BOUND('',#14974,.T.);
#14974 = EDGE_LOOP('',(#14975,#14976,#14977,#14978,#14979));
#14975 = ORIENTED_EDGE('',*,*,#4031,.T.);
#14976 = ORIENTED_EDGE('',*,*,#4068,.T.);
#14977 = ORIENTED_EDGE('',*,*,#4096,.T.);
#14978 = ORIENTED_EDGE('',*,*,#3957,.T.);
#14979 = ORIENTED_EDGE('',*,*,#3994,.T.);
#14980 = FACE_BOUND('',#14981,.T.);
#14981 = EDGE_LOOP('',(#14982,#14983,#14984,#14985));
#14982 = ORIENTED_EDGE('',*,*,#4216,.T.);
#14983 = ORIENTED_EDGE('',*,*,#4244,.T.);
#14984 = ORIENTED_EDGE('',*,*,#4142,.T.);
#14985 = ORIENTED_EDGE('',*,*,#4179,.T.);
#14986 = FACE_BOUND('',#14987,.T.);
#14987 = EDGE_LOOP('',(#14988,#14989,#14990,#14991,#14992,#14993));
#14988 = ORIENTED_EDGE('',*,*,#4403,.T.);
#14989 = ORIENTED_EDGE('',*,*,#4440,.T.);
#14990 = ORIENTED_EDGE('',*,*,#4468,.T.);
#14991 = ORIENTED_EDGE('',*,*,#4292,.T.);
#14992 = ORIENTED_EDGE('',*,*,#4329,.T.);
#14993 = ORIENTED_EDGE('',*,*,#4366,.T.);
#14994 = FACE_BOUND('',#14995,.T.);
#14995 = EDGE_LOOP('',(#14996,#14997,#14998,#14999,#15000,#15001,#15002,
    #15003));
#14996 = ORIENTED_EDGE('',*,*,#4670,.T.);
#14997 = ORIENTED_EDGE('',*,*,#4707,.T.);
#14998 = ORIENTED_EDGE('',*,*,#4744,.T.);
#14999 = ORIENTED_EDGE('',*,*,#4772,.T.);
#15000 = ORIENTED_EDGE('',*,*,#4522,.T.);
#15001 = ORIENTED_EDGE('',*,*,#4559,.T.);
#15002 = ORIENTED_EDGE('',*,*,#4596,.T.);
#15003 = ORIENTED_EDGE('',*,*,#4633,.T.);
#15004 = FACE_BOUND('',#15005,.T.);
#15005 = EDGE_LOOP('',(#15006,#15007,#15008,#15009,#15010));
#15006 = ORIENTED_EDGE('',*,*,#4892,.T.);
#15007 = ORIENTED_EDGE('',*,*,#4929,.T.);
#15008 = ORIENTED_EDGE('',*,*,#4957,.T.);
#15009 = ORIENTED_EDGE('',*,*,#4818,.T.);
#15010 = ORIENTED_EDGE('',*,*,#4855,.T.);
#15011 = FACE_BOUND('',#15012,.T.);
#15012 = EDGE_LOOP('',(#15013,#15014,#15015,#15016,#15017,#15018,#15019)
  );
#15013 = ORIENTED_EDGE('',*,*,#5114,.T.);
#15014 = ORIENTED_EDGE('',*,*,#5151,.T.);
#15015 = ORIENTED_EDGE('',*,*,#5188,.T.);
#15016 = ORIENTED_EDGE('',*,*,#5216,.T.);
#15017 = ORIENTED_EDGE('',*,*,#5003,.T.);
#15018 = ORIENTED_EDGE('',*,*,#5040,.T.);
#15019 = ORIENTED_EDGE('',*,*,#5077,.T.);
#15020 = FACE_BOUND('',#15021,.T.);
#15021 = EDGE_LOOP('',(#15022,#15023,#15024,#15025,#15026));
#15022 = ORIENTED_EDGE('',*,*,#5336,.T.);
#15023 = ORIENTED_EDGE('',*,*,#5373,.T.);
#15024 = ORIENTED_EDGE('',*,*,#5401,.T.);
#15025 = ORIENTED_EDGE('',*,*,#5262,.T.);
#15026 = ORIENTED_EDGE('',*,*,#5299,.T.);
#15027 = FACE_BOUND('',#15028,.T.);
#15028 = EDGE_LOOP('',(#15029,#15030,#15031,#15032,#15033));
#15029 = ORIENTED_EDGE('',*,*,#5521,.T.);
#15030 = ORIENTED_EDGE('',*,*,#5558,.T.);
#15031 = ORIENTED_EDGE('',*,*,#5586,.T.);
#15032 = ORIENTED_EDGE('',*,*,#5447,.T.);
#15033 = ORIENTED_EDGE('',*,*,#5484,.T.);
#15034 = FACE_BOUND('',#15035,.T.);
#15035 = EDGE_LOOP('',(#15036,#15037,#15038,#15039,#15040,#15041,#15042)
  );
#15036 = ORIENTED_EDGE('',*,*,#5743,.T.);
#15037 = ORIENTED_EDGE('',*,*,#5780,.T.);
#15038 = ORIENTED_EDGE('',*,*,#5817,.T.);
#15039 = ORIENTED_EDGE('',*,*,#5845,.T.);
#15040 = ORIENTED_EDGE('',*,*,#5632,.T.);
#15041 = ORIENTED_EDGE('',*,*,#5669,.T.);
#15042 = ORIENTED_EDGE('',*,*,#5706,.T.);
#15043 = FACE_BOUND('',#15044,.T.);
#15044 = EDGE_LOOP('',(#15045,#15046,#15047,#15048));
#15045 = ORIENTED_EDGE('',*,*,#5965,.T.);
#15046 = ORIENTED_EDGE('',*,*,#5993,.T.);
#15047 = ORIENTED_EDGE('',*,*,#5891,.T.);
#15048 = ORIENTED_EDGE('',*,*,#5928,.T.);
#15049 = FACE_BOUND('',#15050,.T.);
#15050 = EDGE_LOOP('',(#15051,#15052,#15053,#15054,#15055));
#15051 = ORIENTED_EDGE('',*,*,#6113,.T.);
#15052 = ORIENTED_EDGE('',*,*,#6150,.T.);
#15053 = ORIENTED_EDGE('',*,*,#6178,.T.);
#15054 = ORIENTED_EDGE('',*,*,#6039,.T.);
#15055 = ORIENTED_EDGE('',*,*,#6076,.T.);
#15056 = FACE_BOUND('',#15057,.T.);
#15057 = EDGE_LOOP('',(#15058,#15059,#15060,#15061,#15062));
#15058 = ORIENTED_EDGE('',*,*,#6298,.T.);
#15059 = ORIENTED_EDGE('',*,*,#6335,.T.);
#15060 = ORIENTED_EDGE('',*,*,#6363,.T.);
#15061 = ORIENTED_EDGE('',*,*,#6224,.T.);
#15062 = ORIENTED_EDGE('',*,*,#6261,.T.);
#15063 = FACE_BOUND('',#15064,.T.);
#15064 = EDGE_LOOP('',(#15065,#15066,#15067,#15068,#15069));
#15065 = ORIENTED_EDGE('',*,*,#6483,.T.);
#15066 = ORIENTED_EDGE('',*,*,#6520,.T.);
#15067 = ORIENTED_EDGE('',*,*,#6548,.T.);
#15068 = ORIENTED_EDGE('',*,*,#6409,.T.);
#15069 = ORIENTED_EDGE('',*,*,#6446,.T.);
#15070 = FACE_BOUND('',#15071,.T.);
#15071 = EDGE_LOOP('',(#15072,#15073,#15074,#15075,#15076,#15077,#15078)
  );
#15072 = ORIENTED_EDGE('',*,*,#6705,.T.);
#15073 = ORIENTED_EDGE('',*,*,#6742,.T.);
#15074 = ORIENTED_EDGE('',*,*,#6779,.T.);
#15075 = ORIENTED_EDGE('',*,*,#6807,.T.);
#15076 = ORIENTED_EDGE('',*,*,#6594,.T.);
#15077 = ORIENTED_EDGE('',*,*,#6631,.T.);
#15078 = ORIENTED_EDGE('',*,*,#6668,.T.);
#15079 = FACE_BOUND('',#15080,.T.);
#15080 = EDGE_LOOP('',(#15081,#15082,#15083,#15084));
#15081 = ORIENTED_EDGE('',*,*,#6939,.T.);
#15082 = ORIENTED_EDGE('',*,*,#6967,.T.);
#15083 = ORIENTED_EDGE('',*,*,#6853,.T.);
#15084 = ORIENTED_EDGE('',*,*,#6890,.T.);
#15085 = FACE_BOUND('',#15086,.T.);
#15086 = EDGE_LOOP('',(#15087,#15088,#15089,#15090));
#15087 = ORIENTED_EDGE('',*,*,#7087,.T.);
#15088 = ORIENTED_EDGE('',*,*,#7115,.T.);
#15089 = ORIENTED_EDGE('',*,*,#7013,.T.);
#15090 = ORIENTED_EDGE('',*,*,#7050,.T.);
#15091 = FACE_BOUND('',#15092,.T.);
#15092 = EDGE_LOOP('',(#15093,#15094,#15095,#15096,#15097,#15098,#15099)
  );
#15093 = ORIENTED_EDGE('',*,*,#7272,.T.);
#15094 = ORIENTED_EDGE('',*,*,#7309,.T.);
#15095 = ORIENTED_EDGE('',*,*,#7346,.T.);
#15096 = ORIENTED_EDGE('',*,*,#7374,.T.);
#15097 = ORIENTED_EDGE('',*,*,#7161,.T.);
#15098 = ORIENTED_EDGE('',*,*,#7198,.T.);
#15099 = ORIENTED_EDGE('',*,*,#7235,.T.);
#15100 = FACE_BOUND('',#15101,.T.);
#15101 = EDGE_LOOP('',(#15102,#15103,#15104,#15105));
#15102 = ORIENTED_EDGE('',*,*,#7494,.T.);
#15103 = ORIENTED_EDGE('',*,*,#7522,.T.);
#15104 = ORIENTED_EDGE('',*,*,#7420,.T.);
#15105 = ORIENTED_EDGE('',*,*,#7457,.T.);
#15106 = FACE_BOUND('',#15107,.T.);
#15107 = EDGE_LOOP('',(#15108,#15109,#15110,#15111));
#15108 = ORIENTED_EDGE('',*,*,#7642,.T.);
#15109 = ORIENTED_EDGE('',*,*,#7670,.T.);
#15110 = ORIENTED_EDGE('',*,*,#7568,.T.);
#15111 = ORIENTED_EDGE('',*,*,#7605,.T.);
#15112 = FACE_BOUND('',#15113,.T.);
#15113 = EDGE_LOOP('',(#15114,#15115,#15116,#15117));
#15114 = ORIENTED_EDGE('',*,*,#7790,.T.);
#15115 = ORIENTED_EDGE('',*,*,#7818,.T.);
#15116 = ORIENTED_EDGE('',*,*,#7716,.T.);
#15117 = ORIENTED_EDGE('',*,*,#7753,.T.);
#15118 = FACE_BOUND('',#15119,.T.);
#15119 = EDGE_LOOP('',(#15120,#15121,#15122,#15123,#15124,#15125,#15126)
  );
#15120 = ORIENTED_EDGE('',*,*,#7975,.T.);
#15121 = ORIENTED_EDGE('',*,*,#8012,.T.);
#15122 = ORIENTED_EDGE('',*,*,#8049,.T.);
#15123 = ORIENTED_EDGE('',*,*,#8077,.T.);
#15124 = ORIENTED_EDGE('',*,*,#7864,.T.);
#15125 = ORIENTED_EDGE('',*,*,#7901,.T.);
#15126 = ORIENTED_EDGE('',*,*,#7938,.T.);
#15127 = FACE_BOUND('',#15128,.T.);
#15128 = EDGE_LOOP('',(#15129,#15130,#15131,#15132,#15133));
#15129 = ORIENTED_EDGE('',*,*,#8197,.T.);
#15130 = ORIENTED_EDGE('',*,*,#8234,.T.);
#15131 = ORIENTED_EDGE('',*,*,#8262,.T.);
#15132 = ORIENTED_EDGE('',*,*,#8123,.T.);
#15133 = ORIENTED_EDGE('',*,*,#8160,.T.);
#15134 = FACE_BOUND('',#15135,.T.);
#15135 = EDGE_LOOP('',(#15136,#15137,#15138,#15139,#15140));
#15136 = ORIENTED_EDGE('',*,*,#8382,.T.);
#15137 = ORIENTED_EDGE('',*,*,#8419,.T.);
#15138 = ORIENTED_EDGE('',*,*,#8447,.T.);
#15139 = ORIENTED_EDGE('',*,*,#8308,.T.);
#15140 = ORIENTED_EDGE('',*,*,#8345,.T.);
#15141 = FACE_BOUND('',#15142,.T.);
#15142 = EDGE_LOOP('',(#15143,#15144,#15145,#15146,#15147));
#15143 = ORIENTED_EDGE('',*,*,#8567,.T.);
#15144 = ORIENTED_EDGE('',*,*,#8604,.T.);
#15145 = ORIENTED_EDGE('',*,*,#8632,.T.);
#15146 = ORIENTED_EDGE('',*,*,#8493,.T.);
#15147 = ORIENTED_EDGE('',*,*,#8530,.T.);
#15148 = FACE_BOUND('',#15149,.T.);
#15149 = EDGE_LOOP('',(#15150,#15151,#15152,#15153,#15154));
#15150 = ORIENTED_EDGE('',*,*,#8752,.T.);
#15151 = ORIENTED_EDGE('',*,*,#8789,.T.);
#15152 = ORIENTED_EDGE('',*,*,#8817,.T.);
#15153 = ORIENTED_EDGE('',*,*,#8678,.T.);
#15154 = ORIENTED_EDGE('',*,*,#8715,.T.);
#15155 = FACE_BOUND('',#15156,.T.);
#15156 = EDGE_LOOP('',(#15157,#15158,#15159,#15160,#15161,#15162,#15163)
  );
#15157 = ORIENTED_EDGE('',*,*,#8978,.T.);
#15158 = ORIENTED_EDGE('',*,*,#9015,.T.);
#15159 = ORIENTED_EDGE('',*,*,#9052,.T.);
#15160 = ORIENTED_EDGE('',*,*,#9080,.T.);
#15161 = ORIENTED_EDGE('',*,*,#8867,.T.);
#15162 = ORIENTED_EDGE('',*,*,#8904,.T.);
#15163 = ORIENTED_EDGE('',*,*,#8941,.T.);
#15164 = FACE_BOUND('',#15165,.T.);
#15165 = EDGE_LOOP('',(#15166,#15167,#15168,#15169));
#15166 = ORIENTED_EDGE('',*,*,#9200,.T.);
#15167 = ORIENTED_EDGE('',*,*,#9228,.T.);
#15168 = ORIENTED_EDGE('',*,*,#9126,.T.);
#15169 = ORIENTED_EDGE('',*,*,#9163,.T.);
#15170 = FACE_BOUND('',#15171,.T.);
#15171 = EDGE_LOOP('',(#15172,#15173,#15174,#15175,#15176,#15177));
#15172 = ORIENTED_EDGE('',*,*,#9385,.T.);
#15173 = ORIENTED_EDGE('',*,*,#9422,.T.);
#15174 = ORIENTED_EDGE('',*,*,#9450,.T.);
#15175 = ORIENTED_EDGE('',*,*,#9274,.T.);
#15176 = ORIENTED_EDGE('',*,*,#9311,.T.);
#15177 = ORIENTED_EDGE('',*,*,#9348,.T.);
#15178 = FACE_BOUND('',#15179,.T.);
#15179 = EDGE_LOOP('',(#15180,#15181,#15182,#15183,#15184));
#15180 = ORIENTED_EDGE('',*,*,#9570,.T.);
#15181 = ORIENTED_EDGE('',*,*,#9607,.T.);
#15182 = ORIENTED_EDGE('',*,*,#9635,.T.);
#15183 = ORIENTED_EDGE('',*,*,#9496,.T.);
#15184 = ORIENTED_EDGE('',*,*,#9533,.T.);
#15185 = FACE_BOUND('',#15186,.T.);
#15186 = EDGE_LOOP('',(#15187,#15188,#15189,#15190));
#15187 = ORIENTED_EDGE('',*,*,#9755,.T.);
#15188 = ORIENTED_EDGE('',*,*,#9783,.T.);
#15189 = ORIENTED_EDGE('',*,*,#9681,.T.);
#15190 = ORIENTED_EDGE('',*,*,#9718,.T.);
#15191 = FACE_BOUND('',#15192,.T.);
#15192 = EDGE_LOOP('',(#15193,#15194,#15195,#15196,#15197,#15198,#15199)
  );
#15193 = ORIENTED_EDGE('',*,*,#9958,.T.);
#15194 = ORIENTED_EDGE('',*,*,#9995,.T.);
#15195 = ORIENTED_EDGE('',*,*,#10032,.T.);
#15196 = ORIENTED_EDGE('',*,*,#10060,.T.);
#15197 = ORIENTED_EDGE('',*,*,#9841,.T.);
#15198 = ORIENTED_EDGE('',*,*,#9878,.T.);
#15199 = ORIENTED_EDGE('',*,*,#9921,.T.);
#15200 = FACE_BOUND('',#15201,.T.);
#15201 = EDGE_LOOP('',(#15202,#15203,#15204,#15205,#15206));
#15202 = ORIENTED_EDGE('',*,*,#10180,.T.);
#15203 = ORIENTED_EDGE('',*,*,#10217,.T.);
#15204 = ORIENTED_EDGE('',*,*,#10245,.T.);
#15205 = ORIENTED_EDGE('',*,*,#10106,.T.);
#15206 = ORIENTED_EDGE('',*,*,#10143,.T.);
#15207 = FACE_BOUND('',#15208,.T.);
#15208 = EDGE_LOOP('',(#15209,#15210,#15211,#15212,#15213));
#15209 = ORIENTED_EDGE('',*,*,#10365,.T.);
#15210 = ORIENTED_EDGE('',*,*,#10402,.T.);
#15211 = ORIENTED_EDGE('',*,*,#10430,.T.);
#15212 = ORIENTED_EDGE('',*,*,#10291,.T.);
#15213 = ORIENTED_EDGE('',*,*,#10328,.T.);
#15214 = FACE_BOUND('',#15215,.T.);
#15215 = EDGE_LOOP('',(#15216,#15217,#15218,#15219,#15220));
#15216 = ORIENTED_EDGE('',*,*,#10550,.T.);
#15217 = ORIENTED_EDGE('',*,*,#10587,.T.);
#15218 = ORIENTED_EDGE('',*,*,#10615,.T.);
#15219 = ORIENTED_EDGE('',*,*,#10476,.T.);
#15220 = ORIENTED_EDGE('',*,*,#10513,.T.);
#15221 = FACE_BOUND('',#15222,.T.);
#15222 = EDGE_LOOP('',(#15223,#15224,#15225,#15226,#15227,#15228,#15229)
  );
#15223 = ORIENTED_EDGE('',*,*,#10772,.T.);
#15224 = ORIENTED_EDGE('',*,*,#10809,.T.);
#15225 = ORIENTED_EDGE('',*,*,#10846,.T.);
#15226 = ORIENTED_EDGE('',*,*,#10874,.T.);
#15227 = ORIENTED_EDGE('',*,*,#10661,.T.);
#15228 = ORIENTED_EDGE('',*,*,#10698,.T.);
#15229 = ORIENTED_EDGE('',*,*,#10735,.T.);
#15230 = FACE_BOUND('',#15231,.T.);
#15231 = EDGE_LOOP('',(#15232,#15233,#15234,#15235,#15236));
#15232 = ORIENTED_EDGE('',*,*,#10994,.T.);
#15233 = ORIENTED_EDGE('',*,*,#11031,.T.);
#15234 = ORIENTED_EDGE('',*,*,#11059,.T.);
#15235 = ORIENTED_EDGE('',*,*,#10920,.T.);
#15236 = ORIENTED_EDGE('',*,*,#10957,.T.);
#15237 = FACE_BOUND('',#15238,.T.);
#15238 = EDGE_LOOP('',(#15239,#15240,#15241,#15242,#15243));
#15239 = ORIENTED_EDGE('',*,*,#11185,.T.);
#15240 = ORIENTED_EDGE('',*,*,#11222,.T.);
#15241 = ORIENTED_EDGE('',*,*,#11250,.T.);
#15242 = ORIENTED_EDGE('',*,*,#11105,.T.);
#15243 = ORIENTED_EDGE('',*,*,#11142,.T.);
#15244 = FACE_BOUND('',#15245,.T.);
#15245 = EDGE_LOOP('',(#15246,#15247,#15248,#15249,#15250,#15251,#15252)
  );
#15246 = ORIENTED_EDGE('',*,*,#11409,.T.);
#15247 = ORIENTED_EDGE('',*,*,#11450,.T.);
#15248 = ORIENTED_EDGE('',*,*,#11487,.T.);
#15249 = ORIENTED_EDGE('',*,*,#11515,.T.);
#15250 = ORIENTED_EDGE('',*,*,#11296,.T.);
#15251 = ORIENTED_EDGE('',*,*,#11335,.T.);
#15252 = ORIENTED_EDGE('',*,*,#11372,.T.);
#15253 = FACE_BOUND('',#15254,.T.);
#15254 = EDGE_LOOP('',(#15255,#15256,#15257,#15258));
#15255 = ORIENTED_EDGE('',*,*,#11635,.T.);
#15256 = ORIENTED_EDGE('',*,*,#11663,.T.);
#15257 = ORIENTED_EDGE('',*,*,#11561,.T.);
#15258 = ORIENTED_EDGE('',*,*,#11598,.T.);
#15259 = FACE_BOUND('',#15260,.T.);
#15260 = EDGE_LOOP('',(#15261,#15262,#15263,#15264,#15265,#15266));
#15261 = ORIENTED_EDGE('',*,*,#11820,.T.);
#15262 = ORIENTED_EDGE('',*,*,#11857,.T.);
#15263 = ORIENTED_EDGE('',*,*,#11885,.T.);
#15264 = ORIENTED_EDGE('',*,*,#11709,.T.);
#15265 = ORIENTED_EDGE('',*,*,#11746,.T.);
#15266 = ORIENTED_EDGE('',*,*,#11783,.T.);
#15267 = FACE_BOUND('',#15268,.T.);
#15268 = EDGE_LOOP('',(#15269,#15270,#15271,#15272,#15273,#15274));
#15269 = ORIENTED_EDGE('',*,*,#12042,.T.);
#15270 = ORIENTED_EDGE('',*,*,#12079,.T.);
#15271 = ORIENTED_EDGE('',*,*,#12107,.T.);
#15272 = ORIENTED_EDGE('',*,*,#11931,.T.);
#15273 = ORIENTED_EDGE('',*,*,#11968,.T.);
#15274 = ORIENTED_EDGE('',*,*,#12005,.T.);
#15275 = FACE_BOUND('',#15276,.T.);
#15276 = EDGE_LOOP('',(#15277,#15278,#15279,#15280,#15281));
#15277 = ORIENTED_EDGE('',*,*,#12239,.T.);
#15278 = ORIENTED_EDGE('',*,*,#12276,.T.);
#15279 = ORIENTED_EDGE('',*,*,#12304,.T.);
#15280 = ORIENTED_EDGE('',*,*,#12153,.T.);
#15281 = ORIENTED_EDGE('',*,*,#12190,.T.);
#15282 = FACE_BOUND('',#15283,.T.);
#15283 = EDGE_LOOP('',(#15284,#15285,#15286,#15287));
#15284 = ORIENTED_EDGE('',*,*,#12424,.T.);
#15285 = ORIENTED_EDGE('',*,*,#12452,.T.);
#15286 = ORIENTED_EDGE('',*,*,#12350,.T.);
#15287 = ORIENTED_EDGE('',*,*,#12387,.T.);
#15288 = FACE_BOUND('',#15289,.T.);
#15289 = EDGE_LOOP('',(#15290,#15291,#15292,#15293,#15294));
#15290 = ORIENTED_EDGE('',*,*,#12572,.T.);
#15291 = ORIENTED_EDGE('',*,*,#12609,.T.);
#15292 = ORIENTED_EDGE('',*,*,#12637,.T.);
#15293 = ORIENTED_EDGE('',*,*,#12498,.T.);
#15294 = ORIENTED_EDGE('',*,*,#12535,.T.);
#15295 = FACE_BOUND('',#15296,.T.);
#15296 = EDGE_LOOP('',(#15297,#15298,#15299,#15300));
#15297 = ORIENTED_EDGE('',*,*,#12757,.T.);
#15298 = ORIENTED_EDGE('',*,*,#12785,.T.);
#15299 = ORIENTED_EDGE('',*,*,#12683,.T.);
#15300 = ORIENTED_EDGE('',*,*,#12720,.T.);
#15301 = PLANE('',#15302);
#15302 = AXIS2_PLACEMENT_3D('',#15303,#15304,#15305);
#15303 = CARTESIAN_POINT('',(126.80470415698,-101.8834715426,0.));
#15304 = DIRECTION('',(0.,0.,-1.));
#15305 = DIRECTION('',(1.,0.,0.));
#15306 = ( GEOMETRIC_REPRESENTATION_CONTEXT(3) 
GLOBAL_UNCERTAINTY_ASSIGNED_CONTEXT((#15310)) 
GLOBAL_UNIT_ASSIGNED_CONTEXT((#15307,#15308,#15309)) 
REPRESENTATION_CONTEXT('Context #1',
  '3D Context with UNIT and UNCERTAINTY') );
#15307 = ( LENGTH_UNIT() NAMED_UNIT(*) SI_UNIT(.MILLI.,.METRE.) );
#15308 = ( NAMED_UNIT(*) PLANE_ANGLE_UNIT() SI_UNIT($,.RADIAN.) );
#15309 = ( NAMED_UNIT(*) SI_UNIT($,.STERADIAN.) SOLID_ANGLE_UNIT() );
#15310 = UNCERTAINTY_MEASURE_WITH_UNIT(LENGTH_MEASURE(5.E-05),#15307,
  'distance_accuracy_value','confusion accuracy');
#15311 = PRODUCT_RELATED_PRODUCT_CATEGORY('part',$,(#7));
#15312 = MECHANICAL_DESIGN_GEOMETRIC_PRESENTATION_REPRESENTATION('',(
    #15313),#15306);
#15313 = STYLED_ITEM('color',(#15314),#15);
#15314 = PRESENTATION_STYLE_ASSIGNMENT((#15315,#15321));
#15315 = SURFACE_STYLE_USAGE(.BOTH.,#15316);
#15316 = SURFACE_SIDE_STYLE('',(#15317));
#15317 = SURFACE_STYLE_FILL_AREA(#15318);
#15318 = FILL_AREA_STYLE('',(#15319));
#15319 = FILL_AREA_STYLE_COLOUR('',#15320);
#15320 = COLOUR_RGB('',0.627451011593,0.627451011593,0.627451011593);
#15321 = CURVE_STYLE('',#15322,POSITIVE_LENGTH_MEASURE(0.1),#15323);
#15322 = DRAUGHTING_PRE_DEFINED_CURVE_FONT('continuous');
#15323 = COLOUR_RGB('',9.803921802644E-02,9.803921802644E-02,
  9.803921802644E-02);
ENDSEC;
END-ISO-10303-21;
